19710101
66.67
76.93
82.9
86.48
85.85
77.74
83.11
83.07
91.25
88.12
84.03
80.7
86.07
83.56
89.83
90.08
90.97
91.84
89.7
89.98
84.82
82.04
86.05
76.79
82.7
75.27
77.53
83.7
83.63
85.71
80.27
80.63
55.7
57.25
68.93
69.64
77.99
75.63
67.94
65.82
80.06
83.97
81.59
74.04
76.96
94.35
84.33
84.72
76.1
76.61
72.35
76.21
79.76
74.89
68.06
70.19
76.08
61.37
47.32
63.25
66.74
73.28
61.55
52.85
72.05
76.68
74.76
80.42
68.63
54.87
42.18
50.63
66.01
66.72
81.73
80.26
71.24
53.9
58.49
50.81
82.51
61.54
65.77
64.6
77.26
70.84
64.33
66.78
76.2
85.1
85.97
82.9
85.89
72.96
76.45
73.88
68.34
68.02
65.02
68.23
64.7
58.1
64.39
60.57
56.78
59.05
60.46
62.51
61.73
54.68
58.91
55.24
49.6
56.17
61.19
79.39
63.43
77.67
73.31
74.97
92.51
89.6
82.44
83.53
83.9
82.71
78.91
76.36
73.21
71.28
66.53
65.93
60.37
63.77
60.89
58.71
61.65
58.01
62.17
59.13
57.75
61.95
67.2
62.25
57.31
56.26
68.61
71.56
69.04
70.96
81.32
83.65
77
74.98
78.79
69.67
63.61
66.11
77.64
75.18
62.93
61.07
68.26
63.63
63.62
51.62
63.07
61.87
64.9
60.45
68.19
69.96
68.64
60.53
58.93
73.69
75.35
79.19
65.78
71.01
67.22
66.26
59.26
60.08
62.96
63.6
64.48
59.47
51.21
52.41
54.16
59.55
61.19
73.48
61.69
69.09
70.42
77.24
85.88
68.96
61.66
55.18
68.34
63.7
65.65
64.76
60.92
60.09
68.44
70.63
77.73
79.44
77.68
72.2
69.91
67.28
66.31
69.86
66.19
70.78
72.48
63.79
63.52
86.25
73.89
69.28
67.88
70.95
65.1
61.57
68.35
61.02
61.08
73.9
77.52
74.85
72.63
75
89.49
72.46
70.29
71.19
88.25
69.42
71.92
69.57
67.29
70.02
66.35
57.48
57.99
63.36
69.72
83.21
86.48
75.62
73.03
83.85
61.52
64.66
66.52
70.31
71.95
74.24
71.74
72.74
75.34
81.93
72.55
78.28
81.18
82.75
76.27
78.13
79.02
80.84
77.97
56.35
68.62
66.78
66.27
74.07
76.48
75.65
77.66
79.13
71.53
70.36
63.34
73.16
78.15
69.3
77.58
77.75
68.64
49.47
67.61
73.97
69.65
61.2
71.71
71.78
72.87
75.66
75.83
86.14
79.74
88.32
73.23
65.85
71.18
81.02
65.57
85.68
94.04
91.24
81.44
86.53
84.49
79.28
89.03
85.65
76.08
62.47
53.2
86.86
93.14
85.73
89.22
86.83
83.13
93.08
94.87
96.33
95.2
93.52
93.81
91.28
90.3
88.47
79.97
76.53
56.09
56.68
65.57
69.31
77.21
84.27
81.68
80.05
82
84.86
91.69
92.11
93.37
87
86.49
82.22
88.15
88.55
94.1
92.35
93.34
93.58
91.7
91.05
92.2
93.6
94.81
93
93.32
91.19
90.84
92.92
93.49
92.64
80.95
75.4
76.61
67.78
68.2
75.86
80.39
82.02
87.76
87.59
82.97
84.04
81.51
84.01
87.07
80.44
91.79
92.88
89.17
92.39
94.28
92.61
83.8
79.5
79.02
83.11
88.91
91.82
94.74
96.09
86.51
93.3
85.42
81.24
71.45
77.01
79.46
70
84.58
84.87
94.2
93.4
90.7
85.92
90.45
86.51
89.49
92.53
92.44
87.31
83.7
87.29
81.66
77.03
83.17
73.08
61.58
75.27
81.33
77.61
83.54
65.18
64.96
62.82
64.03
64.75
63.96
65.84
63.05
66.41
63.6
60.36
58.28
54.51
53.32
72.05
75.96
69.46
72.34
62.85
74.33
60.31
69.29
70.11
70.85
73.42
66.52
52.28
71.43
69.01
60.72
84.82
79.11
74.89
84.34
80.98
80.13
77.61
79.99
79.42
85.2
77.48
76.31
70.07
62.69
56.98
68.75
73.07
61.66
63.44
66.63
66.35
89.34
82.08
80.08
77.14
77.97
78.74
79.17
77.57
75.86
64.84
90.46
81.83
81.71
84.9
65.44
79.15
80.8
69.74
78.88
75.29
69.45
68.8
68.67
66.7
78.95
69.37
61.51
63.42
81.3
83.25
83.41
68.91
70.26
73.81
72.18
65.12
64.64
63.47
71.59
60.59
66.17
73.87
68.84
52.51
54.29
71.78
76.37
66.04
68.12
66.65
67.25
72.54
74.72
67.54
67.58
72.5
72.44
77.49
82.42
73.38
61.84
64.62
72.14
73.66
79.32
80.15
65.4
67.47
69.23
76.83
79.98
89.1
83.04
82.58
71.06
69.35
75.24
77.53
75.76
71.55
79.21
83.38
79
85.55
83.44
62.84
79.55
85.16
76.57
87.22
84.19
79.54
84.61
78.25
74.15
70.36
72.72
77.85
77.35
76.38
75.05
72.08
80.08
81.43
77.36
76.27
81.28
82.25
78.52
71.55
66.11
79.85
72.19
75.55
76.06
73.59
81.98
86.15
90.77
85.25
67.78
72.8
72.75
74.5
77.03
78.71
77.67
74.64
74.67
86.7
81.24
68.31
69.03
72.19
73.16
80.77
82.87
80.18
85.69
86.84
81.81
83.23
78.05
75.7
66.91
75.23
72.16
76.73
75.97
77.63
74.05
78.69
84.43
72.02
60.8
53.35
71.1
83.52
89.28
89.53
81.87
77.57
81.49
84.9
66.81
71.06
72.45
77.3
72.52
54.37
69.93
78.68
70.76
77.37
71.37
79.94
84.62
78.3
73.83
78.32
79.75
83.88
90.88
89.14
85
90.29
85.28
84.41
85.96
95.01
87.95
94.99
83.16
79.28
82.49
93.86
90.85
81.99
75.92
82.21
88.16
86.7
91.31
92.03
95.11
84.87
69.04
60.68
75.4
80.09
83.86
81.28
92.09
95.27
85.19
94.56
96.02
92.87
93.45
92.42
87.24
89.38
94.63
92.27
88.73
88.14
84.11
79.06
80.79
85
85.79
77.31
74.43
78.44
84.54
87.8
87.37
88.76
91.66
86.59
81.39
74.82
76.18
77.91
71.68
86.39
90.21
84.42
83.34
88.16
92.46
92.05
90.17
80.59
82.22
83.45
81.57
89.7
91.59
88
89.82
92.66
93.84
93.54
95.54
93.05
85.99
88.81
84.52
84.57
81.93
77.17
86.05
86.51
95.68
91.76
89.42
88.75
85.46
90.46
82.27
85.26
89.45
80.16
80.07
69.31
62.67
81.4
92.39
82.55
67.61
62.78
71.28
70.89
74.6
75.36
75.73
73.61
67.48
66.17
61.46
52.44
55.33
59.19
58.95
75.94
79.15
77.26
82.54
67.76
74.24
63.08
62.9
68.18
79.04
84.53
81.03
77.69
65.07
68.44
63.37
62.96
63.78
62.29
63.5
60.97
60.7
71.44
71.05
66.99
64.04
61.94
59.3
64.96
62.75
59.87
48.12
42.5
58.33
65.39
74.5
83.7
68.72
70.43
83.22
79.25
78.93
71.23
61.04
61.11
83.81
80.98
81.36
73.18
63.86
67.24
81.91
76.58
60.25
69.71
64.79
58.64
62.5
58.45
54.28
55.79
66.22
62.02
58.3
73.35
71.45
67.65
62.07
70.23
68.3
64.12
62.37
68.98
63.72
65.05
68.36
67.22
60.69
54.45
52
71.02
73.58
69.04
60.45
57.48
62.05
66.78
70.26
75.57
68.02
54.55
66.64
77.67
72.81
85.88
83.52
73.42
68.82
65.38
73.29
70.48
71.25
75.7
50.19
58.34
66.98
77.53
67.19
68.57
86.55
92.62
74.45
90.82
79.34
71.47
73.06
73.1
86.56
75.76
75.31
72.24
68.38
67.86
74.98
75.98
83.32
73.57
72.75
67.37
64.88
78.03
84.44
76.33
70.94
67.06
60.74
79
80.6
70.25
73
86.07
74.17
89.67
75.76
72.46
70.95
68.02
70.07
71.54
72.96
71.68
73.85
84.57
81.44
74.86
74.02
74.84
72.25
65.88
67.72
67.5
75.66
67.61
61.02
65.04
70.6
68.61
68.05
66.52
72.93
81.26
76.7
68.08
71.04
73.84
74.96
69.6
85.6
94.19
88.65
89.42
64.18
70.52
71.4
68.02
70.28
69.81
68.77
68.52
70.28
79.89
63.33
68.25
73.37
70.1
77.48
81.72
84.65
72.84
86.34
81.1
73.05
84.66
82.87
89.66
88.42
81
81.34
76.71
79.69
87.79
84.69
84.01
81.28
83.08
85.49
83.94
83.9
76.71
75.76
80.33
84.4
85.34
77.98
82.54
79.54
89.19
78.23
90.03
77.78
82.04
88.35
69.16
74.14
66.77
71.71
76.74
79.19
77.04
76.72
77.83
65.53
69.66
70.9
73.19
71.02
75.58
77.83
85.95
81.33
85.81
83.26
88.82
87.94
87.07
89.22
91.33
79.37
70.92
78.39
76.88
66.94
68.06
77.41
78.64
83.7
77.66
93.59
87.36
80.97
84.34
65.57
75.83
75.96
74.68
69.5
78.16
74.46
81.05
82.11
72.68
67.51
70.99
81.89
81.05
69.83
62
62.98
64.06
88.46
91.8
74.87
70.45
78.12
73.78
64.61
77.28
86.07
87.32
92.78
90.22
87.32
86.95
93.38
95.39
95.06
95.47
94.84
95.06
92.52
92.96
93.54
88.76
88.07
92.36
94.74
85.9
88.45
93.35
90.08
76.82
86.61
63.96
76.5
84.57
86.13
86.55
86.34
88.56
91.73
89.63
95.25
93.76
85.52
86.8
95.23
83.09
94.72
91.13
80.47
88.25
76.01
65.2
72.44
69.77
64.21
80.32
93.3
92.99
94.19
88
90.39
92.6
88.22
81.84
82.22
90.87
81.26
75.64
75.46
76.57
72.48
66.02
75.7
74.03
80.61
88.85
87.29
69.12
79.6
86.25
86.54
83.6
76.38
65.87
72.96
69.92
63.36
70.72
65.77
59.64
60.84
60.29
62.71
66.8
66
73.4
73.16
68.67
69.8
70.38
68.04
60.96
75.66
65.3
63.77
59.76
58.62
61.69
61.45
51.21
57.68
53.92
55.29
69.18
66.28
48.75
41.4
54.44
46.91
48.22
46.11
53.25
73.5
74.64
61.81
66.86
89.8
87.46
78.07
72.91
78.82
73.18
84.53
69.18
70.52
80.16
89.8
85.54
79.03
75.71
66.87
71.79
73.36
75.25
74.74
80.63
82.89
73.96
80.18
75.44
65.65
67.85
71.19
78.23
64
72.87
84.07
67.87
67.63
63.34
72.15
69.82
63.21
76.74
56.91
64.76
72.8
73.87
78.57
77.35
70.19
70.73
83.99
66.27
61.29
75.92
76.52
72.47
73.78
77.35
72.92
69.42
67.6
71.18
78.18
77.41
81.37
66.25
67.41
61.4
68.13
88.73
66.95
72.27
65.3
73.79
69.91
68.96
76.82
72.35
62.5
75.65
69.15
76.04
81
70.75
56.83
76.63
76.72
68.87
83.83
68.28
68.21
76.68
55.14
69.48
63.52
83.62
73.88
68.56
72.09
69.68
71.51
68.69
73.69
70.36
74.7
71.68
66.85
75.48
69.53
71.78
80.32
75.63
90.24
73.98
70.8
76.82
73.48
72.83
72.07
74.82
76.91
80.3
81.13
86.72
87.76
82.82
84.17
91.87
86.19
88.51
82.6
80.21
79.18
84.13
85.25
75.09
83.26
74.75
76.51
68.71
71.77
77.31
75.49
74.11
78.4
79.81
77.42
75.47
77.18
75.42
84.01
80.28
85.56
82.8
88.78
79.14
83.79
89.55
85.47
68.17
71.89
85.74
89.82
83.74
88.22
74.48
87.24
89.39
88.43
84.29
91.86
92.72
77.59
88.03
92.61
82.17
77.49
86.85
88.14
76.95
80.65
77.74
87.77
81.77
66.5
71.05
86.96
77.12
84.62
75.7
86.32
84.62
81.94
85.55
76.34
62.62
75.02
79.66
92.23
92.07
87.47
75.39
77.54
79.62
86.38
80.45
87.7
74.03
70.49
63.63
81.54
80.96
78.36
87.01
93.49
92.53
93.75
94.74
90.24
77.52
77.8
86.09
88.55
82.94
80.66
79.21
76.54
83.56
88.5
89.1
83.31
74.58
91.02
95.24
93.37
90.76
88.31
66.43
77.34
86.46
84
75.67
71.44
80.03
83.72
84.98
83.06
93.52
93.45
92.73
81.64
81.15
73.53
68.57
86.89
85.73
81.54
85.89
91.2
87.85
78.08
86.58
85.17
74.24
81.05
81.78
85.55
86.26
81.32
88.06
70.23
67.43
72.48
76
87.18
93.41
89.1
89.6
89.61
82.56
73.26
71.67
81.96
73.24
88.54
87.89
92.79
89.22
86.53
81.49
85.09
85.74
82.36
59.33
71.95
77.8
77.38
88.08
90.17
89.88
87.5
66.45
66.13
69.35
78.83
79.02
67.46
73.84
70.75
70.41
72.19
59.6
55.01
62.7
58.58
63.2
59.04
56.78
62.88
72.74
70.3
61.8
69.19
68.25
69.46
77.27
77.3
85.39
84.36
86.57
83.08
82.86
84.19
83.65
64.05
53.79
79.13
75.69
60.8
50.75
63.15
61.53
82.16
88.91
84.15
78.34
81.63
78.08
62.29
56.44
64.1
67.81
72.6
71.24
86.86
49.11
65.35
70.08
71.11
66.5
82.43
64.5
63.36
62.82
62.67
74.86
63.24
65.42
62.56
55.14
64.28
59.74
60.32
57.72
56.39
59.95
47.69
57.43
68.9
69.81
79.23
70.94
82.13
79.02
72.97
65.51
72.51
66.49
64.5
77.29
72
67.66
66.87
69.54
69.76
66.31
75.14
86.72
74.12
90.21
78.09
79.69
71.48
63.85
60.08
73.92
76.25
79.63
74.79
54.7
58.11
53.99
54.38
70.48
81.79
79.76
79.09
72.65
71.23
69.54
62.89
64.87
81.6
82.81
65.06
82.12
80.59
76.15
77.04
82.78
84.74
62.8
66.42
77.52
77.52
88.83
84.96
79.56
61.67
72.88
80.33
74.51
69.49
73.41
79.35
79.89
81.59
90.31
72.56
74.64
77.62
76.23
79.88
77.08
80.48
69.91
77.61
73.61
73
73.74
85.88
71.8
71.4
68.06
73.43
72.08
69.8
75.06
79.44
74.77
79.99
78.63
77.54
81.22
81.95
78.05
76.4
76.17
82.88
78.2
70.25
75.99
87.68
74.71
79.99
73.41
71.39
71.35
72.72
77.9
80.56
89.01
81.02
74.21
76.46
92.23
84.57
82.92
79.24
80.45
84.72
81.08
86.02
80.98
88.75
75.74
76.51
82
77.18
86.15
86.24
80.01
76.03
82.49
82.86
80.57
76.33
76.25
76.23
79.74
81.26
85.13
84.77
63.44
79.97
81.08
83.33
85.1
84.5
85.99
79.47
75.02
70.95
78.14
78.89
61.2
75.65
82.43
76.31
82.05
91.8
89.42
85.85
90.95
93.1
88.42
80.79
80.38
80.13
82.18
86.15
87.35
87.26
83.39
75.86
79.5
84.33
95.79
88.03
95.5
95.01
94.14
91.02
91.46
90.23
92.58
85.28
91.77
92.51
87.63
86.48
88.64
90.48
89.29
91.33
94.13
93.43
83.83
88.06
64.91
60.16
65.35
67.21
76.69
75.57
73.4
78.95
89.94
93.02
93.4
91.08
93.21
91.77
90.87
86.93
68.1
84.77
89.85
89.03
88.31
89.42
86.57
86.04
87.66
90.07
93.69
75.66
64.5
78.67
83.79
80
86.07
88.78
91.76
84.53
81.35
85.43
92.95
93.82
92.66
92.88
86.93
76.22
62.84
74.05
74.8
81.91
80.57
88.93
92.04
85.86
73.11
56.91
76.25
76.38
70.22
83.69
68.41
78.57
76.15
70.59
77.85
69.6
86.06
77.8
80.02
75.73
63.6
61.7
71.95
84.58
87.72
94.43
88.77
90.32
91.2
89.5
72.72
69.61
71.84
78.25
90.89
93.07
87.28
90.76
94.65
92.32
92.93
83.69
81.08
85.22
88.86
84.75
94.43
95.59
90.85
76.66
78.82
79.39
79.36
64.75
57.78
50.95
48.5
53.11
71.1
72.31
78.94
87.2
64.89
59.91
57.98
62.44
76.11
75.5
86.63
78.57
67.58
66.33
48.38
49.38
54.79
69.92
70.67
59.9
62.03
62.51
61.27
54.75
46.89
52.22
60.46
56
45.94
48.9
53.17
59.3
77.09
61.07
58.15
44.77
42.95
51.75
60.26
62.29
63.25
71.69
69.62
66.75
63.13
61.62
54.44
73.47
89.15
92.63
78.98
87.05
63.38
74.68
60.37
62.06
62.97
78.28
75.08
69.47
72.39
64.71
68.23
62.72
55.88
58.51
58.38
72.89
76.04
70.64
61.72
66.8
66.5
65.73
63.06
71.45
84.93
69.64
80.67
73.26
78.29
74.06
84.98
71.41
68.98
73.56
73.34
66.38
87.7
64.84
59.04
72.86
57.05
52.3
59.25
57.52
52.58
66.34
71.67
73.88
75.35
70.9
89.21
73.35
58.78
59.33
59.83
69.45
72.27
75.92
60.21
58.2
62.09
62.25
64.86
60.15
51.3
54.3
58.96
57.78
58.76
61.77
47.07
58.65
61.18
56.75
67.33
61.52
61.29
68.12
72.91
68.82
65.88
61.85
58.77
55.21
65.14
76.59
78.56
83.77
63.39
71.49
81.67
86.26
74.04
59.28
66.85
72.4
85.75
69.6
65.1
74.35
76.81
65.72
70.57
68.13
73.72
79.55
80.6
75.35
81.5
80.24
74.67
87.51
88.53
71.05
68.54
72.25
83.3
85.56
73.02
78.67
75.26
73.71
72.2
73.21
72.11
86.7
84.25
82.57
76.76
85.88
87.09
70.16
65.92
72.98
70.03
70.77
68.91
84.27
70.55
64.71
75.1
89.74
86.06
76.5
79.9
68.26
72.67
78.3
87.62
84.52
81.78
78.79
76.56
86.65
80.74
66.17
88.28
91.35
79.99
71.72
69.96
83.38
68.69
75.17
80.59
79.85
81.92
83.06
62.14
71.41
87.55
83.94
88.49
91.69
90.7
89.78
80.92
83.83
83.21
79.76
88.27
92.71
90.08
90.05
91.9
86.79
92.58
68.03
86.88
95.26
85.36
89.74
92.1
91.18
90.89
81.06
77.64
68.76
73.26
91.35
95.18
87.13
88.66
78.77
86.96
84.01
80.7
80.9
90.51
90.35
85.2
72.7
70.04
89.19
94.2
89.45
92.84
88.29
72.3
80.49
82.97
91.44
91.62
93.89
88.08
89.13
85.32
92.77
75.44
85.05
85.99
80.39
86.06
92.3
93.89
95.34
95.51
95.14
95.12
95.48
87.84
74.04
70.37
59.14
60.36
67.47
79.92
75
80.55
80.6
86.57
94.67
92.71
78.58
89.08
90.22
86.18
68.58
79.31
69.8
80.45
87.39
88.05
89.63
93.3
82.66
73.84
89.06
87.12
90.64
91.86
84.81
94.55
94.66
84.71
88.41
84.07
87.37
75.11
84.21
83.1
77.69
83.78
88.02
84.21
95.62
95.08
81.74
79.85
79.94
75.29
89.07
79.35
90.17
85.06
79.12
77.57
72.25
71.29
65.55
72.52
86.15
74.66
65.72
80.36
71.73
71.75
62.95
57.94
55.26
68.2
79.04
52.77
61.64
71.52
69.61
72.93
76.37
66.92
68.81
84.72
66.36
61.82
66.01
63.97
60.6
64.28
60.5
63.63
52.68
62.88
53.6
64.11
73.38
67.09
64.35
69.5
76.09
80.39
75.88
75.77
86.95
76.16
84.92
67.4
61.18
84.54
84.89
73.81
66.75
76.15
76.18
69.31
60.96
57.67
50.72
55.49
59.13
48.36
54.71
54.02
61.58
79.77
58.15
64.67
57.8
72.72
62.5
54.4
57.46
57.48
62.11
61.93
58.58
63.31
79
73.21
62.91
59.76
60.82
58.09
59.08
88.19
79.09
78.36
75.68
79.34
80.48
66.5
49.17
70.83
71.36
63.82
62.84
54.78
53.42
59.1
52.52
58.14
80.9
54.65
57.39
60.25
72.35
67.69
65.36
61.13
53.52
53.16
57.81
63.77
64.94
62.15
51.75
69.23
76.66
61.3
61.49
61.76
62.85
70.99
79.63
57.86
63.75
67.78
76.01
73.62
63.22
59.75
77.69
70.36
67.5
66.41
61.04
64.19
70.37
67.36
74.17
81.08
78.24
61.64
62.35
64.34
75.61
86.54
71.69
71.58
68.48
81.46
68.54
84.45
67.87
62.08
65.59
63.03
85.94
75.47
73.86
74.31
77.16
77.12
69.78
68.98
71.14
67.59
73.96
72.69
73.98
73.81
78.09
81.3
81.13
78.7
90.11
85.57
74
77.8
81.36
75.28
79.19
78.08
83.04
79.23
79.29
72.43
73.59
72.9
72.48
81.7
84.52
79.46
79.5
73.34
75.04
69.7
71.83
72.09
73.62
70.94
69.26
85.6
72.98
76.58
76.69
85.1
67.56
70.54
74.86
81.35
88.21
79.37
86.19
81.43
77.43
77.96
76.42
78.01
77.38
76.08
69.14
65.21
63.63
77.03
84.68
75.55
69.2
67.36
67.85
62.93
61.51
74.53
84.16
83
83.52
87.63
82.62
85.37
77.5
75.59
75.82
84.59
86.97
93.44
92.3
91.13
86.75
83.2
88.58
91.38
94.76
91.17
89.58
88.43
86.57
72.31
78.5
76.41
90.03
91.4
92.87
96.47
94.27
81
78.26
79.88
87.96
83.47
84.26
86.96
79.72
77.03
76.02
80.15
71.63
82.52
85.04
75.29
76.26
80.19
74.03
72.47
78.14
88.28
86.48
77.43
67.84
77.49
77.8
83.44
94.31
95.62
96.16
93.84
87.13
81.44
77.24
83.17
89.87
90.71
93.51
83.86
87.53
87.97
89.83
86.34
89.65
89.71
78.16
73.52
81.97
90.11
96.25
93.99
77.11
75.89
82.17
79.6
71.26
68.75
62.63
84
91.53
83.66
84.06
89.63
85.29
92.99
95.12
90.95
89.43
91.63
88.37
88.81
88.58
79.97
79.62
85.65
85
83.12
79.67
75.88
82.18
71.51
93.19
82.56
83.54
90.73
94.68
81.9
84.6
84.2
72.45
74.49
80.08
84.11
93.93
95.45
90.09
73.26
66.32
75.76
77.98
68.63
87.93
76.39
63.81
73.6
78.66
75.76
75.77
78.58
91.85
86.77
89.53
78.53
80.64
83.04
86.22
74.83
55.33
63.91
66.74
55.59
60.27
53.43
65
67.12
76.75
66.72
63.12
78.72
75.89
67.36
68.1
62.11
66.88
85.83
60.62
72.44
65.21
60.33
53.54
45.92
48.18
61.43
67
80.79
73.52
67.59
56.15
50.87
52.71
59.46
68.46
57.51
84.63
86.95
88.89
72.73
69.91
67.66
60.15
66.96
75.32
77.43
61.24
68.58
67.13
62.63
70.94
76.87
70.16
64.16
49.76
66.41
74.49
62.81
64.63
67.5
73.58
79.13
78.62
79.39
64.57
63.06
53.18
71.26
85.27
76.52
72.74
74.38
81.85
80.8
80.39
81.52
91.96
68.54
78.33
72.92
68.12
71.31
71.18
77.61
71.81
72.92
64.69
62.99
58.78
59.83
66.51
78.45
78.89
79.27
73.09
74.93
85.52
83.82
75.56
72.72
68.72
69.38
71.61
68.54
71.5
69.17
78.97
69.43
66.48
62.67
76.75
63.3
74.77
58.96
54.16
63.15
72.96
86.84
67.25
62.64
81.15
78.76
79.02
69.43
76.49
84.5
82.86
73.82
74.55
78.42
82.4
73.17
72.78
80.67
87.78
69.35
91.34
73.32
70.11
70.92
70.07
71.01
71.65
70.08
70.32
79.08
76.52
71.08
70.36
80.09
82.56
69.93
71.28
70.93
63.35
69.24
79.49
78.2
77.54
77.48
81.99
77.56
72.06
69.23
84.06
78.04
71.56
75.97
73.87
73.65
78.34
76.46
76.76
69.68
76.21
74.21
82.46
73.88
72.55
71.77
71.56
72.04
71.85
78.04
78.36
73.73
73.17
82.75
67.55
81.5
60.75
68.77
74.24
68.17
71.16
76.25
74.58
62.19
65.92
74.56
82.21
75.62
72.26
71.52
87.58
79.69
75.44
89.53
88.61
88.28
91.83
83.43
68.63
74.87
80.12
81.9
84.71
82
83.85
84.13
80.68
87.51
91.26
89.22
84.37
92.83
85.35
82.34
74.93
65.1
76.62
75.82
78.86
75.22
63.9
72.31
75.1
77.87
72.2
83.92
93.22
96.06
89.35
85.55
80.79
78.05
80.03
88.61
89.47
87.88
91.49
89.75
88.53
94.16
94.14
93.62
92.9
93.85
93.52
94.81
95.24
93.91
91.72
95.67
95.63
94.98
83.37
70.1
74.75
83.28
86.81
86.4
90.82
83.62
82.81
80.17
78.78
87.14
85.03
86.53
89
86.45
94.22
86.5
86.52
88.77
73.48
84.34
89.26
89.91
95.2
93.3
93.89
94.11
91.59
92.37
86
84.11
83.1
75.54
80.02
44.35
53.32
72.44
74.84
78.3
76.04
74.93
83.06
93.12
88.61
91.15
85.27
73.65
62.61
73.07
85.65
81.77
79
81.3
86.3
92.58
95.79
96.13
85.76
88.83
90.56
72.07
93.1
90.83
88.4
76.98
69.71
81.79
93.3
91.21
79.64
73.96
79.49
75.81
94.7
91.61
95.09
92.88
96.7
97.36
95.78
89.74
94.54
90.06
76.83
80.25
77.52
77.83
80.25
79.66
75.34
72.19
87.81
76.94
80.06
75.23
71.22
81.56
86.99
83.82
82.17
67.3
56.12
63.48
72.79
77.7
64.5
58.73
68.31
60.86
64.57
57.12
58.13
66.43
84.83
68.47
73.35
72.28
55.8
77.62
67.01
77.71
66.42
69.86
77.39
70.32
62.35
69.5
75.31
89.6
76.43
71.47
78.38
74.72
70.11
64.83
69.81
65.76
65.99
61.77
63.42
59.31
53.73
64.45
69.21
69.56
58.73
55.75
81.97
71.3
83.3
87.42
70.15
66.01
91.36
78.58
89.94
71.83
87.56
67.39
61.67
65
65.99
64.57
64.64
77.4
53.97
52.79
61.06
61.79
59.49
58.24
53.3
59.59
61.93
62.76
59.49
56.5
50.67
60.98
51.74
58.73
60.96
57.35
63.81
59.08
63.17
59.1
64.92
60.4
54.59
57.56
71.89
73.39
69.99
78.8
75.78
72.83
85.85
73.12
81.37
78.57
81.35
72.81
88.29
84.3
70.81
85.75
75.69
74.46
80.97
73.71
89.09
81.08
85.18
75.1
85.72
93.66
72.63
68.13
69.67
72.31
85.9
72.88
70.96
73.96
82.22
89.05
80.84
67.1
86.98
87.01
81.31
70.61
84.13
83.8
91.78
76.24
77.89
69.49
77.34
85.25
83.52
84.24
78.53
78.4
71.08
76.6
77.38
84.28
75.89
76.27
75.55
75.21
87.86
91.92
82.71
75.19
65.66
69.2
74.49
77.55
74.78
73.73
92.99
89.79
80.34
79.48
78.74
78.7
86.84
83.7
75.17
85.2
74.73
81.27
77.56
74.31
74.02
70.77
83.46
76.88
77.51
77.77
77
78.07
84.93
80.56
81.07
79.13
82.38
73.73
58.51
69.3
74.81
73.36
77.93
79.97
81.4
83.97
89.43
86.72
76.99
81.23
84.48
88.73
77.6
85.2
74.37
70.54
74.14
82.35
92.46
82.24
79.73
79.5
89.22
84.86
76.6
76.77
63.38
77.17
59.16
67.9
81.47
68.63
72.04
74.49
80.83
69.28
78.74
62.49
71.64
75.77
68.74
91.43
92.51
86.09
94.61
84.69
78.08
81.12
84.19
81.06
73.93
68.38
77.02
91.43
79.07
70.82
81.18
84.55
89.72
82.97
92.42
93.96
89.45
88.36
79.49
79.22
81.1
83.97
87.85
85.6
87.98
91.92
91.19
85.05
82.25
83.56
86.43
81.93
84.37
87.57
87.72
83.99
89.45
80.71
79.92
74.93
71.25
78.58
94.55
87.81
80.26
86.69
91.71
94.41
95.56
96.78
89.55
96.52
94.76
94.52
87.09
90.1
94.87
91.43
93.29
76.62
77.02
69.66
69.14
80.63
85.4
87.08
87.07
86.43
85.33
80.4
75.94
80.07
83.38
84.09
86.38
84.77
87.6
85.67
87.03
85.95
86.75
81.21
91.99
89.4
90.56
87.71
60.59
69.03
76.18
62.33
82.66
68.61
79.9
71.56
82.4
89.62
93.98
88.46
84.05
92.39
92.82
79.63
82.16
92.27
93.71
86.75
87.2
80.7
84.9
80.9
76.29
77.16
92.66
78.42
76.02
84.25
87.82
77.18
78.53
65.67
63.81
61.76
58.25
53.62
51.32
73.26
90.29
82.07
71.46
69.73
81.87
65.34
65.65
79.87
68.03
70.4
65.74
69.52
81.71
86.88
76.9
88.61
89.33
83.28
79.72
71.66
66.47
65.48
62.65
64.19
65.39
76.71
65.61
66.08
63.03
68.84
71.58
72.73
64.78
62.06
64.81
63.9
61.53
53.7
46.08
57.74
58.81
63.61
75.79
80.9
72.03
78.36
68.25
72.51
82.39
72.03
75.8
69.78
69.1
73.87
75.34
66.14
73.46
86.12
90.52
86.24
79.66
68.57
77.67
72.02
43.61
61.27
62.16
59.25
57.23
57.86
61.14
77.33
81.61
68.11
73.37
74.53
62.34
67.92
64.26
64.46
59.93
76.3
65.96
65.78
75.16
76.04
59.47
52.57
59.47
60.39
64.62
67.89
71.19
72.71
73.39
74.06
64.01
67.3
63.12
61.37
61.61
72.13
87.19
70.18
75.11
83.21
76.33
76.41
72.79
68.3
78.19
81.36
61.38
75.71
71.7
70.8
78.87
70.59
63.44
70.05
72.92
80.9
69.27
70.65
72.31
83.57
80.08
80.09
76.73
66.84
71.51
85.78
75.77
76.11
73.18
75.07
69.82
67.6
65.29
64.55
70.76
80.53
78.64
78.77
83.83
74.81
72.4
77.05
76.96
81.37
77.89
75.14
74.71
76.34
76.44
80.81
82.69
87.13
76.18
74.79
76.35
79.78
70.44
67.94
69.24
84.5
71.79
75.69
77.34
78.29
71.03
72.59
77.01
77.83
83.42
82.14
90.84
76.1
65.07
72.25
75.91
76.84
72.91
73.56
87.51
86.9
85.35
85.5
72.32
80.17
81.29
76.29
81.36
77.1
81.51
83.15
78.32
79.7
89.55
82.44
86.22
81.86
88.63
83.17
79.28
77.05
81.87
76.58
80.25
78.27
75.01
86.39
83.46
77.04
86.66
88.9
83.85
80.82
91.37
89.77
86.05
85.8
76.4
76.01
81.96
76.02
68.39
78.35
75.87
77.35
77.91
80.59
62.87
76.92
75.83
84.57
81
72.71
71.84
78.43
88.7
91.95
93.35
94.28
93.96
92.45
93.54
72.64
71.55
77.61
90.74
87.02
86.96
74.4
80.45
83.7
69.17
76.97
83.8
85.45
86.65
81.71
81.06
80.39
84.68
89.48
87.65
81.58
71.63
71.45
84.09
76.65
67.21
72.07
73.17
54.13
67.31
73.37
71.8
73.99
82.32
75.68
82.1
93.21
87.64
90.49
93.61
95.65
92.84
74.59
73.75
84.98
89.08
89.01
67.32
68.66
79.05
79.19
81.67
82.66
66.99
55.81
75.98
70.14
72.76
66.73
57.47
65.81
67.03
73.95
68.48
85.93
67.16
75.96
73.77
72.41
78.36
75.99
80.65
70.65
62.51
70.79
80.05
79.81
71.7
53.4
58.25
61.77
63.5
71.79
77.06
74.41
69.2
70.16
75.66
72.82
70.26
74.12
79.38
81.44
83.11
84.43
71.5
66.93
71.61
74.39
80.65
74.1
83.94
77.29
79.49
91.73
93.42
88.64
84.36
71.63
72.94
75.22
75.59
86.85
91.02
86.92
80.44
77.17
70.7
68.42
70.63
72.02
80.22
60.15
79.89
67.2
75.55
82
72.14
84.69
50.62
59.47
60.4
60.58
57.95
62.23
72.19
66.03
53.04
57.73
60.71
72.97
69
70.95
66.21
54.31
64.88
74.13
73.5
63.91
65.7
73.61
58.12
62.62
63.39
55.58
57.88
42.34
57.57
52.87
55.93
50.06
53.98
62.49
60.79
58.21
73.35
81.75
63.26
60.58
59.57
62.89
57.67
67.6
76.94
82.68
90.07
64.73
54.17
63.71
68.9
66.08
63.55
75.53
80.37
77.35
71.77
74.38
72.48
69.8
62.61
66.52
68.32
72.07
64.41
82.78
71.82
69.85
60.24
55.15
80.55
73.83
69.38
65.84
64.12
65.56
66.12
57.57
64.99
72.51
75.16
77.68
80.12
87.46
65.79
66.26
58.94
58.51
64.97
81.81
73.2
88.2
70.08
74.58
78.13
69.36
75.71
85.02
75.75
86.7
71.09
64.23
58.76
65.07
68.59
69.19
62.91
62.62
64.75
64.84
65.32
68.86
66.85
69.03
72.92
80.17
75.49
84.29
76.7
75.84
72.04
70.86
84.82
71.28
73.25
71.56
62.2
60.82
78.18
76.08
72.13
70.05
65.11
68.65
74.77
76.88
73
65.94
75.58
69.94
73.42
70.39
67.52
69.57
79.15
75.38
71.09
64.71
66.39
67.69
65.4
79.1
62.36
63.61
63.33
88.53
69.41
90.4
78.41
63.91
70.72
77.1
82.3
80.96
77.64
81.74
88.57
77.21
75.26
68.98
69.16
68.74
74.48
72.54
74.23
89.4
88.64
80.16
81
84.87
70.23
73.16
84.75
80.75
88.38
85.21
70.79
68.14
64.2
77.67
76.53
73.55
64.88
87.67
83.8
87.33
86.09
83.65
79.62
73.14
76.11
76.63
77.51
79.06
79.73
88.69
86.54
71.87
71.45
67.52
80.93
75.63
79.71
83.43
79.75
82.07
74.73
89.04
81.85
71.34
72.08
71.81
90.42
78.09
84.41
76.91
80.01
86.21
85.88
78.68
76.65
88.38
69.89
78.24
65.74
75.92
68.12
65.49
76.89
78.56
82.22
69.76
69.02
80.06
87.99
88.52
77.15
81.39
80.63
86.99
78
83.64
83.12
80.65
92.11
74.08
75.19
79.37
77.88
74.87
70.62
77.69
77.02
87.73
74.69
84.68
86.16
90.43
88.92
64.75
64.5
80.39
89.53
75.15
82.61
85.21
76.19
83.7
84.74
91.31
92.24
93.18
82.21
86.4
81.77
83.4
83.32
66.55
93.25
81.56
83.73
83.05
90.42
74.77
43.84
61.42
69.66
83.13
86.7
83.47
83.28
83.81
86.91
89.94
89.92
90.1
90.74
89.48
87.12
82.71
83.2
88.33
83.5
77.81
84.3
85.73
85.62
84.01
64.88
58.92
68.63
77.27
82.98
82.88
80.65
71.6
77.5
71.97
75.98
95.76
93.69
96.02
90.66
92.41
85.38
84.02
79.04
80.92
64.89
73.19
88.69
82.65
83.4
93.1
82.25
69.26
71.43
61.23
85.21
58.01
52.1
64.42
58.05
75.24
69.27
71.49
68.66
59.85
52.37
56.55
60.29
59.76
59.07
58.6
74.11
80.71
73.98
70
70.59
64.87
60.58
57.01
55.31
57.95
51.89
59.09
81.1
83.16
74.69
73.95
74.45
62.33
62.02
53.92
69.49
66.53
59.19
72.35
71.14
67.6
86.4
65.86
49.34
63.49
59.81
65.82
66.6
62.73
52.8
62.67
63.66
56.39
55.96
52.34
61.5
46.98
63.93
60.21
61.48
60.11
56.48
52.6
55.8
59.23
66.29
88.28
87.66
93.46
84.28
69.49
64.17
61.88
61.39
64.12
64.34
62.26
72.13
75.45
84.07
72.38
78.86
88.63
67.26
72.63
74.34
71.86
79.9
73.22
66.12
59.63
59.24
66.2
60.52
68.08
59.35
65.57
63.19
64.89
78.85
70.56
77.24
87.09
64.58
61.61
70.96
65.43
68.37
81.67
65.88
73.8
71.66
69.67
68.08
69.48
70.84
85.98
65.16
83.88
71.42
69.42
70.4
70.83
77.3
69.98
72.42
76.25
63.08
64.59
63.95
66.41
84.8
74.19
73.72
79.52
79.07
78.14
81.8
77.34
75.66
74.41
76.94
84.26
87.17
83.74
87.68
77.78
81.58
75.15
73.68
82.1
73.83
76.71
76.54
84.36
88.76
83.75
89.71
91.92
89.75
84.09
77.34
77.48
76.83
76.09
77.91
78.96
86.6
75.76
74.93
78.77
88.88
72.92
73.38
79.51
76.09
75.35
69.62
90.72
88.76
87.74
84.86
84.77
79.92
79.46
77.87
80.86
71.35
72.56
82.19
81.08
77.77
80.89
76.68
77.92
79.19
80.04
78.13
80.21
79.62
80.08
85.41
87.44
79.25
87.82
85.94
88.34
77.88
76.92
84.22
81.45
86.21
93.82
91.64
83.11
85.98
93.63
92.58
77.9
83.82
94.41
83.29
85.01
93.76
80.5
88.53
89.26
76.99
81.29
85.07
95.19
88
93.53
87.16
89.35
82.84
85.09
83.93
84.81
93.45
91.34
81.08
94.36
95.67
95.13
95.05
94.56
85.65
70.07
81.06
79.25
70.07
84.63
82.67
90.3
81.31
90.12
89.17
94.17
86.07
69.35
71.37
86.73
92.24
91.71
95.67
82.97
85.38
79.37
82.97
88.48
88.85
93.75
92.07
95.38
96.43
96.76
96.57
94.41
95.62
90.94
74.25
78.68
90.11
92.65
92.89
91.12
86.23
71.52
73.21
80.09
77.59
74.97
85.62
96.52
90.73
86.13
64.18
68.28
82.34
78
68.07
65.36
73.49
80.27
78.49
84.57
82.39
89.76
86.75
92.96
82.8
80.84
77.42
73.99
76.51
91.8
94.21
88.38
85.73
74.21
73.67
69.63
62.39
65.09
60.34
77.46
76.17
81.39
75.89
70.36
74.63
77.68
77.76
62.24
59.02
70.16
62.99
62.67
62.86
80.19
92.02
89.34
93.43
95.54
94.67
88.26
80.64
92.41
73.57
63.06
65.01
65.87
70.7
75.67
73.1
66.81
69.66
69.95
70.04
69.98
80.35
84.47
81.11
84.48
71.55
68.1
72.07
63.52
58.3
71.89
59.58
50.31
59.36
55.1
58.84
50.83
55.34
58.28
61.27
62.51
63.2
79.48
68.13
80.82
77.35
70.97
85.9
87.46
64.12
55.83
82.89
86.66
87.18
89.36
78.5
79.99
83.59
82.02
68.28
83.3
72.84
62.62
74.61
67.32
69.14
62.57
57.85
60.64
77.17
67.16
58.56
57.94
63.12
56.49
81.34
74.99
56.67
56.31
51.52
50.07
55.64
58.89
64.59
61.03
59.71
68.86
81.19
74.15
67.28
68.62
80.42
87.64
67.92
67.59
67.21
56.41
56.52
51.99
61.75
57.08
52.74
58.71
58.02
60.55
63.53
75.97
90.63
88.41
78.66
87.6
76.62
77.56
72.65
66.71
58.99
59.55
65.43
58.9
60.14
78.53
56.17
54.96
60.24
67.73
75.81
61.89
64.46
67.57
59.06
58.9
60.24
62.53
83.49
86.7
76.55
83.51
62.51
65.97
66.09
72.26
67.99
78.38
57.21
62.19
66.1
67.3
62.21
66.6
64.21
68.15
71.01
76.67
55.73
56.52
65.14
76.87
67.6
63.06
65.42
63.28
62.49
63.11
66.31
77.14
67.99
61.79
64.63
73.77
71.98
67.95
67.18
66.89
79.59
64.6
60.84
62.4
73.72
87.14
72.44
74.45
79.4
77.44
77.51
72.88
73.69
68.91
72.92
77.7
66.5
66.43
66.7
72.97
73.21
70.61
67.61
67.27
68.6
68.41
74.48
85.15
76.75
69.06
68.76
77.33
83.18
78.86
70.57
69.62
82.72
71.46
68.14
73.38
83.03
73.22
70.75
67.89
77.54
87.68
75.17
75.79
74.71
68.86
89.81
69.16
71.23
69.22
69.59
75.84
66.82
73.72
72.63
59.85
72.03
78.87
84.98
80.81
59.74
65.57
75.6
73.86
76.06
77.84
72.77
75.32
78.9
66.83
88.4
70.87
70.38
67.52
67.33
68.63
88.29
70.56
73.45
80.78
74.54
70.8
74.86
74.15
78.3
75.31
72.23
80.45
85.26
88.49
90.83
74.8
79.65
88.07
91.58
91.26
85.68
94.44
96.22
93.96
95.81
90.65
66.14
72.37
67.69
75.61
73.7
80.47
86.38
88.29
84.79
88.7
80.78
82.3
80.5
90.36
76.5
85.46
90.86
88.63
74.26
66.1
66.27
68.42
67.77
76.52
81.43
74.14
77.29
77.34
85.77
74.56
85.89
87.35
89.77
87.34
88.43
93.97
91.4
75.75
90.69
87.82
93.1
91.19
92.26
84.88
76.02
59.79
61.03
75.18
88.55
86.58
74.05
79.56
71.42
88.88
89.53
78.55
74.49
89.17
92.28
81.91
76.93
85.88
79.39
74.1
85.11
83.6
81.1
87.33
93.07
92.03
90.71
90.57
91.14
93
75.26
61.6
68.91
75.81
92.75
94.11
93.14
96.91
96.87
95.8
88.37
82.25
90.73
81.07
79.56
76.92
65.61
64.4
61.14
59.84
76.07
84.4
79.87
79.86
76.21
92.11
90.3
83.92
94.16
97.18
95.37
96.4
93.96
91.69
95.57
95.58
84.74
91.94
83.25
71.25
57.18
58.17
58.62
56.11
57.63
60.61
56.09
76.17
67.81
67.93
70.27
65.24
66.34
66.05
49.68
44.7
58.3
66.24
63.99
57.61
54.48
75.03
61.84
54.29
54.52
84.33
60.81
61.48
73.55
86.24
79.76
75.24
72.88
66.3
65.44
78.25
81.66
80.01
78.56
81.19
64.78
65.14
61.33
66.53
53.27
47.39
50.63
59.21
63.27
71.2
67.05
58.64
55.58
55.02
66.7
66.22
76.36
88.94
70.03
63.48
59.4
62.63
70.72
75.05
88.66
75.79
89.77
84.81
83.96
87.02
81.23
69.32
78.45
61.3
61.21
59.32
60.8
76.36
70.4
80.96
77.08
79.14
77.74
69.31
89.1
82.68
82.67
76.12
74.87
67.26
64.99
71.91
61.05
65.31
85.61
73.74
63.45
62.31
71.68
60.2
61.12
58.6
78.11
65.16
66.75
67.62
69.47
65.96
75.05
79.56
77.96
84.74
66.15
68.13
63.73
66.2
90.7
81.61
75.92
83.53
86.64
71.34
66.92
78.12
78.14
70.81
71.36
73.36
78.1
76.29
69.9
69.24
79.87
84.21
74.63
72.49
80.67
81.18
76.06
79.64
81.11
77.34
77.93
88.19
72.91
80.09
81.5
77.6
74.53
82.51
78.18
74.23
74
73.77
81.6
86.06
85.05
86.36
81.54
80.2
82.89
81.45
76.32
75.3
82.43
76.22
72.68
67.07
71.02
69.54
70.29
73.29
68
81.78
81.96
66.79
69.08
73.31
72.79
74.09
69.65
65.97
70.16
74.18
61.44
81.95
80.62
75.79
81.7
86.41
75.53
77.25
80.46
85.18
81.37
90.95
87.04
86.8
86.01
83.84
92.4
93.11
83.42
85.33
91.69
77.7
79.78
85.34
88.7
83.44
91.68
85.92
86.31
80.05
79.33
79.75
80.14
77.45
77.82
80.79
85.16
89.82
84.39
83.91
77.35
58.13
67.43
72.6
64.47
69.7
87.5
84.73
85.45
85.2
82.15
78.43
85.95
84.7
79.25
87.73
92.7
96.15
90.59
84.83
92.38
94.9
87.77
83.35
78.77
75.63
88.24
88.77
83.07
83.7
91.64
88.69
96.16
96.38
95.24
95.64
94.97
95.4
84.15
65.97
65.87
76.1
91.58
73.1
79.18
96.11
96.37
96.76
91.3
95.92
94.68
86.67
82.86
93.68
96.83
96.6
96.37
85.32
78.18
92.2
94.15
91.84
95.14
95.87
96.37
94.83
90.09
96.37
76.31
79.99
86.06
90.48
95.03
94.02
91.13
86.76
87.52
76.24
81.35
85.14
86.67
76.53
70.65
74.79
78.25
83.95
78.85
64.09
73.39
77.38
83.55
84.18
85.23
82.15
72.74
73.6
81.35
75.78
79.97
84.38
73.51
85.16
85.01
80.62
84.35
69.34
75.14
85.66
77.23
77.63
69.08
66.13
55.25
67.07
75.04
82.62
65.38
95.07
85.59
71.06
69.42
75.23
75.25
73.76
70.37
68.25
60.36
53.6
58.65
65.91
70.59
76.28
88.7
83.77
93.96
72.04
87.53
84.49
93.9
93.88
91.65
87.88
71.18
93.84
84.52
74.86
70.75
91.32
87.24
80.01
82.59
84.26
79.06
89.65
79.27
93.87
81.58
90.68
90
92.21
92.98
75.67
59.27
61.37
63.43
51.42
44.79
50.94
50.11
60.95
58.71
58.89
45.04
52.43
68.45
60.72
68.21
81.97
62.71
74.21
50.19
77.83
74.25
62.59
65.77
77.58
57.19
65.91
63.08
58.53
66.83
71.21
55.96
67.38
72.32
86.9
59.82
57.56
60.84
82.19
76.27
61.54
86.76
88.77
86.64
60.38
60.57
69.79
67.79
72.51
67.56
66.75
70.5
77.05
90.93
76.63
79.39
79.44
70.34
81.51
73.65
65.6
65.89
66.91
65.87
62.32
69.75
71.07
77.98
64.06
75.24
82.12
72.6
67.28
70.88
64.57
81.08
73.75
67.26
66.77
61.52
77.43
76.99
80.37
65.64
87.38
61.36
64.06
82.48
71.51
69.43
86.41
66.09
58.77
59.16
80.1
74.64
69.84
72.12
83.88
81.72
64.45
67.62
67.04
63.57
71.15
73.1
69.65
83.91
73.69
71.89
70.43
75.77
69.45
71.6
86.48
76.56
77.94
74.6
84.45
67.11
67.32
65.99
72.79
73.05
75.51
75.86
60.15
66.69
83.16
69.43
81.55
71.56
79.46
67.1
70.47
80.37
68.05
77.05
76.43
73.09
75.66
73.71
71.1
70.54
70.59
69.33
80.69
75.42
71
67.71
71.69
74.8
72.95
64.87
87.86
70.3
71.77
64.49
68.49
71.35
73.13
77.39
73.39
73.71
66.03
79.1
63.22
72.55
85.8
71.97
70.85
70.31
69.25
72.13
67.31
68.8
73.99
72.49
72.21
71.6
73.34
69.9
69.27
74.7
77.98
71.22
74.73
71.21
73.44
69.55
72.99
75.38
77.61
83.04
82.5
79.95
80.21
80.64
60.96
73.15
70.18
82.56
58.13
61.66
68.78
58.91
71.65
77.33
81.12
71.18
77.71
78.57
64.99
65.86
69.97
76.04
85.66
96.11
95.81
93.62
95.44
92.85
90.47
86.17
84.89
81.37
68.93
66.92
75.51
74.54
72.95
90.01
93.05
94.73
83.65
75.32
85.54
81.23
85.39
94.56
96.37
95.37
95.57
96.23
96.21
91.95
79.21
79.7
86.34
77.35
85.27
83.57
87.19
76.67
73.49
73.85
69.3
84.08
88.43
85.88
94.67
92.58
93.99
91.01
91.52
90.25
79.52
70.61
89.61
85.15
76.01
76.75
86.36
96.13
94.74
90.49
89.06
93.7
82.44
74.51
90.18
93.58
89.88
92.31
94.39
94.54
78.19
83.75
83.6
85.98
85.47
76.09
82.75
93.19
76.35
70.55
78.41
75.55
73.28
67.49
57.95
58.04
70.37
80.35
74.95
83.84
75.4
69.18
74.98
76.62
91.68
93.2
92.74
92.02
94.77
85.03
71.8
75.33
81.03
81.51
73.97
89.16
90.01
87.2
78.32
78.31
82.83
80.99
93.42
87.17
91.72
95.07
70.65
71.87
80.5
86.76
76.43
69.41
65.42
72.93
75.6
82.72
85.51
80.82
88.97
75.29
72.94
87.26
87.77
92.35
87.24
80.14
92.32
94.13
94.87
93.43
76.69
66.79
66.31
74.21
68.95
87.67
80.35
72.3
63.76
85.97
78.46
62.19
62.18
73.99
82.91
66.91
75.19
74.81
64.08
65.03
69.23
73
66.1
60.26
64.78
72.86
70.63
84.5
83.98
61.29
65.41
82.17
62.41
79.92
78.61
66.52
63.26
61.92
60.5
56.51
52.14
55.19
54.68
72.45
83.81
72.99
64.96
67.76
69.13
65.21
63.61
67.21
67.55
77
69.21
65.59
74.15
76.7
69.87
65.78
69.04
78.11
90.05
78.78
81.85
84.22
80.56
75.5
70.13
85.04
65.58
66.18
67.44
68.81
84.21
87.09
74.72
74.36
70.05
85.58
81.29
81.31
82.74
75.57
65.49
63.58
65.99
65.14
72.81
82.56
78.34
80.17
73.39
67.64
67.43
80.18
73.85
74.25
71.84
77.06
62.67
72.45
58.06
53.61
58.5
80.88
66.37
65.63
67.58
69.01
67.19
71.83
62.74
89.75
69.93
68.46
74.63
77.51
76.26
83.66
72.37
69.3
68.51
67.56
69.87
77.68
73.65
64.75
68.6
70.62
73.57
69.9
71.07
73.49
72.46
72.34
82.86
78.11
76.68
75.33
73.32
74.17
79.79
64.05
72.88
73.51
74.75
76.56
72.75
73
69.26
70.6
69.29
66.98
66.77
64
81.31
73.23
75.05
66.99
70.06
83.99
76.85
71.62
74.63
88.25
83.69
77.03
78.01
74.15
73.45
68.27
71.52
66.06
71.32
73.78
73.6
68.66
92.14
81.34
80.97
72.61
80.3
78.6
66.12
77.52
85.44
66.08
69.86
66.08
66.3
68.41
73.48
66.54
78.33
71.31
67.99
73.86
71.4
70.65
68.01
74.18
75.06
70.83
77.47
77.4
79.77
69.46
74.42
78.29
78.62
74.06
78.41
68.37
66.62
74.31
72.78
81.07
84.86
56.33
67.17
79.47
77.07
76.26
86.8
86.11
77.79
82.08
84.19
81.31
85.49
89.76
62.36
73.27
71.9
63.51
65.19
72.83
83.84
80.99
94.89
96.2
96.68
85.21
77.4
96.66
96.8
96.48
95.93
91.28
92.21
95
90.3
90.97
83.23
92.08
85.71
70.17
86.76
96
96.74
95.95
92.74
96.72
94.93
96.55
96.42
96.74
96.69
96.53
95.71
94.73
91.97
93.33
94.78
95.77
93.28
86.64
78.52
56.54
62.42
69.29
71.5
73.61
81.11
81.97
73.19
69.49
59.67
60.95
78.84
80.51
92.6
63.78
71.51
73.51
78.08
72.62
59.47
63.87
86.01
86.39
80.46
84.43
85.19
88.86
95.97
96.28
93.06
92.37
92.35
89.74
87.17
83.62
80.92
77.31
87.15
73.08
82.31
82.88
64.64
71.05
73.42
74.28
72.38
81.4
83
86.84
88.94
70.35
76.58
81.95
84.91
74.35
91.05
93.97
95.04
91.08
93.54
96.84
96.88
96.37
69.26
84.44
77.73
60.09
68.78
68.63
67.14
82.36
87.3
87.18
66.98
61.61
69.13
63.1
62.34
70.58
72.31
76.63
78.47
69.62
65.25
71.32
67.25
66.15
69.39
60.83
89.76
94.63
67.18
60.61
63.33
60.29
59.37
70.21
73.26
69
79.12
56.11
77.7
81.87
92.55
80.23
61.11
48.76
57.43
63.31
60.41
75.36
85.34
81.9
66.99
60.4
63.09
57.58
69.27
68.51
62.23
55.82
78.47
69.29
66.9
63.03
63.79
62.05
63.93
53.66
59.7
64.18
55.94
59.28
64.19
69.28
87.5
89.19
89.97
69.15
56.86
65.62
62.59
83.07
77.97
85.26
82.66
76.45
87.42
78.76
80.84
69.14
78.56
65.59
66.2
87.15
76.31
69.73
73.4
75.36
83.47
77.37
69.14
74.52
76.63
67.89
75.14
76.1
78.59
62.91
61.57
52.27
72.61
62.66
56.74
62.07
65.59
60.01
59.93
72.93
75.6
74.55
70.29
77.11
87.35
84.13
64.44
73.35
75.63
72.12
67.68
65.01
69.14
68.09
71.02
74.15
74.52
65.26
61
66.58
62.42
66.09
83.31
73.29
67.54
63.3
72.4
67.87
73.93
82.63
68.65
59.57
60.2
66.54
68.34
64.67
62.53
65.86
79.52
91.09
65.58
69.84
74.71
68.04
83.45
77.86
81.99
88.11
93.19
90.18
69.85
88.02
80.74
81.63
85.01
83.69
81.23
85.4
81.53
82.53
74.3
78.85
80.71
85.48
77.57
78.88
75.84
72.05
72.53
78.25
82.55
73.88
72.78
78.62
81.92
80.94
71.28
78.03
77.88
75.09
77.75
88.04
73
78.4
81.61
76.82
82.52
77.69
77.09
77.78
76.8
71.64
79.03
77.01
74.96
75.13
74.7
74.74
73.14
76.66
83.36
79.39
90.5
80.49
71.22
76.37
76.83
78.46
77.91
76.95
77.49
71.86
76.43
70.85
78.63
79.8
78.63
82.33
81.26
75.51
73.49
67.99
82.34
85.69
81.27
84.39
90.76
91.6
87.81
90.61
91.44
89
82.64
83.79
74.56
73.66
73.26
77.29
93.74
83.14
70.28
76.61
85
92.59
92.49
96.21
96.62
96.08
89.93
85.01
91.13
94.83
94.8
96.05
78.76
78.84
82.7
82.64
72.4
70.92
93.78
74.31
87.72
91.76
90.21
89.08
95.68
88.76
83.32
87.65
86.41
84.91
95.2
94.23
79.29
77.2
79.37
74.85
81.19
89.93
94.8
95.3
95.93
96.07
96.53
93.29
80.04
80.19
91.82
84.47
81.54
88.79
96.34
89.82
69.15
66.75
73.55
83.69
96.07
95.43
83.97
93.98
82.42
72.72
84.85
88.02
83.69
91.63
93.71
84.71
88.5
95.85
95.77
96.23
96.44
96.01
96.38
96.87
96.53
95.03
90.41
83.35
82.01
87.59
81.6
85.29
68.98
88.46
80.62
61.3
77.66
85.52
77.38
76.88
79.4
66.72
87.37
66.68
89.48
91.27
90.21
76.01
76.91
84.51
84.9
89.58
77.97
73.87
86.87
70.82
72.13
78
92.91
89.61
82.66
91.21
88.5
88.8
76.53
63.13
66.35
65.64
90.37
79.19
77.25
66.1
55.38
50.16
57.27
67.11
81.77
83.38
79.25
64.23
58.55
78.67
61.63
70.27
68.84
91.71
72.96
82.81
76.76
68.83
69.64
64.49
63.06
58.5
78.9
81.08
75.25
71.73
75.03
89.57
78.21
72.64
78.43
78.55
77.49
71.65
65.22
76.44
51.57
54.72
54.08
63.68
61.64
61.31
62.92
76.16
69.82
71.85
64.86
70.54
73.73
73.71
82.19
82.09
82.33
72.27
66.49
67.05
68.71
77.67
77.3
73.32
72.46
70.17
63.01
58.12
66.89
73.03
73.44
78.76
78.88
76.07
71.92
81.83
79.89
76.16
60.3
74.18
72.48
74.17
81.4
87.08
81.16
79.23
75.27
75.95
85.46
58.71
64.17
60.4
76.25
78.03
75.76
64.75
66.56
62.72
73.63
81.59
67.18
59.58
72.05
80
59.96
60.03
66.79
75.06
64.14
59.19
79.01
63.48
70.86
75.81
69.79
65.87
73.96
63.26
68.86
79.03
68.24
64.38
63.32
55.4
64.28
64.65
70.07
64.02
62.98
79.4
74.63
84.26
86.5
73.19
69.89
75.34
80.98
70.71
69.06
70.66
67.61
62.1
57.22
62.29
65.98
61.71
65.37
69.02
67.55
67.1
63.99
70.67
86.15
73.31
68.88
70.21
68.95
73.7
67.17
67.01
65.81
66.08
65.74
66.3
70.81
71.68
61.95
62.92
56.27
88.77
90.33
88.62
69.07
74.68
70.38
76.21
73.95
74.59
75.57
75.38
74.17
81.03
69.59
75.28
83.1
74.89
64.12
66.44
72.5
73.22
77.01
80.28
92.96
91
89.94
81.07
76.4
71.47
77.2
81.92
83.16
81.36
84.03
80.73
84.32
80.05
79.55
73.51
76.98
79.43
82.94
85.15
72.69
78.84
81.76
89
87.77
88.23
73.24
77.58
81.36
85.6
86.11
83.83
86.02
80.39
79.49
87.41
93.24
86.9
94.22
88.85
85.37
92.07
91.64
69.06
69.5
82.39
86.54
68.87
76.83
73.24
75.32
76.61
71.61
76.69
81.82
83.79
85.02
87.47
85.39
91.16
94.55
96.3
78.25
70.21
78.52
84.92
85.76
74.77
62.66
85.75
71.38
71.88
74.2
82.44
93.04
81.09
79.28
71.42
74.81
95.39
96.21
94.86
92.72
66.7
73.58
69.5
79.87
78.94
83.64
75.09
77.86
78.85
80.15
59.48
74.74
78.29
76.5
58.81
74.66
66.39
61.73
80.3
73.18
74.96
80.07
86.4
84.47
87.63
88.38
91.72
76.62
83.02
81.29
90.73
93.01
89.66
91.89
92.84
83.77
93.41
90.09
94.83
94.51
91.63
84.07
84.49
85.9
93.1
92.46
94.77
94.29
94.07
87.1
86.59
74.13
74.37
84.65
87.68
91.82
86.49
81.82
87.15
92.78
94.11
95.66
94.01
86.71
85.97
93.12
96.02
84.69
89.13
95.59
75.63
71.48
74.64
57.8
75.46
74.97
79.16
70.37
85.2
89.38
84.23
68.84
76.44
81.45
80.77
74
67.17
62.36
77.99
75.13
63.25
68.74
62.65
67.32
62.15
62.65
65.06
69.76
80.58
68.77
67.53
63.84
60.83
81.14
74.27
87.18
92.99
58.68
68.23
43.88
47.96
66.57
60.35
55.77
59.75
69.17
54.11
48
84.61
90.1
79.04
68.42
69.75
73.73
57.13
61.3
61.29
49.25
57.46
66.06
83.8
80.36
68.43
63.92
72.35
80.79
71.95
68.05
70.5
71.35
58.18
67.1
56.37
77.99
81.78
63.31
73.23
85.42
71.11
55.73
65.6
57.59
76.06
57.85
52.04
62.81
58.44
57.09
58.62
68.27
83.16
71.13
85.17
85.79
81.57
82.79
83.27
76.55
57.46
58.26
60.69
63.12
68.56
65.85
64.69
67.4
62.63
66.83
87.39
83.23
80.5
70.64
69.27
62.21
64.72
74.09
58.57
57.4
55.57
53.82
68.7
63.48
53.86
66.29
79.5
88.04
70.33
75.31
83.07
73.98
83.26
76.56
74.59
77.27
74.26
79.53
60.54
72.14
71.15
72.32
71.38
74.79
77.15
66.52
68.8
68
67.18
70.33
71.92
80.09
71.97
78.65
68.46
67.38
63.11
69.67
61.95
61.47
61.86
61.01
67.53
73.21
79.61
91.22
72.1
80.38
71.37
72.66
83.55
85.02
61.92
78.8
75.6
72.73
75.01
73.52
80.51
87.56
73.41
79.15
74.12
78.37
77.55
77.12
75.28
75.17
74.1
83.65
82.22
79.72
82.24
78.78
77.01
83.05
89.67
87.43
88.69
69.31
79.03
67.42
69.44
72.47
88.31
82.43
75.86
69.06
75.18
76.84
77.94
78.94
76.28
88.33
77.78
88.46
78
75.53
77.2
81.07
79.07
79.96
81.96
76.66
75.71
72.45
77.57
81.67
87.05
87.93
74.73
59.25
71.63
73.32
75.5
66.39
75.32
74.71
88.83
89.7
71.1
65.56
67.01
76.67
77.57
79
70.54
70.91
72.31
74.4
78.36
75.93
74.99
72.34
75.24
78.78
74.37
74.39
76.94
79.57
66.18
87.2
82.02
76.39
74.27
75.59
73.91
71.77
84.62
85.05
78.13
84.34
78.42
80.13
93.85
94.72
92.94
74.5
61.34
73.13
69.85
75.38
81.49
89.93
87.93
68.15
69.05
75.99
57.94
64.94
70.87
57.46
72.22
78.51
72.17
79.07
88.88
84.38
83.65
80.18
76.85
78.19
56.99
72.37
75.44
65.19
70.21
67.59
68.88
58.6
76.49
70.81
84.28
70.63
67.41
67.14
79.64
88.34
93.53
86
85.49
84.85
90.22
92.96
85.85
84.76
80.19
74.59
84.92
74.57
78.7
81.53
81.51
78.18
86.58
90.81
90.56
90.41
89.33
81.8
72.71
83.23
69.69
71.67
74.86
68.73
75.72
68.29
72.32
79.15
82.75
73.49
82.12
90.35
91.29
78.96
75.3
80.29
61.83
71.3
78.7
81.61
78.75
65.38
69.35
79.11
94.73
82.21
73.1
73.47
57.73
62.98
66.88
71.63
73.39
75.55
75.65
71.22
65.84
61.21
59.96
65.73
54.26
45.59
54.77
54.08
54.72
54.06
54.08
41.43
49.97
58.06
68.59
57.68
52.94
53.93
57.63
59.33
57.27
52.24
51.8
45.81
48.07
49.01
52.25
69.69
64.89
80.9
55.56
75.2
75.56
79.19
73.7
61.1
63.68
59.76
53.84
71.53
70.05
76.16
91.33
72.38
59.15
62.33
58.83
62.33
59.42
55.76
57.06
57.59
49.56
74.36
76.87
90.8
90.92
72.44
73.98
61.36
72.06
68.24
53.85
50.59
50.79
62.13
69.67
61.39
50.82
59.54
59.06
60.42
67.45
66.91
69.26
71.86
68.64
65.37
70.03
68.1
70.97
74.1
75.35
80.01
64.56
56.91
65.92
76.84
78.49
69.34
84.8
60.49
60.16
63.41
60.23
60.76
64.03
67.19
61.96
69.18
72.09
82.95
85.69
76.72
83.89
67.29
86.86
74.39
74
83.87
78.86
80.8
74.66
70.1
73.74
70.9
63.62
72.32
71.82
78.8
71.11
66.4
62.36
64.76
66.26
71.92
65.93
76.09
73.24
74.47
78.39
59.26
82.42
63.31
73.64
68.09
88.46
67.01
64.09
62.54
67.28
61.21
66.89
72.95
65.62
65.29
63.91
63.5
62.97
63.5
61.59
60.32
66.85
68.05
62.64
61.11
64.43
61.68
55.63
58.91
54.97
59.93
58.51
63.37
82.19
70.54
57.82
59.61
67.37
65.43
60.49
58.71
74.39
72.02
79.11
71.16
68.72
66.26
84.79
79.09
62.52
69.53
66.84
68.01
70.19
65.7
67.93
67.46
64.67
73.9
76
77.29
76.09
81.79
69.36
67.29
70.15
66.94
78.12
73.73
64.3
67.91
73.78
74.11
66.05
67.86
77.09
69.53
74.06
87.92
79.77
76.8
86.02
80.46
89.09
81.28
75.96
73.97
73.35
73.13
78.13
81.13
90.37
87.12
87.5
79.85
89.14
78.13
76.12
80.05
85.41
81.34
85.18
80.06
80.47
78.38
81.39
82.64
92.18
66.99
68.99
74.39
77.83
79.38
73.54
91.4
87.38
87.29
81.95
84.76
91.74
87.6
93.06
90.88
82.73
83.74
78.47
71.42
78.29
88.37
93.06
90.09
89.01
88.38
88.64
84.48
87.47
79.96
82.95
86.85
83.79
90.29
84.56
80.84
70.03
74.17
94.06
93.22
90.04
83.03
66.9
84.06
84.93
87.53
83.91
77.16
79.72
91.2
92.81
95.57
94.56
92.19
86.45
68.47
72.61
87.89
88
95.2
91.45
89.01
86.01
84.71
92.54
86.31
85.12
89.6
88.3
88.3
87.35
78.34
88.39
94.35
79.48
77.11
77.03
88.98
91.08
85.7
93.8
86.59
80.14
75.16
93.36
82.61
76.55
59.77
79.79
82.16
77.9
75.68
90.27
93.94
85.96
80.72
76.7
79.89
88.09
83.23
73.33
74.19
63.94
59.24
64.04
65.93
66.52
67.29
69.43
77.58
82.52
88.48
86.73
70.31
86.61
82.43
69.81
73.77
73.19
70.95
74.12
77.07
76.63
78.8
79.04
79.72
73.92
80.14
87.67
87.23
75.14
73.68
76.81
77.54
85.32
85.04
84.17
87.2
76.72
74.57
76.54
80.45
85.48
71.72
68.54
66.94
62.03
67.86
70.75
73.39
80.92
66.75
58.92
49.93
70.1
70.55
74.2
83.98
86.68
66.32
78.87
92.82
77.01
72.57
70.74
71.66
70.58
66.88
72.72
73.59
64.1
61.9
65.11
68.04
76.54
77.46
77.76
65.65
58.41
70.38
88.48
68.73
71.99
59.25
62.59
59.88
63.19
77.21
72.25
72.03
74.54
65.11
62.77
64.04
74.04
90.47
83.78
72.71
77.93
67.19
51.97
62.73
81.96
70.84
68.82
65.25
69.98
63.96
68.16
89.93
84.91
72.11
55.16
58.48
59.06
64.66
61.11
66.51
77.52
64.58
52.34
53.23
62.53
59.91
57.07
70.96
67.4
87.64
69.06
75
77.12
70.51
57.38
66.51
75.71
62.45
61.44
74.54
68.38
60.94
61.97
74.71
85.96
66.77
73.98
66.38
71.25
74.77
80.05
77.29
82.83
72.73
69.82
65.37
64.4
61.47
63.72
76.59
74.53
61.87
63.54
65.17
73.62
69.08
71.86
72.2
75.74
81.02
77.79
69.86
76.64
71.24
69.36
80.19
83.99
74.29
71.95
74.27
86.98
76.6
70.9
89.67
76.69
72.98
74.94
80.45
81.5
77.97
70.93
73.08
70.35
73.57
73.8
73.84
78.39
78.86
77.8
74.13
77.31
82.56
72.2
72.78
85.75
78.75
72.5
81.22
80.41
78.04
76.66
81.92
77.12
71.62
74.78
77.12
71.67
71.89
72.92
72.8
70.73
67.98
66.88
71.97
64.16
70.95
69.16
66.52
70.77
82.05
89.65
84.76
87.44
83.5
81.77
72.79
72.7
77.97
79.39
78.79
88.62
74.26
74.82
71.78
72.82
72.92
72.24
75.36
80.84
82.04
69.38
74.77
72.16
78.34
79.2
89.9
91.15
90.9
93.94
88.42
79.41
73.97
81.42
86.63
77.38
86.57
90.26
77.03
69.99
65.81
73.77
78.56
73.68
70.76
68.16
69.76
77.43
77.28
80.96
73.7
78.23
79.12
79.05
89.05
87.18
72.9
70.19
81.3
78.41
76.79
78.79
72.2
69.96
80.67
90.13
88.14
78.18
87.89
92.79
91.37
91.19
91.59
92.83
92.86
87.62
86.08
84.96
82.54
80.23
92.32
82.43
84.61
93.64
77.4
69.85
69.85
75.59
71.28
69.01
71.88
86.73
85.1
85.24
78.29
88.64
93.44
92.79
72.78
82.68
77.68
89.66
94.19
87.73
71.67
73.36
80.53
66.8
76.21
75.98
73.19
74.74
69.45
74.01
84.09
76.59
68.05
75.4
85.8
75.81
85.2
91.32
90.33
86.22
88.31
79.68
88.3
79.19
79.06
68.39
85.35
75.2
82.78
82.94
84.31
91.66
93.11
90.6
82.51
79
70.94
69.14
79.41
81.97
84.21
67.21
73.62
86.88
69.26
78.25
87.16
90.59
78.58
72.25
73.92
84.2
75.52
86.01
78.94
52.9
52.77
61.47
65.07
85.28
75.91
57.67
64.64
68.53
70.62
76.42
71.29
66.27
58.29
50.55
57.69
66.71
71.26
89.07
68.53
63.51
64.27
63.99
59.94
57.54
68.3
72.18
57.41
57.64
61.04
53.93
72.78
89.06
71.7
76.08
71.33
75.95
91.01
76.01
81.41
65.03
60.02
62.41
62.89
67.96
65.47
56.88
68.34
71.85
59.28
64.1
57.95
57.39
54.59
58.83
61.61
63.1
57.52
68.33
57.63
48.69
61.75
46.24
45.14
49.07
69.86
65.82
57.37
57.58
64.43
67.25
73.77
80.79
79.36
76.46
69.7
69.37
68.11
63.33
61.48
60.66
76.89
82.77
75.27
67.99
63.9
64.75
64.88
62.3
59.08
51.8
65.16
74.1
76.15
68.73
81.83
68.46
57.85
59.43
59.77
55.85
64.86
62.35
64.14
82.18
73.83
80.1
78.27
77.95
68.72
65.7
75.02
82.17
80.75
77.98
89.81
83.25
67.24
52.65
63.41
64.62
58.35
79.69
78.8
69.9
68.89
54.21
61.76
60.68
52.83
54.45
68.13
59.6
56.73
57.87
58.61
66.44
61.65
76.33
71.47
76.02
69.65
64.61
78.64
76.67
87.09
77.2
59.36
78.64
70.62
65.33
73.2
59.63
63
62.55
61.26
61.48
53.14
53.57
59.15
58.83
53.56
52.06
56.73
59.88
57.39
62.81
59
61.84
54.51
56.29
54.16
54.88
55.08
52.88
57.29
58.42
58.25
52.72
64.72
60
55.89
54.19
53.39
52.59
53.63
61.41
78.62
67.91
59.89
55.79
54.88
55.8
50.55
54.02
59.3
68.52
56.76
53.05
80.82
61.51
54.94
50.93
60.02
64.56
69.93
67.08
63.26
67.47
69.96
70.49
66.61
64.72
61.07
66.38
64.93
61.69
66.06
64.76
64.13
59.52
58.77
59.62
66.18
69.21
71.45
77.12
77.2
72.58
84.28
89.24
81.39
79.84
80.56
91.24
93.06
93.65
72.04
67.36
72.5
82.37
92.84
93.71
90.05
75.16
90.55
94.14
81.27
82.23
83.68
73.09
70.8
71.87
74.63
85.32
92.64
92.09
85.06
93.06
90.77
88.89
87.62
85.94
96
83.79
74.63
79.32
86.1
86.52
81.81
74.86
84.85
77.31
94.11
88.99
83.02
79.7
79.17
84.08
93.36
96.73
96.09
92.45
74.53
87.37
89.17
88.15
78.57
78.88
66.67
80.03
71.69
75.74
63.25
92.12
95.21
88.94
93.56
95.62
82.14
78.69
86.99
96.88
96.12
94.5
91.09
91.96
94.63
95.66
83.81
85.74
71.83
71.2
81.96
69.73
78.43
78.33
85.4
78.25
66.38
63.69
77.04
79.35
78.6
81.04
92.23
81.67
86.46
78.94
69.36
74.68
76.1
78.29
76.09
79.9
81.12
83.11
81.46
68.26
73.19
72.37
72.59
67.93
52.71
59.49
74.83
86.74
81.6
74.34
82.07
80.96
77.49
75.77
83.47
77.16
79.54
80.04
77.55
81.34
85.1
88.13
87.07
83.53
86.58
79.05
83.19
73.96
75.13
66.61
61.77
59.83
50.57
66.21
80.41
80.84
74.88
76.07
72.13
83.88
94
71.15
61.71
68.6
72.11
61.54
65.53
73.04
76.63
71.72
72.22
73.61
72.62
70.23
69.48
57.56
55.4
62.43
58.93
60.75
67.84
76.5
73.86
62.85
53.55
55.65
45.49
52.31
50.87
54.76
67.88
77
83.64
69.71
70.84
67.96
61.61
62.81
66.33
84.64
89.69
76.66
68.28
78.52
48.91
57.5
62.36
61.85
71.42
66.6
58.79
58.73
50.75
53.39
45.88
59.6
57.4
63.36
64.51
62.13
60.84
65.73
66.91
82.24
84.31
78.96
73.23
80.78
73.31
63.44
57.36
60.18
65.77
71.84
66.81
62.71
61.21
63.66
61.87
58.54
54.15
67.32
65.42
63.44
66.95
57.68
64.36
64.95
59.74
68.94
60.27
52.44
80
75.06
67.08
63.06
67.92
63.52
57.31
56.02
56.26
75.2
68.12
65.33
67.76
56.78
79.82
61.44
60.96
60.51
73.74
75.82
59.1
84.5
62.98
77.55
78
75.89
58.24
62.65
56.6
61.16
62.98
56.44
65.43
74.67
53.58
58.98
58.19
55.38
62.81
78.05
65.94
56.96
76.41
74.32
69.8
77.3
77.21
77.06
82.37
59.62
56.51
57.51
61.21
87.45
64.83
73.6
73.03
64.42
59.96
58.55
62.46
61.94
58.88
65.37
81.22
66.31
67.32
89.06
75.31
67.66
66.43
65.98
65.34
63.16
60.34
70.15
66.52
63.82
67.12
61.81
58.24
51.82
74.05
92.63
85.69
87.29
79.78
67.1
66.35
73.32
76.82
70.2
80.56
87.89
67.83
63.43
67.27
68.62
70.61
72.56
78.7
81.04
68.03
62.66
67.54
67.31
84.22
86.28
84.84
74.4
71.27
73.3
71.23
68.86
85.25
83.5
79.84
80.3
93.7
81.89
75.96
74.74
89.76
89.98
77.86
69.22
72.53
71.57
75.32
76.22
66.93
59.2
58
65.01
67.48
76.51
68.75
79.4
93.14
91.54
94.45
94.14
93.79
79.53
88.32
69.17
79.6
81.39
84.66
94.91
91.69
93.98
94.33
91.68
94.75
94.6
95.83
82.64
88.34
88.45
87.16
85.45
92.19
91.44
88.07
94.08
81.72
71.47
68.69
82.59
87.31
87.07
91.26
91.2
94.82
94.34
82.08
81.66
87.63
90.75
90.66
87.47
84.34
86.01
91.28
89.82
95.12
95.74
93.93
88.68
85.04
92.5
76.53
74.15
75.99
94.14
81.28
87.46
87.04
78.68
63
74.64
72.57
66.63
87.71
95.84
95.77
93
90.84
91.12
91.1
81.13
79.42
63.96
76.88
76.71
83.25
58.87
60.82
72.82
88.21
91.93
82
76.57
82.61
90.5
88.58
92.53
82.36
68.79
77.54
87.18
68.83
73.11
68.1
64.32
70.58
81.48
61.86
59.71
56.5
51.78
62.59
69.91
75.6
67.27
83.61
69.72
76.19
85.55
87.69
80.99
81.23
73.87
85.73
81.53
69.26
70.01
76.19
76.56
75.89
67.39
67.92
66.66
69.77
73.6
87.1
79.25
69.69
55.98
58.58
58.55
70.73
59.48
54.85
55.67
64.65
68.93
72.01
81.33
70.23
55.82
64.78
64.49
58.3
58.99
63.18
62.55
50.22
49.65
71.13
74.68
82.13
75.43
69.62
71.34
77.77
68.08
59.04
58.42
53.95
50.09
52.5
77.93
60.23
60.85
62.97
51.49
49.7
54.58
60.15
83.22
71.28
86.09
66.9
67.06
62.82
74.06
86.33
73.01
54.7
65.91
64.66
67.84
63.27
64.62
57.26
67.04
56.38
57.56
58.87
59.19
72.87
57.18
59.34
58.38
78.62
66.69
59.24
62.09
61.04
75.47
75.62
70.09
76.5
68.87
57.9
59.08
54.76
60.28
81.9
71.77
69.16
63.89
68.96
69.99
77.86
59.65
73.46
64.52
78.48
83.46
62.16
60.59
61.67
47.32
71.67
70.26
44.88
59.7
60.61
73.03
65.16
68.83
84.7
77.85
62.2
58
69.04
76.34
68.34
58.95
67.68
55.46
58.93
67.23
58.48
62.95
63.14
56.87
64.08
70.07
67.87
63.74
60.45
65.59
67.84
74.32
76.39
81.43
75.98
72.04
77
65.51
70.41
70.33
65.58
70.1
69.55
65.16
72.61
82.89
86.87
73.53
63.68
59.72
61.83
64.98
63.47
68.42
64.56
61.37
59.98
59.17
62.28
63.59
63.03
65.14
60.09
60.56
62.23
66.52
68.87
59.76
60.52
70.69
72.69
70.72
66.89
65.73
68.1
79.5
75.84
76.84
75.74
82.56
76.96
87.14
93.05
66.46
69.97
73.34
87.36
79.26
80.49
70.32
71.43
87.78
68.5
70.72
74.19
72.31
66.6
77.75
73.13
75.29
73.03
71.87
71.82
61.17
74.65
87.94
75.67
72.96
72.81
81.49
77.57
81.54
79.04
79.41
84.84
78.13
84.32
80.28
84.48
80.78
78.62
76.26
81.42
69
68.37
79.5
85.45
73.78
75.82
76.78
77.69
79.2
78.63
85.58
90.56
74.04
58.28
67.65
80.02
84.77
80.65
85.02
93.45
78.43
78.05
76.85
81
85.17
89.5
79.05
75.54
71.14
81.61
72.76
79.32
76.1
80.4
90.22
91.97
89.86
91.13
83.65
85
83.56
76.65
84.02
81.92
85.02
72.16
83.32
84.9
73.87
76.64
88.92
78.75
83.2
89.55
83.94
88.19
77.55
71.3
86.29
90.92
91.78
87.26
95.03
83.9
95.07
95.27
94.96
92.43
83.92
79.34
67.24
62.65
71.91
68.44
75.86
82.55
89.66
90.03
89.36
79.62
86.32
92.87
94.06
87.54
86.93
80.37
71.73
85.28
91.3
77.08
69.04
57.48
73.5
80.16
78.37
73.92
77.19
71.23
70.09
66.98
62.18
59.67
74.47
68.46
74.68
86.48
85.8
87.47
89.56
88.31
67.1
83.82
73.79
62.52
54.78
58.24
70.92
69.2
60.65
65.44
65.7
67.51
76.16
77.71
73.09
62.32
71.35
72.69
63.99
78.48
71.23
74.22
86.48
74.48
85.51
73.25
86.54
66.99
66.29
69.6
73.57
73.63
90.02
70.31
83.58
74.08
69.91
60.9
74.96
83.74
90.65
74.18
78.22
61.6
55.7
60.01
58.3
66.74
65.98
74.42
69.83
75.14
85.89
69.76
56.94
64.38
77.64
58.25
62.23
69.07
64.96
59.01
72.08
68.6
55.44
58.6
54.33
53.45
65.75
65.58
40.19
47.72
64.63
66.46
54.93
50.76
57.66
59.33
83.22
68.42
68.92
71.99
78.26
74.01
54.16
51.76
53.16
55.38
58.44
54.97
54.36
69.05
75.5
81.15
71.41
72.87
70.82
75
72.28
52.81
56.27
58.91
56.74
60.34
62.27
60.84
74.84
74.98
75.96
87.71
74.07
62.22
59.81
60.73
83.31
80.23
77.76
65.68
78.09
66.45
64.69
67.49
65.92
66.11
62.2
65.16
72.88
71.57
81.58
85.73
74.96
68.16
74.91
83.39
85.78
85.91
69.53
75.11
72.45
81.62
82.89
72.74
79.92
74.83
70.93
67.98
76.3
67.63
65.87
69.83
85.95
74.29
83.33
86.23
78.94
75.27
53.15
57.34
62.87
66.07
75.98
66.41
68.11
79.88
83.98
71.55
68.99
66.15
67.89
67.26
68.43
70.89
77.6
81.25
67.82
79.2
71.37
69.17
66.16
70.48
68.27
67.89
59.02
58.5
61.52
67.04
79.77
90.03
70.74
67.78
66.95
73.46
67.16
68.86
74.03
71.81
78.15
80.14
92.91
71.46
64.65
66.32
67.49
67.41
77.32
73.71
76.75
72.13
86.26
86.76
91.04
81.59
79.02
77.87
79.07
67.58
73.12
92.53
78.24
75.42
75.08
82.31
83.78
79.7
83.15
74.3
76.07
72.42
81.92
75.42
71.2
75.31
75.63
81.62
90.63
88.79
81.27
85.58
81.15
86.68
79.78
73.5
74.04
78.01
76.49
80.41
81.28
75.89
87.27
73.36
70.03
79.16
77.27
83.69
84.1
80.32
85.97
85.8
81.84
82.46
83.82
83.58
81.23
79.48
85.82
82.18
79.46
81.66
80.25
80.63
81.45
75.67
68.65
71.83
73.28
76.65
77.99
81.43
88.52
88.11
92.16
89.92
84.75
82.57
74.58
58.44
70.28
56.85
60.89
61.73
75.64
83.2
87.85
90.54
93.48
94.55
89.88
78.17
88.16
68.66
69.42
61.4
65.94
78.92
85.45
80.95
93.45
91.38
89.07
92.21
94.18
93.07
93.52
93.63
89.8
91.93
91.94
93.23
93.82
94.2
94.9
93.14
92.49
90.86
92.1
94.93
93.28
95.46
95.05
94.97
95.66
92.36
75.89
82.88
77.55
80.44
92.57
93.63
88.71
81.29
85.42
84.35
90.68
94.34
91.31
86.22
82.87
82.82
88.3
90.87
96.31
96.12
94.52
89.28
87.08
88.53
94.68
92.8
93.88
91.63
89.66
87.73
88.07
90.96
87.75
89.48
89.16
84.01
91.82
93.12
87.96
89.71
83.79
78.22
84.36
81.14
89.55
91.7
76.09
82.49
79.03
84.95
68.78
75.39
74.81
84.74
92.17
90.57
73.46
76.13
75.44
67.49
68.81
91.47
74
67.79
70.98
69.87
71.4
70.99
74.68
76.29
77.1
80.35
67.66
70.89
64.49
58.4
71.38
76.83
68.75
71.73
65.97
62.94
80.72
85.84
81.6
84.74
83.76
82.54
87.46
72.98
64.03
57.64
68.25
76.9
73.35
68.24
69.81
72.06
45.33
55.02
75.31
70.01
76.42
92.62
86.72
91.1
87.42
80.85
72.84
65.29
73.79
63.82
61.56
75.33
81.67
77.86
75.06
52.6
60.14
58.12
52.56
53.34
46.65
43.96
43.64
69.47
76.82
82.38
81.31
75.2
64.82
76.78
92.8
67.71
71.9
67.65
73.03
75.79
75.16
85.97
78.93
77.89
81.42
93.04
92.83
91.96
80.91
82.64
71.57
57.56
53.84
81.84
75.73
83.53
79.12
72.85
64.5
85.57
89.68
72.44
57.45
64.17
71.82
73.8
71.6
63.85
70.84
64.11
73.25
72.28
67.16
66.35
66.83
67.09
71.52
69.29
52.17
57.79
59.83
60.27
59.06
72.13
76.16
90.15
82.45
87.25
75.14
80.75
85.72
67.55
74.13
68.18
79.68
91.9
90.46
78.91
78.53
77.78
65.83
74.26
78.67
60.32
76.1
77.31
82.16
74.39
69.85
71.96
69.63
61.94
62.57
61.22
64.61
63.48
63.53
63.48
71.17
86.05
76.41
72.83
76.65
79.88
86.03
68.35
68.58
72.77
82.23
73.81
71.7
77.53
77.97
88.22
78.92
76.87
73.95
89.34
82.09
79.85
90.27
78.56
77.26
79.08
75.35
72.73
76.2
80.49
72.46
74.54
90.81
80.41
83.14
86.99
82.8
84.49
74.8
75.82
92.86
93.38
85.38
87.25
73.53
70.71
66.47
79.99
77.94
74.48
81.87
84.9
87.61
77.59
75.07
77.25
87.75
81.32
93.46
92.6
91.85
94.27
90.77
93.28
84.03
82.97
86.02
76.33
76.54
64.76
79.06
83.71
81
93.65
94.53
93.7
84.43
85.07
86.95
89.04
83.43
85.77
83.84
83.48
88.69
88.51
91.23
81.4
72.88
91.67
78.12
76.65
73.01
78.04
79.84
79.09
86.99
77.44
68.19
73.38
84.51
75.51
83.38
84.27
70.7
79.51
74.11
75.48
83.89
84.05
70.82
59.32
62.76
80.48
87.13
91.93
90.77
90.94
87.95
83.88
88.54
95.39
89.49
86.59
78.54
94.7
94.16
94.25
86.35
90.5
81.25
82.76
80.98
81.29
95.56
95.48
95.62
95.46
94.95
96.18
96.38
95.47
95.27
94.84
92.94
95.67
96.33
96.03
93.77
96.38
88.76
84.64
94.55
87.32
84.65
62.55
71.03
82.22
79.45
80.35
85.55
84
84.16
91.87
95.89
95.73
94.14
93.23
95.26
95.53
94.12
92.51
90.07
92.62
94.35
94.86
95.61
94.71
94.19
94.15
95.76
94.65
96.11
96.19
96.26
96.1
87.12
81.47
84.16
86.1
87.93
85
84.02
73.88
81.27
82.11
83.11
78.44
77.62
76.12
77.39
76.78
81.49
80.86
81.82
62.83
73.09
71.36
76.78
76.11
72.14
64.87
64.04
72.4
72.86
74.14
71.3
78
78.54
66.77
65.48
63.62
62.62
77.47
80.12
79.9
73.58
55.79
54.31
66.05
61.06
61.31
61.29
65.82
63.09
69.66
83.29
66.99
85.26
82.19
73.06
84.56
77.67
79.46
81.29
72.42
71.47
69.64
63.84
60.17
75.12
77.48
65.49
57.29
61.21
71.63
61.64
52.12
49.73
54.27
48.4
48.81
48.86
64
54.49
57.39
71.29
64.81
44.48
64.68
89.35
61.9
56
46.69
51.66
49.32
64.23
76.32
84.36
77.85
68.24
63.37
60.45
53.96
53.91
54.91
57.91
65.37
86.85
63.97
63.43
58.21
50.14
51.54
54.68
56.73
57.47
64.48
63.69
62.99
56.85
58.08
88.56
82.57
89.39
69.95
77.63
74.36
75.79
63.07
66.17
60.86
66.08
84.51
78.19
77.67
72.65
81.7
76.4
71.38
71.4
78.36
71.67
77.01
80.45
76.1
67.66
74.26
84.93
88.92
84.16
78.77
73.07
61.79
74.8
83.94
73.02
74.71
68.72
67.08
72.37
68.16
74.31
70.46
61.8
66.5
87.08
87.5
76.77
80.61
63.47
74.26
88.94
79.47
83.74
76.48
82.48
78.66
80.74
92.99
81.45
62.87
71.4
80.63
78.98
81.33
86.96
65.81
67.72
81.04
92.31
77.06
74.31
85.61
74
74.5
77.12
78.63
92.29
77.16
79.93
84.65
86.05
77.24
75.76
73.27
71.91
76.82
79.8
79.9
86.7
80.71
87.89
82.6
77.36
76.45
77.14
78.36
80.14
84.86
76.57
89.05
67.84
67.63
73.19
75.82
75.99
76.6
78.7
78.26
85.69
79.33
76.5
64
69.58
76.54
72.47
86.59
74.86
75.76
80.61
81.55
80.52
69.28
76.12
79.41
77.15
76.62
73.88
74.26
75.56
76.66
78.12
83.44
94.41
90.9
69.99
77.21
81.93
81.28
72.59
84.28
78.75
80.4
77.18
89.14
73.99
78.61
73.23
79.52
73.18
84.61
83.49
81.95
80.52
70.67
93.27
77.38
66.64
78.62
84.59
77.54
73.39
74.65
66.89
75.65
85.37
78.67
71.15
78.36
73.99
72.83
84.73
82.99
89.78
81.83
78.24
95.99
85.05
80.86
96.42
93.54
81.17
76.52
82.63
86.76
88.22
96.66
96.75
96.89
96.46
95.96
96.48
96.74
96.93
96.76
95.69
96.97
76.71
82.68
89.05
88.1
79.54
88.03
97.06
87.84
91.73
88.83
81.9
80.25
88.76
82.13
87.19
91.38
97.23
97.27
97.27
97.08
97.2
95.89
88.75
97.05
95.14
83.41
87.21
86.04
96.64
84.73
95.46
80.61
88.97
73.78
73.91
83.07
81.19
80
85.3
96.62
95.07
96.51
95.19
92.77
89.53
76.83
82.24
71.76
72.48
81.17
83.35
88.42
83.4
78.48
81.19
83.66
80.83
80.72
73.54
57.42
74.08
77.55
73.88
74.6
72.44
72.28
68.07
59.3
54.13
61.46
55.89
52.99
69.85
56.38
54.9
53.68
65.68
62.17
69.82
64.28
49.98
67.55
70.21
72.91
77.05
70.92
69.11
89.72
79.12
68.33
59.94
61.95
50.2
47.22
72.92
60.9
56.68
52.03
44.8
57.36
53.97
55.45
55.82
91.13
83.15
66.36
64.6
65.5
61.49
59.48
51.99
48.28
49.77
47.11
44.33
60.17
48.98
50.74
54
63.82
60.21
54.34
55.01
83.59
65.39
61.2
79.8
67.03
51.58
62.03
68.57
78.59
61.19
80.34
74.5
80.12
56.59
55.66
56.01
71.44
71.72
68.46
64.47
61.93
52.49
53.15
76.43
58.88
67.64
65.02
66.06
82.68
60.09
62.11
65.55
55.8
57.26
57.49
58.33
57.85
59.55
52.32
55.62
62.66
80.05
84.79
84.28
58.98
70.26
70.9
62.11
70.21
87.24
76.53
67.24
62.62
72.86
69.64
68.01
70.24
73.73
70.99
77.59
74.05
66.45
56.24
73.37
74.43
73.13
86.13
89.22
89.63
82.54
75.79
78.51
87.28
71.13
71.18
71.8
67.45
76.8
81.49
85.06
79.88
82.56
76.86
84.66
85.28
83.2
76.95
83
89.83
73.85
78.67
81.9
87.16
74.61
78.62
72.08
81.43
93.19
79.91
91.6
79.9
71.02
80.6
77.76
78.57
75.43
70.49
72.97
77.07
76.58
79.08
77.63
82.3
91.1
77.25
71.32
77.64
83.38
82.14
83.41
75.68
82.46
73.2
72.58
71.83
70.38
61.89
71.63
69.88
65.98
74.56
71.28
81.71
74.98
72.31
80.95
73.54
74.74
87.02
82.22
86.97
77.95
75.03
85.69
83.09
78.2
78
82.28
76.84
78.87
82.63
92.62
93.57
84.99
84.12
88.42
83.38
89.63
87.79
92.32
88.35
90.62
84.22
81.69
90.13
82.75
78.38
78.49
72.6
80.43
83.31
82.53
80.45
74.11
79.68
94.31
84.05
81.84
90.52
91.38
90.95
85.12
95.07
94.5
93.23
94.78
90.21
76.35
77.45
88.85
75.09
77.75
82.95
86.47
77.75
85.88
94.84
92.11
83.4
83.33
83.79
92.36
94.44
81.43
76.2
70.55
78.6
75.64
75.04
72.53
77.45
83.04
96.38
93.48
87.83
86.77
83.63
81.36
90.2
79.81
85.08
85.37
84.98
89.26
84.87
86.4
75.3
78.87
77.52
69.73
86.73
94.43
92.98
92.71
95.23
92.41
95.13
94.87
93.42
96.09
94.71
95.17
95.1
94.04
91.35
86.99
88.99
88.29
84.77
90.17
89.72
93.7
80.65
96.84
93.75
91.53
88.4
94.97
92.78
91.87
83.35
92.75
87.55
94.33
94.36
89.88
89.58
95.6
94.98
96.47
95.94
94.39
94.98
94.61
91.34
90.24
94.75
96.63
96.65
94.99
97.14
92
94.2
82.12
82.41
76.97
85.15
95.51
96.79
97.21
96.26
94.29
94.62
94.58
95.09
95.23
95.84
91.66
79.59
59.32
59.98
63.03
87.2
83.68
83.88
70.29
61.79
70.52
66.8
82.22
85.48
72.09
65.6
81.57
91.34
89.77
79.4
75.97
60.57
63.67
76.56
90.85
94.58
68.46
65.22
64.43
65.66
58.82
67.92
71.66
67.25
69.18
58.57
71.3
82.21
84.83
70.25
60.56
61.03
72.75
66.39
71.6
67.42
73.18
71.52
69.61
61.63
58.57
56.77
61.25
62.73
77.6
68
49.47
54.04
69.14
93.91
83.31
74.62
63.37
58.45
55.6
44.33
51.56
60.62
58.39
59.29
86.63
65.07
62.18
76.61
74.72
85.89
75.08
55.78
84.86
90.79
80.22
79.08
75.94
75.43
74.32
91.23
87.42
79.57
73.58
70.31
75.21
72.24
75.17
78.27
74.02
77.55
85.54
86.57
69.75
76.82
72.42
80.94
68.28
74.22
86.53
79.9
91.92
85.24
69.4
69.69
76.44
66.39
81.81
79.54
76.46
64.68
65.02
67.88
67.51
71.42
71.44
68.81
71.18
66.85
70.29
72.02
56.77
78.06
68.22
61.16
61.95
80.06
68.41
66.47
80.65
78.95
78.42
75.21
79.64
84.28
84.22
77.87
69.5
65.51
88.52
73.42
56.8
64.16
66.6
65.17
68.82
68.38
66.51
66.9
64.47
67.82
69
69.48
66.81
59.82
83.98
77.33
88.23
88.75
84.33
85.1
81.82
80.54
63.59
71.27
71.39
70.06
69.98
71.96
72.82
82.89
72.65
68.69
69.72
81.8
75.32
70.69
63.87
60.29
68.96
70.57
72.29
67.9
78.36
79.55
82.01
79.19
78.04
70.8
72.85
79.94
72.59
73.72
70.44
72.25
83.01
85.66
84.7
80.2
86.85
83.06
76.09
76.03
77.1
76.03
75.42
82.15
81.09
89.6
94.2
84.28
79.1
83.63
88.88
88.98
90.94
81.77
81.64
76.81
72.99
68.89
73.63
73.63
74.53
75.4
78.76
77.38
80.14
87.3
83.8
77.99
89.7
82.93
82.49
82.37
77.25
70.74
84.77
85.87
71.95
71.04
82.86
79.63
69.37
85.75
74.45
65.64
73.62
78.46
81.81
74.75
78.48
81.66
80.12
75.18
75.94
69.71
69.73
69.32
69.91
74.58
81.62
88.25
86.29
78.83
65.65
89.4
81.75
87.69
91.57
86.6
85.34
74.83
81.33
85.33
81.99
84.52
81.17
77.5
79.1
93.19
93.46
91.09
86.09
81.15
86.96
79.5
82.9
87.01
90.48
92.88
86.74
91
88.07
85.71
84.56
84.69
84.53
93.15
92.1
90.91
89.86
91.18
90.66
81.1
77.8
84.21
68.36
69.72
75.04
77.58
76.75
91.98
89.41
90.59
83.17
91.94
76.6
73.5
75.48
78.19
80.7
71.61
72.24
80.17
84.64
86.32
91.96
85.23
89.86
85.59
85.21
83.33
81.08
91.45
91.86
87.63
88.23
87.1
92.05
91.32
91.52
92.51
86.69
86.94
90.02
87.69
90.58
77.25
71.79
75.32
66.27
59.12
60.18
62.54
78.86
63.95
70.37
65.68
62.97
69.66
69.8
76.19
82.34
77.79
79.46
66.51
70.54
69.69
73.3
78.96
78.3
64.23
70.02
76.65
73.44
75.6
62.1
63.51
76.87
67.3
64.47
62.91
76.42
69.22
66.98
77.21
78.4
63.12
70.58
71.27
63.49
59.16
68.7
69.33
55.92
62.1
57.58
52.83
57.8
55.19
49.8
57.44
68.82
66.15
64.81
69.54
59.42
68.32
82.32
59.52
68.64
58.53
68.82
61.3
55.58
62.01
80.19
69.9
72.13
63
84.21
70.18
67.11
83.34
65.7
61.37
63.51
83.73
58.01
49.83
59.99
54.5
53.09
70.03
68.03
66.21
52.58
55.5
55.28
48.51
61.74
59.14
61.42
62.26
53.97
52.91
60.01
81.22
74.7
70.28
63.93
73.98
71.91
84.49
74.67
57.73
68.02
56.35
58.42
61.36
67.15
65.87
65.22
66
77.45
69.49
63.29
60.76
58.3
55.7
55.51
84.72
93.58
66.16
86.95
72.86
69.79
66.02
66.88
57.04
59.48
84.91
61.17
73.81
57.82
57.82
55.42
54.4
58.59
66.09
83.1
65.93
60.16
53.58
57.56
60.21
57.52
58.72
72.23
55.17
46.97
48.83
51.5
51.74
46.66
46.06
54.47
61.02
89.17
73.16
65.91
60.01
51.51
60.63
64.6
57.9
56.25
58.15
60.72
61.1
57.52
80.66
75.06
56.82
84.62
81.01
60.11
69.32
94.65
72.63
58.39
81.39
76.05
78.67
68.34
73.48
70.42
66.97
55.85
71.48
66.33
83.51
71.33
70.14
71.71
68
63.15
65.71
65.02
88.61
83.05
74.32
72.11
75.25
70.34
68.26
62.34
64.24
69.86
66.41
61.05
59.41
58.22
56.13
49.13
47.71
49.88
55.7
62.18
57.29
56.37
59.06
67.57
67.96
58.48
77.09
82
80.73
73.44
71.97
66.02
65.67
82.86
75.53
70.19
66.04
66.01
68.06
67.78
69.89
82.11
76.75
82.88
81.76
83.12
85.64
88.15
79.24
76.38
87.59
82.71
82.06
75.82
73.44
68.19
71.99
88.96
86.26
93.78
89.64
85.95
84.06
90.26
84.52
92.37
90
78.94
65.89
74.11
84.64
86.48
79.34
75.31
88.63
92.39
78.13
78.83
81.95
79.61
83.94
83.76
81.67
88.18
75.59
82.28
80.59
67.92
91.58
94.94
79.66
90.76
93.98
80.91
83.2
74.61
73.52
86.03
86.26
77.01
71.36
63.11
82.25
94.12
95.78
92.46
94.95
91.48
82.57
87.51
77.19
82.1
95
92.84
84.53
79.22
76.63
92.76
96.53
96.83
97.16
97.14
97.12
97.24
97.21
83.18
90.95
94.96
92.2
89.13
85.18
92.46
94.69
81.54
84.56
90.58
94.86
84.21
78.67
69.27
73.57
79.75
84.3
95.18
97.07
96.43
92.42
95.17
92.02
89.93
90.49
93.26
94.4
90.97
75.15
84.76
94.77
73.43
79.25
87.71
76.58
78.08
82.22
83.37
89.14
83.45
88.14
92.32
91.72
87.46
90.13
95.04
95.75
95.26
96.97
88.63
92.44
88.98
79.16
63.92
66.31
71.66
76.02
69.31
75.42
74.44
66.22
60.13
71.01
76.1
76.33
75.66
78.18
68.91
77.18
74.95
78.67
68.56
56.57
62.48
59.7
59.34
78.25
74.3
63.77
62.64
57.9
69.48
87.42
73.98
86.13
71.77
77.89
66.03
69.02
70.35
62.71
70.35
61.39
63.73
84.86
81.77
75.68
67.77
63.83
62.55
71.74
81.33
88.87
94.54
76.68
69.27
73.05
80.38
77.34
72.96
81.19
82.94
70.43
68.67
57.96
56.73
53.17
68.11
55.15
60.78
91.68
71.62
69.09
88.57
72.73
59
59.59
53.09
72.1
70.19
58.08
75.26
87.55
85.65
76.32
65.25
55.27
58.84
79.52
62.51
60.62
60.1
66.49
61.95
57.41
60.31
62.52
78.61
75.39
76.93
82.03
80.25
62.77
69.46
51.62
54.16
53.28
59.75
57.88
58.58
68.15
67.58
66.21
71.66
66.6
53.53
53.84
55.29
46.19
52.56
56.26
53.29
52.91
78.17
58.18
54.3
79.82
62.5
58.95
72.93
71.73
65.61
68.23
68.97
87.82
66.59
67.93
77.46
62.15
61.52
89.31
71.62
57.74
59.03
52.98
74.22
71.45
62.07
59.15
56.43
65.64
77.24
76.13
62.19
81.61
59.43
55.56
83.88
77.27
75.14
60.6
56.58
78.96
79.06
68.76
77.04
71.66
69.1
63.38
62.21
88.55
77.98
67.59
85.85
88.04
67
75.76
80.98
69.38
63.83
65.18
62.62
59.25
67.86
60.92
61.41
62.27
64.19
60.9
58.62
58.31
58.66
61.51
64.85
74.91
83.23
62.82
62.38
65.58
68.75
67.32
63.35
61.53
64.83
65.39
70.62
77.54
75.16
78.55
72.43
62.74
63.5
59.99
60.77
62.76
82.16
81.54
76.35
64.06
76.29
92.3
81.79
70.7
81.92
88.76
74.93
75.77
72.83
68.49
73.12
92.47
85.88
92.41
82.49
85.12
72.7
76.83
81.64
93.82
84.66
87.73
86.95
76.87
76.84
84.23
88.44
87.4
77.48
76.82
82.89
85.64
83.04
84.54
74.09
83.41
91
83.21
81.37
83.83
85.35
84.85
85.83
92.35
94.8
95.17
93.55
74.84
83.73
79.98
89.03
92.86
83.67
85.19
88.19
91.21
84.53
59.88
58.04
64.92
81.51
71.94
73.24
81.2
86.21
80.91
82.9
63.63
83.26
93.44
91.08
60.67
73.01
75.4
78.6
93.17
87.89
67.36
67.78
73.89
66.3
63.73
67.93
82.72
91.2
93.94
89.13
90.69
83.35
91.34
94.4
94.75
93.04
93.5
85.01
77.61
79.03
75.76
86.57
92.48
72.53
74.99
78.69
73.16
79.01
84.13
83.15
77.15
73.8
74.31
85.48
73.92
64.06
78.85
76.61
72.73
68.64
64.15
65.73
64.92
54.02
51.72
70.86
65.43
58.86
72.29
85.25
83.33
94.34
94.34
92.9
93.89
90.81
87.98
90.3
92.09
89.71
88.22
85.97
77.39
80.07
79.32
75.39
84.92
86.77
72.24
72.68
57.4
63.18
65.31
80.74
78.14
83.25
96.1
84.7
78
95.72
93.8
91.85
81.04
67.59
62.86
76.85
80.84
67.17
72.54
90.46
95.78
84.47
73.52
71.57
52.07
61.2
60.7
52.78
53.48
64.39
86.34
88.01
88.37
85.53
75.63
62.83
61.89
54.85
49.04
49.52
47.9
46.42
50.55
54.89
46.31
54.75
71.02
67.63
63.2
70.9
67.32
77.96
71.35
63.69
66.91
55.23
56.39
50.89
53.89
49.52
40.61
42.61
48.46
52.5
50.35
49.08
52.17
41.84
50.28
43.85
45.55
84.7
90.64
92.5
91.85
83.42
81.43
71.87
78
80.94
84.04
85.06
71.42
63.13
61.65
78.6
64.02
62.56
79.42
63.52
53.98
61.99
57.75
50.2
54.93
58.12
77.86
72.94
70.39
59.8
69.51
65.88
63.53
71.25
79.06
77.63
61.94
64.35
60.26
60.92
66.47
67.88
71.19
74.5
59.43
60.29
63.32
86.44
76.46
76.85
54.04
51.16
53.49
55.09
48.17
54.3
56.17
72.2
75.29
77.23
66.54
76.39
78.73
45.76
57.97
58.54
66.98
65.16
63.14
62.93
58.63
53.99
55.08
56.19
54.1
51.9
57.2
63.67
49.58
50.06
81.11
59.75
56.25
58.17
55.16
59.42
76.24
64.83
62.79
74.23
59.7
61.41
61.65
47.1
45.99
63.32
67.18
76.07
77.25
68.56
74.02
66.01
61.28
61.76
82.54
68.59
74.52
70.79
60.58
55.01
62.26
71.91
67.48
85.32
85.86
74.73
67.79
82.18
73.71
85.42
89.66
83.59
77.42
77.7
92.28
85.86
68.75
73.65
73.61
75.02
71.03
73.98
73.81
74.07
84.97
88.77
81.33
79.14
76.53
72.28
85.34
85.79
80.5
76.11
70.88
75.33
63.61
66.43
73.65
76.13
73.46
72.03
72.45
74.14
86.81
77.2
56.55
65.65
64.11
72.24
66.13
69.01
69.27
75.81
84.45
81.69
93.13
93.5
93.6
90.32
78.88
76.56
73.9
62.4
71.27
74.96
76.23
80.78
82.66
74.85
82.66
71.11
69.13
84.53
88.45
95.07
93.53
87.24
81.33
84.55
77.43
63.79
89.69
87.91
78.32
74.36
77.94
69.48
82.45
79.92
66.25
74.41
39.2
54.8
69.6
87.99
88.13
92.07
85
93.68
75.41
64.82
86.09
81.01
79.63
68.94
72.46
73.18
80.62
64.29
55.03
54.36
70.21
89.31
76.36
79.8
75.67
87.18
84.85
78.12
78.23
84.52
93.14
95.22
94.52
93.03
95.19
96.15
95.66
95.93
95.42
94.67
95.03
86.09
79.62
72.71
76.93
83.46
89.32
91.39
93.99
92.94
95.52
89.4
81.72
81.29
85.7
92.83
93.9
77.76
66.8
87.81
91.75
88.41
95.43
83.88
85.44
72.7
87.86
81.19
84.09
79.83
77.69
87.94
80.01
84.48
83.86
72.9
77.62
73.55
76.99
83
87.98
84.8
92.17
92.2
92.51
94.34
95.62
95
90.85
87.24
92.67
87.37
84.31
82.26
87.87
91.39
74.59
75.43
66.76
90.74
66.13
58.06
62.33
85.05
79.66
80.26
87.47
80.75
75.75
74.72
71.24
86.25
78.08
71.3
78.65
85.12
82.97
73.19
87.01
79.78
68.52
80.72
72.81
75.28
63.01
67.54
88.32
81.66
83.12
79.65
79.02
75.24
65.09
61.09
57.92
54.01
51.74
64.14
69.32
61.96
58.87
55.09
51.16
59.44
38.72
37.81
35.71
32.26
34.96
41.1
40.51
40.64
48.24
53.85
59.15
41.67
53.61
68.08
53.43
55.82
51.3
52.45
44.36
51.31
59.42
88.6
87.82
60.28
61.91
60.97
52.88
52.98
49.39
61.58
53.94
44.34
39.96
58.42
58.98
53.02
43.99
76.48
66.78
58.31
58.06
55.53
56.15
62.06
57.02
51.84
47.63
47.79
54.73
39.18
62.85
73.32
67.77
65.7
61.9
53.6
56.32
52.35
58
54
75
71.97
60.62
51.98
61.37
61.16
72.51
75.42
69.1
71.42
65.08
62.66
79.74
75.95
75.8
65.46
62.04
66.85
68.97
60.76
60.11
61.37
67
64.26
60.47
68.94
81.21
75.45
59.61
83.21
67.68
68.29
57.05
54.92
57.62
64.2
61.01
52.6
61.87
61.92
70.05
62.45
56.13
69.46
77.46
82.33
64.95
63.95
60.82
54.05
59.5
62.54
55.5
65.39
64.99
57.07
54.21
56.31
62.55
59.99
56.97
57.25
56.6
52.86
83.07
68
78.08
67.06
56.66
63.24
69.98
65.76
83.59
78.36
66.77
61.74
65.34
63.53
60.38
50.81
50.88
49.25
47.98
40.07
44.85
46.12
55.85
68.56
74.7
66.53
55.03
58.72
60.52
59.52
56.15
52.3
54.51
56.08
55.89
48.03
44.75
58.33
77.81
95.3
69
67.28
59.59
60.02
65.05
67.95
58.11
55.36
81.72
91.76
81.18
72.09
84.16
67.95
65.98
67.58
66.63
67.56
69.99
69.85
68.96
61.92
52.87
80.22
67.15
67.73
70.13
71.85
90.57
79.18
78.62
78.42
84.24
86.41
82.76
69.76
80.72
66.82
67.7
72.63
79.32
75.7
68.3
72.02
77.18
75.79
74.01
77.64
82.45
87.52
87.27
84.72
88.81
90.19
86.09
80.55
83.35
79.07
89.15
93.06
80.02
68.15
91.35
90.54
85.14
80.25
90.41
90
89.59
89.88
90.22
81.29
74.42
77.16
86.04
86.91
93.93
88.95
93.29
81.28
86.67
91.05
83.11
72.39
73.66
77.95
94.13
91.22
92.09
91.52
92.46
95.94
95.98
96.87
96.92
94.52
82.85
68.66
75.52
74.09
83.92
85.64
85.76
85.94
89.03
74.87
77.79
67.32
76.81
86.16
84.34
81.79
92.48
59.99
57.38
62.49
66.62
83.09
79.34
86.74
96.35
96.27
86.27
75.2
70.31
72.63
76.62
74.71
80.58
85.27
92.4
95.99
90.33
85.1
82.17
70.71
88.42
67.32
81.5
95.36
83.24
84.28
62.87
65.16
67.33
68.38
73.29
78.18
87.17
88.56
86.6
72.6
67.35
73.41
75.48
84.04
76.57
56.43
62.56
66.19
73.77
64.4
77.34
73.77
63.89
76.99
88
81.88
82.89
80.05
81.85
73.8
65.67
56.15
90.42
94.29
84.99
82.7
94.48
91.69
87.51
81.47
71.29
63.58
56.37
62.06
57.4
65.64
78.12
91.46
76.65
73.28
78.75
79.03
75.89
77.58
76.49
65.82
56.09
49.88
37.58
53.58
60.12
84.17
91.79
91.82
88.47
77.39
77.17
70.9
62.18
66.4
66.49
74.56
58.22
62.06
69.22
89.61
89.85
85.44
63.84
72.49
85.8
74.16
63.86
71.68
70.51
75.27
71.57
84.93
80.43
78.43
91.53
71.11
64.69
60.86
74.18
66.06
65.53
69.22
62.85
58.74
64.78
71.62
72.5
65.32
78.9
79.35
79.85
81.21
87.91
76.17
72.78
68.74
67.78
80.96
57.99
59.47
72.08
81.36
69.27
74.45
61.95
69.78
87.9
73.41
59.32
58.45
53.48
70.02
90.18
78.97
63.92
62.8
77.32
89.05
81.45
88.99
91.74
78.12
64.07
62.45
57.5
66.82
74
85.23
82.94
65.78
66.19
79.68
63.21
76.25
81
87.47
77.75
73.21
75.01
65.6
91.58
70.76
72.09
78.46
80.3
72.19
72.01
92.2
71.73
69.38
71.34
78.83
79.82
73.4
68.33
67.9
81.32
71.93
66.09
72.65
81.8
73.67
72.35
65.96
68.47
71.4
65.83
73.39
77.33
75.2
69.57
68.15
63.46
67.83
74.35
76.6
61.09
74.04
73.4
79.05
72.23
70.24
76.86
87.72
79.72
82.51
76.54
75.68
76.76
76.4
73.81
70.09
69.28
68.13
52.14
57.2
73.14
80.12
71.01
72.27
72.81
75.38
91.46
69.87
71.56
73.11
74.83
84.9
81.76
83.21
78.44
74.6
71.34
71.32
71.24
60.74
54.25
61.41
59.84
69.75
74.64
72.65
84.42
74.5
58.63
68.78
78.33
77.09
78.26
80.11
79.63
89.94
76.27
71.96
72.31
76.2
74.06
83.07
85.08
89.46
84.37
77.79
84.23
79.65
85.56
83.27
88.98
92.22
79.89
72.81
88.34
91.86
92.65
92.16
89.6
81.33
86.5
82.86
87.69
93.27
92.35
87.19
88.42
82.48
81.09
75.99
66.67
76.99
86.64
88.81
91.78
94.34
91.64
86.75
70.26
82.96
77.52
92.59
91.04
91.66
91.96
85.95
61.79
67.05
72.44
69.2
71.04
65.16
66.8
60.08
69.43
60.69
47.65
53.6
68.21
82.45
84.76
86.51
94.74
95.89
88.77
91.31
91.11
93.65
93.14
92.12
87.38
80.01
80.28
84.96
93.12
92.59
92.03
92.74
92.83
94.66
87.33
69.67
62.27
74.9
90.05
76.85
64.3
75.65
85.97
95.49
94.85
78.71
70.34
78.55
81.72
76.5
68.54
65.98
68.5
70.59
71.25
70.67
85.17
83.63
90.05
84.75
92.79
79.83
67.01
72.01
74.22
89.24
85.57
74.62
67.89
68.49
73.77
87.63
75.94
76.89
65.79
75.58
71
61.4
64.33
68.03
75.88
92.97
84.07
82.94
81.62
83.52
74.55
72.38
68.95
66.18
74.33
77.73
76.2
68.57
75.22
62.81
66.34
76.03
74.2
87.58
91.35
90.1
82.91
93.22
81.91
62.13
58.1
54.7
60.67
64.91
86.1
76.65
59.7
49.59
52.71
73.92
62.78
58.27
66.54
62.89
67.93
65.26
59.23
49.68
41.63
66.37
59.7
65.74
58.07
54.98
63.91
82.55
75.7
75.82
70.67
69.89
87.42
52.07
51.75
56.89
53.21
46.48
39.89
42.77
42.23
43.08
79.99
73.78
74.95
81.89
80.53
68.74
59.92
52.88
63.12
69.92
88.22
89.17
51.01
50.11
50.07
57.14
67.82
66.09
57.28
63.62
57.22
62.29
63.54
60.12
55.73
77.6
82.2
64.06
63.36
73.15
77.38
80.24
62.79
60.19
58.72
62.71
75.37
77.59
68.9
90.61
74.86
59.86
65.42
64.8
64.78
62.95
57.58
59.76
64.72
62.97
61.65
59.54
59.97
52.91
56.63
54.83
60.75
82.81
71.86
78.25
63
63.09
60.3
60.08
75.77
62.84
59.29
69.16
75.93
62.36
59.61
52.05
59.32
54.64
66.55
59.81
56.87
60.23
77.91
83.16
79.24
78.84
84.39
92.75
78.49
61.66
65.55
86.63
68.4
73.62
91.38
92.01
84.3
89.12
94.83
80.06
73.62
68.24
68.81
70.91
69.92
71.34
65.98
83.15
80.88
85.31
79.02
75.55
80.37
79.28
77.56
75.36
75.53
67.26
61.8
67.47
90
79.95
64.29
70.51
86.66
69.69
68.5
73.38
80.27
83.64
79.99
76.89
89.68
90.38
93.94
82.14
81.8
83.07
95.17
92.78
87.56
83.74
78.06
83.65
88.96
90.91
82.97
84.81
83.81
80.85
84.24
76.72
78.07
76.49
75.44
75.78
75.26
76.88
85.39
85.74
73.72
78.98
79.96
80.67
75.43
88.24
88.11
90.24
88.91
83.16
88.58
83.84
81.83
82.61
85.32
85.57
89.31
94.79
79.06
78.88
81.83
93.86
91.78
84.96
83.23
82.76
79.89
84.95
82.08
87.49
83.38
87.6
85.78
82.73
73.73
69.09
75.46
81.94
86.09
83.92
79.78
79.97
85.86
83.2
82.05
84.63
84.38
66.45
77.84
83.59
86.9
87.46
90.23
87.67
85.79
85.77
86.27
87.62
87.58
94.88
93.45
91.61
92.04
89.77
88.94
90.45
78.1
84.72
77.04
75.92
83.84
85.31
79.63
89.31
86.1
93.87
94.27
94.42
93.23
92.01
89.29
94.67
82.76
86.81
88.87
95.88
85.09
83.33
82.74
71.45
81.42
83.65
93.08
88.63
76.93
70.95
68.9
60.26
56.56
64.42
75.2
83.38
75.41
79.52
86.93
90.63
93.77
94.7
94.63
87.36
83.34
95.08
95.87
93.2
88.51
96.13
96.57
94.86
92.12
90.75
91.02
89.94
89.1
93.66
85.3
83.15
84.94
92.39
88.58
83.34
88.83
83.26
72.69
63.2
72.25
72.23
77.78
80.03
77.51
81.05
90.97
91.07
95.25
96.09
94.97
89.78
69.05
68.82
68.85
68.62
74.65
80.13
71.48
66.09
72.94
75.65
76.17
82.19
93.95
77.69
73.5
74.07
85.88
79.38
76.98
86.09
94.86
88.78
73.3
72.28
69.3
71.14
74.49
80.51
91.82
74.94
67.52
59.26
62.7
86.38
75.33
64.15
46.39
65.68
69.81
76.84
74.17
78.25
69.11
61.92
63.15
65.86
52.43
51.24
61.86
68.24
63.41
67.3
66.94
45.89
64.73
66.85
68.54
74.98
64.14
69.84
60.44
53.35
51.29
49.71
54.86
81.49
52.81
56.99
61.61
66.82
77.56
72.71
72.37
48.54
52.05
55.44
57.15
61.94
64.17
58.61
59.54
85.18
90.24
90.46
88.68
80.49
82.07
77.04
65.1
60.58
62.38
78.42
67.38
67.18
53.26
52.55
53.91
62.88
81.4
68.13
67.48
76.4
70.89
87.18
82.53
87.39
68.12
55.58
86.82
68.57
71.34
71.48
81.15
91.88
90.48
66.12
71.54
80.78
83.59
65.72
67.18
82.81
66.62
59.3
60.35
77.37
73.62
66.15
67.03
67.06
62.41
72.5
75.49
75.04
68.48
60.49
72.74
67.93
70.65
67.34
68.76
63.3
69.15
65.03
85.96
72.32
71.16
82.6
90.28
76.01
67.48
66.07
68.4
70.97
71.5
71.71
68.1
71.22
70.93
68.28
53.01
51.23
53.76
59.14
60.25
61.11
61.72
60.58
69.92
71.17
70.26
65.67
68.42
63.6
64.27
70.71
67.07
84.86
81.42
86.3
87.06
77.07
78.76
89.98
69.43
66.69
67.84
75.36
94.55
83.73
83.99
76.85
74.5
69.6
63.65
74.61
73.03
80.39
79.88
81.69
79.69
90.93
80.13
84.23
80.31
71.91
83.33
63.89
67.23
75.42
79.26
74.97
75.49
72.25
77.98
73.61
69.11
71.58
76.18
72.6
72.19
75.63
79.14
86.53
79.57
90.34
89.05
75.11
77.89
79.84
72.42
76.96
79.69
72.74
75.31
76.77
78.27
82.27
82.77
82.14
67.43
84.06
82.76
75.65
78.48
70.96
77.61
79.81
80.96
82.2
82.77
80.74
79.33
65.79
75.06
74.53
75.72
70.79
78.05
83.39
71.18
77.3
86.48
85.9
91.93
89.17
79.4
67.37
69.23
81.19
63.45
74.13
73.58
51.59
65.94
79.59
80.74
72.13
59.69
70.68
78.08
71.32
73.17
80.17
72.48
76.29
81.26
89.1
93.45
92.02
91.42
75.63
85.41
73.73
92.38
93.29
93.9
93.04
87.69
87.13
82.19
90.66
94.29
88.76
79.95
80.25
73.99
77.57
90.79
92.79
91.83
91.74
92.72
95
94.91
95.24
84.52
66.69
66.93
78.25
77.16
85.57
92.63
78.52
73.48
84.29
90.54
90.13
92.89
95.19
83.78
86.04
65.56
68.39
75.77
69.31
74.05
86.69
81.27
77.91
69.97
59.81
54.83
76.14
75.51
83.62
82.23
73.35
82.58
91.84
84.79
89.13
93.38
91.25
86.24
79.46
81.1
78.08
60.33
72.17
77.11
60.92
67.34
67.08
64.58
61.59
71.74
91.99
76.11
83.48
90.36
87.35
81.14
74.61
63.1
77.33
76.53
77.21
81.17
88.23
81.47
93.94
88.23
76.29
76.67
75.91
91.87
81.5
78.08
69.48
83.04
89.79
58.81
65.09
59.88
61.01
88.05
66.94
60.86
49.28
61.5
63.56
57.75
52.13
62.23
53.82
50.75
82.25
89.94
78.85
63.5
65.53
87.01
72.67
59.1
55.8
61.07
78.64
72.5
59.77
60.98
47.97
60.75
67.85
44.29
49.01
50.81
48.7
58.39
48.68
55.32
59.95
57.76
52.8
48.76
46.91
49.8
53.85
50.6
51.08
44.93
51.14
47.84
58.82
57.98
61.1
55.16
47.34
49.53
45.69
40.25
40.34
60.96
79.12
84.24
83.03
62.76
73.84
86.94
72.22
59.28
79.92
69.29
50.27
77.73
78.77
76.96
57.07
62.37
72.48
71.91
62.68
61.75
66.05
63.74
65.18
60.05
76.56
73.98
78
66.2
65.43
78.18
71.9
77.07
75.16
75.18
71.9
72.44
67.06
65.51
62.62
69.08
65.71
66.97
61.37
61.22
63.18
57.5
70.87
65.18
58.75
56.39
63.53
56.06
51.62
53.68
77.87
71.56
63.08
64.94
58.59
54.06
64.86
81.82
60.82
55.21
58.73
61.94
64.04
83.88
68.03
64.01
60.12
61.38
61.19
51.76
48.07
54.56
55.43
51.54
50.79
44.8
47.19
58.59
59.43
51.83
59.63
66.03
69.68
90.91
65.95
58.85
60.17
78.47
55.58
51.65
60.21
60.93
66.7
68.98
80.21
82.81
80.45
70.41
67.16
67.89
61.5
60.56
62.16
74.91
86.14
69.91
74.59
73.9
74.31
66.26
63.67
63.61
70.28
86.49
82.51
74.3
65.86
66.67
63.93
76.36
63.67
80.26
87.72
72.71
69.81
68.35
71.31
71.38
68.66
70.9
74.1
71.4
72.27
82.01
70.71
69.93
70.74
70.51
72.66
72.14
72.94
71
84.97
76.32
70.14
71.44
74.06
75.69
79.13
85.39
87.88
74.65
70.84
74.41
75.99
78.67
69.59
74.5
67.14
62.98
66.53
72.68
75.03
83.38
63.55
71.19
73.34
71.09
82.53
87.46
86.31
86.85
86.92
88.11
86.71
85.78
72.51
72.47
74.01
79.9
77.49
68.79
85.61
69.56
73.7
77.52
63.3
79.46
59.35
74.61
84.12
71.09
66.2
72.68
89.66
90.15
86.62
83.61
77.94
68.29
77.6
90.21
73.9
75.99
80.03
77.64
83.25
78.11
85.77
79.74
81.37
70.48
77.84
80.71
84.04
83.99
89.23
85.53
83.72
62.83
74.28
79.47
83.67
79.04
83.25
84.57
90.04
91.76
91.77
91.95
92.49
92.36
92.25
91.98
92.19
92.26
92.1
91.97
90.51
88.2
88.31
88.77
86.45
92.31
93.03
89.35
93.13
94.2
92.7
81.16
84.35
89.4
80.59
75.58
87.11
90.15
90.17
73.54
79.47
75.95
59.08
65.5
73.54
71.5
52.05
59.73
71.01
64.23
73.11
74.92
72.67
80.84
81.15
83.22
85.61
61.77
58.94
73.18
75.92
77.35
75.95
76.09
81.51
63.88
43.2
42.57
38.85
57.31
66.56
61.9
57.97
65.88
65.98
60.35
59.96
57.28
64.65
68.65
58.35
50.43
59.9
66.68
52.03
47.31
56.62
88.28
77.32
63.24
76.77
74.89
49.59
61.55
65.89
61.29
69.26
78.65
66.95
67.92
56.52
78.87
84.58
80.36
58.21
48.12
66.11
70.73
73.91
58.62
51.11
54.63
67.76
61.97
55.16
58.98
55.34
67.69
65.97
62.91
57.82
63.29
73.57
65.17
66.97
72.82
64.5
76.05
67.88
66.45
62.21
74.27
75.81
69.88
58.46
72.27
68.8
59.94
49.24
64.38
65.83
75.2
67.44
60.51
59.71
70.04
72.01
58.94
55.38
59.27
63.05
54.97
55.21
54.55
59.03
58.4
65.05
61.23
69.03
78.25
87.69
84.15
74.97
71.67
73.97
71.55
70.9
59.96
54.49
54.64
66.23
64.49
66.46
74.42
80.22
86.51
89.86
80.83
89.71
82.99
75.64
69.72
79.86
77.4
71.09
71.32
70.14
69.08
82.65
82.04
69.87
69.33
70.84
67.34
64.12
69.77
75.2
67.51
80.8
70.27
70.27
83.42
70.69
71.41
65.52
69.71
61.69
62.81
70.3
88.73
70.63
73.4
62.71
63.19
74.29
90.35
68.45
63.32
78.17
85.12
70.53
71.92
82.77
69.9
83.09
74.35
76.69
76.29
71.19
72.18
72.63
80.01
77.03
75.39
77.98
72.82
76.49
85.69
72.21
70.16
82.33
79.42
72.98
71.28
63.98
59.94
70.75
74.48
85.94
80.35
75.34
72.05
72.41
72.85
74.11
79.49
82.63
76.59
73.32
75.88
74.73
72.38
72.31
68.36
66.83
70.33
69.68
61.99
61.79
60.04
63.21
74.47
70.95
70.82
70.74
77.86
69.21
81.46
86.7
73.11
60.78
66.9
68.02
63.15
76.47
84.97
79.21
76.88
87.49
75.33
73.64
76.96
72.73
72.55
73.52
76.94
87.63
82.23
69.81
73.15
80.68
83.98
83
84.06
83.27
83.77
79.51
78.15
79.17
75.51
86.08
78.47
79.83
80.61
85.22
83.78
74.61
77.82
84.28
82.17
87.74
78.47
72
67.34
64.37
85.52
92.11
81.53
86.19
86.97
87.3
93.98
93.65
90.15
93.43
91.6
93.43
91.26
90.71
86.08
93.93
73.02
78.35
77.27
68.7
84.25
67.34
60.44
62.43
91.28
76.81
70.83
79.57
92.52
88.45
86.7
89.87
94.56
95.85
84.03
92.5
85.91
85.5
83.37
68.69
87.13
92.17
94.17
94.55
93.46
95.89
95.96
93.17
93.42
82.06
74.99
84.48
82.24
81.7
87.63
79.2
82.21
81.74
83.53
84.72
80.7
86.06
84.81
78.99
78.83
81.38
84.35
80.42
75.41
77.77
86.81
86.45
87.84
87.36
90.52
91.6
91.53
89.27
90.53
87.31
72.72
89.79
89.45
88.85
93.7
83.94
84.91
92.6
90.34
81.65
73.32
77.34
90.78
94.17
96.63
96.27
89.91
78.6
81.97
92.97
64.31
74.09
74.38
68.54
51.67
48.71
55.01
60.43
70.64
58.45
54.27
60.74
78.76
83.82
87.54
88.42
75.48
72.14
75.53
69.94
77.36
87.56
90.47
87.61
89.61
90.33
65.47
48.83
57.88
47.74
53.57
57.37
62.65
64.44
72.42
62.97
65.48
44.87
85.04
66.9
54.42
42.63
39.38
48.09
45.14
61.83
55.19
54.06
77.8
79.36
74.53
88.12
55.21
66.77
63.97
58.1
56.45
51.38
48.04
52.58
48.82
42.28
46.15
56.3
57.99
53.48
49.51
59.73
60.34
71.36
73.98
55.2
47.08
74.68
62.41
62.07
47.99
49.47
60.54
80.34
73.57
54.86
53.08
63.26
66.52
52.01
60.35
61.65
62.4
63.48
61.6
61.29
82.22
86.38
91.14
82.86
75.58
74.54
73.62
71.56
65.69
62.5
74.49
76.27
76.37
76.81
67.86
86.87
61.37
65.49
86.32
70.09
75.31
72.45
53.96
68.78
85.78
64.56
84.08
71.68
57.02
61.36
77.39
58.6
64.45
60.77
66.02
68.87
71.35
63.1
58.07
82.16
61.53
81.04
93.82
92.88
77.37
87.7
80.49
90.13
86.65
72.05
79.55
79.54
77.55
76.48
79.47
79.04
78.08
87.77
78.01
90.27
70.75
66.65
70.79
72.65
75.32
70.44
67.29
83.25
65.21
69.61
68.89
65.42
54.16
59.51
70.88
63.99
65.2
68.4
68.42
66.77
61.65
66.59
60.03
68.97
90.31
72.61
69.88
70.76
72.72
74.19
71.43
79.01
71.31
80.81
84.18
78.46
74.92
73.46
71.53
72.59
72.53
68.43
79.35
71.16
75.21
73.36
75.71
74.97
73.41
81.46
63.56
70.54
69.32
73.45
67.03
87.87
75.3
67.77
68.81
69.49
69.66
67.7
74.35
71.05
70.75
85.15
85.04
77.9
85.44
85.44
83.23
75.23
75.59
72.58
73.62
73.85
68.23
68.59
71.84
73.21
75.34
70.96
78.35
89.49
76.45
74.1
72.72
68.34
74.61
79.11
84.17
88.53
81.63
83.31
60.77
61.68
55.72
64.02
78.75
81.04
71.52
73.07
70.32
70.17
86.61
87.66
85.6
88.4
77.06
76.99
86.06
75.39
82.29
91.85
88.53
91.62
90.27
89.32
93.71
92.22
94.74
91.97
88.16
76.68
79.52
80.56
78.63
86.09
86.11
82.05
87.77
86.46
83.73
95.18
94.29
94.25
86.76
81.78
80.7
83.62
92.19
76.9
62.11
88.27
94.38
93.55
93.1
89.94
94.81
92.94
95.28
72.96
78.02
90.92
78.16
71.56
87.18
80.33
77.62
82.54
82.76
87.45
82.91
82.63
78.67
81.64
81.64
77.95
79.08
93.1
90.12
90.98
89.83
93.75
94.81
69.91
57.08
77
91.83
90.5
91.36
94.25
95.06
95.43
88.92
85.07
88.91
87.83
86.14
85.65
93.59
91.52
92.56
88.35
85.15
77.48
78.11
81.23
75.59
75.98
70.32
72.11
69.53
75.49
62.39
62.84
67.97
64.86
81.38
85.73
92.71
78.51
77.39
82.55
87.79
92.78
81.71
71.58
74.11
79.01
82.36
82.42
85.82
91.66
83.17
64.34
69.49
73.68
76.46
75.4
81.3
56.13
49
68.15
57.77
66.07
69.13
44.72
56.54
60.65
53.08
46.29
69.32
89.28
70.66
51.18
46.2
59.05
66.97
66.9
63.56
57.02
57.03
60.71
88.03
83.13
75.83
75.07
60.48
68.65
58.98
49.96
51.78
84.77
66.76
72.54
60.5
54.05
75.11
47.72
61.96
67.36
61.09
59.02
74.1
89.59
90.65
84.84
77.47
75.43
60.85
76.17
66.47
58.26
61.85
65.37
74.43
67.3
66.57
65.48
66.21
62.13
58.73
57.7
56.08
64.37
74.45
83.76
94.08
72.7
65.81
74.83
69.25
66.43
73.4
80.09
90.7
85.71
84.94
75.71
65.14
66.09
60.38
73.96
76.53
66.44
66.73
61.6
64.22
68.87
67.45
72.12
75.83
83.35
79.06
74
92.94
88.39
87.25
67.12
71.85
75.45
73.18
64.58
56.2
46.13
47.2
64.31
75.96
71.27
92.52
90.39
79.54
80.88
80.96
81.1
57.85
51.14
56.29
72.54
78.74
60.45
60.42
63.04
60.54
64.69
69.65
69.65
66.88
70.19
65.34
51.55
58.73
58.47
58.47
61.54
63.66
79.33
71.34
73.48
76.6
72.03
71.95
68.09
76.1
74.08
70.33
74.98
80.79
75.72
70.64
66.11
62.01
77.94
92.27
79.56
74.96
77.48
88.73
75.94
77.84
87.68
89.26
76.32
87.11
82.39
79.5
77.64
82.7
86.55
83.58
79.41
75.64
80.57
84.14
77.96
78.6
77.85
75.01
86.49
84.96
82.48
81.5
92.97
78.13
92.2
85.33
54.97
71.64
83.45
87.98
77.53
82.63
92.39
93.42
86.99
77.76
76.58
85.14
81.55
73.46
78.07
86.85
93.13
90.83
85.17
76.39
79.24
80.59
81.17
83.73
89.17
91.91
88.96
80.57
79.75
80.09
82.42
83.57
80.32
83.79
90.09
94.22
88.34
87.62
85.15
84.07
84.52
84.64
86.94
83.4
81
82.91
91.17
92.43
87.82
93.98
82.75
84.05
82.03
78.03
89.1
67.69
72.91
77.58
70.1
68.7
66.88
76.37
85.89
88.43
87.44
81.51
87.24
80.64
86.31
77.57
86.74
77.15
69.49
73.48
69.27
69.78
83.69
85.96
90.39
95.34
93.52
95.29
95.04
88.18
83.97
84.3
94.02
88.37
93.89
93.45
90.45
93.47
95.63
94.83
92.06
90.66
84.65
84.11
83.55
83.67
84.31
80.98
73.15
62.57
57.21
54.59
76.72
82.45
88.65
84.17
83.27
85.41
85.09
86.23
90.08
83.77
64.44
73.6
78.31
82.63
89.25
92.15
93.29
94.15
91.1
89.57
85.39
83.55
75.57
79.94
79.03
92.73
96.67
94.24
91.37
87.22
82.57
82.04
93.93
95.87
95.47
69.95
70.05
62.85
67.63
75.76
75.24
81.44
92.24
86.42
87.69
81.35
76.94
77.21
80.51
83.89
76.68
67.96
77.19
70.45
73.37
79.02
78
70.73
69.28
74.81
94.42
82.22
94.47
95.81
93.52
85.31
79.18
70.93
68.51
62.75
58.77
60.15
66.08
84.38
78.81
86.48
79.18
86.65
81.23
79.69
55.02
43.54
49.32
50.32
58.71
61.69
56.11
52.72
59.99
66.4
87.37
77.9
78.08
70.11
52.16
57.97
55.15
56.55
53.68
49.84
57.4
87.31
87.74
68.31
55.68
53.49
70.8
67.57
64
69.98
61.42
66.48
57.27
49.49
36.39
39.15
47.47
63.38
50.35
54.34
63.28
62.95
60.08
57.01
54.92
54.24
54.58
54.99
51.46
49.62
71.13
90.23
81.62
78.32
84.35
86.78
89.71
72.47
77.48
59.11
62.09
62.64
57.61
74.64
64.12
59.38
57.84
56.69
67
66.23
85.92
58.08
71.21
71.33
71.3
67.78
71.61
68.77
67.82
65.1
58.41
56.69
61.65
83.13
66.92
65.2
65.22
80.53
70.82
76.6
84.85
79.65
73.83
73.79
83.49
86.62
62.97
60.88
68.4
70.88
79.2
73.63
68.64
71.79
64.01
90.08
67.49
66.18
68.16
71.41
87.79
60.08
78.42
71.9
54.01
54
56.34
43.56
67.61
72.49
70.87
81.85
71.31
64.53
58.36
58.31
59.64
63.2
62.26
59.21
66.65
68.18
65.08
58.97
63.95
70.88
86.74
69.8
76.73
91.33
90.98
84.78
82.89
74.96
94.54
75.46
76.74
78.36
80.28
74.96
76.81
92.38
80.09
80.29
72.94
83
76.83
69.74
69.05
72.92
76.51
73.84
76.81
78.03
74.62
72.36
80.87
81.42
76.74
79.11
68.9
68.98
73.22
68.33
66.63
71.04
74.16
59.5
66.67
73.68
77.96
74.93
69.11
65.43
64.46
69.33
75.27
80.73
70.95
69.32
69
72.4
68.85
74.03
69.8
71.2
63.17
75.7
73.64
75.52
79.89
72.47
73.43
72.97
71.24
73.7
73.63
61.76
66.07
71.9
64.76
68.36
69.81
68.96
70.07
86.28
80.58
72.94
81.7
80.46
83.85
76.2
65.47
70.81
68.48
69.71
67.38
66.73
88.4
77.55
80.55
89.53
93.17
91.81
90.52
92.57
90.59
87.97
85.34
87.1
93.95
91.12
91.26
77.52
70.87
80.61
86.13
90.08
95.21
92.74
73.66
83.28
82.2
83.78
87.41
93.91
94.39
95.01
94.78
94.46
93.53
93.49
94.08
94.45
94.01
92.88
93.73
89.14
94.88
95.29
96.21
95.99
96.49
89
79.71
78.8
82.91
61.56
66.14
78.88
79.17
90.21
90.47
84.16
94.08
86.88
72.56
73.89
80.75
72.21
78.7
81.96
85.01
84.84
64.91
73.58
85.95
94.08
94.41
92.41
72.02
78.96
76.88
91.7
88.47
80.7
58.46
60.9
71.24
70.76
72.83
75.17
70.65
69.92
64.95
66.29
62.8
59.37
58.85
61.79
81.24
70.21
63.54
71.06
86.35
66.11
62.01
74.29
77.14
76.63
75.71
69.86
67.85
55.63
53.63
40.1
45.7
63.85
79.02
71.91
72.9
75.16
78.85
69.8
66.39
68
68.09
64.13
58.7
64.87
74.63
71.93
68.1
70.05
71.35
62.53
64.44
72.08
51.49
72.89
64.56
79.36
72.54
49.81
48.79
51.68
56.75
51.01
42.94
55.44
55.35
56.49
70.65
66.41
66.93
62.68
60.3
44.08
48.71
61.6
58.85
60.03
52.65
49.82
48.8
43.5
30.78
33.08
47.5
44.45
65.56
49.26
39.63
40.75
46.57
55.42
64.58
86.91
89.62
54.49
47.11
43.94
51.15
77.13
72.97
76.2
73.46
74.31
51.21
63.18
61.45
61.05
73.31
75.49
77.98
78.35
63.01
45.88
56.34
53.55
45.48
48.84
52.86
50.62
69.62
86.25
60.95
61.37
83.18
69.77
64.41
58.17
60.51
69.19
60.1
64.69
66.35
61.06
46.63
54.79
59.71
63.37
81.51
93.81
76.92
61.82
50.71
57.12
55.58
65.74
67.78
69.92
82.54
70.81
78.7
68.49
75.5
64.97
68.3
66.32
57.87
82.22
82.73
88.71
92.04
74.82
69.19
71.49
61.35
61.58
60.9
61.83
61.87
63.94
64.3
56.03
57.6
86.41
69.19
62.16
62.98
63.55
64.08
61.67
55.49
57.7
64.59
66.73
61.11
58.65
54.79
57.31
72.32
74.48
71.95
80.65
74.76
89.35
68.87
64.36
62.47
59.21
70.05
88.06
72.91
56.7
76.54
89.14
83.11
75.7
69.57
79.73
72.61
72.28
66.08
67.85
77.33
75.45
68.17
53
55.24
66.61
72.71
66.91
72.86
68.54
63.07
56.15
56.65
56.45
61.51
61.58
58.33
55.02
59.31
57.7
62.34
54.78
52.29
76.45
67.38
64.53
63.16
58.27
73.49
87.66
77.12
71.27
69.55
67.43
62.15
61.08
57.76
59.16
57.72
56.64
68.68
85.82
65.8
68.46
70.17
75.55
77.36
82.64
67.16
67.85
67.37
69.35
71.85
72.47
61.86
68.48
73.23
84.15
72.74
81.75
89.65
83.68
80.57
72.86
80.55
80.99
74.11
77.58
80.92
85.42
88.35
90.36
89.82
83.55
92.82
88.38
79.56
81.98
90.18
91.11
86.02
94.12
94.26
91.35
92.42
93.44
84.09
90.18
82.93
79.42
93.25
92.29
81.65
73.71
88.67
88.15
79.06
77.63
85.38
83.08
80.06
92.43
85.29
83.46
87.29
85.85
86.82
93.03
94.45
94.2
93.58
92.85
93.89
88.6
90.77
88.14
64.83
73.35
84.06
79.57
82.83
92.07
82.12
88.28
93.19
91.86
82.16
80.69
60.02
72.89
76.96
65.69
76.13
81.32
86.47
96.57
96.6
96.22
91.39
85.85
94.66
93.4
92.9
87.12
77.04
87.92
85.21
83.58
82.76
87.56
86.33
88.6
95.39
81.28
78.01
72.7
88.68
91.44
92.13
93.16
94.67
85.66
74.89
89.6
93.87
93.4
89.4
89.81
88
84.94
89.32
95.15
92.26
95.31
93.73
77.11
78.87
81.57
89.43
90.8
79.43
56.62
70.89
83.18
57.07
64.97
76.32
90.95
74.85
69.62
69.03
86.27
77.35
93.32
92.92
91.23
90.74
85.73
83.37
80.97
75.54
77.81
72.68
85.32
89.83
96.23
94.61
95.45
86.14
85.42
88.36
61.24
64.11
66.64
63.89
64.04
72.94
72.69
84.56
93.79
82.45
82.83
80.46
76.9
39.3
52.09
56.61
80.01
70.01
66.54
55.11
54.65
64.16
84.53
86.72
87.35
76.46
73.36
92.87
93.24
90.69
79.72
90.89
87
74.49
89.71
76.8
69.04
60.73
64.99
69.54
66.41
67.24
69.82
58.14
55.24
51.24
60.73
61.4
60.7
73.26
67.79
70.91
70.92
56
56.74
48.19
53.97
58.93
58.48
55.8
62.88
87.52
80.29
78.75
86.48
88.26
81.8
79.3
71.64
70.7
87.53
68.07
49.93
65.85
60.14
72.74
89.7
62.08
58.77
62.04
56.55
69.66
60.79
64.97
84.85
77.19
82.07
72.87
66.58
90.11
88.39
86.98
88.75
72.43
82.32
84.94
80.88
75.64
78.74
66.44
68.37
87.5
60.75
61.35
66.55
70.14
72.45
70.75
69.86
71.26
67.25
52.67
70.63
76.2
92.02
75.88
66.12
61.31
65.53
65.52
64.07
62.95
65.32
62.39
62.75
60.29
67.34
67.98
59.43
61.8
62.12
77.42
66.14
67.99
61.84
66.48
58.94
58.71
58.83
61.19
55.87
51.83
55.3
53.5
58.74
65.37
61.67
60.16
59.58
42.19
48.44
52.08
56.97
55.35
55.08
51.29
63.54
54.95
48.55
45.77
60.63
70.26
61.13
59.03
70.59
90.1
64.07
61.14
61.94
62.73
61.78
62.32
56.67
58.9
65.59
89.32
93.47
87.83
87.18
85.02
64.97
65.84
68.7
78.63
70.04
58.4
73.41
72.19
68.91
64.17
57.37
83.8
82.42
79.91
76.92
75.55
68.09
75.91
78.34
87.32
82.53
72.51
73.82
69.99
72.76
72.56
75.65
80.07
79.34
82.33
79.97
89.67
91.57
75.03
70.83
70.93
71.57
76.38
89.12
84.54
74.86
81.52
84.8
87.44
86.89
81.21
82.96
86.72
75.82
70.98
75.87
76.14
71.8
76.87
80.94
68.15
75.26
80.01
83.15
81.01
74.39
77.75
83.25
75.07
78.26
83.56
83.73
88.02
90.67
89.73
84.11
85.03
86.14
90.27
74.48
75
84.88
79.32
90.05
89.99
90.46
87.39
90.18
93.22
93.03
91.82
90.78
88.11
55.36
62.67
63.02
69.03
69.32
81.28
81.14
79.08
83.43
83.32
82.02
68.11
58.64
69.94
68.45
76.52
66.09
80.47
94.32
94.84
94.43
94.16
93.64
93.05
92.21
92.97
91.69
93.79
94.45
76.44
62.1
73.88
88.74
86.91
85.86
80.52
90.2
89.55
77.66
82.99
87.01
83.59
86.31
92.8
94.93
95.36
93.19
93.06
82.4
86.9
82.47
89.45
81.31
69
74.18
80.31
90.22
79.07
83.36
84.82
92.17
74.96
78.17
81.94
86.06
84.97
86.54
85.14
85.43
91.91
89.77
91.42
92.15
94.98
80.78
88.25
84.9
86.71
90.92
90.68
81.28
80.5
70.31
76.8
92.99
93.74
87.88
86.09
90.05
84.41
71.31
72.12
86.83
78.47
74.42
73.3
68.21
76.25
87.58
85.26
66.14
65.05
65.42
64.13
63.86
65.09
50.96
45.66
52.26
55.48
56.1
47.67
49.94
61.51
50.05
45.27
46.3
51.19
66.17
79.9
75.3
67.77
68.75
54.09
56.54
55.1
58.67
59.44
62.18
62.18
65.54
71.37
82.02
74.36
66.69
57.89
74.35
66.06
75.72
75.97
67.92
61.05
58.67
55.78
48.72
66.43
87.46
86.58
81.9
77.38
74.36
91.73
85.98
74.01
74.89
79.24
70.18
70.23
76.24
78.78
47.87
58.48
61.85
69.58
73.94
72.45
72.63
86.67
70.85
89.72
61.82
61.65
81.08
83.49
84.52
69.68
62.3
66.01
64.71
64.05
69.85
69.8
81.05
67.18
76.32
71.86
62.22
65.25
63.88
65.47
75.07
67.04
74.9
64.17
64.46
63.54
60.68
57
54.49
69.79
69.46
59.78
55.15
55.62
68.69
56.86
59.25
77.12
62.04
60.43
62.24
87
89.92
65.67
64.35
64.39
62.16
83.87
65.32
70.49
67.97
62.7
68.37
67.07
66.92
74.08
80.97
88.48
81.38
66.4
82.19
83.29
72.73
62.64
61.31
64.36
65.67
69.05
70.35
89.67
71.08
67.55
79.94
73.55
88.24
91.3
82.84
88.93
87.26
82.43
79.62
77.45
82.84
79.5
72.02
71.83
71.95
77.57
80.1
78.41
82.67
86.01
93.09
83.93
75.24
69.77
75.08
81.01
88.16
80.15
83.1
90.07
82.89
76.85
83.93
85.07
73.5
76.5
79.37
85.69
89
87.68
81.59
80.48
81.65
90.34
86.84
80.62
83.57
89.16
92.38
92.06
87.3
91.26
89.05
88.27
83.28
79.32
80.46
83.35
78.36
75.01
69.4
75.47
88.28
89.39
87.48
80.66
81.09
92.32
91.01
87.67
86.03
90.84
83.23
84.91
85.02
79.64
68.42
76.16
78.69
83.47
71.58
69.98
89.19
84.02
90
83.28
81.52
82.43
90.89
80.55
85.04
79.17
91
91.06
89.81
87.83
84.59
86.3
83.38
84.88
86.87
89.05
66.11
67.27
89.35
93.17
89.76
92.32
85.84
82.63
90.11
87.85
89.7
90.99
87.67
94.71
85.5
85.44
83.16
86.8
86.84
90.33
91.75
92.47
84.33
79.09
94.16
95.68
95.6
95.87
95.84
95.75
95.07
95.52
95.79
94.74
91.09
67.89
78.38
81.96
77.76
71.76
90.98
94.2
95.79
93.37
90.15
80.52
83.91
59.73
65.4
66.07
85.45
82.37
76.34
86.96
86.28
58.76
64.93
70.44
64.13
83.1
87.12
72.86
79.83
80.57
80.68
86.17
82.92
71.03
86.17
70.79
67.53
74.07
87.94
72.16
66.59
88.39
90.74
93.5
94.89
95.03
90.66
84.05
70.32
73.64
91.29
84.14
86.61
92.87
88.79
94.09
92.87
94.39
90
81.78
74
72.72
74.21
77.45
84.74
88.16
87.73
85.24
84.3
80.42
79.6
85.54
81.49
80.86
69.76
58.77
85.51
94.06
95.2
72.34
70.32
84.19
80.4
76.13
79.74
57.15
54.92
53.6
56
67.5
63.47
63.74
62.2
65.47
52.2
63.89
78.19
86.91
79.29
70.96
60.71
62.02
61.96
54.25
62.85
63.18
62.45
77.04
83.76
79.01
48.98
55.72
62.41
60.98
49.67
52.88
43.19
62.37
55.44
51.5
50.93
59.71
66.04
60.36
58.34
61.36
55.7
47.59
48.04
43.13
64
67.49
61.88
51.42
39.14
43.11
45.64
60.27
62.74
58.42
62.29
86.62
54.96
64.21
74.55
82.16
89.42
80
64.87
65.49
62.9
61.36
74.89
56.31
50.22
56.17
68.71
78.1
89.85
85.55
77.27
73.35
71.06
75.16
83.68
87.35
93.02
78.84
78.72
77.92
55.77
62.46
65.84
65.94
79.41
72.62
67.89
64.57
61.05
64.17
66.66
64.04
60.14
64.48
64.81
66.54
59.99
48.05
55.58
73.25
66.48
51.4
55.21
74.58
81.72
69.18
62.37
89.7
78.42
64.8
53.85
74.95
68.91
63.77
64.51
61.42
60.36
60.61
57.73
59.73
62.21
60.61
75.27
80.26
68.74
65.85
67.96
86.88
78.91
71.5
73.35
71.62
66.21
67.52
62.91
66.84
63.63
67.72
69.87
76.44
82.38
88.57
80.88
85.61
85.91
67.59
69.32
72.57
77.2
74.59
67.53
66.55
64.92
62.16
59.05
57.76
55.85
52.65
53.6
59.37
61.7
70.43
91.47
77.41
77.11
83.55
76.7
76.83
79.93
69.2
75.51
64.69
77.78
69.36
66.81
66.67
59.72
51.24
68.27
72.54
74.63
89.73
79.15
61.62
63.97
65.68
72.37
84.03
76.34
71.34
66.79
75.01
64.35
60.06
54.19
62.69
64.01
60.18
67.51
67.69
69.23
82.14
73.18
62.11
60.4
61.41
64.05
69.62
74.06
80.31
76.54
81.81
85.32
93
90.49
91.17
90.4
89.72
75.69
88.63
93.98
94.58
93.02
89.18
89.38
90.23
83.87
83.45
79.9
84.49
85.28
88.52
86.48
87.48
90.79
91.94
83.35
83.77
73.38
78.37
79.12
85.38
85.6
85.35
81.59
79.21
83.93
69.01
74.1
79
84.19
84.56
80.05
73.43
82.43
73.55
82.41
72.71
85.78
81.87
88.06
81.88
82.25
83.15
73.69
82.94
73.88
68.42
69.28
86.74
93.36
89.19
92.06
94.94
95.39
95.64
94.76
76.59
86.13
93.46
89.42
89.09
92.96
91.39
95.11
95.32
93.72
95.46
94.84
93.19
91.36
88.48
92.1
87.82
91.24
86.48
91.46
79.36
85.07
85.59
91.13
83.72
85.32
89.82
93.07
92.74
94.28
95.09
95.57
84.59
85.15
76.45
68.74
82.85
74.56
71.1
66.94
75.88
77.15
75.78
74.56
85.27
79.98
84.2
76.4
80.56
73.07
80.31
81.66
76.17
83.48
84.47
90.87
69.17
72.78
71.93
64.66
65.16
68.7
88.14
75.36
89.42
93.1
89.76
91.75
82.4
93.58
95.83
92.88
84
70.37
67.62
73.66
65.98
80.96
64.58
72.17
87.1
93.46
77.64
73.92
86.96
63.33
59.86
70.02
88.16
83.41
74.12
69.07
75.84
74
79.43
59.41
79.69
85.28
69.52
67.6
66.76
68.14
66.88
68.93
64.75
59.59
61
74.64
67.83
71.2
75.86
74.35
58.08
56.21
55.67
53.34
44.68
44.16
54.8
61.92
79.96
75.22
68.91
69.57
73.47
62.21
70.8
58.61
46.9
48.26
69.97
54.31
50.79
57.53
56.78
67.02
59.06
52.84
52.75
81.14
84.32
65.82
67.45
90.55
92.24
68.13
71.14
72.25
67.67
68.88
70.97
69.62
83.17
88.17
94.45
80.93
85.01
74.23
70.36
71.47
71.83
70.53
80.03
66.35
62.83
68
87.65
68.4
74.86
70
65.94
65.36
67.39
68.35
76.18
83.49
79.68
81.72
88.38
71.56
59.28
67.34
75.03
82.36
84.01
86.27
80.77
75.88
86.34
70.78
61.83
69.06
83.88
88.4
75.18
70.85
70.77
73.34
77.29
78.59
83.75
66.03
67.28
68.86
73.4
70.96
70.91
66.4
66.62
66.78
62.57
68.45
68.04
65.04
61.55
66.46
78.89
70.06
63.15
76.08
72.4
72.12
68.74
72.32
73.29
78.6
80.81
78.4
87.02
86.89
82.89
84.7
75.5
74.57
73.84
81.05
66.84
69.87
70.21
77.9
69.4
63.27
68.3
72.14
91.78
77.5
72.55
76.91
73.48
85.33
84.87
80.65
85.8
91.59
86.44
89.38
78
65.03
72.25
74.86
73.63
75.74
72.48
78.27
70.36
69.33
69.59
72.25
71.95
74.7
78.57
88.24
80.77
76.21
72.07
71.1
71.46
74.42
76.43
75.65
74.59
69.74
82.71
86.26
72.87
58.27
71.86
69.74
70.04
70.87
70.89
76.67
71.65
71.17
71.71
74.95
69.89
86.31
89.32
81.87
58.22
68.8
88.11
79.62
83.78
89.63
91.42
82.61
81.45
76.43
89.76
86.05
85.05
91.4
90.68
94.6
93.88
88.09
87.28
83.01
79.12
83.83
82.41
85.61
81.06
83.41
79.68
77.03
79.35
86.35
83.81
82.29
88.76
90.87
92.2
88.85
84.71
91.91
87.93
70.29
80.01
82.44
80.75
88.14
80.31
80.37
86.99
83.48
80.77
85.16
90.08
93.96
93.48
87.49
55.89
65.67
64.67
65.4
64.73
77.39
82.95
85.83
94.18
93.04
94.92
89.79
76
77.24
67.15
61.98
76.08
78.86
82.14
87.13
93.36
93.06
94.3
93.25
92.63
93.37
95.08
94.33
87.04
58.23
73.13
66.9
75.85
77.61
75.29
84.96
78.25
68.8
66.3
53.77
52.81
81.17
76.91
73.88
67.1
66.88
86.91
87.98
86.62
83.52
73.33
71.24
77.4
78.85
79.28
80.97
88.64
87.8
79.88
82.67
86.66
89.8
90.89
90.16
89.78
95.03
94.28
81.85
88.21
89.15
95.09
79.13
79.88
84.66
82.19
80.99
75.18
75.53
79.59
78.85
84.36
92.75
86.11
79.62
82.32
71.43
75.11
64.56
68.09
60.73
64.95
63.52
56.76
76.56
67.26
65.38
56.24
72.13
80.52
67.97
59
63.05
66.25
53.45
59.33
61
60.96
67.83
61.17
54.74
74.72
70.21
71.14
69.56
70.91
67.74
71.37
61.74
48.24
50.5
46.45
46.86
55.97
58.42
49.28
49.71
52.25
63.92
75.06
57.9
70.46
70.7
66.58
59.1
62.36
55.06
59.98
65.44
77.26
62.84
59.31
62.57
69.54
62.78
51.88
52.94
49.71
56.22
56.46
53.66
86.13
92.5
76.98
65.55
64.98
69.52
90.4
79.82
87.27
65.32
81.67
63.16
68.57
62.48
63.4
63.8
77.18
71.07
85.71
63.79
59.05
57.81
54.82
56.02
64.31
59.31
75.66
85.24
62.27
59.32
57.95
58
58.33
61.12
72.2
67.99
72.32
72.93
72.3
72.42
75.91
84.58
63.35
58.61
71.01
56.51
63.06
68.08
59.04
64.81
71.71
56.08
51.7
55.39
55.63
65.55
58.09
58.72
61.22
86.28
71.17
66.42
73.18
69.03
61.64
69.37
70.98
62.52
62.56
60.5
69.32
78.02
66.81
68.69
59.99
66.49
74.85
61.06
74.64
68.02
58.19
57.41
55.2
56.07
61.66
60.83
65.74
73.98
87.06
68.54
81.12
82.34
68.84
60.03
65.35
66.09
62.11
60.58
58.32
60.57
69.82
80.02
71.65
80.4
75.85
75.78
77.05
68.65
67.53
66.93
64.99
65.16
66.92
62.59
74.51
72.31
63.94
64.06
65.33
67.13
67.22
66.81
65.72
82.27
70.78
64.4
65.15
77.45
80.75
75.09
61.71
65.23
74.1
89.26
79.9
75.07
73
88.87
83.9
71.57
67.4
88.6
91.49
92.59
88.15
93.41
74.78
64.68
69.91
76.2
83.59
84.68
86.76
87.3
78.24
77.31
74.18
74.66
76.58
88.29
83.28
75.08
81.77
75.89
81.9
77.99
80.85
82.17
80.29
82.14
82.16
83.84
82.15
83.69
77.14
91.71
91.87
89.69
94.42
76.11
64.39
82.52
81.84
84.54
73.97
61.24
71.79
72.35
78.78
82.09
84.08
78.85
75.54
89.38
85.35
94.6
93.16
89.23
87.52
86.49
71.46
61.76
79.44
84.1
88.28
87.76
92.96
68.28
73.7
75.92
79.07
95.56
84.47
77.47
72.29
72.2
86.18
94.43
95.63
84.35
72.49
78.91
82.07
85.63
94.58
86.86
87.86
80.6
76.19
77.98
93.69
88.6
94.11
91.81
88.57
79.87
75.32
83.62
81.12
86.81
79.01
67.85
86.8
81.25
74.62
88.37
83.06
83.34
75.58
86.21
93.73
85.09
76.69
78.74
77
91.33
96.94
95.69
96.27
93.27
91.28
94.63
87.88
89.51
87.44
88.68
66.12
80.89
82.94
77.37
72.09
79.97
80.79
80.37
92.01
92.88
92.5
81.82
78.6
88.75
74.72
96.34
95.82
87.93
88.65
86.32
96.5
93.05
86.67
85.67
80.61
91.72
84.61
77.86
70.34
74.6
87.84
86.06
73.17
95
89.47
91.04
91.72
67.28
61.05
66.23
73.72
64.19
76.4
86.13
77.16
67.77
87.76
89.81
82.06
78.9
67.79
64.77
74.98
67.61
70.03
77.05
78.71
90.64
94.52
84.65
80.46
71.04
57.8
57.27
69.58
66.7
73.08
65.46
80.63
79.11
84.34
89.41
88.12
64.21
51.37
45.7
56.04
73.7
59.25
73.76
69.17
59.34
69.34
59
70.57
64.77
60.4
71.45
75.38
65.98
56.79
54.62
57.4
57.68
59.32
70.03
73.36
64.23
77.15
77.04
70.16
60.51
55.02
52.88
72.15
72.66
69.65
74.79
49.32
59.11
66.28
68.61
76.24
85.21
76.14
75.43
92.64
90.91
81.21
77.74
75.54
74.61
74.28
68.81
78.22
80.72
84.98
87.24
76.99
73.34
75.41
74.18
71.23
71.9
82.76
79.36
77.88
76.35
78.09
79.88
85.59
82.93
85.61
76.74
72.63
75.49
84.95
79.92
61.4
61.76
65.54
56.45
54.56
63.34
69.98
74.42
63.91
72.86
81.49
75.03
74.27
86.44
75.63
62.15
60.27
68.46
70.07
78.5
73.59
92.74
67.29
59.99
61.65
68.89
93.92
81.53
76.99
79.92
81.15
77.34
69.91
59.62
62.1
69.08
73.79
86.48
83.73
66.44
64.12
67.34
75.18
77.86
69.32
64.99
62.99
71.33
86.51
82.38
71.14
72.37
74.14
74.54
71.89
68.25
72.41
80.24
66.62
68.86
87.52
71.49
66.68
72.04
72.27
67.61
66.99
64.74
66.23
67.21
80.22
86.92
84.18
67.36
71.71
74.95
73.77
75.67
88.82
91.17
89.89
93.45
77.16
74.3
77.99
74.82
75.05
72.23
68.2
71.13
77.1
78.77
80.64
75.12
73.5
69.68
74.1
75.69
74.4
85.81
79.31
62.69
59.7
65.74
65.86
65.13
56.86
68.92
70.01
80.79
73.02
74.05
71.92
73.78
89.33
85.04
83.18
79.23
78.11
77.63
76.54
69.83
70.26
79.33
81.29
78.25
77.04
76.68
63.12
70.97
72.87
71.86
74.97
79.96
87.45
91.52
85.81
55.48
68.01
77.41
89.01
94.38
94.04
93.08
89.17
85.09
92.4
94.47
88.72
78.07
79.91
91.84
84.99
84.06
80.37
72.45
76.88
94.93
95.46
96.41
96.07
94.56
95.29
96.51
94.35
83.01
68.09
79.94
76.64
79.4
89.64
93.1
82.15
69.59
77.76
81.63
84.64
74.53
74.25
69.74
76.55
91.56
94.66
87.88
84.59
88.36
91.66
86.64
90.5
91.86
73.51
78.2
77.8
75.31
77.94
72.9
83.35
79.35
80.89
71.36
81.92
69.4
59.34
61.71
76.13
70.47
74.76
85.97
81.22
85.66
62.7
65.16
61.29
62.48
62.91
54.14
66.26
87.2
81.27
82.62
75.4
87.69
92.16
85.12
69.49
71.44
73.25
93.02
91.43
92.56
94.5
85.18
73.83
82.69
79.45
87.61
85.36
84.89
86.22
89.91
82.58
76.94
59.03
66.75
70.45
78.24
74.89
71.63
71.62
71.66
72.16
72.85
72.27
49.07
52.66
50.96
50.46
50.03
44.81
47.2
75.49
60.15
50.37
67.9
59.29
49.94
59.91
66.16
63.2
59.2
59.1
65.97
63.79
52.22
66.36
62.73
81.52
70.48
53.28
52.61
49.34
53.58
53.13
70.3
49.03
59.92
63.31
59.82
54.37
50.45
54.73
50.65
57.99
56.33
77.11
79.61
71.08
65.18
56.5
70.37
82.81
60.45
64.05
82.36
63.21
55.49
55.43
60.66
55.76
46.26
48.19
48.85
77.84
68.99
51
54.08
68.93
57.34
64.74
78.01
54.36
47.84
71.46
91.58
85.2
72.42
62.28
65.07
84.73
78.35
75.47
70.44
71.62
62.65
89.68
87.43
83.52
78.11
83.53
76.37
73.59
67.59
71.57
60.9
59.72
65.65
88.97
92.19
91.41
84.1
69.61
68.19
70.87
67.71
68.22
75.86
73.38
59.25
53.01
59.4
67.77
65.9
61.48
61.83
62.22
70.32
65.55
68.54
75.93
74.37
68.13
69.02
86.09
92.05
72.07
72.66
69.16
76.27
49.14
56.56
60.93
61.66
76.05
70.86
68.4
70.55
69.2
78.09
78.32
80.48
61.02
59.28
75.97
78.05
63.03
60.33
61.08
61.93
79.14
71.31
67.91
70.18
70.69
60.86
62.4
64.6
75.85
80.26
91.79
85.89
76.45
73.86
76.22
90.79
80.82
72.48
74.36
75.34
69.89
85.53
78.47
74.94
65.7
72.99
71.44
75.95
69.8
80.55
75.02
72.66
70.51
73.77
70.36
75.58
78.53
77.84
84.94
84.38
79.85
77.08
80.16
70.07
72
67.7
76.36
64.96
64.36
66.87
75.93
88.52
83.48
85.81
77.28
75.14
70.04
70.31
72.46
69.73
73.89
78.92
63.89
64.43
63.11
66.33
64.15
72.87
72.62
86.57
78.28
75.35
84.39
81.32
66.93
65.28
84.8
72.38
73.48
77.55
67.88
85.32
75.8
71.97
92.38
89.1
84.64
88.44
86.21
77.62
83.91
85.44
86.75
76.36
64.14
68.72
90.63
85.05
73.51
77.39
78.39
79.47
86.93
91.42
91.35
92.86
80.85
85.48
78.42
91.3
90.03
88.63
90.03
96.07
91.34
86.01
92.42
95.95
94.7
92.62
91.91
93.88
91.66
81.56
89.28
96.3
91.66
94.37
86.81
93.65
96.28
95.14
91.32
96.03
94.37
71.52
75.43
93.13
88.43
90.29
85.86
89.44
95
94.96
94.14
74.74
77.04
92.11
92.92
89.11
87.87
79.19
66.45
69.61
78.85
74.34
79.81
95.99
69.8
64.31
72.28
74.36
82.46
60.65
60.17
73.77
67.58
83.97
85.32
91.88
84.17
56.77
72.12
76.62
76.75
78.64
89.66
78.61
82.31
91.32
94.47
95.4
94.8
95.94
95.97
89.64
84
88.65
93.03
85.06
93
95.32
95.43
95.86
90.79
88.1
72.8
63.26
71.4
70.65
65.06
69.64
58.83
55.97
66.19
75.15
69.56
63.51
59.41
61.32
69.36
63
66.87
69.21
63.23
69.64
67.37
53.67
49.18
53.83
59.66
54.34
65.95
92.85
64.57
57.23
56.58
68.06
71.07
73.51
65.48
59.22
88.49
64.88
56.4
61.96
56.81
54.05
59.5
84.62
69.89
42.35
50.6
56.34
58.68
58.05
52.41
69.62
46.42
48.38
50.61
84.81
78.55
57
54.23
48.05
43.45
42.63
51.62
42.82
45.17
46.23
46.47
43.29
35.8
37.55
38.54
48.8
51.23
47.23
47.3
53.44
49
48.95
46.14
55.93
77.21
59.88
48.97
47.66
50.74
50.09
47.6
55.4
66.9
65.17
80.23
67.27
75.65
72.08
67.62
58.44
83.2
56.13
50.48
57.79
64.86
57.75
54.58
68.98
76.46
66.94
71.61
68.93
81.45
69.16
86.86
62.75
48.87
55.78
72.37
57.85
78.68
69.01
58.93
59.28
60.67
59.54
73.71
64.25
54.63
77.52
69.29
89.5
78.48
65.56
70.57
78.82
83.23
67.8
58.66
60.62
69.98
91.51
72.87
75.04
83.32
76.22
82.29
88.97
56.33
51
56.31
82.98
79.75
70.67
67.57
84.95
78.15
74.96
73.51
84.63
63.93
63.91
67.67
67.29
64.68
66.36
63.8
74.64
65.29
61.29
64.94
65.06
79.04
79.26
75.24
80.86
77.63
73.43
81.91
78.78
83.48
92.39
82.23
73.26
73.17
73.25
72.12
70.38
64.6
70.65
83.02
84.91
80.64
78.32
71.95
69.47
71.78
71.76
83.07
79.35
79.92
85.58
88.51
89.79
88.07
89.91
77.04
76.73
77.22
76.1
77.55
77.81
70.11
75.05
67.24
72.37
74.51
79.5
83.52
79.44
76.73
82.12
76.83
75.92
74.97
70.26
66.78
75.76
71.51
78.15
74.51
75.29
74.46
75.08
75.06
70.55
62.97
72.64
72.54
75.83
74.08
79.51
78.18
89.34
87.73
82.66
91.58
84.73
73.39
79.99
86.64
81.73
79.4
87.14
76.41
92.03
80.32
83.2
84.92
91.61
79.55
86.98
77.22
94.91
93.49
90.89
86.75
86.57
83.93
76.51
89.06
91.95
94.97
91.36
77.03
91.6
91.26
95.12
91.25
79.88
93.85
87.74
86.64
77.05
69.69
81.06
85.02
92
95.61
91.55
93.77
87.44
92.46
92.34
95.29
94
91.02
88.27
95.54
76.08
77.87
75.63
83.86
81.38
93.83
92.66
93.45
94.97
81.97
84.3
93.53
88.42
96.12
96.17
95.96
92.75
92.07
95.93
95
96.4
95.61
96.11
95.39
95.8
92.02
93.79
95.65
96.77
96.82
96.78
96.56
96.47
87.25
86.32
93.81
67.39
85.88
88.1
87.93
95.05
91.98
