19710101
70.42
79.43
85.92
88.16
87.35
78.52
83.61
85.79
93.38
90.58
86.11
83.54
88.09
85.59
92.13
92.31
93.37
94.41
92.28
91.37
87.65
84.97
88.82
79.52
85.8
79.2
80.72
86.96
86.92
88.92
83.85
82.1
58.43
60.2
72.18
71.62
79.4
76.5
69.55
67.36
81.55
86.09
82.54
75.69
78.81
96.09
86.77
86.89
77.22
78.73
74.69
77.89
81.88
76.88
69.97
72.49
78.26
63.45
49.18
67.53
69.93
76.06
64.78
54.36
77.44
78.7
77.73
85.25
73.59
61.37
46.01
53.86
69.86
73.78
85.24
83.6
76.06
57.4
62.89
54.67
86.5
66.24
68.99
67.07
81.97
77.42
70.38
71.66
82.88
89.27
88.12
85.04
87.6
75.27
78.32
76.62
70.98
70.18
67.42
69.91
66.44
60.6
66.51
62.39
58.76
60.8
61.75
64.35
63.95
56.54
60.08
57.49
50.69
59.06
65.19
81.95
66.28
79.66
75.4
77.78
93.99
92.59
84.95
86
87.05
85.08
80.81
78.23
75.31
73.66
67.66
68.4
63.28
66.16
64.15
61.93
64.29
60.83
63.97
61.47
60.15
63.96
70.89
65.96
61.26
59.36
72.15
76.27
72.38
75
85.81
86.66
81.64
77.38
81.75
71.91
65.87
67.91
79.25
77.45
65.02
65.8
72.44
68.72
69.59
55.51
64.51
65.78
72.01
65.45
72.11
71.98
71.09
61.68
62.32
79.55
79.71
80.33
65.99
73.87
70.73
68.83
60.96
61.52
64.93
65.36
66.33
60.89
51.77
54.36
56.32
62.12
62.45
74.71
63.61
69.96
71.09
78.43
87.38
69.97
62.62
56.69
69.31
65.71
66.49
65.47
62.59
61.66
69.62
71.54
78.88
80.67
78.77
73.13
71.27
68.55
67.16
71.36
67.81
70.2
72.73
64.83
64.83
86.18
74.87
70.45
68.79
70.24
65.31
62.02
69.57
62.56
62.18
73.61
78.32
76.34
73.99
75.7
90.67
73.56
71.7
71.96
89.22
73
75.74
72.65
71.37
73.4
69.04
60.61
61.47
67.51
73.72
88.69
90.46
79.42
77.08
87.37
66.51
68.92
70.23
73.78
76.01
78.09
75.17
75.94
78.35
85.57
76.69
82.04
84.55
87.46
81.96
82.4
82.09
84.09
83.02
62.64
73.66
69.69
70.24
77.96
80
79.02
79.89
81.81
75.68
76.29
70.53
77.08
82.24
73.25
80.99
81.66
73.15
54.17
72.37
77.66
73.29
68.98
74.84
74.92
76.81
78.86
77.94
89.01
82.67
91.18
76.53
68.02
73.99
84.05
68.86
87.1
97.25
94.38
84.28
89.86
87.57
83.03
91.57
87.8
79.03
68.07
57.91
90.02
96.55
89.45
92.38
90.49
86.55
96.2
97.85
99.5
99.57
98.31
96.85
93.88
94.02
91.81
84.07
80.32
61.16
63.14
72.66
74.46
81.04
88.1
85.68
83.6
86.03
88.11
95.7
95.95
97.49
91.06
89.67
85.66
92.37
92.91
98.42
96.77
97.26
97.56
95.53
93.72
95.24
96.38
97.34
95.63
96.16
94.75
94.06
95.69
96.14
94.97
82.59
78.7
78.61
71.04
70.76
78.21
82.75
84.95
89.86
89.63
85.3
85.84
84.1
87.04
89.33
83.69
94.47
95.53
91.53
95.11
96.36
93.59
84.74
80.6
79.79
84.8
89.78
92.79
95.96
97.39
89.15
95
87.79
84.11
74.99
79.52
82.13
73.01
86.97
86.05
95.52
94.91
92.54
88.14
91.99
87.76
91.34
93.8
94.25
89.57
86.44
89.55
83.52
80.35
84.39
75.38
65.65
78.31
84.29
81.09
86.45
69.26
68.08
65.72
67.13
68.14
67.17
68.6
66.24
69.42
66.65
62.82
61.17
58.11
54.81
75.41
78.51
74.18
76.38
65.71
76.86
64.07
71
71.99
73.34
76.12
69
54.97
72.98
71.57
64.82
87.48
81.89
78.52
87.08
84.62
82.61
79.85
81.16
82.63
87.55
80.33
78.77
72.03
65.97
60.05
71.14
74.07
64.3
65.51
68.88
69.06
91.84
85.04
83.24
81.16
80.89
82.02
82.4
80.34
80.23
68.84
93.36
85.26
85.52
87.65
70.12
81.68
84.13
73.06
81.24
77.92
72.28
71.47
71.68
70.43
81.95
72.93
65.92
66.91
83.96
85.13
86.35
72.97
73.68
77.64
75.73
68.89
66.97
68.56
75.12
64.11
68.88
75.77
73.43
58.13
59.2
74.86
80.94
69.93
68.93
69.09
70.9
75.48
78.23
73.59
70.49
74.89
74.59
78.94
83.98
74.49
62.93
65.3
73.52
74.91
79.9
80.86
66.52
68.54
69.88
78.37
82.45
91.41
84.93
84.52
72.74
70.2
77.33
78.97
77.46
73.44
80.55
83.84
80.52
87.27
85.35
65.47
81.76
86.5
78.29
88.13
85.71
80.74
86.22
80.01
75.42
71.92
74.1
79.54
78.62
77.81
76.72
73.08
81.39
82.52
78.82
77.36
82.54
83.07
81.22
74.08
70.8
80.43
73.68
77.18
77.45
74.89
83
86.92
92.11
86.98
69.86
77.16
76.99
78.98
81.62
82.82
81.45
79.11
78.82
90.58
86.16
73.08
72.73
75.86
77.21
83.8
87.55
84.81
89.63
90.94
86.22
87.23
82.23
79.91
72.34
79.02
76.59
80.66
79.33
81.82
77.88
82.01
88.6
76.94
66.7
57.77
72.1
87.05
94.11
93.61
87.81
83.68
84.69
88.06
73.75
75.82
76.46
80.97
77.08
61.44
74.63
83.07
75.58
82.79
75.31
84.64
86.94
80.53
78.88
83.1
84.72
86.98
93.39
92.39
87.58
92.72
88.43
87.56
88.82
97.83
90.87
98.36
85.48
82.57
85.18
96.48
93.36
85.55
77.87
85.26
91.12
89.39
94.1
94.95
98.2
87.9
73.33
65.01
78.44
82.75
86.97
85.39
96.62
98.63
90.55
97.53
98.93
95.84
97.57
95.79
90.52
93.1
98.5
95.86
92.29
92.1
87.49
83.6
85.56
89.35
89.68
82.36
79.67
82.73
89.39
91.4
90.39
92.07
95.19
90.18
84.03
76.91
80.09
80.47
75.39
89.71
92.2
85.85
86.07
91.01
95.18
94.56
93.16
83.33
83.56
86.36
84.75
91.79
93.72
90.14
92.46
95.17
96.71
96.55
98.23
95.69
89.85
91
86.91
87.16
84.44
78.56
88.54
89.27
97.28
93.5
90.84
89.51
86.92
91.8
83.65
86.69
90.73
82.12
81.42
70.83
64.4
81.95
93.77
84.72
68.85
64.2
73.08
72.63
76.98
77.44
78.69
77.3
70.28
68.9
63.39
54.62
60.41
62.95
65.36
80.95
84.17
81.55
85.4
72.98
80.17
69.83
67.62
72.16
82.01
88.97
84.34
82.35
68.75
72.21
67.6
68.88
66.98
65.62
67.25
64.02
63.76
73.69
73.64
69.85
66.08
63.75
62.22
67.19
64.83
63.13
51.45
45.43
60.86
67.22
75.27
85.61
70.28
73.45
85.4
82.17
83.78
75.68
65.09
62.98
86.5
83.57
84.94
78.19
67.17
68.97
83.5
79.82
63.45
72.16
66.9
61.26
65.37
62.27
57.26
59.39
68.74
65.19
61.07
76.17
72.92
69.59
64.16
72.19
70.24
66.49
65.71
71.37
66.81
67.74
70.94
70
63.91
57.35
55.44
72.68
76.33
71.69
63.34
61.35
65.06
69.6
72.42
78.97
69.78
57.11
68.66
81.55
75.76
89.58
86.66
76.38
71.2
68.88
76.3
72.8
74.58
76.32
54.56
60.17
68.42
79.09
70
70.81
90.17
96.28
78.44
93.94
83.52
74.74
75.78
74.71
87.42
79.22
77.45
73.84
69.35
68.65
75.76
77.1
84.64
74.78
73.88
68.13
65.3
78.9
86.43
77.65
72.57
68.32
62.12
80.2
82.04
72
74.36
87.63
76.51
90.96
77.45
74.41
73.03
70.14
71.48
72.95
73.99
72.9
74.83
85.38
82.23
76.02
75.33
75.72
73.48
66.1
68.81
68.95
76.66
68.3
61.97
66.5
71.55
69.52
69.2
67.74
73.47
81.84
77.73
69.23
72.04
74.28
75.92
69.85
86.61
95.69
89.79
89.79
68.18
74.99
75.84
72.54
74.23
74.15
73.45
72.89
74.48
83.09
67.72
71.51
77.22
73.55
80.73
85.5
88.34
75.74
91
85.99
77.99
88.89
86.71
93.57
92.8
85.62
85.57
79.76
83.82
90.44
88.52
88
85.33
86.9
88.15
86.95
86.48
81.16
80.72
84.07
86.94
88.82
83.39
87.29
84.31
93.56
82.72
93.59
81.62
86.69
93.21
76.07
78.75
74.32
77.49
81.61
83.99
82.15
82.3
83.67
71.03
73.39
73.39
75.47
72.7
77.96
80.9
89.23
85.23
89.25
86.3
90.68
90.33
89.73
92.63
94.85
82.95
74.64
82.22
79.85
69.41
71.61
80.65
82.38
86.03
79.7
96.8
90.87
85.15
87.66
70.34
79.79
80.31
78.76
74.29
83.75
80.26
85.66
86.12
78.14
72.6
76.96
86.61
84.85
75.1
69.11
69.26
68.55
94.37
96.8
81.39
75.98
84.15
80.03
73.31
82.7
91.09
90.35
96.28
94.2
91.41
91.65
96.09
98.08
97.45
97.98
97.69
97.51
95.24
95.42
95.71
90.7
90.85
94.81
97.21
87.91
91.05
96.19
93.22
80.92
91.03
69.02
78.58
87.46
88.84
89.72
89.42
90.83
94.37
91.62
97.59
96.49
88.56
89.03
97.24
85.67
96.42
93.37
82.01
90.02
78.15
66.89
74.08
72.05
66.79
82
94.96
94.76
96.12
90.71
92.02
93.76
90.03
83.19
83.67
92.77
84.14
77.73
77.86
77.73
74.31
70.26
76.06
76.44
82.61
92.02
90.32
73.47
83.87
89.14
89.85
87.47
81.33
71.83
75.99
74.16
66.35
73.6
69.17
63.86
65.26
64
65.43
69.64
69
74.92
75.2
71.1
72.85
72.04
67.25
63.84
77.53
67.24
65.38
61.75
60.74
63.57
63.86
53.8
59.86
56.29
58
72.27
69.06
51.62
44.18
56.66
50.03
52
48.88
55.25
74.65
76.49
63.78
68.67
92.22
89.8
79.97
75.07
81.31
75.56
88.26
72.2
74.69
84.11
92.86
88.95
82.2
77.65
69.97
74.24
76.4
78.43
78.1
83.13
85.04
76.59
82.68
78.41
68.34
70.46
74.14
82.17
68.11
75.76
87.17
71.3
70.9
66.92
74.68
72.77
67.66
81.22
63.14
67.27
76.53
76.91
80.75
81.42
75.89
77.59
87.63
72.48
65.77
82.6
81.97
78.06
75.19
80.43
76.98
73.38
72.09
74.98
82.4
79.47
85.82
71.69
71.48
65.85
71.6
91.24
70.41
74.37
67.2
75.45
71.54
70.86
78.27
74.45
64.7
77.28
71.49
78
82.28
72.73
58.73
77
78.25
70.38
85.75
70.52
69.38
78.88
58.15
71.14
65.75
85.91
76.1
70.18
73.15
71.43
73.22
70.21
74.31
71.6
75.71
73.37
67.32
76.33
71.07
72.9
81.86
77.13
91.66
75.87
71.28
78.14
75.1
74.4
74.05
76.17
77.78
81.07
82.09
87.74
88.81
84.05
85.16
92.71
87
89.6
83.16
80.84
80.01
88.2
89.72
79.07
86.96
79.24
80.25
72.48
76.45
81.69
78.8
78.46
82.2
83.71
81.2
79.39
80.8
79.95
87.08
83.71
89.21
87.96
93.67
83.68
88.79
94.08
89.85
73
76.28
88.89
94.49
88.14
92.61
80.2
91.64
93.96
92.51
87.8
95.96
96.82
82.99
91.73
96.37
85.63
82.64
92.02
92.38
82.65
85.22
82.26
92.1
89.08
73.08
76.01
90.87
82.07
90.46
80.43
90.25
89.57
86.08
89.71
78.97
66.5
77.78
82.2
94.97
95.07
90.47
77.63
80.38
82.85
90.42
83.82
89.57
76.98
74.15
67.13
84.21
82.52
82.45
89.84
95.98
95.57
96.77
97.51
93.96
81.86
81.2
89.98
91.77
86.25
84.9
84.07
82.29
89.15
92.86
93.38
90.35
82.42
95.97
99.2
98
95
92.81
74.12
80.89
90.28
84.6
82.27
77.08
84.61
88.22
89.19
88.38
97.76
97.61
96.17
85.51
86.38
76.44
75.08
89.54
88.16
83.97
88.23
93.77
90.63
80.55
88.63
87.03
75.52
83.41
84.25
87.67
89.44
84.62
89.76
72.78
70.91
75.32
78.76
89.16
95.45
91.55
92.31
91.9
85.08
75.68
73.51
84.38
76.5
90.07
89.62
94.29
91.08
88.99
82.76
86.83
87.61
84.38
61.57
73.53
79.26
79.19
89.01
90.87
91.23
88.85
68.92
67.86
71.69
80.88
81.39
69.4
75.56
72.36
71.55
74.14
61.5
56.99
63.57
63.33
66.06
62.85
62.39
69.13
76.14
74.62
67.67
72.61
70.35
72.92
79.42
78.7
88.43
87.47
88.2
86.95
85.02
85.49
85.83
68.53
59.09
82.89
79.79
64.1
55.8
65.06
65.42
85.18
92.46
87.51
80.03
83.87
80.77
65.01
59.38
67.04
69.97
74.74
72.87
89.04
52.31
68.22
72.36
73.51
68.98
84.86
67.73
66.03
65.5
64.49
76.65
64.65
67.43
64.79
57.26
66.72
61.88
61.95
60.15
58.46
62.25
50.57
59.37
72.41
72.28
81.06
73.9
86.09
81.19
75.65
68.38
74.9
69.56
67.75
79.83
75.21
71.19
69.81
72.55
72.94
69.56
78.66
89.46
76.48
93.11
81.1
83.56
76.07
67.94
63.74
77.34
80.42
83.25
77.84
57.72
63.17
59.62
60.18
75.26
86.42
83.78
82.71
75.63
76.1
74.36
67.71
73.1
84.78
85.92
70.53
86.81
84.72
80.65
80.38
86.07
88.2
68.54
71.16
80.52
79.21
92.69
88.21
82.95
64.5
74.54
82.23
76.56
70.82
74.56
80.11
79.96
83.22
92.28
75.22
76.56
79.09
77.78
80.76
78.86
82.48
71.64
79.07
75.65
74.99
75.24
87.28
72.94
73.32
70.33
75.41
73.09
71.42
75.77
80.64
75.6
80.8
79.52
79.09
82.31
83.63
79.45
77.46
77.01
84.44
79.34
71.43
77.38
88.25
76.25
81.32
74.67
72.76
72.89
73.88
79.05
81.47
90.06
82.26
76.29
78.46
93.57
86.16
84.12
83.67
85.22
88.75
85.23
90.08
84.95
92.43
79.5
81.07
85.35
80.67
90.62
90.47
84.56
80.9
86.84
87.34
83.66
79.9
80.53
80.4
83.71
85.45
89.27
88.86
68.46
84.25
84.87
87.57
89.25
87.73
91.25
83.53
76.98
72.92
84.56
83.34
66.47
79.84
85.83
82.53
86.29
96.85
94.56
90.96
93.75
97.43
92.71
85.88
86.96
84.48
86.48
90.06
90.64
90.27
87.1
79.98
84.17
88.99
100
93.82
98.77
98.12
97.48
94
94.11
92.72
94.92
87.78
94.15
95.31
90.68
89.43
91.93
92.46
92.81
94.48
97.09
96.6
87.33
91.7
69.26
64.31
69.94
71.84
79.94
78.48
75.28
81.66
92.51
95.63
96.64
95.51
97.91
95.5
96.29
91.09
71.65
87.19
92.97
92.11
92.33
93.87
91.58
90.51
91.3
94.97
98
81.23
66.94
83.17
87.74
83.31
89.49
93.1
96.11
88.68
88.51
90.31
96.93
97.94
96.91
95.61
88.99
79.01
65.67
76.54
77.47
84.5
83
90.87
94.51
89.09
77.1
61.42
79.07
80.03
72.31
85.92
71.98
82.05
79.6
73.12
82.09
73.22
89.24
80.36
82.77
78.35
67.24
66.36
74.5
87.18
89.53
95.74
90.07
92.04
93.09
90.88
73.75
71.53
74.04
80
92.86
94.23
88.83
91.67
95.78
93.48
93.99
84.4
82.96
86.67
90.54
86.61
96.01
97.18
92.18
78.1
79.74
80.51
81.04
70.22
62.28
55.35
55.93
59.68
75.43
76.05
83.1
90.64
68.63
63.19
62.46
67.93
79.83
80.61
89.27
81.92
73.91
71.95
54.63
56.84
59.8
73.88
76.67
63.92
65.39
65.35
64.21
59.82
51.52
54.88
62.34
58.34
48.48
51.67
54.48
61.37
78.86
63.76
61.91
47.72
46.23
52.91
62.53
64.23
66.05
74.21
72.09
69.02
65.52
64.3
56.26
75.39
91.58
94.44
80.65
89.81
66.68
75.97
62.95
64.12
66.6
81.93
78.85
72.54
74.78
67.11
70.47
64.76
58.01
61.42
61.39
74.8
79.42
75
66.31
69.72
69.35
68.38
66.28
74.35
87.22
72.14
85.15
78.23
82.08
76.97
87.09
75.13
72.33
75.02
78.26
72.43
90.82
72.41
65.22
78.8
62.69
61.15
64.34
61.69
56.54
68.9
73.91
77.67
78.94
74.07
91.27
77.16
63.98
63.37
62.3
70.63
73.31
76.27
62.65
62.38
64.81
67.23
69.21
63.41
54.67
55.94
60.68
59.56
60.39
63.2
49.1
60.45
62.72
59.04
69.66
63.2
62.93
69.25
74.67
70.51
67.58
64.18
60.14
57.26
66.46
77.86
80.57
84.6
66.88
74.89
83.28
86.57
76.35
60.93
68.89
74.13
86.98
70.68
67
75.52
77.72
67.18
71.76
69.7
75.08
79.48
81.14
76.45
82.22
80.42
75.62
88.42
89.99
72.2
69.85
72.87
84.87
87.36
74.43
79.73
76.56
74.72
73.36
74.52
73.26
87.36
84.89
86.46
81.74
89.57
91.19
75.05
69.48
76.97
74.85
75.2
73.96
88.55
75.38
69.37
79.47
93.88
90.46
81.51
85.17
74.19
76.79
82.49
92.36
88.89
85.45
83.06
81.66
89.94
83.84
70.56
92.55
94.72
84.98
76.24
76.75
85.86
73.81
79.63
84.02
83.63
87.29
87.4
69.37
76.58
91.76
88.69
92.84
95.88
94.03
92.54
84.58
88.28
86.68
83.65
90.98
96.82
94.95
94.36
95.78
91.69
96.66
74.49
90.24
98.21
89.15
93.43
94.93
93.89
93.59
84.47
81.39
73.21
78.1
94.28
98.13
90.6
91.35
81.22
90.1
87.31
83.91
85.3
94.32
93.29
88.86
76.43
73.45
92.25
96.51
93
96
90.08
76.2
84.54
86.83
96.45
95.02
97.82
91.49
92.25
88.74
96.09
76.91
88.73
90.38
84.55
90.54
95.78
97.88
99.28
99.13
97.76
98.56
98.67
92.11
78.61
75.09
63.63
64.06
69.26
86.02
78.37
84.44
82.36
88.66
96.93
94.57
79.31
91.11
92.76
88.43
71.25
81.62
73.24
83.76
88.99
89.46
91.72
95.73
86
77.79
91.37
89.2
93.58
94.39
86.06
96.87
97.11
87.01
90.83
86.78
89.82
77.27
85.73
85.05
79.28
85.15
90.37
86.05
97.34
96.86
83.4
81.52
81.85
77.63
90.38
81.18
92.12
86.25
81.65
79.58
74.64
73.36
67.9
74.55
87.98
76.31
67.47
82.23
74.08
73.34
64.93
61.81
59.3
74.56
83.17
59.05
66.07
74.72
71.6
75.75
78.69
68.22
73.17
88.03
70.84
66.05
69.04
63.69
63.47
67.55
64.86
68.71
57.7
67.26
57.55
68.28
75.61
71.08
68.01
74.69
81.29
84.19
78.88
79.83
90.03
77.05
87.18
70.99
64.09
87.68
87.19
75.79
69.16
78.42
78.79
71.54
63.9
60.43
53.67
58.68
62.31
51.52
57.64
56.58
63.39
81.44
61.93
67.92
60.28
75.58
65.68
57.77
60.62
60.86
65.68
64.13
61.63
66.3
81.18
74.7
66.57
62.95
63.93
61.52
62.13
91.09
82.29
81.48
78.41
82.29
82.64
69.75
52.99
73.85
74.71
66.86
65.72
58.22
56.84
61.78
56.21
61.54
82.9
58.99
60.18
64.11
75.01
72.2
69.44
66.05
58.39
56.95
60.93
66.96
68.34
66.18
55.47
71.98
79.19
66.16
66.29
67.67
68
73.61
83.2
63.56
67.28
72.12
79.63
77.87
67.7
63.33
79.73
72.07
69.12
67.72
61.97
64.98
71.77
69.02
76.02
82.2
80.08
63.86
63.71
65.62
77.84
88.69
73.66
73.32
69.93
82.78
70.24
85.41
69.58
63.65
67.44
64.77
87.27
77.29
75.41
75.95
78.59
78.69
72.57
70.82
73
69.57
74.9
74.09
74.98
74.43
78.81
82.5
82.06
79.23
90.99
86.49
75.34
78.41
81.63
76.31
80.44
79.97
84.18
80.92
80.97
73.91
74.74
73.53
73.3
83.16
85.68
79.19
79.28
76.55
78.33
73.14
75.53
75.51
77.92
75.23
73.6
89.34
78.01
80.86
80.28
88.35
72.05
74.58
78.33
85.63
92.9
83.61
90.79
86.32
82.59
82.55
81.25
81.44
81.05
79.5
72.65
69.44
67.04
79.94
90.3
79.86
73.54
71.98
72.83
68.51
67.95
78.19
87.95
88.6
90.38
92.42
86.17
89.01
82
80.42
79.89
87.82
91.04
96.25
94.45
95.1
91.06
87.36
92.52
94.4
98.25
94.6
93.31
93.14
88.84
74.21
80.96
79.51
92.95
94.62
95.32
99.7
97.48
84.69
81.55
82.98
90.32
87.54
87.26
89.77
82.86
80.77
79.83
84.73
75.95
86.33
89.3
80.03
80.01
84.95
79.61
76.97
82.38
91.77
90.97
83.33
74.76
79.44
82.3
87.42
98.75
99.75
99.99
97.84
89.86
84.78
82.47
89.01
94.84
95.65
96.74
87.9
91.69
91.94
93.17
90.56
93.43
93.79
82.94
79.07
85.03
94.13
100
97.51
82.14
79.83
84.41
82.74
73.96
71.98
64.95
86.8
94.25
86.19
86.62
92.5
87.46
95.49
97.29
92.47
91.69
93.45
90.62
91.35
90.65
82.66
82.43
88.26
87.69
86.39
83.57
80.19
85.06
74.58
95.32
85.25
86.09
92.88
96.29
83.55
86.33
86.35
75.03
78.54
82.95
86.01
95.8
97.1
91.99
74.87
67.78
77.53
79.1
71.6
89.2
77.78
65.83
75.59
80.67
77.52
78.49
80.5
92.9
87.82
92.71
81.42
80.16
87
88.19
78.64
60.56
66.79
71.21
61.1
64.4
58.58
68.13
71.59
78.45
70.1
68.24
79.78
77.67
70.45
73.26
67.4
71.22
89.84
67.7
73.34
69.48
65.54
58.07
48.69
52.58
64.07
69.36
83.35
76.49
71.1
59.95
53.32
54.78
61.39
71.06
60.34
86.39
89.32
90.84
76.98
75.41
71.45
63.15
68.55
77.58
79.72
63.58
70.51
70.31
65.24
73.33
79.65
72.68
67.01
53.14
70.1
78
67.49
68.39
70.53
77.26
82.9
81.28
82.05
68.13
67.11
56.59
74.5
88.45
79.48
76.77
77.95
84.26
84.07
83.62
84.75
94.06
72.64
81.34
76.73
71.36
75.42
75.15
80.36
76.38
76.83
70.63
67.16
62.65
63.73
69.93
81.65
80.15
82.34
77.07
77.91
88.97
87.52
80.43
77.61
73.7
74.3
77.44
72.37
75.77
74.06
81.16
73.6
72.68
66.87
80.27
70.2
76.21
63.63
58.49
67.15
74.93
88.09
69.49
65.29
83.06
80.54
80.86
71.75
78.36
86.4
84.98
76.37
77.05
79.75
83.49
74.51
74.13
81.75
89.81
71.74
93.02
75.47
72.49
72.81
71.75
73.15
73.17
72
71.98
81.37
78.16
72.37
71.82
81.7
83.97
71.18
72.26
72.24
64.51
70.22
81.34
79.32
78.71
78.9
83.86
78.89
73.6
70.54
85.32
79.13
72.88
76.77
75.28
75.1
79.55
77.18
78.25
71.09
77.58
74.93
83.16
75.28
76.75
76.72
77.09
77.41
77.57
83.44
81.3
77.27
77.31
87.06
72
86.04
66.23
73.15
78.86
72.47
75.19
80.66
79.6
66.73
70.19
78.89
86.38
80.6
77.96
76.72
91.66
84.73
80.38
93.45
92.56
92.94
95.85
89.22
75.87
79.75
84.62
85.68
87.96
85.94
87.46
87.94
84.91
91.38
95.33
92.57
88.44
96.33
90.84
86.08
79.21
70.08
80.05
79.7
83.1
80.43
71.38
77.45
79.26
81.54
77.13
87.63
96.93
99.12
92.95
89.39
84.89
81.65
83.73
91.76
92.39
90.99
94.59
92.61
91.35
96.65
97.25
96.42
96.16
97
96.76
98.33
98.49
97.54
95.53
98.94
98.91
98.08
87.66
75.22
77.61
86.35
90.55
89.46
95.09
86.61
86.26
84.14
83.02
92.1
90.25
90.64
90.49
90.79
97.72
90.34
89.95
92.79
77.78
87.18
94.11
94.43
99.15
96.75
98.2
98.63
96.98
96.31
89.16
87.9
86.02
79.97
82.82
48.3
57.02
74.92
77.52
81.11
79.01
77.34
86.42
95.49
91.38
93.98
88.07
76.9
65.85
77.65
88.2
84.65
82.13
84.34
89.06
94.49
98.08
98.53
87.25
91.19
92.61
75.36
95.31
93.32
90.98
80.12
72.03
83.56
95.04
92.86
81.98
76.84
81.68
77.37
96.5
92.87
96.9
94.66
98.3
98.98
97.32
90.93
96.07
91.56
78.66
82.03
79.27
79.79
81.86
81.48
78.37
74.07
89.71
78.02
82.62
77.8
73.99
84.4
89.49
85.53
86.2
71.04
59.65
68.46
75.97
80.65
68.11
63.78
71.96
65.3
66.16
61.56
61.84
71.56
86.09
72.08
73.28
74.61
60.71
80.86
70.91
80.47
70.19
72.65
79.54
72.63
65.47
72.98
77.83
91.52
79.92
74.56
80.54
76.93
72.13
67.58
72.24
68.17
67.92
64.36
65.35
63.28
57.11
66.51
70.22
71.49
61.31
57.7
83.8
73.61
85.53
89.95
71.46
68.69
93.66
81.43
92.33
75.62
90.21
70.41
65.2
67.89
68.57
67.93
67.76
80.26
58.18
56.58
63.88
64.85
63.14
61.87
56.7
62.33
64.86
66.33
63.21
60.1
54.86
63.89
55.5
61.65
64.07
60.92
66.97
61.48
64.33
61.63
66.34
64.18
59.41
62.06
71.71
75.21
73
81.6
78.89
77.08
88.87
76.44
85.78
82.03
84.06
77.04
91.61
88.72
75.96
88.43
79.57
77.95
80.68
77.18
91.14
83.46
86.99
76
86.99
95.49
74.75
70.1
71.81
74.62
88.47
74.93
73.07
75.79
83.35
90.48
82.96
68.94
88.29
88.83
82.84
72.49
85.39
84.87
93.12
77.43
79.04
72.2
78.84
85.86
84.39
84.92
79.02
80.07
72.7
77.98
78.79
85.25
77.36
77.45
76.65
76.19
88.6
92.89
82.75
76.01
67.25
69.9
75.41
78.17
75.38
74.92
94.17
91.14
81.47
80.5
79.7
79.95
87.95
85
76.74
85.99
75.41
82.57
78.59
78.49
77.35
74.71
87.99
81.92
81.82
81.69
81.47
82.25
88.27
84.2
84.65
82.65
85.98
77.5
62.57
72.84
79.02
77.61
81.67
83.45
85.17
87.25
93.76
89.62
80.84
85.47
87.96
92.71
82.19
88.06
77.89
72.96
78.21
84.68
95.45
86.63
84.51
83.83
91.84
89.91
80.7
80.22
69.5
82.24
64.36
74.32
85.35
75.5
75.36
78.97
84.68
75.05
81.79
67.14
74.72
79.59
71.88
94.53
96.41
88.77
97.1
87.79
81.48
84.05
87.29
85.19
77.57
72.53
79.36
94.08
83.58
75.66
83.61
87.11
92.23
86.75
95.4
96.84
92.58
89.98
82.04
82.85
85.05
87.24
90.6
88.82
91.39
94.7
94.2
88.13
86.05
87.35
91.1
87.44
88.44
91.58
90.46
87.54
90.39
82.72
80.74
77.99
75.38
82.22
97.37
92.84
82.99
87.02
93.41
97.87
99.07
100
92.02
99.79
97.77
97.61
89.07
93.5
98.67
94.76
97.05
78.56
79.52
72.89
71.44
83.84
88.1
89.48
89.59
89.02
88.22
82.61
78.34
82.49
86.08
86.24
88.43
86.79
89.73
87.94
89.44
88.18
89.54
84.17
94.56
91.96
93.31
90.47
62.7
71.55
79.23
65.69
84.38
70.91
82.66
74.08
84.34
91.51
95.49
90.01
86.2
94.17
93.99
80.44
83.61
93.88
95.67
88.96
89.25
82.65
86.59
82.9
78.07
79.55
94.35
80.21
77.89
86.99
89.62
79.26
81.5
70.75
66.63
66.06
63.1
55.9
53.34
76.64
90.94
84.83
73.91
73.48
83.63
68.77
69.16
80.01
69.94
72.79
68.03
72.03
84.63
88.86
79.04
90.29
91.69
85.33
81.35
73.89
69.26
68.3
65.05
67.12
66.31
78.43
68.77
71.14
67.88
72.9
75.33
75.69
66.99
64.81
68.51
66.55
64.34
56.46
48.03
60.03
61.51
66.35
78.38
82.76
74.82
83.16
72.34
75.55
85.39
74.66
77.86
71.77
71.85
76.12
76.76
68.96
75.35
88.65
93.44
88.56
82.58
72.54
79.57
77.2
48.52
64.42
65.43
62.05
59.44
63.47
64.14
79.49
84.72
71.6
75.17
76.46
66.23
70.68
66.86
67.84
61.92
78.92
69.27
69.53
78.15
78.9
63.73
58.19
63.44
64.14
68.36
71.33
74.66
77.62
78.7
77.2
69.17
70.69
67.98
65.18
67.18
74.73
88.54
73.9
76.67
85.86
81.63
80.77
76.5
72.26
79.99
87.05
64.63
77.21
76.6
72.85
80.98
73.91
66.52
72.42
75.29
82.9
71.49
71.92
75.12
84.7
81.76
81.33
78.56
68.45
72.64
86.76
76.73
77.86
74.91
77.63
72.44
69.77
66.32
65.49
72.2
81.73
80.2
79.94
84.67
76.37
73.5
77.88
78.01
82.06
79.05
75.77
75.53
77.2
77.85
81.16
83.16
87.59
77.38
77.14
77.54
80.89
72.09
69.05
70.63
85.75
72.94
76.1
79.17
79.81
72.34
73.46
77.7
78.75
84.45
83.08
92.34
81.71
70.57
76.46
79.85
80.67
75.82
77.43
91.67
90.8
89.39
89.51
76.93
83.53
85.89
80.03
84.78
81.15
85.09
87.05
81.44
82.9
92.92
86.28
89.17
85.42
92.39
86.92
82.78
81.07
85.99
78.11
83.17
80.45
78.29
88.56
86.71
81.89
90.44
93.2
88.51
83.69
94.46
92.3
89.65
89.55
80.88
80.75
87.11
81.42
72.12
80.87
80.99
81.17
81.19
84.39
69.33
80.44
79.7
87.5
83.84
76.98
75.82
82.38
92.23
95.35
96.6
97.53
96.97
95.23
96.78
76.92
75.03
81.06
93.68
90.29
89.74
76.85
83.51
85.41
73.36
80.64
86.86
88.98
90.23
85.66
84.46
83.69
89.06
92.57
91.34
86.85
79.15
72.28
86.87
79.74
73.87
76.3
78.79
60.06
71.05
78.64
76.54
78.75
86.18
80.39
85.13
97.13
90.3
94.27
97.04
99.37
96.13
78.96
78.61
88.47
92.89
92.59
74.98
75.65
82.69
83.04
85.29
85.93
70.42
59.24
78.61
73.33
75.39
70.22
61.98
69.02
70.2
76.66
71.46
88.33
70.84
78.67
76.57
74.94
81.62
79.05
83.37
73.84
66.25
73.65
83.51
82.76
74.71
58.01
62.22
64.59
66.51
74.64
78.74
76.65
70.82
72.31
77.39
75.06
72.64
75.21
81.14
82.57
84.53
85.13
73.36
69.17
72.99
76.02
83
75.99
85.43
79.25
81.47
93.38
94.72
89.08
86.13
73.3
74.44
76.72
78.2
89.01
92.16
87.63
80.19
77.81
72.55
68.23
72.26
74.41
80.61
62.56
81.58
69.37
76.17
82.75
74.22
86.93
56.05
60.45
63.3
62.95
61.5
65.45
74.83
68.42
57.12
60.64
61.21
73.74
70.47
72.26
67.85
56.16
66.97
74.36
74.98
66.27
67.68
74.58
59.58
64.28
65.5
57.87
59.63
44.73
59.28
55.5
59.71
53.21
56.31
64.65
63.51
61.16
75.73
84.39
66.13
63.58
62.52
65.87
60.77
70.58
79.89
85.71
93.04
69.18
57.9
66.9
71.85
69.58
65.74
77.16
83.5
79.74
74.55
77.69
75.74
72.78
65.49
69.32
71.21
73.98
65.84
83.96
74.56
72.94
63.43
57.65
83.42
76.85
72.21
68.38
65.54
67.84
67.83
60
67.23
76.25
76.52
79.55
81.96
87.91
67.51
69.79
61.98
61.3
67.72
83.1
75.39
90.31
73.05
77.43
79.51
73.25
79.39
87.28
77.8
86.67
73.37
67.59
64.7
65.27
69.24
70.65
65.26
65.15
66.27
66.23
66.51
69.36
68.02
70.55
74.31
80.02
76.23
84.14
77.3
76.68
73
71.43
86.13
73.26
74.47
72.82
63.07
63.06
79.11
76.99
72.96
71.09
65.98
70.37
76.1
77.71
74.55
66.95
76.21
70.34
74.22
71.13
69
71.07
80.43
75.9
72.52
66.24
67.76
68.85
67.25
81.54
63.99
65.86
65.55
89.54
71.15
91.46
80.36
65.69
72.46
78.46
83.48
82.04
78.72
82.83
92.73
81.63
79.89
73.01
73.28
73.02
78.33
76.07
78.16
93.25
92.48
84.08
84.34
89.28
75.94
77.87
88.65
85.62
92.32
89.23
75.28
73.02
68.92
81.51
81.69
77.8
70.22
90.86
87.69
90.78
90.07
87.01
85.31
76.91
78.81
79.41
79.96
82.23
81.94
90.21
89.36
76.42
78.09
73.23
83.34
79.79
85.28
87.1
84.33
86.06
80.18
94.61
85.65
77.26
77.61
75.13
94.24
83.17
88.38
81.05
84.05
88.83
88.92
80.37
79.72
90.8
73.16
82.03
69.2
79.05
72.15
68.09
79.21
82.12
85.91
73.53
74.13
82.71
90.5
91
80.68
84.82
83.52
90.73
80.45
86.64
87.34
84.14
95.4
78.6
78.89
84.56
80.29
81.22
77.86
83.06
82.44
92.25
77.93
89.29
91.55
95.53
93.48
71.02
70.76
83.4
93.53
77.21
85.36
91.35
77.49
85.51
86.76
95.67
96.12
97.55
85.23
89.4
84.42
86.88
90.49
71.34
95.72
84.3
86.12
84.63
92.81
77.45
47.55
64.03
72.7
86.02
89.36
85.77
85.2
86.66
89.34
92.47
92.54
92.85
93.28
92.26
90.15
85.8
85.4
90.89
85.75
80.53
87.07
88.28
88.32
86.9
68.61
60.75
70.72
79.31
85.66
85.07
83.18
74.74
80.41
74.49
78.82
96.73
94.85
97.31
91.2
93.21
86.71
85.31
80.89
82.87
67.31
75.23
90.22
84.46
84.52
94.43
84.03
71.73
73.87
67.24
87.57
64.63
56.46
67.76
62.9
76.93
72.85
75.75
72.29
66.56
57.5
61.67
65.34
64.44
64.38
62.08
73.94
82.39
77.76
72.36
74.9
68.13
65.06
62.31
59.96
61.81
54.15
62.03
84.39
86.08
77.01
77.3
75.93
65.18
64.93
56.1
71
68.69
62.23
75.01
73.4
69.41
88.23
70.62
53.67
67.04
63.32
68.43
69.97
65.77
55.95
65.28
67.91
60.03
58.52
55.35
63.94
49.57
67.33
62.84
65.76
64.74
59.66
55.51
58.12
61.97
69.15
90.9
90.55
95.92
87.8
73.12
68.16
65.5
65.58
68.25
68.08
65.84
74.86
77.95
87.74
76.43
81.29
91.46
71.79
76.29
77.61
75.84
83.75
78.15
69.6
66.68
65.35
71.77
66.11
73.32
65.18
70.73
68.31
70.69
81.84
75.46
80.62
91.26
69.92
68.81
75.51
70.86
73.07
85.84
71.91
78.15
75.63
74.68
72.72
74.43
74.34
88.81
70.78
86.51
75.22
71.74
72.07
72.72
79.53
71.87
74.03
77.39
65.19
66.56
65.54
68.88
88.17
77.28
76.16
80.85
80.43
79.77
83.61
79.19
77.09
76.09
78.15
85.04
88.15
85.13
90.11
79.73
83.69
77.12
75.34
83.02
75.51
77.39
77.66
84.73
89.77
85.07
90.88
93.14
90.32
84.91
78.75
78.75
78.6
77.6
78.48
80.62
87.59
77.21
76.52
79.63
89.45
74.17
74.78
80.54
77.35
76.7
71.17
91.49
89.67
88.67
86.04
88.36
83.77
82.37
81.34
83.98
75.43
76.87
86.06
85.23
82.22
84.95
80.65
81.95
83.38
84.48
82.61
84.14
83.53
83.88
88.93
90.02
83.24
90.87
89.36
92.1
82.02
80.66
87.95
85.23
89.68
97.08
94.82
85.55
88.78
96.6
94.72
82.79
88.92
98.22
87.68
88.86
97.27
85.4
92.33
93.96
82.59
86.09
89.73
98.81
91.7
96.74
90.97
93.12
87.42
90.36
88.23
89.05
97.6
95.22
85.91
98.06
98.8
97.99
96.84
97.25
88.61
73.53
83.44
81.13
73.42
87.05
84.57
92.31
84.16
92.82
91.99
97.03
89.35
74.79
75.08
89.92
96
94.36
98.49
85.66
88.63
81.99
86.16
91.31
91.59
96.7
95.07
97.73
99.87
100
99.88
96.73
98.38
93.93
78.62
83
94.04
97.11
96.87
95.09
90.91
76.09
78.07
84.06
84.12
79.67
89.46
100
94.48
92.01
68.42
74.19
87.35
85.29
73.44
70.83
78.79
84.31
82.68
87.66
85.95
92.65
89.64
95.81
85.98
84.09
81.38
78.38
80.59
94.35
96.69
91.67
88.79
78.42
76.74
72.15
65.91
69.25
63.44
78.68
78.03
84.34
80.23
74.83
78.1
81.42
81.35
65.64
61.87
73.96
65.59
65.13
64.83
82.28
94.1
91.29
95.28
97.14
96.52
90.37
82.54
94.42
75.94
65.82
67.84
68.52
73.52
78.43
75.5
69.08
72.63
72.97
72.84
72.44
83
87.04
85.36
89.08
76.67
72.35
76.93
71.36
64.61
74.93
65.84
60.87
66.43
60.32
60.15
52.44
56.66
59.93
65.89
67.56
68.1
81.79
72.06
81.88
80.56
74.83
87.49
89.11
70.88
62.63
85.51
87.38
88.98
91.64
81.31
82.19
85.83
83.41
70.73
85.72
75.01
65.84
77.22
69.34
72.6
65.07
60.73
65.1
79.93
69.63
60.94
60.5
65.74
59.54
83.53
77.09
59.17
58.24
54.3
52.88
58.41
61.41
67.12
63.39
63.19
73.13
83.6
77.87
71
71.79
83.31
90.82
71.82
70.59
70.55
60.32
59.97
56.08
66.3
60.89
56.58
62.23
60.99
64.25
67.45
78.15
93.26
90.34
81.56
89.82
79.43
80.71
76.11
70.5
65.68
65.26
70.62
64.64
65.18
79.09
62.77
60.78
65.36
72.32
79.32
67.22
68.81
71.29
65.68
65.78
66.46
66.85
86.35
89.86
79.96
84.29
65.96
70.27
70.17
75.89
73.1
81.99
62.27
66.53
68.13
68.85
64.62
68.06
66.4
69.89
72.98
78.46
57.99
58.99
66.24
79.12
70.37
65.15
67.94
65.79
64.78
65.22
67.73
78.39
69.25
64.71
66.83
75.73
74.52
69.63
69.84
67.93
80.68
66.98
63.25
63.63
73.68
87.7
73.37
76.16
81
79.1
79.41
74.76
74.94
69.96
73.5
79.47
68.14
67.91
67.76
73.85
74.03
71.56
69.23
68.8
69.51
70.05
75.77
85.76
77.2
70.86
70.58
77.92
84.95
79.96
74.74
74.22
86.04
76.19
73.37
78.2
86.94
78.43
75.11
72.4
81.05
91.17
79.89
80.39
79.05
73.84
93.9
73.49
76.14
74.08
74.25
80.23
71.57
78.16
77.03
65.6
76.83
83.65
89.19
85.42
65.36
71.84
79.65
79.39
82.18
83.02
75.97
81.64
86.07
73.41
92.23
79.25
77.48
72.72
73.67
74.41
91.75
76.57
80.52
85.88
77.37
76.94
81.66
81.22
83.96
81.4
78.08
86.7
90.33
91.54
94
78
83.16
91.41
94.82
94.44
89.14
97.54
99.24
96.36
98.44
92.75
71.13
76.14
71.66
79.11
77.2
83.83
89.15
91.69
88.26
92.16
83.97
85.8
84.82
94.05
80.59
89.01
94.27
92.23
79.28
73.72
72.52
75.1
74.5
82.56
86.37
79.99
83.27
83.21
88.32
79.23
90.16
89.67
92.55
89.83
91.91
96.3
93.54
80.31
95.07
90.68
95.93
95.88
96.35
89.78
82.57
67.46
70.25
83.35
93.67
89.84
77.87
82.78
73.99
91.39
92.14
81.95
78.36
92.19
94.9
84.8
79.77
89.39
82.6
76.7
87.54
87.38
84.46
90.55
95.69
94.47
92.5
92.94
93.42
95.46
77.66
65.41
72.02
79.46
95.39
96.48
95.32
98.44
98.41
97.41
90.7
85.13
92.38
83.18
82.2
79.57
68.23
66.2
63.27
62.29
78.87
86.51
82.13
82.27
78.63
94.04
91.99
85.68
95.78
98.76
97
97.63
94.82
92.88
97.24
96.57
87.88
93.58
87.83
78.19
65.45
64.94
65.07
62.25
64.13
67.04
62.68
80.86
73.24
73.36
74.88
70.94
72.3
70.74
54.89
51.31
65.63
71.18
68.59
63.62
58.94
77.12
67.22
59.27
58.33
87.02
65.4
63.81
75.46
88.49
81.85
78.39
76.11
69.72
68.85
81.31
83.85
82.51
81.91
84.65
68.42
68.06
64.09
69.68
55.86
49.88
53.47
62.27
65.63
73.21
69.32
60.64
57.8
57.12
67.6
67.92
77.82
91.69
72.78
66.62
63.23
66.05
73.62
77.64
90.57
79.1
92.48
86.54
87.13
89.53
84.14
72.43
82.44
65.4
64.85
62.96
63.49
78.63
73.89
84.48
80.45
82.4
80.38
72.55
91.67
85.11
85.4
79.14
79.45
73.51
71.5
77.89
65.8
70.09
89.28
79.16
71.59
67.81
76.9
66.12
67.27
64.63
82.25
71.07
73.5
72.44
74.98
72.74
78.33
83.61
81.71
88.46
73.96
73.27
70.2
72
93.69
84.94
77.68
85.32
88.65
74.99
69.88
80.7
79.69
73.23
73.61
75.61
79.56
77.75
71.37
70.6
81.45
85.85
77.31
74.94
81.99
83.04
77.68
80.98
82.39
78.5
80.26
90.38
74.42
82.55
82.92
79.21
75.6
82.48
78.93
75.42
75.53
75.04
81.97
87.17
86.18
87.71
82.87
81.77
84.22
81.88
78
76.89
83.17
77.51
74.25
68.79
72.63
71.07
71.95
74.64
69.24
82.19
83.06
68.4
70.56
74.8
74.65
75.74
74.84
71.47
75.07
78.73
65.4
86
84.56
80.12
86.06
90.65
81.02
81.61
85.23
88.55
85.41
94.71
90.91
90
89.99
86.94
96.49
96.68
87.31
89.32
95.61
83.01
85.32
90.05
92.46
87.6
95.08
89.02
90.5
85.91
84.84
85.33
86.53
83.24
84.53
86.92
88.8
93.73
87.07
87.34
82.15
62.64
73.55
76.08
70.64
73.13
90.78
88.53
88.66
88.97
85.78
81.37
88.68
89.48
83
92.63
96.99
98.94
93.76
88.3
96.05
97.45
91.26
87.46
82.31
80.45
91.34
91.35
85.89
87.12
94.25
91.32
98.99
99.3
97.79
98.33
97.24
98.18
87.77
70.21
70.37
80.79
95.11
77.63
83.41
99.14
99.48
100
93.71
98.82
97.09
90.23
86.26
96.06
100
100
99.54
87.81
81.1
94.3
97.27
95.09
97.37
99.08
99.71
97.52
92.86
99.82
81.82
86.04
91.75
94.84
98.81
96.82
94.53
90.61
90.66
80.89
84.26
88.22
89.18
79.38
73.54
77.27
80.1
85.83
79.45
66.09
75.53
79.53
84.76
85.19
86.11
83.76
76.09
77.09
84.03
78.99
82.58
86.47
76.36
87.31
87
82.71
86.09
71.51
77.42
88.16
80.23
80.19
72.04
68.07
56.37
69.27
78.01
83.94
66.6
96.65
87.01
73.43
71.43
77.44
77.86
75.89
72.7
70.93
63.31
57
60.78
68.09
73.03
77.65
90.58
85.65
94.78
74.55
89.55
87.2
95.59
95.8
93.25
89.11
76.24
95.43
86.36
79.18
75.24
93.91
89.32
81.03
85.16
86.84
82.21
90.87
81.15
95.39
84.07
91.49
89.26
93.25
94.18
79.44
62.16
64.1
69.74
57.61
48.44
56.04
53.67
63.51
62.27
61.82
46.87
54.21
70.78
62.77
70.9
84.04
65.8
75.75
53.31
79.62
76.45
65.5
68.56
80.82
61.22
68.9
65.05
61.82
68.5
73.32
59.35
69.62
74.18
88.25
62.8
61.44
65.46
85.21
79.77
65.98
88.55
90.63
89.02
63.67
64.43
72.56
71.63
76.07
71.76
70.55
73.89
79.67
94.13
79.51
82.27
82.35
73.76
83.95
76.83
69.49
69.58
70.71
69.37
66.7
73.41
75.08
80.76
68.84
78.4
84.23
75.92
70.26
71.88
67.03
84.68
77.33
71.96
74.43
67.31
80.19
81.21
84.35
71.04
90
66.25
68.89
84.66
75.7
73.15
89.72
70.86
65.24
64.48
83.54
78.5
74.21
75.51
85.29
83.38
66.64
69.54
68.66
66.08
72.78
74.53
70.81
85.21
75.52
73.94
72.61
76.36
71.4
72.96
87.36
78.28
79.12
76.15
85.49
69.24
69.09
67.28
73.94
74.64
77.33
77.24
61.92
67.81
84.87
71.18
83.6
73.1
81.06
68.79
71.6
81.62
69.6
80.03
78.42
74.2
77.28
74.87
72.32
72.23
72.02
70.8
82.13
76.28
72.64
69.81
73.19
76.37
74.66
67.2
88.71
72.53
74.87
66.65
70.33
73.36
78.25
81.6
78.52
79.61
71.25
81.53
67.62
77.3
90.73
77.1
75.77
75.06
74.41
76.76
71.71
73.4
78.31
76.66
76.37
76.22
78.25
75.34
74.55
79.67
82.4
76
78.8
76.12
77.58
74.23
75.87
78.91
81.93
86.45
84.77
83.99
84.2
84.93
63.75
78.24
74.08
87.48
61.25
67.03
74.6
65.5
77.67
81.86
85.45
78.05
82.86
82.71
71.2
72.22
77.15
81.33
90.79
100
99.55
95.54
99.13
95.97
92.94
88.95
88.55
85.34
72.38
71.49
79.45
78.25
75.99
92.62
96.02
97.47
87.1
79.52
89.09
84.05
88.56
97.39
99.22
98.31
98.67
99.32
99.42
93.97
82.26
83.06
89.6
81.04
88.8
88.81
92.68
83.17
80.52
78.93
73.82
86.81
89.17
86.75
97.51
93.37
97.13
93.69
93.86
93.12
85.18
77.57
92.11
89.98
81.94
82.22
91.56
99.24
97.54
91.29
91.6
97.4
85.54
78.85
92.05
96.66
92.1
94.48
96.92
96.48
81.58
86.07
86.39
88.81
87.8
78.31
84.94
95.8
80.91
73.8
82.33
78.27
76.3
70.07
61.26
61.55
74.12
83.21
77.79
85.8
78.66
74
78.57
79.56
93.83
94.84
94.72
92.85
96.03
86.26
72.39
76.34
82.38
82.73
74.97
90.78
91.37
88.34
79.51
79.94
84.54
83.17
94.99
88.99
93.37
96.82
72.04
72.91
82.58
88.53
77.46
70.76
67.75
74.96
78.09
85.62
88.65
84.93
91.31
78.33
77.53
90.32
89.63
93.96
91.97
85.2
94.83
96.04
97.4
95.72
81.11
72.6
72.24
76.31
74.8
89.8
83.79
76.3
67.61
87.55
81.57
68.09
69.17
77.87
85.71
70.69
78.35
77.09
67.32
68.36
72.07
75.79
69.18
63.59
68.47
74.66
72.96
86.77
85.78
63.5
67.5
83.81
65.55
81.77
80.79
70.41
65.39
63.55
62.46
58.92
55.07
57.46
56.7
74.77
86.29
75.49
69.65
70.69
72.27
68.47
65.75
69.55
69.53
79.32
72.27
69.44
76.95
78.6
72.29
67.18
71.59
80.7
92.95
82.09
84.79
86.46
82.41
77.83
73.13
87.22
67.45
69.44
69.92
71.41
85.57
89.27
76.95
77.78
74.93
90.03
85.17
84.76
86.57
79.99
71.52
69.6
71.6
69.03
76.93
86.32
83.03
84.14
78.33
74.55
73.79
84.96
78.23
78
76.11
80.87
69.16
76.7
63.8
59.66
65.2
82.97
70.13
67.44
68.95
70.64
69.2
72.88
63.8
90.45
71.98
69.98
76.24
78.88
77.41
85.19
73.67
70.07
70.44
69.13
71.18
79.16
76.25
66.63
69.89
72.84
75.2
71.85
73.13
75.62
74.35
74.11
84.12
79.27
77.63
76.87
74.89
75.83
80.17
66.16
74.15
74.92
75.76
77.32
73.6
73.96
70.28
71.3
70.42
68.57
68.15
64.9
81.9
74.07
76.3
67.95
71.12
85.04
77.91
72.85
75.33
88.5
84.43
79.08
79.23
79.28
77.73
72.55
76.15
71.55
75.91
78.49
77.63
73.19
95.56
85.51
85.54
78.07
84.6
82.57
70.19
81.52
89.41
71.65
74.77
71.86
72.02
73.82
78.24
70.29
82.4
76.61
73.11
79.09
76.43
76.48
73.3
79.84
79.59
76.99
82.34
82.81
84.09
75.48
79.78
83.01
84.14
79.88
82.6
73.08
72.89
79.75
78.42
84.05
90.63
62.04
70.78
84.25
82.46
81.86
90.62
92.09
83.25
87.45
89.36
86.61
89.09
92.05
66.63
77.21
75.89
68.03
69.14
76.41
86.34
83.98
96.77
99
99.84
88.7
80.65
99.75
100
99.5
98.46
93.65
95.02
97.82
93.18
93.66
86.71
95.62
87.67
74.79
89.95
99.01
100
98.85
97.07
100
97.98
100
99.81
100
100
99.96
98.64
97.04
94.93
95.64
98.11
98.79
97.64
91.65
82.4
63.59
71.39
77.57
77.97
80.33
85.06
84.54
78.02
77.13
66.86
68.74
84.56
84.01
95.04
66.67
74.72
76.05
81.97
75.02
62.42
66.96
88.92
88.54
82.58
86.8
87.35
91.02
98.21
98.56
95.12
94.48
94.7
92.23
90.12
86.33
83.49
80.27
89.79
74.99
84.64
85.14
67.95
75.32
75.39
76.1
75.19
83.68
85.01
88.57
90.74
71.84
78.94
83.64
86.87
76.8
92.42
95.47
96.06
92.45
94.99
98.4
98.51
97.63
71.87
87.12
79.34
62.48
71.05
71.1
68.84
83.61
89.73
89.45
70.27
67.06
73.37
67.66
68.35
75.06
77.54
81.11
83.25
72.31
71.32
75.54
70.53
69.4
74.73
62.82
90.63
96.46
72.4
63.75
68.36
65.2
63.12
73.07
75.68
71.62
81.8
61.53
83.19
84.8
94.36
81.79
63.03
51.37
60.03
65.81
62.63
78.17
87.25
83.79
69.08
64.63
65.98
60.84
72.02
71.37
65.05
58.65
80.32
72.34
69.71
66.08
66.33
64.86
66.98
55.18
61.09
65.51
59.4
63.47
67.95
73.23
90.26
91.16
92.65
72.85
59.89
67.95
65.33
85.56
81.36
87.98
85.07
79.24
90.63
81.65
83.93
73.15
82.78
69.78
70.33
90.92
79.01
73.47
75.93
78.22
86.27
80.22
71.68
78.02
82.55
72.37
79.28
79.78
83.99
69.15
65.75
58.12
77.1
67.55
61.72
67.16
70.31
64.11
64.41
75.18
79.97
78.52
75.02
82.71
90.54
87.99
70.3
78.59
78.14
75.54
70.82
69.07
73.35
72.53
73.39
76.3
76.05
67.25
63.17
68.41
64.55
67.71
84.52
74.63
69.67
65.13
74.42
69.69
75.33
84
70.12
61.39
61.97
68.23
69.91
66.5
64.6
67.17
80.67
92.41
68.36
72.02
76.25
69.44
85.1
78.58
83.01
88.64
94.26
91.91
72.24
89.36
81.74
83.22
86.48
84.89
82.9
86.85
83.1
84.47
75.24
80.23
81.81
86.89
79.36
80.35
77.15
73.36
73.79
78.96
83.63
75.54
75.13
80.06
83.21
82.04
76.05
81.62
81.86
79.56
81.97
90.96
77.01
82.31
85.34
80.71
86.38
81.63
81.22
82.4
81.16
76.45
82.75
81.73
79.43
80.16
79.11
79.1
77.33
81.21
88.47
83.7
94.77
84.91
76.61
81.4
82.26
83.3
81.57
81.91
81.56
77.14
81.37
76.09
83.15
85.98
81.79
87
85.69
81.59
78.72
73.26
85.84
90.5
86.18
89.61
94.91
95.66
90.19
94.4
95.2
93.7
87.24
89.44
78.32
77.49
79.13
80.85
96.59
86.28
74.67
80.44
87.97
95.2
95.89
99.29
99.73
98.92
93.38
87.69
93.63
97.98
97.47
99.13
82.81
83.52
85.87
86.87
77.36
75.1
96.41
77.99
91.7
94.87
93.3
92.25
98.48
91.75
88.29
92.38
90.19
88.49
98.07
96.92
83.77
80.57
83.5
80.73
85.82
93.54
97.48
97.91
98.82
99.09
99.97
97.96
89.17
88.23
96.75
87.48
85.18
91.93
99.61
95.04
79.6
78.88
83.12
88.81
98.34
97.5
86.29
96.59
84.79
75.3
87.24
90.19
86.53
94.18
96.27
87.66
90.68
97.76
97.64
98.42
98.83
98.24
98.54
99.31
98.77
96.46
92.29
86.01
84.18
90.62
84.63
88.72
71.87
90.73
82.88
63.47
79.58
87.23
78.71
79.38
81
68.04
88.92
68.88
90.22
92.15
90.8
79.08
79.71
86.51
87.28
91.68
80.18
76.28
87.66
72.21
74.9
79.65
94.59
91.61
84.63
93.83
89.8
90.88
81.9
70.9
73.08
69.25
90.57
80.19
79.84
71.56
63.14
56.85
67.64
73
86.06
86.2
82.41
69.88
65.82
80.43
66.73
74.68
72.66
93.72
77.11
86.46
79.66
72.14
74.38
72.09
68.16
61.61
80.67
83.14
77.86
74.35
77.71
90.91
80.04
74.79
80.07
81.23
79.87
74.07
68.08
79.09
54.3
57.42
57.49
65.85
64.44
64.04
66.05
77.75
72.19
74.74
67.73
72.72
75.98
76.27
83.77
84.52
84.23
74.75
69.47
69.72
72.18
80.96
80.41
75.71
74.95
72.94
65.75
61.49
69.57
75.09
74.52
82.24
81.32
78.41
74.33
83.87
82.21
78.32
63.9
77.47
75.81
76.8
84.63
89.04
83.18
81.92
77.83
77.57
88.69
65.6
68.03
64.66
78.73
81.72
78.7
69.46
71.53
68.33
78.08
84.6
69.96
64.67
74.91
82.65
64.33
65.32
68.29
76.04
67.22
65.18
81.79
68.77
75.55
79.14
73.52
70.2
77.35
67.78
70.88
80.53
69.8
66.24
65.51
57.55
65.9
66.17
71.48
65.91
65.21
80.53
75.98
85.48
88.04
75.33
71.7
77.06
82.51
72.34
70.88
72.01
69.41
63.9
58.21
63.86
67.26
62.66
66.91
70.55
69.43
68.28
64.8
71.22
86.82
74.54
70.49
71.52
70.57
74.95
68.93
68.65
67.32
67.42
67.1
67.03
71.33
72.55
63.58
64.35
57.75
89.57
91.64
89.01
69.18
75.91
72.33
77.16
75.39
76.06
76.58
76.45
78.36
85.07
74.64
79.69
86.83
79.26
69
70.94
77.34
78.03
81.3
84.8
96.66
94.74
93.56
85.5
81.22
76.34
81.77
86.22
86.85
85.64
87.95
85.18
88.27
84.45
84.25
78.19
81.52
83.43
85.26
88.41
75.52
83.58
85.08
92.72
92.05
91.7
77.41
81.56
86.03
89.99
90.14
87.76
88.16
84.83
84.01
91.3
95.05
88.01
96.56
91.35
89.91
96.26
94.16
73.31
73.85
85.12
90.64
74.59
80.32
76.75
78.88
80.37
75.38
79.92
84.99
86.88
88.2
90.12
87.88
93.91
96.76
99.32
83.06
73.74
81.37
88.96
88.86
78.7
66.47
88.4
75.77
74.88
78.43
86.55
96.51
85.78
83.58
75.3
78.29
98.32
99.57
97.2
95.86
72.21
79.36
77.24
83.32
83.48
87.17
81.19
86.28
84.27
82.44
64.29
78.56
81.11
80.77
64.25
78.41
70.32
68.15
84.47
79.82
78.25
84.99
90.36
87.96
90.99
92.76
95.13
79.26
85.33
83.74
92.25
95.28
91.34
93.65
95.59
86.65
95.28
93.04
97.36
97.02
94.71
87.94
87.5
89.53
95.36
95.04
97.25
96.82
96.61
89.85
89.14
77.05
76.73
86.74
89.64
93.5
88.21
85.01
90.03
94.46
95.74
97.14
95.24
89.33
88.61
95.52
97.53
86.3
90.16
97.09
77.56
74.51
77.3
60.42
77.47
77.24
81.66
72.78
86.76
90.75
86.58
70.75
77.98
83.47
82.42
76.45
72.02
68.63
81.91
81.1
69.02
74.3
68.08
72.65
68.6
67.28
68.39
72.18
82.19
72.34
72.19
68.01
64.33
83.39
77.08
91.61
95.57
60.98
72.22
50.32
52.51
68.6
64.22
60.83
63.65
72.18
57.74
50.45
86.65
92.02
80.96
70.49
73.22
76.24
59.63
63.61
63.89
53.69
60.34
67.02
85.62
83.06
71.68
68.04
74.85
82.5
74.25
70.19
72.97
73.15
60.81
69.59
60.2
80.42
84.13
65.63
76.57
87.68
73.36
60.72
69.85
62.43
79.83
61.49
55.81
64.87
61.32
60.29
61.06
71.21
85.51
75.63
88.1
88.3
84.92
85.41
85.51
79.65
61.19
61.11
63.96
66.42
72.35
68.8
68.17
71.01
66.35
70.08
89.96
85.79
83.12
76.43
73.84
66.62
67.37
77.24
63.04
62.75
61.5
58.89
73.18
71.76
59.02
71.32
84.11
90.46
74.79
77.98
86.14
76.54
85.77
81.08
79.4
81.1
77.69
81.35
65.32
76.36
72.56
73.77
73.01
76.25
78.54
67.53
70.64
69.43
68.51
71.36
73.91
81.89
73.51
79.89
69.31
69.34
64.73
72.29
64.75
64.77
64.34
63.22
69.41
74.19
80.7
91.96
74.03
82.61
72.87
74.44
85.23
86.49
64.56
79.85
77.15
74.46
76.28
75.13
81.57
88.91
74.97
80.44
75.79
79.83
78.97
78.57
76.68
76.97
74.93
83.67
83.77
80.8
83.42
79.65
77.82
83.92
90.02
88.84
89.87
71.48
80.62
70.45
74.23
77.15
92.76
86.7
80.51
73.72
79.51
81.24
82.58
83.56
80.86
92.22
81.43
91.82
82.76
80.9
81.1
84.88
83.01
83.42
85.82
80.58
79.53
76.51
81.09
85.83
90.15
90.98
79.93
65.16
76.53
78.82
80.35
71.91
80.23
79.74
91.29
94.15
77.05
71.7
72.5
81.65
81.33
82.55
75.96
76.16
76.51
78.59
81.68
79.78
79.74
77.65
79.26
82.56
79.13
80.43
82.47
83.67
70.78
91.4
86.71
79.73
77.55
79.05
76.86
75.48
86.92
88.11
81.81
87.76
81.67
84.27
97
97.81
95.25
78.06
66.06
77.6
74.12
78.83
83.91
92.15
91.11
71.8
73.34
79.49
61.67
69.37
75.02
61.17
76.23
83.68
79.13
84.95
92.05
89.37
88.63
86.96
82.14
82.95
63.44
77.93
80.82
69.82
75.41
73.25
73.29
63.92
80.17
73.49
88.87
76.88
71.85
74.16
86.43
92.79
96.9
91.13
90.42
90.09
93.38
95.45
88.29
86.88
82.76
78.08
86.92
76.54
82.33
85.05
84.18
82.01
90.31
93.98
93.69
93.51
92.51
84.49
75.89
85.87
73.22
75.75
78.68
72.91
79.05
71.24
75.83
81.55
85.75
76.74
85.02
92.95
94.3
81.17
77.68
82.01
64.3
73.99
80.75
82.42
79.97
66.33
71.78
81.33
96.1
84.09
75.09
75.04
60.29
65.83
68.91
73.85
75.88
77.91
77.41
73.27
68.06
63.45
61.76
67.67
56.25
48.61
59.98
58.87
59.69
58.43
56.29
46.26
54.41
61.94
71.08
64.25
59.57
58.02
61.39
63.58
61.56
57.09
56.58
51.39
54.01
54.77
55.56
70.24
65.85
79.82
60.61
77.11
77.74
81.77
76.15
64.7
66.56
62.24
56.62
72.56
71.15
78.18
93.48
75.15
62.25
64.86
61.73
65.39
62.25
58.92
59.67
59.45
52.43
76.95
78.89
92.83
92.76
74.32
76.89
63.82
74.1
71.69
57.76
53.69
54.17
65.63
73.59
65.17
54.31
62.89
62.06
63.76
69.7
70.29
72.06
73.39
70.37
69.06
72.71
71.18
73.97
75.2
77.96
83.46
67.05
59.49
69.88
80.26
80.82
72.31
88.09
62.99
63.69
66.84
62.98
63.96
66.82
70.03
64.72
72.89
74.79
84.03
88.35
79.59
86.76
71.17
88.2
79.04
77.89
86.58
79.32
82.9
76.53
72.58
75.81
74.49
67
75.4
75.14
78.55
74.4
70.31
66.61
67.9
67.75
73.26
67.73
77.82
74.34
75.78
80.66
61.49
82.99
65.45
75.12
69.63
89.32
68.66
66.29
65.59
68.85
63.17
68.23
73.9
67.07
66.91
65.95
65.28
64.62
65.46
63.01
62.39
69.03
69.91
63.78
63.22
65.87
62.79
56.39
59.65
56.91
61.55
59.93
64.31
81.67
71.42
59.19
61.56
68.67
66.54
61.8
60.18
74.48
72.61
79.26
71.92
69.66
67.16
85.57
79.92
64.4
70.49
68.34
69.49
70.96
66.73
69.13
68.61
65.8
77.83
79.82
82.48
80.6
85.95
74.19
72.02
75.41
72.32
81.71
77.9
69
73.32
77.95
78.36
71.18
72.73
81.78
73.92
78.24
91.34
82.72
81.13
90.41
84.18
93.56
85.33
80.04
77.84
77.06
77.13
82.9
85.61
92.87
87.83
90.27
82.98
91.73
82.27
80.27
83.11
89.31
84.97
87.44
83.54
82.5
82.23
83.9
86.82
95.49
71.41
74.8
79.75
82.17
83.49
76.53
94.67
89.64
89.7
87.71
89.52
95.1
90.98
96.38
94.28
86.5
86.44
81.94
74.2
81.9
92.65
95.97
93.34
92.04
91.21
91.62
87.21
91.22
84.11
85.82
89.83
87.07
93.07
87.43
84.61
73.92
77.79
97.38
96.35
92.66
85.86
70.51
87.47
87.95
90.21
87.04
80.75
83.38
93.57
95.75
98.76
97.16
93.91
89.49
73.37
77.87
91.85
91.62
98.56
94.06
91.86
90.21
88.37
95.45
88.99
88.74
93.98
93.28
91.94
91.24
83.86
92.55
96.67
81.64
80.05
79.81
90.87
93.26
88.08
96.37
88.43
82.54
77.98
95.77
85.04
78.23
62.68
82.02
84.63
81.46
79.32
92.47
95.76
86.83
82.88
79.19
82.16
90.81
85.43
76.68
77.14
66.85
62.42
65.11
68.43
69
69.76
71.58
79.81
84.1
90.74
89.06
71.75
86.99
82.73
70.92
76.35
74.65
72.75
74.82
78.89
79.07
81.57
80.81
81.71
75.78
82.34
90.03
88.75
76.71
76.48
80.09
80.62
87.78
86.55
86.23
88.1
80.14
77.72
79.42
82.33
86.42
74.12
72.97
71.39
67.63
72.95
74.21
77.02
84.3
72.12
63.75
52.3
71.96
73.52
77.62
84.58
86.71
68.29
82.28
95.09
78.7
74.18
72.97
72.65
72.41
69.22
74.04
74.5
66.3
64.99
66.28
71.34
79.1
79.62
79.32
68.72
61.04
72.85
90.81
71.45
74.1
62.07
65.16
62.24
66.38
79.86
74.57
74.78
76.73
67.72
65.4
66.96
76.42
92.7
84.73
75.27
80.78
70.5
54.85
65.4
83.18
73.87
72.01
68.26
72.82
66.35
71.1
92.38
86.79
75.51
59.02
63.67
63.91
67.27
64.29
70.02
80.22
69.05
56.45
57.4
66.65
64.06
62.06
68.66
69.62
87.91
71.99
77.41
78.96
74.73
61.62
68.39
76.56
66.53
64.57
76.84
71.21
66.93
66.19
75.76
86.86
70.36
76.66
70.1
73.48
78.8
83.95
78.18
83.66
74.94
71.66
67.78
65.79
63.59
66.13
78.85
76.33
64.28
65.58
67.36
74.44
70.29
73.08
73.26
76.44
82.07
78.8
71.43
77.03
72.72
71.1
80.92
85.1
74.72
73.28
74.38
87.83
77.02
72.76
91.26
78.87
74.46
75.97
82.09
83.28
79.59
72.68
74.74
72.07
75.01
74.76
74.66
78.95
79.14
78.52
74.57
77.67
83.75
73.33
74.29
86.88
80.11
73.6
82.31
80.82
78.99
77.58
82.41
77.67
72.47
76.02
77.28
72.46
73.01
76.76
77.36
74.75
72.83
72.09
76.01
67.89
74.32
73.36
70.58
74.83
86.16
93.41
88.41
91.18
86.7
85.7
76.92
76.92
82
83.27
82.94
92.51
78.65
79.01
75.96
77.95
76.91
76.84
79.72
84.22
87.73
74.18
79.38
76.97
82.71
82.49
92.68
93.29
93.97
97.13
91.77
83.17
78.02
85.92
90.53
80.56
89.89
94.05
78.39
72.96
70.45
78.66
83.38
79.08
75.81
72.84
74.94
81.59
82.16
84.98
77.76
81.02
82.12
82.34
92.36
90.55
75.77
73.23
84.98
81.55
80.49
82.61
75.74
73.3
83.66
93.41
91.18
80.53
90.77
95.76
94.44
94.28
94.61
95.91
95.98
90.86
89.45
87.85
85.44
83.47
94.36
86.99
89.72
95.73
82.61
75.9
75.18
78.28
73.3
71.54
76.4
90.59
90.21
89.2
82.57
93.28
95.68
94.67
77.19
84.75
80.82
91.27
96.93
91.32
75.03
75.4
84.82
71.53
79.34
79.95
75.83
77.72
74.05
78.22
87.36
80.83
72.28
78.26
88.78
78.64
87.64
93.15
92.35
86.85
90.19
81.87
90.67
82.58
81.57
71.85
87.74
77.72
84.75
85.72
87.62
94.51
95.53
92.27
85.06
81.33
73.68
71.88
81.29
83.73
85.99
69.35
76.08
90.2
72.9
80.26
89.82
91.47
80.63
74.68
75.95
84.82
76.85
87.26
81.53
55.75
54.73
64.7
68.78
87.04
78.65
60.79
67.24
70.42
72.95
78.39
73.56
70.91
61.74
54.38
62.09
68.74
72.57
90.45
70.6
67.01
65.9
65.85
62.59
59.87
69.53
74.24
59.12
61.81
64.62
56.65
74.9
91.58
75.6
78.83
72.21
79.25
92.69
78.33
83.37
69.38
63.46
65.07
65.14
69.99
67.79
59.46
69.87
74.04
61.97
66.88
60.18
59.8
57.47
61.39
64.58
66.25
60.11
69.73
59.03
51.35
65.16
48.58
47.03
51.08
71.8
68.34
60.51
60.31
66.41
68.75
76.64
82.49
82.75
79.6
72.07
72.37
70.74
65.75
64.55
63.37
78.94
84.76
77.37
70.59
66.56
67.62
67.63
65.12
62.53
54.64
68.43
76.79
79
72.17
84.37
70.7
60.33
63.01
62.98
59.41
68.48
65.66
66.92
84.17
76.68
81.81
80.55
80.81
71.08
69.62
79.32
85.03
83.18
80.52
92.37
86.73
72.04
58.13
68.03
68.98
63.16
80.32
79.7
72.74
71.67
57.67
65.13
63.7
56.73
59.01
68.43
63.53
60.56
59.77
60.57
68.19
63.7
77.38
74.13
77.61
71.66
65.83
80.33
77.68
88.1
79.75
61.21
80.38
71.8
67
75.04
62.24
65.53
64.91
63.6
63
55.2
56.81
61.89
61.39
56.07
55.03
59.35
62.76
59.73
64.74
61.28
63.37
56.04
58.34
57.04
57.31
57.59
54.71
58.12
60.65
60.15
53.9
65
61.31
57.92
56.42
55.54
54.87
55.76
62.03
79.91
69.63
61.67
57.53
56.72
58.02
51.68
55.55
60.84
73.11
62.37
58.07
84.21
65.66
59.2
56.52
65.02
69.75
74.15
71.23
67.78
72.21
74.19
74.64
71.18
70.02
66.56
71.06
70.1
67.35
70.59
69.21
67.97
64.16
63.7
64.19
70.09
73.63
75.06
79.18
80.34
76.01
84.39
91.35
85.59
84.09
83.67
93.54
96.86
97.01
77.02
72.28
77.72
87.87
97.45
96.74
93.43
80.46
94.92
98.41
86.16
89.8
89.34
78.27
78.79
77.09
79.97
88.92
97.58
96.23
87.86
96.19
93.29
92.31
90.55
88.81
98.85
87.24
78.02
81.7
89.48
89.12
85.11
79.31
88.61
80.01
97.32
92.26
86.75
84.11
83.42
88.35
96.6
99.91
98.9
94.6
78.67
91.29
91.78
90.61
83.62
83.3
71.6
83.68
75.11
83.97
70.41
93.67
97.87
92.8
96.06
98.75
86.07
84.92
91.67
100
99.4
96.71
94.39
96.24
97.95
98.52
85.6
88.55
74.52
75.28
86.78
75.14
83.74
83.96
90.51
81.57
69.81
67.21
78.37
81.64
81.24
83.42
94.97
84.57
89.26
81.92
72.54
77.3
78.87
81.37
79.76
83.62
85.05
86.64
84.77
73.04
77.02
75.5
75.47
70.32
56.82
62.58
78.67
90.07
83.89
77.66
84.27
82.93
79.44
78.35
86.7
79.71
80.97
81.24
79.22
83.06
86.84
90.56
88.76
85.41
88.42
80.43
84.21
75.55
76.92
69.27
65.24
61.61
52.17
69.33
83.24
82.61
76.25
77.13
74.82
85.68
96.04
73.41
66.19
74.04
77.11
65.81
68.21
75.07
79.58
75.11
75.97
76.92
76.48
75.41
76.11
64.59
59.57
66.83
63.33
62.95
70.22
77.13
76.72
66.39
58.07
63.64
50.93
58.81
56.68
58.06
70.22
79.52
85.96
72.06
73.65
71.12
65.62
65.83
69.02
85.75
91.9
80
71.37
82.52
52.71
60.44
65.63
65.13
73.9
69.13
61.45
62.23
54.44
55.69
47.82
61.6
60.69
65.16
66.46
65.44
65.01
69.12
70.47
84.66
86.74
80.06
76.03
82.59
76.12
66.99
61.06
64
69.8
74.59
71
65.85
64.97
66.99
64.92
61.99
57.36
70.31
68.22
66.99
69.55
60.37
66.96
68.6
64.3
72.11
64.9
57.09
82.34
79.51
71.28
67.92
72.9
68.04
63.21
61.23
61.78
78.43
72.55
71.11
72.78
61.9
81.76
66.41
65.92
64.37
75.8
77.62
64.53
86.3
66.52
77.91
83.19
79.43
62.71
66.88
58.7
63.59
65.15
58.85
67.76
76.67
56.6
61.29
60.6
56.9
64.87
78.79
67.57
59.22
77.57
75.94
71.26
78.51
78.16
78.49
85.54
62.51
60.15
60.35
63.05
87.92
66.97
74.58
74.44
66.82
61.42
59.68
64.3
63.89
60.97
66.96
81.24
66.43
68.6
89.16
76.77
69.17
68.01
66.96
67.27
64.25
61.55
70.1
66.36
64.85
68.41
63.42
59.66
53.34
74.58
93.21
86.46
88.61
81.29
68.95
68.29
76.34
82.81
75.64
84.81
91.42
72.24
68.81
71.68
73.74
75.16
76.99
82.81
85.08
73.17
68.28
73.15
72.81
88.74
90
88.71
77.77
76.09
77.41
75.93
74.56
89.54
87.93
84.72
85.18
97.7
84.92
80.7
80.42
93.87
93.45
83.11
75.08
79.19
76.83
80.44
81.9
72.55
65.44
64.92
71.21
74.4
80.82
75.95
84.94
96.84
95.19
97.99
97.62
97.05
85.02
92.38
76.78
84.76
87.65
89.84
97.74
95.37
96.88
97.05
94.85
97.92
97.47
98.81
86.33
91.28
91.08
89.45
89.08
95.09
94.9
91.43
97.05
85.82
75.72
72.5
85.79
90.44
90.27
94.5
94.26
97.71
96.71
85.49
85.17
91.11
93.98
93.8
90.08
87.64
90.28
95.5
95.2
97.75
98.92
97.08
91.77
91.28
95.5
82.13
78.91
80.44
97.15
86.67
90.59
89.77
84.37
69.27
78.2
77.72
72.44
89.73
99.05
99.17
95.34
91.93
94.57
95.32
85
82.68
65.83
79.84
79.04
86.13
62.19
64.17
76.63
91.41
94.45
85.17
78.86
85.49
93.76
90.94
94.62
85.21
71.77
80.89
89.7
71.42
76.51
72.17
68.35
73.89
84.63
66.04
62.53
60.16
56.26
66.58
71.8
77.93
69.4
84.11
72.06
78.92
86.77
89.14
82.17
82.31
76.68
88.53
83.75
70.42
71.55
77.74
78.39
78.02
69.57
70.17
69.56
72.56
75.96
88.39
81.12
71.82
58.27
60.71
64.39
74.43
64.17
61.59
60.62
68.92
73.57
77.46
85.01
74
59.37
68.2
68.24
61.12
63.95
68.13
68.16
56.81
54.11
73.85
78.9
83.56
78.4
72.03
72.95
79.23
70.33
63.62
63.01
58.42
53.57
55.35
80.63
63.36
64.04
63.57
54.72
52.11
57.13
61.9
84.74
73.14
87.55
69.81
70.04
66.33
76.51
88.31
76.35
58.59
68.66
67.84
71.12
67.35
67.49
60.52
69.1
59.63
60.97
62.36
62.96
76.14
61.25
62.72
60.69
81.83
69.56
63.08
65.81
64.86
78.56
78.49
73.83
79.31
72.32
62.09
63.08
58.22
63.59
83.11
74.56
72.64
67.51
72.38
73.71
81.62
64.62
77.65
67.97
81.55
86.88
65.4
64.52
65.43
51.78
72.66
73.71
50.28
65.48
65.02
74.22
69.98
72.82
86.33
80.45
66.31
62.19
74.11
79.76
72.43
63.79
69.95
61.2
64.07
70.52
63.6
65.77
65.4
60.83
67.94
72.17
70.77
64.84
61.92
67.09
69.09
75.14
76.03
81.75
77
73.06
78
67.7
72.1
71.54
67.59
71.9
71
67.11
74.24
83.94
87.66
74.05
65.77
61.68
64.36
67.41
65.3
70.48
66.32
63.6
62.74
61.92
64.17
65.81
65.12
67.15
62.44
62.79
63.66
67.66
70.84
61.5
61.83
72.24
74.64
72.25
68.02
67.06
69.68
80
76.75
77.75
76.73
83.69
78.48
88.24
94.18
69.51
70.97
74.91
89.19
81.03
81.52
75.17
75.99
91.37
72.02
75.28
78.73
77.12
70.94
81.51
77.79
79.69
77.21
76.21
75.69
66.39
78.43
90.66
78.53
77.72
77.74
85.36
81.73
85.42
83.33
83.83
88.91
81.78
88.14
84.5
88.05
84.07
82.16
81.29
82.96
72.66
72.48
84.34
88.1
79.16
79.49
80.38
81.87
83.01
83.16
89
94.92
77.77
65.75
70.07
82.55
85.44
81.78
87.01
96.75
82.9
83.43
81.08
85.19
86.67
90.94
81.83
79.03
74.25
84.17
75.52
82
78.46
83.27
93.27
95.09
92.24
94.22
86.1
86.98
86.71
79.94
87.74
86.22
88.93
76.07
85.96
87.54
77.61
80.23
93.02
81.86
86.86
93.24
86.82
91.75
81.11
77.44
88.62
92.38
95.22
90.48
97.95
86.45
98.26
98.43
97.89
96.11
89.08
84.7
73.43
66.29
77.5
73.97
80.09
85.81
92.17
91
91.99
81.75
88.9
95.73
96.65
90.8
90.07
83.85
75.9
88.35
93.98
81.53
72.74
61.01
77.01
83.38
81.34
75.86
80.21
75.5
74.65
71.22
66.31
62.63
77.69
72.25
78.81
88.69
88.46
89.92
91.41
89.97
70.19
86.56
77.01
64.83
58.74
62.16
73.96
72.46
64.01
67.79
68.03
69.69
78.04
79.59
75.81
65.99
73.82
75.31
65.97
79.91
73.18
76.68
87.71
76.25
85.84
75.55
87.82
68.22
68.11
71.18
74.48
75.87
91.77
72.29
84.83
75.42
71.96
65.18
77.89
85.75
91.72
75.2
79.5
64.09
59.45
63.18
62.73
70.59
70.16
77.85
72.24
77.72
88.23
72.74
60.07
66.62
79.29
62.42
67.04
73.65
70.27
62.57
75.16
71.58
57.49
63.9
57.94
59.19
69.56
70.4
43.86
51.1
66.19
69.33
58.89
54.11
60.88
63.11
85.77
71.57
70.72
75.18
81.01
76.5
56.81
55.24
56.43
58.02
61.87
58.71
58.05
71.87
77.27
83.78
74.11
75.6
73.46
76.6
74.66
56.67
60.31
62.97
60.48
64.99
66.38
65.77
77.23
77.95
78.9
89.98
76.59
67.64
62.69
63.92
85.66
82.71
79.81
69.04
80.35
69.25
67.09
70.45
69.75
68.51
66.03
67.69
76.31
75.24
84.46
86.66
77.54
69.53
77.17
85.63
87.12
86.9
73.09
77.96
75.71
83.73
86.16
75
82.89
76.06
75.33
71.89
78.71
70.96
69.82
72.86
86.93
74.87
86.61
88.14
82.24
78.23
59.35
62.62
67.67
68.42
77.02
68.74
69.25
80.75
85.42
73.18
70.95
68.6
70.34
69.37
70.8
73.26
78.85
82.14
69.68
79.77
72.31
70.51
68.36
72.42
69.88
69.57
61.26
61.12
64.51
69.15
80.93
91.4
72.04
69.82
69.25
73.51
67.94
69.86
74.3
72.54
78.93
81.45
93.41
73.55
66.75
67.9
69.5
69.26
78.65
74.72
78
73.79
86.88
87.06
91.86
82.38
80.58
79.1
80.01
69.11
74.63
93.62
80.28
77.59
76.54
86.31
88.04
83.79
87.11
78.66
79.76
76.8
85.9
79.29
75.49
79.92
80.25
85.57
94.44
93.09
85.45
89.11
85.19
90.2
84.69
78.14
78.38
82.17
80.71
84.71
85.2
79.99
90.99
77.73
74.99
81.98
80.45
86.23
86.97
83.72
88.45
88.92
85.81
86.61
87.63
86.77
85.18
83.04
88.6
86.63
84.09
85.12
84.29
84.88
85.59
78.67
74.26
76.39
76.41
80.27
82.6
84.82
92.94
91.62
96.22
92.27
87.58
85.4
78.38
63.11
75.52
62.08
66.66
65.15
78.64
85.82
90.55
94.04
96.42
97.7
92.94
81.35
90.7
71.36
72.75
65.04
70.17
82.18
88.4
84.48
96.23
93.27
91.26
94.54
96.87
95.83
97.06
97.74
92.41
95.63
95.56
97.1
98.21
98.37
98.43
96.04
95.24
93.35
96.16
98.95
96.94
99.44
99.05
98.42
98.78
94.95
77.58
86.75
80.03
82.27
95.81
97.18
91.89
83.25
89.51
87.89
94.8
96.32
92.81
87.2
84.49
85.31
90.62
93.26
98.81
98.65
96.7
91.85
89.74
90.74
97.35
95.57
96.74
94.59
92.8
90.05
90.43
93.31
89.89
92.15
91.75
86.21
94.76
95.73
89.96
91.76
85.64
80.7
85.68
83.57
90.91
92.45
76.28
81.25
80.45
86.31
69.67
76.33
76.82
86.24
93.88
91.18
74.68
77.47
77.52
69.81
69.49
92.61
74.61
68.72
71.72
71.53
72.73
72.33
76.19
78.55
79.24
83.62
70.69
72.95
67.82
63.07
75.28
78.97
72.18
74.18
69.56
66.15
81.94
88.7
82.99
85.93
84.88
85.48
88.28
75.34
67.69
60.26
70.09
78.82
74.65
70.76
72.78
74.04
50.75
59.17
77.42
73.79
76.59
94.82
88.85
93.22
88.77
82.86
74.38
67.8
76.15
66.28
63.26
77.07
82.34
80.84
79.4
55.9
62.65
61.28
55.95
56.84
48.87
46.42
45.78
71.12
77.64
84.11
83.43
77.95
67.07
79.24
95.03
70.54
74.45
70.03
75.04
78.6
78.31
88.11
81.36
80.17
84.05
95.6
95.03
94.31
83.67
85.29
74.01
60.46
56.94
84.56
78.28
86
81.04
75.27
67.07
87.71
92.42
74.95
60.78
67.28
74.81
76.87
74.92
67.18
73.5
68.14
76.34
74.56
70.15
70.06
71.02
70.39
73.37
72.48
55.93
62.91
64.83
64.77
63.33
75.32
78.97
91.85
84.18
87.14
76.32
82.18
86.76
70.05
76.52
71.2
81.23
93.86
91.83
79.83
80.27
79.26
67.58
75.52
80.09
62.89
77.51
78.43
84.15
75.88
71.8
73.61
70.14
63.65
65.03
62.7
66.24
65.44
65.7
65.17
72.64
87.62
78.15
74.35
78.45
81.52
87.86
70.24
70.44
74.87
82.97
75.49
73.23
78.95
78.96
89.77
80.49
78.12
75.16
90.14
82.84
80.99
91.34
80.81
78.18
80.15
76.61
74.36
77.53
81.55
74.16
76.11
91.46
81.36
84.49
88.23
84.19
86
75.45
80.98
97.37
97.8
90.03
91.09
78.61
76.47
71.67
84.32
82.53
80.08
86.6
88.84
91.73
82.13
79.45
82
91.87
85.37
97.99
97.12
96.57
98.88
94.66
97.75
88.67
87.94
90.46
81.9
81.61
69.36
81.62
87.61
86.1
98.23
98.44
98.08
89.38
89.5
92.4
94.03
88.74
90.74
89.09
88.42
92.43
93.33
93.97
86.04
78.66
95.06
83.33
83.06
80.86
83.9
84.63
85.2
92.43
82.68
73.87
79.12
88.11
80.08
87.37
87.81
73.84
82.64
77.17
79.59
87.62
87.39
73.93
62.48
65.9
84.34
90.58
95.56
94.51
94
91.33
87.63
91.6
98.32
92.14
88.94
81.68
97.78
97.37
97.5
88.94
93.89
84.52
85.89
86.41
86.23
99.75
99.62
99.88
99.7
99.01
100
100
99.49
99.17
97.93
95.29
99.64
100
100
98.03
100
90.5
87.98
98.78
90.53
87.93
67.59
75.31
86.02
82.95
84.87
89.76
87.52
87.44
95.2
98.6
98.4
96.77
96.03
97.9
98.07
96.66
94.79
91.57
94.63
96.92
97.54
98.08
97.38
96.91
96.88
98.3
97.15
98.69
98.76
98.86
98.68
89.03
83.82
86.37
88.36
89.93
87.36
84.4
75.02
83.23
84.21
85.64
80.13
79.69
78.8
80.19
79.68
84.12
83.12
83.77
66.13
75.18
73.1
78.42
78.03
74.65
67.8
66.88
74.87
74.45
74.84
72.38
79.09
80.2
68.44
69.41
68.57
68.46
81.65
83.48
82.94
75.88
60.05
60.26
70.28
64.46
66.19
66.16
70.98
66.41
73.6
86.94
69.23
86.91
84.87
74.61
86.87
79.82
77.29
83.48
73.88
74.1
75.77
69.99
64.46
77.33
79.4
67.89
59.92
64.39
73.4
64.1
54.96
52.98
57.14
52.11
52.22
52.27
66.85
57.6
60.55
73.51
67.16
47.18
67.33
91.84
65.56
59.65
49.4
54.74
52.1
66.31
78.29
86.52
79.99
70.63
67.46
63.84
58.21
58.35
57.39
60.64
67.7
89.59
67.33
65.86
61.19
53.9
55.68
58.48
60.59
61.59
68.36
66.89
66.45
59.9
61.79
92.15
85.61
92.38
73.32
80.47
77.59
79.83
67.2
71.07
65.04
69.33
87.22
80.13
79.46
75.73
84.36
80.25
74.62
76.28
79.04
74.4
78.73
83.84
79.67
72.29
77.58
87.58
91.69
86.51
82.27
75.53
64.53
77.86
86.2
75.19
77.05
71.55
71.25
76.04
73.02
75.96
72.35
64.18
68.62
88.11
88.78
79.38
83.36
65.32
75.74
89.87
80.71
85.39
78.12
83.71
80.11
81.83
94.66
83.79
65.76
73.98
82.14
80.22
82.54
88.55
68.25
69.73
82.14
93.47
78.69
75.96
86.32
75.33
76.19
78.45
79.68
93.51
78.45
81.26
85.99
86.86
78.47
77.04
74.95
73.58
78.45
81.11
81.12
87.54
81.47
88.78
83.82
78.83
78.29
78.9
79.54
81.19
85.8
77.55
89.8
69.97
68.72
77.58
80.32
80.58
81.3
83.04
82.72
89.63
83.15
81.03
67.36
74.13
80.66
76.6
90.54
79.09
80.17
84.77
85.64
84.93
73.49
80.37
83.39
81.64
81.12
78.36
79
80.43
81.58
82.92
87.83
98.27
95.43
74.78
81.86
85.59
86.45
76.41
88.81
83.1
84.3
81.56
93.02
77.91
82.74
78.19
84.68
78.07
87.69
87.57
85.7
84
73.47
96.41
80.86
72.22
82.23
88.85
82.08
78.65
80.1
73.04
78.83
88.85
81.85
74.21
81.11
76.87
75.64
87.73
86.06
92.55
85.76
81.46
99.08
87.94
84.1
99.68
96.46
85.36
80.9
86.62
90.49
91.54
99.83
99.92
100
99.79
98.88
99.74
100
100
100
98.95
100
81.44
86.16
91.97
92.63
84.44
93.1
100
91.23
95.3
91.15
86.66
85.79
92.16
84.51
87.81
94.32
100
100
100
100
100
100
92.47
100
98.62
88.57
92.3
91.57
98.99
87.14
97.61
84.23
91.49
76.89
77.98
86.41
85.63
83.59
88.71
98.98
96.91
98.8
97.18
95.6
91.68
80.86
85.63
75.54
78.12
85.74
87.1
90.63
86.3
81.75
84.06
86.91
84.37
84.06
76.9
60.05
76.08
79.79
76.22
77.33
75.38
75.23
70.43
62.31
57.33
63.87
59.79
56.39
71.84
58.93
57.12
55.17
66.95
64
70.74
65.99
51.53
69.15
70.88
74.41
78.79
72.76
70.74
89.17
82.1
70.3
60.97
64.2
55
48.2
74.77
64.27
59.5
55.99
50.85
60.47
59.23
57.61
57.26
93.51
84.51
69.22
66.59
69.24
66.59
63.99
56.14
51.9
53.07
52.05
48.18
62.76
52.92
55.1
56.82
66.38
62.73
56.79
57.49
86.2
68.02
64.73
82.21
69.43
54.51
64.91
70.86
80.46
63.89
82.8
76.96
82.86
59.8
59.28
59.04
73.61
74.24
71.06
67.35
64.33
54.47
55.02
79.09
61.86
71.22
68.66
69.66
85.41
62.64
66.03
68.82
59.79
61.34
62.04
62.85
62.25
63.48
56.63
59.23
65.98
83.05
87.71
88.17
63.35
73.97
74.01
65.91
73.88
90.42
79.09
70.29
66.19
76.33
72.98
71.01
74.84
78.4
74.81
80.3
78.41
71.65
61.12
76.93
77.18
76.92
89.7
93.21
92.14
85.52
79.06
81.79
89.03
74.9
76.53
76.48
72.44
81.25
85.89
88
83.44
85.86
81.29
87.51
87.2
86.51
78.4
84.94
91.3
75.39
80.45
83.69
88.54
75.71
80.29
74.58
83.6
94.77
81.55
92.69
81.04
72.66
81.6
79.05
80.4
77.32
72.02
74.55
78.46
77.48
80.21
79.13
83.57
92.1
78.44
73.07
78.91
84.09
82.99
83.62
76.46
82.67
73.96
73.65
73.32
72.23
63.64
72.45
71.27
67.6
75.07
72.74
82.62
76.22
73.87
81.96
75.31
76.57
88.19
83.2
87.66
79.21
76.43
86.22
83.96
79.02
79.43
83.89
81.19
82.88
85.49
96.04
97.31
88.71
87.96
92.06
87.45
93.39
91.51
96.01
92.83
94.83
88.5
86.34
94.28
87.12
82.55
83.17
76.89
84.69
87.56
87.01
85.08
79.25
84.45
98.47
88.93
86.6
93.78
96.09
94.44
88.44
99.09
97.92
96.44
98.34
94.56
80.74
82.22
92.71
81.32
82.45
87.28
90.58
82.53
89.49
98.98
95.84
89.28
88.1
88.69
95.8
98.71
86.06
81.56
75.16
79.84
80.71
80.69
75.88
80.89
86.16
99.29
96.6
91.36
89.98
86.67
84.65
92.66
83.04
87.73
88.72
88.07
92.14
87.52
88.09
77.99
81.94
80.94
73.97
89.04
97.06
95.79
95.33
98.36
95.82
98.2
97.83
95.99
99.29
97.57
98.07
98.18
97
95.72
90.17
92.36
91.44
88.17
92.99
92.86
97.82
86.49
100
98.17
95.91
94.27
99.07
97.7
93.52
84.63
94.42
90.59
97.15
97.37
90.13
90.73
98.57
98.26
100
98.49
96.53
97.48
97.43
94.03
93.26
97.77
99.35
99.32
97.83
99.8
93.83
96.49
84.8
85.87
79.86
86.44
98
99.56
99.92
98.95
96.81
97.21
97.26
97.88
97.91
98.56
93.84
82.14
62.08
62.65
63.62
88.85
85.55
86.88
72.58
64
72.71
69.1
83.76
87.09
75.82
69.13
83.65
92.32
90.64
80.28
78.03
63.22
66.52
78.98
93.03
95.53
70.84
67.79
66.94
68.43
61.12
69.59
74.71
70.33
71.33
61.17
73.47
84.94
87.08
73.68
64.21
64.91
75.5
70.47
75.35
71.08
75.83
75.92
73.21
64.7
63.17
62.02
64.88
65.85
78.79
72.28
53.91
56.18
71.3
95.84
84.83
77.3
66.19
60.84
59.45
47.48
54.59
63.63
61.74
61.6
86.98
66.69
64.21
79.42
75.59
88.37
77.32
58.46
87.13
92.79
82.17
80.48
78.46
77.6
76.81
94.09
90.5
82.25
75.98
73.17
77.64
74.49
77.19
80.97
77.05
80.4
88.11
88.81
72.16
79.48
75.15
82.58
71.47
76.53
89.02
82.22
94.43
88.72
72.23
72.79
79.67
69.48
84.07
82.56
80.06
67.96
67.9
70.99
70.74
74.21
73.76
71.13
73.74
70.3
71.61
73.01
59.16
78.76
69.83
63.28
63.52
80.96
69.13
68.36
81.98
80.34
80.4
77.76
82.23
86.18
86.27
78.55
69.21
68.3
90.78
78.45
60.46
66.86
68.19
67.41
71.8
71
67
69.39
66.16
68.49
70.5
71.11
68.64
61.72
85.08
79.03
89.94
90.17
85.35
87.13
83.47
81.73
64.7
72.42
72.66
71.31
71.44
73.32
74.35
83.97
73.97
70.67
71.12
82.93
77.32
72.82
65.84
62.27
70.65
71.63
73.3
69.21
79.29
80.72
83.04
80.21
79.21
71.88
73.93
81.03
73.33
73.47
71.13
73.47
84.07
87.01
85.8
80.77
88
83.88
76.95
76.86
78.09
76.96
77.12
82.05
81.32
89.65
95.5
84.64
82.3
86.94
92.88
92.8
94.46
85.53
85.62
81.66
77.68
73.32
77.74
78.06
78.92
79.52
83.09
81.67
84.49
91.39
87.58
81.48
93.63
87.27
86.53
86.81
81.69
75.36
89.15
90.03
76.58
75.46
85.47
83.11
73.66
88.7
78.58
70.99
78.26
82.16
87.01
80.16
82.4
84.35
84.04
78.84
79.15
74.95
75.36
74.56
74.26
79.29
84.72
90.71
89.55
83.19
70.05
91.83
84.73
90.7
94.08
91.31
88.87
77.16
84.25
88.75
86.06
87.96
84.69
80.03
82.94
96.47
96.76
94.31
89.47
84.43
90.21
82.94
85.17
90.57
93.99
96.36
90.57
94.75
90.73
88.32
85.27
87.14
88
96.86
96.17
94.96
93.93
95.68
93.93
84.72
81.08
84.61
74.12
76.72
80.49
81.6
81.87
95.16
94.05
93.62
87.55
93.59
79.33
77.31
78.68
81.86
84.01
76.36
77.78
85.3
88.88
90.84
96.06
89.79
93.49
85.24
88.17
87.43
84.37
94.28
94.83
91.04
91.15
89.87
95.11
94.24
94.36
95.24
89.24
89.47
92.58
90.66
93.32
79.84
75.11
77.85
68.18
62.28
63.96
65.21
80.59
67.36
73.65
68.57
65.89
72.73
73.21
78.88
84.87
80.16
81.52
68.2
71.89
72.07
75.81
81.37
80.35
66.28
72.5
78.85
76.16
77.7
63.62
66.33
78.26
68.47
66.53
65.1
78.96
71.34
68.89
79.68
80.92
64.87
72.04
73.04
65.28
60.62
68.96
71.32
60.65
65.43
62.42
57.48
62.59
60.4
55
61.51
69.89
70.35
68.47
72.15
64.71
72.09
85.03
63.16
74.65
65.72
74.13
65.76
60.61
65.76
82.5
72.7
74.86
67.09
85.29
73.47
69.03
86.08
68.02
64.38
67.4
86.49
60.4
52.83
63.01
57.58
55.94
73.1
70.32
68.93
55.1
58.79
58.7
52.02
64.91
61.73
63.79
64.45
57.35
56.12
62.55
83.22
77.04
72.73
66.35
74.89
73.9
87.15
77.03
60.83
70.19
59.4
61.03
64.33
70.22
69.52
67.92
68.82
79.61
71.18
66.32
64.24
61.98
59.28
59.42
87.93
96.42
69.69
89.84
76.77
73.27
69.13
70.48
61.03
63.21
87.52
64.5
76.89
61.08
62.11
60.37
59.43
62.76
69.49
82.84
68.37
64.34
58.48
63.52
64.97
62.39
63.91
75.59
57.55
51.44
54.01
56.12
56.49
52.92
52.24
57.64
65.02
89.79
74.69
67.67
63.72
56.48
66.48
66.03
60.29
58.08
60.25
62.78
63.01
59.81
81.33
77.18
58.78
86.09
82.08
61.22
70.89
96.34
75.18
60.74
83.08
77.51
80.07
70.28
75.19
71.7
68.69
58.44
72.87
68.15
84.47
72.93
73.12
73.79
69.84
64.96
67.7
66.62
89.34
84.24
75.87
73.28
76.58
71.76
69.99
64.24
65.74
71.39
68.25
64.67
61.45
60.42
57.89
51.43
50.33
51.88
57.38
62.66
58.66
58.22
60.59
68.54
69.48
60.41
78.44
86.99
84.71
77.71
75.81
69.72
70.97
88.67
80.7
74.98
70.94
70.83
73.01
72.38
74.54
85.8
80.73
87.16
86.11
87.9
89.58
91.78
82.95
82.15
92.53
87.61
86.89
80.37
77.86
73.1
76.59
91.24
89.97
96.65
92.96
89.47
87.89
92.64
86.1
96.26
94.73
83.45
69.8
78.73
89.09
90.81
85.42
79.92
92.39
96.05
82.2
82.9
85.47
83.25
88.56
88.4
85.94
92.16
81.3
86.92
85.63
70.9
94.76
98.45
83.72
93.99
96.91
83.63
86.55
78.75
77.7
89.41
90.56
80.59
74.63
66.36
85.57
97.06
98.45
95.04
97.8
94.28
85.21
90.94
80.87
86.23
97.96
96
87.72
82.59
79.61
95.37
100
100
100
100
100
100
100
87.59
94.18
99.17
95.9
94.6
90.57
96.7
98.52
85.08
89.5
94.83
99.09
88.64
81.63
73.7
77.69
84.14
87.19
99.36
100
100
95.39
99.59
97.07
93.48
93.43
96.33
96.93
94.38
77.64
87.54
97.38
75.83
82.29
90.38
79.34
81.96
84.78
86.39
92.33
86.2
90.44
94.82
94.66
89.56
92.96
97.6
98.38
97.62
99.64
91.18
94.81
92.01
83.05
67.65
68.8
74.32
78.25
72.01
77.12
76.22
68.06
62.11
72.49
77.73
77.55
77.8
80.32
70.67
78.77
76.69
80.29
70.69
57.98
64.97
61.69
60.82
79.78
75.18
65.69
65.18
60.72
71.1
90.77
77.09
88.21
73.45
78.44
70.41
71.16
73.65
66.32
73.69
66.08
67.46
87.14
83.07
77.94
70.85
68
67.41
75.93
84.39
93.3
97.94
80.4
73.65
76.44
82.97
79.82
73.93
81.52
83.87
72.79
70.93
60.61
59.12
55.4
69.29
57.73
63.37
93.44
74.3
71.42
90.14
74.42
61.78
62.81
55.77
74.43
73.49
61.14
77.5
90.36
87.78
78.06
67.58
57.99
61.43
80
65.21
63.13
62.74
69.37
64.98
60
62.89
66.5
81.33
78.74
80.5
84.52
81.4
64.59
71.87
55.2
57.4
56.15
62.44
61.36
61.49
70.45
70.1
68.67
74.09
69.61
56.04
56.88
58.66
49.94
56.08
59.78
56.86
55.8
80.87
60.94
57.96
81.73
65
62.01
74.04
72.68
67.3
69.49
71.62
89.47
69.22
69.96
78.44
64.89
64.61
89.64
72.93
62.09
63.67
55.88
76.83
73.5
65.38
62.03
59.19
67.86
77.99
78.04
64.21
82.41
60.48
57.48
85.26
78.47
75.99
62.6
58.72
80.6
81.02
71.17
77.55
73.37
70.85
65.98
64.49
90.1
79.71
69.11
86.4
89.23
69.57
77.43
82.31
71.4
66.32
67.27
64.54
61.24
68.02
62.44
63.01
63.97
65.82
63.08
60.06
59.58
60.5
63.4
66.53
75.64
83.7
64
63.55
66.78
70.3
68.95
64.61
63.05
65.81
66.57
71.56
78.28
76.5
79.78
73.54
64.38
65.41
61.26
61.66
64.02
82.09
85.52
80.34
68.75
79.76
96.24
86.02
74.21
86.21
92.81
79.98
80.69
78.39
74.09
77.6
96.05
90.1
96.32
86.52
89.21
77.96
81.27
85.87
98.15
88.91
90.98
89.4
81.26
81.21
88.59
92.24
92.37
81.47
79.74
85.76
87.59
86.98
88.18
78.46
87.08
94.02
87.75
84.8
88
89.8
89.04
89.98
96.31
98.77
99.38
97.1
79.38
87.76
85.02
93.63
96.69
86.99
88.98
92.25
95.69
89.78
66.79
61.89
68.65
84.1
75
76.34
84.44
89.79
84.2
85.29
67.46
86.92
96.71
94.36
65.26
76.48
79.28
82.08
96.75
90.87
71.62
71.43
77.77
70.2
66.59
68.92
85.42
94.51
96.96
92.1
94.16
88.73
97.31
99.29
99.26
97.16
97.69
90.52
82.13
82.86
81.6
92.39
97.12
77.35
79.47
83.04
78.95
82.3
87.75
86.99
83.3
78.47
81.15
89.18
78.52
68.26
83.52
80.55
77.53
72.94
71.52
76.18
68.73
58.64
55.26
73.27
68.03
61.17
75.66
87.56
86.08
96.88
96.79
95.26
96.31
92.9
90.02
92.62
94.25
91.46
90.46
87.84
81.06
82.73
81.57
77.9
87.47
89.44
74.71
75.97
62.43
67.56
68.55
83.05
80.58
85.75
97.61
87.45
80.04
97.03
94.97
93.79
82.77
70.5
65.13
78.55
82.3
67.72
73.09
90.53
97.11
85.23
75.19
73.13
53.57
62.64
62.56
55.21
56.12
66.22
87.71
90.89
91.71
83.64
78.78
66.99
65.45
58.33
53.87
55.78
53.89
52.76
55.67
60.46
51.6
58.12
75.64
71.7
66.64
75.32
71.82
81.24
76.32
68.39
71.15
61.54
62.19
55.83
57.59
55.97
48.11
49.8
51.65
55.53
52.61
52.32
54.95
45.05
53.37
46.84
48.02
87.84
93.48
94.91
94.75
86.51
82.6
74.16
80.53
82.02
85.66
87.09
74.4
66.27
64.33
81.66
66.89
66.26
81.97
66.76
57.35
64.72
61.53
53.87
58.37
61.4
81.59
76.58
73.53
62.45
71.8
69.75
67.74
74.14
81.62
80.56
64.7
67.37
63.69
63.98
68.88
71.5
74.76
77.29
62.88
63.93
66.77
89.57
80.49
79.4
57.86
54.71
56.89
59.52
54.55
59.56
61.5
76.86
78.51
78.95
72.35
81.45
83.8
51.81
62.64
63.69
72.53
70.97
67.89
67.69
63.24
59.75
60.1
61.45
59.9
57.74
61.9
67.79
54.75
55.03
84.69
62.89
61.2
60.08
57.74
61.69
78.41
66.81
64.52
75.5
61.66
63.45
63.53
49.19
48.22
65.43
69.36
77.57
78.67
69.84
76.03
67.79
63.43
63.63
84.12
70.42
76.41
72.39
62.52
57.05
63.61
73.52
68.93
86.07
86.67
75.84
68.75
83.07
74.91
86.49
90.88
85.09
78.57
78.79
92.97
87.48
70.54
75.26
74.3
75.91
72.73
75.32
75.44
75
85.06
89.37
82.13
80.25
77.58
73.66
86.5
86.56
81.37
77.62
72.15
77.78
68.37
70.97
78.19
80.67
78.12
75.95
76.23
78.17
90.27
80.43
61.62
70.69
69.3
78.2
72.02
74.56
74.74
81.23
89.12
85.33
97.61
97.93
98.08
94.11
82.46
81.58
79.04
68.03
75.9
80.4
81.65
85.3
88.76
78.98
88.47
75.95
75.61
89.78
94.04
100
97.56
90.61
86.49
90.08
83.11
69.46
94.76
92.38
83.05
78.9
82.8
75.1
86.8
85.23
72.09
79.41
46
63.21
75.39
93.22
91.3
95.7
88.41
96.94
78.38
68.41
90.4
85.43
83.57
72.59
76.39
77.1
84.09
68.22
58.24
57.34
74.32
92.12
79.36
82.8
78.86
90.52
88.23
80.97
82.06
88.32
96.24
98.75
97.89
96.16
98.89
99.8
98.98
99.43
99.15
97.84
98.55
89.46
81.96
76.09
79.86
86.23
92.33
94.74
97.59
96.66
99.18
91.22
83.46
85.74
89.77
95.4
97.32
79.35
68.79
91.34
94.83
91.63
98.62
86.09
88.77
75.53
89.99
84.22
86.88
81.82
79.73
90.38
81.62
86.93
85.26
75.24
79.98
76.07
79.33
85.1
90.3
87.34
94.69
94.93
95.54
96.91
98.28
98.16
93.98
90.5
95.47
90.95
88.51
86.53
91.45
94.21
76.92
77.21
68.49
92.36
68.92
59.87
65.3
86.08
81.36
82.26
89.2
82.1
77.43
76.46
73.57
87.58
79.51
72.94
80.46
86.68
84.73
75.02
89.97
82.96
72.07
83.95
76.04
77.65
68.76
72.77
90.64
84.78
86.67
84.04
80.88
78.4
69.84
67.41
63.64
58.62
56.02
70.25
74.18
66.74
63.84
60.13
56.17
62.01
41.04
42.54
42
38.25
40.55
46.74
45.75
45.95
52.88
58.18
62.06
44.43
55.22
69.34
55.78
58.67
55.41
56.41
47.74
53.93
61.35
90.49
89.35
62.17
63.43
63.14
54.95
55.76
52.34
64.04
56.42
46.44
42.51
61.39
61.92
55.69
47.1
78.73
69.66
60.92
60.76
58.57
59.32
64.01
60.17
54.48
50.78
50.82
57.73
43.15
65.53
75.7
71.05
67.91
63.87
56.37
58.88
55.3
60.82
57.3
77.32
73.71
64.13
54.75
64.41
64.27
75.44
79.32
73.47
75.73
68.64
66.27
81.66
78.76
79.86
70.08
66.1
67.97
71.11
65.15
63.82
64.02
67.52
64.86
62.51
70.18
83.68
77.14
62.66
86.65
69.53
71.69
59.81
58.59
59.2
65.35
64.75
56.37
63.03
63.68
72.64
65.69
57.97
70.85
79.36
83.71
67.09
65.83
62.4
55.85
61.14
64.1
57.66
66.75
66.4
59.01
56.17
58.34
64.2
62.14
59.54
59.52
58.86
55.21
84.4
69.47
79.8
69.19
58.69
64.82
71.85
68.8
85.63
79.98
68.5
63.79
67.28
65.14
61.58
52.46
53.07
50.98
49.84
42.32
47.05
48.42
56.93
70.28
76.26
68.18
57.23
60.41
61.94
61.14
57.84
53.55
56.16
57.81
57.43
49.98
46.98
59.5
80.08
96.4
73.78
72.91
64.57
65.17
69.91
72.7
62.68
60.16
84.39
95.59
84.58
76.24
88.43
72.78
70.39
72.35
71.45
72.18
74.61
73.95
73.08
67.25
58.31
83.51
71.47
72.23
74.9
76.11
95.05
82.43
82.62
83.19
88.42
91.82
87.63
73.38
85.16
75.12
73.53
78.44
84.17
81.86
75.03
77.55
82.17
80.62
78.42
82.09
87.52
92.53
91.34
86.63
92.3
92.75
88.58
83.98
87.11
83.47
94.08
97.46
84.26
70.75
94.3
93.56
88.01
82.88
93.59
92.6
92.63
93.1
93.28
83.85
77.24
79.61
89.1
90.24
96.96
92.19
96.67
85.24
90.03
94.61
86.97
76.33
77.66
81.99
97.33
94.35
94.64
94.52
95.81
99.21
99.45
100
100
96.69
86.37
72
79.9
79.37
88.25
89.05
88.8
89.59
92.62
80.61
80.73
70.18
81.13
89.44
89.76
84.95
94.48
63.9
62.66
68.24
71.8
86.4
82.99
89.7
99.53
99.46
88.15
77.42
72.37
74.85
78.53
76.09
82.56
87.72
94.63
98.5
93.18
87.66
84.84
73.26
91.17
70.5
83.61
97.76
84.82
85.95
65.77
67.56
69.82
70.53
75.09
80.51
88.85
90.27
88.52
75.45
69.61
75.96
78.78
88.11
80.32
60.81
66.27
69.27
76.85
66.43
78.37
74.74
65.64
79.15
90.13
82.56
84.75
81.26
82.66
75.25
67.14
58.18
92.07
95.81
85.66
83.51
95.76
92.79
88.66
83.09
74.27
66.81
61.07
64.68
62.52
70
80.27
94.91
81.9
76.7
82.34
81.7
79.16
79.6
80.98
71.22
62.87
58.24
44.84
58.03
63.42
86.67
94.07
93.64
89.02
78.99
82.68
74.57
66.89
70.62
70.45
76.8
59.71
64.24
71.17
91.74
92.56
87.59
66.73
75.15
87.88
77.37
67.6
73.93
75.01
77.73
75.06
88.19
83.14
81.12
93.55
72.94
67.3
63.28
76.62
68.81
68.51
70.8
65.57
61.43
67.33
74.57
74.7
68.32
80.52
81.3
82.62
83.73
90.84
79.05
76.08
71.89
70.28
83.81
61.68
62.69
75.49
82.81
72.13
76.65
64.62
72.11
89.75
76.78
62.46
61.5
56.45
72.65
92.64
82.95
66.92
65.52
80.46
91.95
86.24
91.03
94.74
80.77
66.49
66.13
61.58
70.38
77.44
87.83
84.18
69.61
69.4
81.04
65.54
77.78
82.88
89.2
80.23
75.89
77.42
68.98
94.07
74.25
74.39
79.94
82.64
76.65
73.45
93.77
73.4
71.11
73.14
80.42
81.16
75.69
70.09
68.4
82.63
73.92
68.15
74.05
82.82
75.23
73.51
67.64
69.93
72.84
67.1
74.08
77.71
75.32
71.05
69.8
64.27
69.73
75.97
79.25
63.22
75.17
74.89
80.12
73.63
71.58
77.54
89.01
81.53
83.32
77.43
76.77
77.78
77.16
74.28
70.64
70.65
69.32
54.43
59.08
73.56
80.86
72.03
73.49
73.7
76.14
92.5
71.28
72.94
74
76.36
85.74
85.75
87.04
82.23
78.52
75.26
75.28
75.4
65.02
58.92
65.82
64.47
73.58
78.73
77.03
88.11
76.95
62.63
72.71
82.99
81.81
81.8
84.23
84.46
93.94
80.42
76.21
75.72
81.17
78.76
87.87
89.54
93.35
87.94
81.42
87.04
82.05
89.33
87.45
92.8
96.15
82.82
76.15
89.73
95.68
96.87
96.47
94.13
85.74
90.79
87.19
92.27
97.89
96.72
91.45
91.61
86.67
85.75
80.56
71.57
80.77
90.01
91.43
95.49
97.6
94.14
89.51
72.47
84.83
81.11
96.01
93.71
94.6
94.86
88.61
65.92
72.35
75.07
72.98
73.95
68.91
71.24
63.47
73.52
64.48
52.8
57.8
72.29
85.82
87.91
89.88
97.93
99.76
92.59
94.56
95.01
97.28
95.98
96.61
90.73
83.18
83.72
88.63
96.07
95.44
94.71
95.86
96.43
98.27
92.77
77.7
68.68
81.03
93.61
81.71
71.29
80.45
88.27
99.15
98.05
80.61
74.76
83.27
84.62
79.5
71.44
70.03
72.52
73.69
74.76
73.79
88.21
86.84
93.06
87.67
95.51
82.55
69.55
74.61
77.22
91.92
88.15
77.76
70.16
71.5
76.76
90.1
79.54
81.59
69.24
77.92
73.81
64.43
68.13
70.61
77.7
94.79
85.45
84.48
83.66
85.73
76.53
74.41
71.44
68.31
76.81
80.46
78.48
71.07
79.43
66.29
68.51
77.48
75.77
89.37
93.66
92.01
84.71
95.02
83.16
64.37
60.45
60.25
65.39
68.66
89.51
78.67
64.87
56.94
60.5
78.69
66.4
62.61
70.21
70.13
72.33
70.25
66.03
57.81
52
71.38
62.36
69.21
62.03
56.97
66.86
84.35
78.64
78.44
74.99
71.93
88.7
54.9
54.5
59.37
55.71
49.07
42.88
45.96
44.7
45.63
82.15
76.41
77.46
82.74
82.53
71.36
62.7
55.64
66.05
73.11
90.66
91.62
53.45
52.6
52.87
59.84
71.19
69.41
60.61
66.33
59.72
64.16
66.12
63
58.84
80.34
83.7
66.92
65.63
76.99
80.25
83.74
65.9
62.46
61.18
65.21
77.99
80.6
72.26
93.31
78.98
63.33
68.66
67.79
68.26
65.54
60.89
63.46
67.72
66.38
64.99
62.57
62.32
56.25
59.19
57.87
63
84.15
74.76
78.66
65.69
67.23
66.92
65.19
76.25
65.76
61.39
72.57
77.21
64.38
61.96
54.74
62.43
58.16
69.42
61.73
60.11
63.36
78.86
82.54
82.56
81.33
86.16
93.84
79.3
63.41
67.13
87.75
69.78
74.64
91.91
93.2
85.17
90.36
96.23
81.54
75.32
70.12
70.3
72.99
71.84
72.34
67.17
83.98
82.09
86.97
80.96
77.26
81.47
80.59
79.17
76.52
76.33
68.57
62.9
68.55
90.79
80.72
66.66
71.76
86.86
70.76
69.74
74.3
81.34
84.18
80.86
77.18
90.36
90.78
94.91
82.86
82.78
84.44
96.15
93.75
88.94
84.55
79.15
84.27
89.04
91.86
84.09
85.58
84.82
85.14
88.25
80.5
82.09
80.69
79.56
80.17
79.2
81.2
89.92
89.74
78.16
83.14
83.5
84.73
78.75
91.31
91.14
93.54
92.34
87.12
92.06
87.64
85.89
87
89.91
89.65
93.19
99.09
82.66
82.38
85.51
97.45
94.91
87.68
86.36
85.14
81.03
88.14
85.7
91.36
86.53
91.59
90.09
86.09
77
72.91
79.59
84.82
88.49
88.12
84.26
83.62
89.78
86.05
85.11
88.32
88.52
70.88
82.73
86.23
89.44
90.89
92.68
89.27
88.26
88.85
89.14
90.49
90.61
98.08
96.53
94.34
94.77
91.9
91.66
93.69
80.38
88.23
79.52
79.36
87.79
89.08
83.1
92.79
89.06
97.12
96.99
97.62
96.2
94.76
89.36
97.64
85.13
91.73
91.65
98.99
90.14
88.85
87.19
75.61
84.38
88.17
96.35
90.42
81.74
76.47
74.35
65.96
62.44
71
77.37
88.55
81.02
84.83
90.34
93.5
96.79
97.88
98.25
90.55
85.9
97.5
98.42
94.55
90.32
98.62
99.1
96.51
93.73
93.11
93.44
92.26
91.47
96.03
87.38
85.73
86.29
94.56
90.4
85.08
91.07
85.84
75.04
65.14
73.89
74.66
79.24
82.08
79.65
83.22
92.32
92.22
96.85
97.71
96.63
91.34
70.56
69.38
70.4
70.62
76.82
83.59
74.67
67.85
75.23
76.72
78.02
83.86
95.83
80.14
75.02
75.68
87.32
80.56
78.78
87.44
96.52
89.84
73.9
73.55
71.55
75.11
76.81
83.53
94.48
77.91
71.2
63.44
66.53
88.55
77.58
69.05
51.73
69.64
71.87
79.25
76.88
81.92
72.55
66.35
66.36
69.69
55.55
54.55
64.9
71.91
66.51
69.41
71.37
51.22
69.3
69.64
69.83
75.22
65.38
71.97
62.39
54.85
53.94
52.46
56.91
83.4
55.35
59.46
64.21
68.59
78.79
74.04
72.73
51.36
55.12
59.01
60.4
63.57
65.98
60.72
61.5
86.76
92.36
92.54
91.08
83.65
84.79
79.36
67.27
63.31
65.92
81.37
71.15
69.99
57.27
56.16
57.16
64.62
83.72
70.85
70.33
80.01
73.44
89.37
85.21
89.74
71.21
58.74
88.69
71.33
74.27
74.01
83.97
94.66
92.86
68.94
73.37
84.16
87.04
68.99
68.66
85.35
69.88
64.08
64.08
83.02
77.02
70.01
71.34
70.45
65.84
75.22
77.6
76.58
70.17
64.72
76.04
70.22
73.56
70.49
71.53
66.75
71.47
68.61
88.6
77.88
73.69
84.69
91.34
77.13
69.1
67.28
69.66
72.71
73.38
73.2
70.53
72.91
72.03
70.05
55.2
53.53
55.75
60.82
61.99
62.84
64.02
62.58
70.86
71.96
71.96
67.33
69.45
65.06
66.25
72.33
68.75
85.68
82.83
86.88
87.46
77.79
80.06
91.19
71.85
67.73
69.2
76.1
95.61
84.77
85.16
77.94
75.57
71.05
65.66
76.06
74.15
80.77
80.82
83.35
80.11
91.69
81.42
84.74
81.35
72.84
84.53
65.94
71.5
79.46
83.36
79.09
78.66
75.98
81.82
78.04
72.72
75.38
80.07
76.45
76.01
79.51
81.96
89.2
82.84
94.3
93.23
78.13
81.66
82.87
76.11
80.93
83.42
77.01
79.35
80.82
82.3
86.28
86.17
85.65
70.76
87.02
85.61
79.81
81.28
73.19
81.16
83.35
84.51
85.13
86.84
84.52
84.73
71.09
78.04
77.67
78.42
73.76
81.6
86.57
75.11
80.93
90.08
88.34
95.38
92.89
86.07
70.71
73.15
84.1
66.1
78.17
77.23
56.4
70.18
82.22
84.36
76.46
64.07
74.38
81.69
75.53
76.02
83.27
75.82
79.16
84
92.02
96.38
95.19
94.34
78.07
87.64
76.51
94.73
96.32
96.81
95.77
90.07
90.22
84.33
94.94
97.29
93.37
82.77
83.48
78.47
79.67
92.88
96.74
96.35
97.15
97.6
98.94
98.68
99.14
88.34
71.19
70.71
82.58
81.95
88.99
95.55
81.59
76.26
88.99
95.89
94.13
95.93
98.87
86.43
87.51
68.64
71.77
79.67
73.55
76.76
89.19
83.92
80.12
73.08
62.32
58.16
78.5
77.69
85.68
84.89
75.82
84.91
93.93
87.19
91.13
95.47
92.96
86.87
80.47
83.53
80.17
63.76
74.64
78.96
63.15
68.95
68.17
66.02
64.12
73.83
93.63
77.97
85.23
92.28
88.69
82.9
76.58
65.11
78.7
78.72
78.5
82.01
89.32
83.2
95.54
89.49
77.95
78.23
76.93
93.29
83.57
80.11
72.57
84.63
92.54
65.71
68.7
65.54
65.78
90.31
72.52
65.22
54.6
66.48
68.44
62.7
55.91
66.28
58.81
54.78
84.81
92.11
80.09
67.55
69.21
89.48
75.35
63.31
61.09
64.61
81.1
74.75
62.45
63.12
50.31
62.91
70.09
46.63
52.1
53.61
50.84
60.71
51.11
57.71
62.32
60.37
54.82
51.15
49.24
52.43
56.53
52.35
53.58
47.28
52.6
50.22
61.45
60.41
63.06
57.17
49.97
52.26
48.69
43.65
43.14
62.65
80.91
87.42
85.9
66.32
76.91
90.26
75.54
62.61
82.01
72.41
53.69
80.68
81.24
79.7
61.34
66.43
75.87
74.97
66.4
65.46
69.51
67.18
68.36
63.01
80.11
77.29
80.53
69.22
68.45
79.93
75.7
81.07
80.97
80.86
78.53
77.94
73.42
71.15
67.72
73.29
69.62
69.99
63.95
62.68
65.8
60.9
71.01
68.35
61.79
59.15
64.1
59.18
54.85
56.01
78.02
73.9
65.84
68.89
60.29
55.96
65.99
83.6
62.59
57.27
60.12
62.49
64.96
84.78
69.53
65.38
61.67
62.67
62.13
53.7
49.88
55.84
56.98
53.75
52.75
47.14
49.3
60.39
61
53.58
60.88
67.52
71.04
92.28
68.11
60.1
61.22
78.77
56.85
53.42
61.41
62.13
66.3
69.76
80.8
83.74
83.07
72.55
68.75
69.57
62.91
62.13
63.04
76.57
88
72.5
76.06
75.8
76.42
67.93
64.97
65.08
71.47
87.93
85.9
77.27
72.65
72.01
69.8
81.26
69.9
85.7
92.99
77.61
75.93
73.68
76.5
75.9
73.5
75.71
78.7
76.06
77.05
86.88
74.98
74.68
75.37
75.19
77.33
76.76
77.54
76.59
90.24
81.06
75.22
76.54
79.17
81.12
85.41
91.82
93.93
80.51
76.49
79.68
81.09
83.72
75.62
79.82
72.47
69.31
71.76
76.96
78.15
87.39
67.29
76.91
79.03
78.6
88.04
93.3
91.55
92.68
91.83
93.66
92.26
91.43
78.82
76.06
77.7
83.23
80.19
72.36
88.89
73.19
76.8
80.74
66.91
82.51
63.03
77.95
87.84
76.69
71.37
76.49
93.06
93.23
89.82
86.87
80.83
71.64
81.13
93.75
77.95
79.73
82.34
80.3
86.77
84.69
91.77
85.17
86.55
78.48
83.17
83.95
87.07
88.5
94.71
90.62
89.05
68.6
79.21
84.99
87.56
83.18
88.28
88.51
92.15
94.89
95.52
95.63
95.99
95.31
94.99
94.45
94.96
95.5
95.53
94.79
92.71
90.54
90.65
90.78
88.34
94.78
95.49
91.83
95.59
96.73
95.19
83.96
86.76
92.23
83.77
78.67
89.72
93.1
93.2
77.95
82.6
79.18
62.3
69.07
76.19
75.1
56.76
61.61
73.69
67.31
75.65
77.16
74.24
82.01
82.84
84.29
87.43
63.43
61.04
74.44
77.43
78.59
77.49
77.78
82.33
65.12
45.46
44.82
41.91
59.32
68.29
63.76
60.09
67.9
67.93
62.16
62.18
59.32
65.66
70.03
61.55
53.94
65.33
66.82
55.39
51.04
59.25
90.14
80
65.77
78.32
77.18
52.66
65.98
66.93
65.59
72.52
79.25
70.03
73.04
60.8
80
86.83
79.93
61.4
52.95
68.08
73.15
75.98
62.25
54.1
58.28
71.02
65.3
58.81
61.89
58.55
68.99
67.33
65.23
60.79
65.88
74.67
67.39
69.37
74.3
66.28
78.07
70.74
68.65
64.73
76.36
77.92
72.6
60.75
74.58
71.77
61.92
51.84
66.25
68.29
77.89
69.83
63.95
63.02
74.08
76.01
62.46
58.73
62.54
65.53
57.44
58.13
57.64
62.53
61.18
67.47
64.05
72.6
80.77
90.49
87.11
77.36
74.12
76.86
75.13
74.08
63.84
58.66
57.1
68.8
66.95
68.51
72.82
81.28
88.51
91.06
82.8
92.53
86.38
77.99
72.99
81.58
78.79
70.67
72.21
71.98
71.61
84.14
83.82
72.62
72.49
74.67
70.41
66.72
71.72
77.38
70.43
81.34
72.16
72.11
84.52
71.92
72.6
66.37
70.62
62.79
64.14
71.19
90.05
72.03
74.61
63.93
64.72
75.32
91.33
69.9
65.31
79.19
86.38
72.34
73.31
83.54
71.27
85.4
77.29
79.62
78.74
73.13
73.76
73.61
80.87
77.51
76.24
78.87
74.13
77.72
86.24
72.85
71.05
83.1
81.05
74.23
72.33
65.11
61.32
71.79
75.32
85.83
80.97
76.29
72.73
73.08
73.3
75.04
80.07
83.71
77.61
74.68
76.91
75.86
73.25
72.59
69.31
70.34
73.58
73.34
66.02
66.08
64.12
67.89
78.16
74.92
74.36
74.34
81.93
73.33
84.11
91.24
79.22
66.91
72.36
72.66
69.04
81.67
88.19
82.78
81.41
91.38
79.9
78.36
81
76.79
76.54
76.64
81.24
90.72
84.98
73.64
78.18
85.13
87.03
86.9
88.4
87.96
88.19
84.48
82.76
83.09
79.49
89.03
83.4
84.04
85.11
89.54
87.66
77.82
82.64
87.11
85.07
90.24
81.68
75.14
72.14
69.01
88.64
95.23
85.05
89.95
90.08
90.31
96.84
96.67
93.25
95.94
94.65
96.36
94.26
93.68
89.21
97.18
76.19
81.35
80.74
71.81
86.77
70.63
64.12
65.74
94.11
79.1
74.34
82.35
95.59
91.62
88.58
92.77
97.85
99.19
87.05
95.7
87.95
87.42
86.59
72.4
89.4
94.25
96.83
97.12
95.47
99.21
99.37
95.21
96.37
85.43
77.33
88.24
83.89
83.01
90.06
83
85.6
85.23
86.14
88.07
83.72
88.34
85.49
80.47
81.83
83.91
86.59
82.47
77.19
80.38
89.23
88.5
90.01
89.57
92.86
93.4
93.26
91.97
93.27
89.96
75.54
92.6
91.71
92.01
96.27
85.62
87.29
95.14
93.15
85.36
75.98
80.3
92.58
95.35
98.32
98.04
91.41
80.43
83.73
94.3
66.1
75.49
77.58
70.4
53.98
51.46
57.44
62.32
72.36
61.59
56.83
62.79
81.22
84.53
89.09
89.99
76.94
74.35
78.04
72.93
80.14
90.5
92.65
89.76
90.98
90.81
69.24
53.96
64.06
52.49
58.78
61.16
65.45
68.85
76.01
66.32
69.49
49.69
86.76
72.02
60.5
48.2
44.04
55.75
48.72
66
60.84
57.86
80.61
80.93
77.58
89.43
57.22
68.98
66.57
61.08
59.67
54.94
50.97
55.58
51.88
46.37
49.86
58.7
61.64
57.28
52.29
63.06
63.68
74.08
75.63
58.12
50.16
76.76
64.71
64.12
50.51
51.63
62.18
82.86
76.1
58.93
58.24
66.99
70.9
56.13
64.5
65.04
65.48
66.6
65.43
64.14
84.63
89.66
92.98
85.43
78.42
77.89
76.5
74.77
68.69
66.12
77.19
78.73
78.34
78.38
70.44
88.05
63.67
69.15
87.97
73.24
78.38
74.77
58.21
72.39
88.13
67.86
85.29
75.15
61.75
66
80.33
62.97
67.1
63.59
68.29
71.08
73.67
67.06
62.33
84.92
65.83
84.61
94.91
93.74
79.74
89.58
83.28
90.82
87.21
75.81
80.84
80.49
78.24
77.06
79.97
79.59
79.15
88.84
79.47
91.74
72.35
67.7
72.19
73.75
76.04
71.68
68.67
84.88
67.12
70.81
70.15
66.7
55.74
61.57
72.91
65.77
66.27
69.1
68.67
67.54
61.52
67.34
61.34
69.11
90.75
74.33
71.75
72.21
73.84
73.89
71.71
80.72
72.51
80.98
84.88
78.75
75.2
74.67
72.08
72.59
73.36
68.91
79.9
72.78
75.93
74.25
76.11
76
73.93
82.64
65.34
71.68
73.23
77.26
71.33
91.35
79.34
72.12
72.84
73.99
73.99
71.92
77.7
75.16
74.65
88.99
88.93
81.74
89.08
89.69
86.59
78.55
78.93
76.53
77.44
77.55
73.15
72.14
75.76
77.11
78.67
75.14
81.79
91.5
79.26
76.25
75.16
72.64
77.77
81.62
87.44
90.54
85.45
86.5
63.56
64.83
60.54
69.1
80.72
85.08
76.55
77.36
75.35
74.03
90.04
89.01
87.04
92.67
80.74
80.8
90.19
80.45
86.27
94.92
90.16
93.72
92.87
92.62
96.76
95.09
98
94.94
90.74
79.81
82.6
83.85
81.73
88.72
89.33
85.25
90.55
89.78
87.27
98.4
97.39
97.32
90.08
84.73
83.24
85.89
94.78
80.84
66.37
90.6
97.02
96.88
94.75
92.53
97.78
96.11
98.26
76.04
81.1
93.55
84.68
77.53
90.63
84.03
81.46
86.32
85.53
90.94
85.07
84.38
80.94
84.24
84.16
80.77
83.51
95.58
92.58
94.25
92.7
97.02
97.16
72.94
60.89
78.86
93.92
92.6
93.35
96.57
97.55
97.83
89.93
86.47
90.77
89.09
87.7
87.76
95.82
93.68
94.73
89.98
86.74
79.31
80.53
83.12
77.49
77.78
71.91
75.77
73.38
78.12
65.14
65.54
71.21
67.88
82.85
87.22
94
79.25
78.21
83.83
88.99
93.99
82.62
71.75
74.93
80.6
84.36
84.35
87.83
93.46
83.51
66.57
71.23
76.27
79.43
77.84
83.64
58.32
50.88
73.45
63.58
67.54
75.07
50.05
60.34
64.58
58.04
51.55
73.38
90.4
74.03
59.09
53.76
62.03
71.01
70.11
68.24
60.95
60.54
64.49
90.55
85.82
80.13
78.5
64.51
72.33
64.72
55.09
54.61
87.11
69.33
74.31
63.85
57.13
79.25
52.35
65.28
70.24
64.42
61.82
77.2
92.68
93.55
87.61
80.75
78.34
63.72
78.4
69.85
61.06
64.3
67.25
76.48
69.63
68.37
67.44
67.54
64.28
61.46
60.72
59.51
68.61
78.01
86.98
97.53
76.02
69.35
77.96
73.34
69.83
77.14
83.78
94.25
88.66
88.74
81.17
70.63
70.61
65.17
78.11
80.94
71.36
70.53
65.33
68.2
71.91
71.19
75.24
78.88
86.32
82.43
78.68
95.49
91.41
87.4
70.78
75.32
77.57
76.77
68.47
60.08
50.45
51.17
68.15
79.13
73.73
95.18
92.03
83.08
83.86
83.65
83.63
61.93
56.32
61.77
77.49
82.92
65
66.45
67.68
64.88
66.81
71.41
70.93
67.84
72.08
68.32
54.29
60.7
60.82
61.26
64.15
65.99
80.3
72.82
74.87
77.76
73.13
73.32
70.18
77.44
75.75
71.84
75.74
81.47
77.09
73.23
68.71
64.68
79.36
93.75
80.98
76.04
78.89
89.56
76.83
79.08
89.39
90.54
78.22
88.59
83.59
80.71
78.92
84.03
87.64
84.52
81.77
77.34
82
85.39
78.72
79.51
78.97
76.31
87.47
85.5
83.87
82.61
94.28
79.46
93.21
87.87
60.75
76.71
88.22
92.42
82.12
87.65
97.35
98.22
90.76
83.49
83.38
90.06
86.29
78.07
83.14
91.72
97.89
95.32
89.39
80.53
83.72
85.32
85.95
88.15
93.18
96.45
93.27
85.92
84.27
83.93
86.32
87.18
83.39
87.79
94.32
98.99
92.18
92.77
89.71
88.9
88.47
89.35
91.47
88.69
85.35
87.6
96
97.12
90.76
98.78
87.73
87.99
87.57
82.14
93.22
74.82
78.64
82.26
74.93
73.45
70.21
80.29
88.81
91.19
90.92
84.93
90.58
84.19
89.91
81.56
90.06
80.06
73.34
77.02
72.5
73.3
87.53
89.4
93.85
98.76
96.57
98.62
98.5
90.79
87.15
88.23
97.03
92.07
97.39
96.82
93.48
97.47
99.88
98.96
95.11
93.32
86.6
87.92
87.13
86.46
86.86
84.78
79.49
66.36
63.18
63.65
79.91
85.13
92.23
86.77
85.09
90.05
90.66
90.81
92.47
82.37
64.65
75.9
82.33
85.99
94.06
96.45
96.33
97.1
93.89
92.73
87.57
86.25
78.68
82.97
81.95
95.31
99.43
97.02
94.35
90.48
85.89
84.84
96.63
98.83
98.21
73.19
73.3
65.93
69.66
79
78.06
84.33
94.88
89.05
90.57
84.14
79.18
79.25
81.75
85.93
79.21
70.81
79.2
73.53
75.73
80.54
80.05
73.46
71.21
77.17
95.38
82.23
95.91
97.48
95.4
86.81
80.81
73.22
70.9
64.47
60.73
62.32
68.17
86.54
80.49
88.7
82.07
88.27
84.1
83.34
58.43
48.59
54.99
55.21
62.69
65.35
59.3
54.96
62.01
68.47
89.11
80.29
81.15
74.22
57.81
62.76
60.86
60.71
56.37
53.59
60.74
89.29
90.95
71.05
60.43
58.5
73.98
70.31
66.64
71.38
64.13
69.15
60.46
52.2
40.01
42.33
50.49
65.76
52.64
58.44
66.2
64.95
62.57
59.14
57.49
57.05
56.87
57.38
54.55
51.84
73.37
91.96
83.32
80.01
85.99
88.71
92.84
74.71
80.2
61.96
64.03
64.77
60.24
77.68
67.19
62.86
61.43
59.8
69.29
68.78
88.37
61.92
73.21
73.64
74.12
69.98
73.93
71.7
70.55
68.16
60.99
59.31
64.84
84.89
69.35
67.67
67.66
80.69
73.65
79.29
86.28
81.1
75.08
76.07
84.85
87.11
64.85
63.65
69.47
70.79
79.27
74.23
70.36
72.99
65.46
92.07
70.18
68.25
69.91
71.15
88.23
63.28
80.34
73.83
56.33
57.61
60.41
45.66
68.56
72.93
71.99
82.33
72.05
65.33
59.74
59.76
60.92
63.67
63.42
60.14
66.86
67.58
65.26
59.67
64.57
71.69
87.97
72.27
77.85
92.32
91.65
84.96
84.29
76.11
96.05
77.59
78.36
79.85
80.5
75.84
77.56
94.36
81.37
81.39
74.28
83.74
77.32
70.16
69.82
73.34
77.4
74.71
77.36
78.62
75.38
72.86
81.48
82.1
77.22
79.66
69.64
69.48
73.73
68.91
66.91
70.55
74.64
59.99
67.09
77.28
82.03
78.96
72.72
69.16
67.36
72.95
78.58
84.77
74.81
73.52
72.2
75.48
71.82
76.37
73.35
74.7
66.98
79.91
77.29
79.52
84
76.13
77.05
77.07
75.54
77.8
77.48
65.69
70.72
75.88
69.57
73.22
74.65
74.03
74.14
90.34
84.97
77.99
85.2
83.61
88.53
80.39
71.05
75.27
71.76
73.34
69.38
71.06
91.26
80.74
84.91
94.58
97.66
96.24
93.45
95.95
94.69
91.45
88.37
92
97.24
94.08
94.32
80.99
74.08
83.51
88.93
92.95
98.63
96.11
76.46
85.82
85.18
86.54
90.06
97.31
97.86
98.44
98.21
97.86
96.97
96.95
97.57
97.77
97.26
96.08
97.06
92.36
98.28
98.72
100
99.97
100
92.07
81.6
83.21
86.86
66.6
70.81
81.35
79.66
93.86
93.42
87.41
97.07
88.99
78.58
79.93
85.46
74.29
84.72
85.27
90.23
87.64
71.04
79.97
90.84
97.15
97.51
96.63
78.95
82.76
79.62
94.39
90.9
83.26
61.6
64.12
74.12
74.15
75.73
77.56
73.53
73.19
67.89
68.53
64.98
63.38
62.89
65.4
83.14
73.23
66.09
74.15
88.54
69.37
65.99
76.77
79.99
78.91
78.37
72.15
69.02
57.59
55.97
43.38
48.24
66.02
80.01
72.91
74.5
76.81
80.43
70.83
67.1
69.48
70.11
65.89
61.91
67.54
76.66
72.9
70.01
72.49
73.32
65.13
66.41
73.52
53.59
77.41
68.04
82.96
75.92
52.77
53.88
56.22
59.82
53.71
46.6
59.9
60.2
61.7
76.15
70.35
69.21
62.99
63.13
47.83
51.1
63.14
59.68
62.21
55.95
52.56
52.16
48.44
34.54
36.96
51.38
50.71
68.04
53.35
42.25
43.52
49.26
58.32
67.27
89.18
91.45
56.86
49.88
46.54
53.57
79.75
75.6
79.08
76.05
76.78
54.17
64.36
63.83
63.58
75.47
78.36
80.59
80.81
66.3
48.72
58.61
55.85
47.93
51.56
55.6
54.3
72.74
88.01
64.08
64.57
85.47
72.46
67.1
60.91
63.18
71.96
63.48
68.93
69.8
65.14
50.52
57.31
62.8
66.21
83.03
96.69
80.89
66.3
54.99
60.14
59.13
68.7
70.91
73.63
84.73
74.08
81.51
70.81
76.36
67.46
69.83
68.4
60.46
83.99
84.39
90.27
94.55
78.12
72.9
73.53
64.41
65.22
64.48
65.27
64.8
66.62
65.84
58.26
60.26
86.4
72.01
65.6
65.77
66.16
65.96
62.99
56.5
57.67
66.05
67.91
62.98
60.51
56.35
57.91
72.55
75.47
72.22
81.1
75.72
90.02
70.78
65.75
63.72
60.1
70.36
88.77
74.34
58.3
77.98
89.68
84.31
76.78
70.33
80.44
73.56
72.81
66.49
68.03
76.96
75.42
68.33
53.38
55.26
66.88
72.41
67.14
73.12
68.84
63.52
56.56
57.5
56.95
62.11
62.43
59.02
55.73
59.9
58.78
62.63
55.54
53.03
76.55
68.11
65.41
63.52
59.06
73.71
90.34
80.35
74.77
72.61
70.5
65.66
64.58
61.89
62.83
61.21
60.21
71.54
90.01
71.3
72.72
73.85
79.96
81.29
85.98
71.18
71.51
71.19
73.46
75.49
76.65
66.17
72.44
77.78
87.65
76.27
84.65
92.21
87.57
84.09
75.54
83.27
83.37
74.51
80.1
83.9
88.32
91.07
92.13
92.64
86.2
95.91
91.85
81.58
83.55
92.34
95.74
91.61
99.14
97.67
95.39
97.13
97.18
85.37
92.04
85.72
81.8
96.35
95.17
84.48
76.58
91.59
91.4
82.44
80.62
88.21
86.53
83.6
95.34
88.15
85.75
90.37
89.01
90.05
96.09
97.53
97.76
96.58
95.99
97.2
92.2
94.37
90.87
68.24
76.46
86.87
81.11
84.23
94.61
83.49
91.58
96.31
96.3
84.69
84.52
65.18
77.17
81.34
71.62
79.17
82.95
89.47
100
100
99.83
94.88
88.96
97.75
96.45
95.68
90.66
79.26
91.91
89.13
86.61
85.14
90.05
91.77
92.07
98.29
84.45
81.65
76.68
90.82
93.35
94.46
95.96
97.52
87.62
77.14
92.48
96.9
96.31
92.02
92.67
90.4
86.63
91.83
97.8
94.33
97.98
96.17
79.12
80.94
84.05
91.82
93.15
81.62
60.57
73.74
84.8
59.82
67.59
77.66
91.92
75.38
71.75
71.67
88.51
79.26
95.23
94.79
92.76
92.34
86.5
85.17
82.94
77.78
78.88
74.2
87.28
91.76
97.92
96.36
97.1
87.77
86.74
91.13
65.02
68.75
68.66
66.15
66.9
74.91
75.59
86.98
96.28
85.68
85.3
82.53
83.39
45.41
55.22
58.8
82.08
73.62
69.95
60.87
57.05
67.26
87.04
88.9
89.9
77.3
75.85
94.86
95.65
91.77
80.31
92.99
89.16
75.88
91.72
79.1
72.25
64.18
68.41
71.82
68.93
69.2
71.84
59.98
57.04
54.16
62.92
63.17
62.94
75.12
69.26
72.18
73.1
58.65
59.46
50.73
56.54
61.51
61.1
58.55
65.53
89.2
82.83
80.27
87.7
90.55
83.04
81.07
73.53
71.97
88.97
70.26
53.16
68.55
63.03
74.98
92.44
65.25
62.34
64.77
59.41
71.66
63.51
66.83
85.79
78.86
84.86
75.62
69.5
92.75
91.19
89.41
89.82
76.69
85.56
86.25
81.7
77.78
79.01
68.84
70.52
89.57
64.76
64.56
69.51
72.39
75.25
72.37
71.62
73.19
69.9
56.54
72.35
76.86
91.37
77.28
69.1
63.88
68.26
66.43
66.32
64.21
66.67
63.57
64.13
62.32
69.78
70.1
61.65
63.72
64.04
78.05
66.95
69.37
63.44
68.55
61.53
61.16
60.95
63.22
57.74
53.9
57.6
55.87
61.33
67.63
64.6
62.38
61.6
45.03
51.43
54.98
58.93
58.07
57.31
53.47
65.29
56.77
50.3
47.97
61.77
71.05
62.61
60.14
71.26
90.8
64.78
62.27
63.13
63.7
62.39
63.03
58.67
60.05
66.13
90.28
94.84
89.41
88.37
86.22
66.15
67.2
70.12
82.54
73.59
64.48
78.01
76.51
72.73
68.47
62.2
88.17
86.2
82.97
81.64
81.31
74.52
80.77
82.53
91.37
86.64
77.53
78.56
75.15
77.26
77.28
79.37
84.47
82.85
86.2
84.04
94.29
96.21
78.01
74.65
74.84
75.3
78.83
91.93
86.31
78.94
85.79
88.6
90.61
90.48
85.23
87.42
89.46
78.83
73.52
80.59
79.37
74.55
80.45
84.46
71.19
79.96
83.82
87.17
83.98
77.96
80.6
84.89
79.22
81.02
86.64
86.6
91.26
93.24
92.73
86.7
87.99
88.79
93.45
78.01
77.62
87.3
83.13
92.94
93.39
94.38
90.13
93
96.39
96.52
94.78
93.54
91.04
58.89
67.3
66.88
72.33
72.71
84.31
85.47
82.44
87.45
87.28
86.7
74.02
67.08
76.25
75.81
80.6
69.58
84.24
98.38
98.98
98.28
98.76
98.27
97.71
95.95
96.28
93.75
96.98
98.1
79.45
64.2
76.66
91.19
90.27
88.07
82.28
93
92.38
80.32
85.71
90.34
85.26
87.96
95.45
97.68
98.19
95.19
95.62
83.14
88.08
83.71
91.22
83.62
70.99
76.49
82.92
92.33
81.12
85.28
86.03
95.03
77.11
80.05
84.1
88.22
87.37
88.56
86.42
86.48
93.6
91.21
92.99
93.61
96.75
82.53
90.08
86.29
87.98
92.36
92.37
83.22
82.46
72.2
78.15
94.79
95.48
89.57
87.2
92.33
85.91
74.19
74.02
88.77
79.89
76.01
75.22
71.31
78.91
90.5
86.73
70.35
68.47
68.08
67.8
67.73
67.32
56.19
52.04
58.06
61.87
62.22
52
55.76
65.29
56.27
52.32
50.8
54.31
69.3
80.57
77.15
69.85
70.95
58
61.21
59.71
63.4
62.05
64.91
64.5
67.62
74.1
84.61
77.05
69.51
59.79
77.89
69.47
77.83
79.23
71.36
64.35
61.49
58.86
51.3
69.74
89.85
88.51
84.1
80.19
77.49
94.41
88.53
75.95
76.84
81.37
72.86
73.11
78.74
82.93
52.43
61.65
65.02
72.24
77.34
75.06
74.77
89.34
74.93
92.67
65.79
66.9
85.33
86.15
87.85
73.03
66.17
69.4
67.85
67.36
72.54
73.58
84.47
70.77
79.01
75.33
66.07
69.38
69.33
65.84
76.48
70.08
76.29
66.77
67.02
66.63
64.29
61.65
59.71
71.33
69.81
63.18
59.35
60.86
72.84
62.42
60.62
76.41
63.94
62.7
65.48
86.82
92.58
68.61
67.89
66.79
64.87
84.79
67.05
72.11
70.12
65.26
70.53
69.58
69.2
75.54
82.21
88.35
83.33
69.24
83.29
84.82
74.16
65.06
63.42
67.09
68.26
70.95
72.05
91.79
74.09
70.07
81.31
75.39
89.2
92.75
84.5
89.99
88.7
83.87
81.14
79.27
83.88
79.98
74.12
74.18
73.55
78.57
81.44
79.49
83.68
86.69
94.04
85.21
77.24
72.04
76.03
82.53
89.39
81.8
84.37
91.71
82.82
77.77
84.88
86.84
74.87
77.72
80.72
86.84
92.95
91.63
86.4
85.67
86.21
94.05
90.38
85.29
88.04
93.91
96.6
96.15
91.11
95.72
93.54
91.95
87.22
83.62
84.75
88.06
83.54
80.1
74.69
80.13
91.82
93.47
92.5
85.42
85.8
96.86
95.31
92.74
90.95
93.79
87.7
88.55
89.37
83
72.2
79.32
82.68
87.79
76.74
75.12
94.11
88.7
92.92
86.88
85
86.26
94.99
85.38
89.22
84.99
95.05
96.39
93.83
94.03
90.5
89.86
89.03
88.25
90.09
91.95
69.7
70.09
91.83
95.77
91.56
94.98
89.48
86.17
93.49
90.74
92.28
94.01
91.59
98
88.18
88.37
86.01
89.42
90.02
92.96
94.6
95.26
87.58
82.12
97.26
99.05
99.02
100
99.95
99.6
98.59
99.41
99.87
98.17
92.64
74.44
80.42
85.39
81.92
76.77
93.56
96.91
99.78
96.23
93.68
84.01
87.24
66.78
72.52
74.02
89.81
87.8
80.26
89.88
90.17
66.41
71.01
75.94
68.72
85.94
89.6
75.9
82.26
82.95
81.95
87.9
85.62
74.8
88.49
73.88
70.63
76.96
90.38
74.6
69.38
90.4
93.41
95.83
97.4
97.64
92.94
87.98
75.67
76.55
93.65
86.17
88.96
94.91
90.1
95.59
94.37
95.69
91.82
83.4
77.26
74.97
76.24
80.38
85.62
88.89
89.33
86.46
85.09
81.92
81.05
86.57
82.94
82.23
71.78
61.1
86.88
95.78
96.95
74.98
73.11
86.28
81.75
78.43
81.57
61.91
61.7
58.95
59.65
68.63
67.39
68.12
66.99
71.51
58.94
68.4
79.17
87.44
80.38
72.1
63.33
65.59
65.37
57.19
64.93
66.18
67.38
79.86
85.02
77.17
52.43
59.47
65.41
64.96
53.02
56.33
46.83
64.24
58.29
54.35
54.53
63.58
68.2
62.43
59.89
62.74
58.02
49.88
51.03
46.14
66.54
69.68
63.81
54.13
42.63
46.01
48.14
62.54
64.93
60.29
64.72
87.06
55.96
65.62
76.49
83.71
90.91
81.48
66.98
68.84
66.35
64.14
76.53
59.6
54.25
59.44
71.43
81.14
91.66
88.02
79.57
75.54
73.14
77.35
86.7
90.82
95.5
82.36
82.48
82.1
60.29
66.42
69.43
69.43
81.98
76.17
71.95
69.03
65.35
67.51
70.67
67.74
64.54
68.32
68.26
69.53
64.16
52.83
59.55
75.13
68.35
55.23
58.85
77.31
81.44
71.66
65.71
91.68
80.33
68.22
59.06
77.79
71.95
67.39
66.84
63.41
62.42
61.83
59.47
61.28
64.1
62.24
76.25
81.17
69.38
66.81
68.89
87.46
79.81
72.78
74.32
72.81
67.89
69.14
64.44
67.74
64.94
67.78
70.34
76.63
80.91
89.87
82.03
86.73
87.09
68.71
70.62
73.49
77.96
75.9
68.75
68.01
66.08
63.46
60.4
58.91
57.31
54.37
55.54
60.73
62.4
71.34
92.41
79.1
78.48
85.36
77.42
78.27
80.75
70.74
77.02
65.99
79.58
71.32
69.14
68.06
61.56
56.08
72.17
77.39
76.52
93.53
82.96
66.77
68.16
70.67
77.6
88.77
80.63
75.25
70.93
79.06
68.98
64.84
59.21
67.31
68.12
65.02
72.33
71.96
72.03
86.57
78.01
67.39
65.54
66.56
69.48
74.7
77.89
84.25
80.35
85.98
88.88
96.29
93.86
94.76
94.1
92.85
76.71
92.19
98.18
99.27
97.2
93.29
94.26
94.61
87.27
88.3
83.82
88.34
89.08
92.53
90.09
90.56
94.8
94.92
86.87
87.62
75.44
80.96
81.96
88.24
88.68
88.63
84.85
82.32
87.01
74.16
77.51
82.27
87.32
86.43
82.75
76.64
85.9
76.87
85.66
75.54
88.17
83.61
89.92
83.57
85.52
85.95
76.76
85.12
77.36
71.78
74.06
90.93
97.1
93.71
97.33
98.76
99.74
99.84
98.14
79.34
89.76
97.89
95.23
93.17
96.84
96
98.99
99.25
97.15
99.6
98.39
96.96
94.99
92.62
97.05
92.81
96.95
92.49
95.63
80.76
88.86
87.98
92.93
84.7
87.35
92.21
95.54
95.21
96.84
97.64
98.16
86.46
86.97
79.47
71.21
84.88
77.44
73.28
69.29
78.04
79.19
77.76
76.7
87.05
82.14
87.34
79.52
83.48
75.8
82.52
83.32
78.46
85.91
86.33
91.99
70.43
74.87
73.52
66.34
66.83
70.03
89.48
76.5
90.68
94.67
91.29
93.15
83.52
94.9
97.68
94.1
85.26
72.71
69.93
75.91
67.45
82.56
66.58
74.09
88.86
94.81
80.53
77.37
88.57
69
63.6
73.28
88.92
84.42
75.89
73.13
78.94
76.65
81.91
63.91
83.36
86.66
73.7
72.07
70.54
71.35
70.58
72.28
70.81
64.24
64.91
76.87
69.29
73.45
77.81
76.54
60.85
58.89
57.27
55.72
47.8
46.63
57.51
64.15
81.62
77.07
70.93
71.7
75.69
65.18
73.54
61.33
49.32
50.74
72.68
56.68
53.05
59.45
59.06
68.62
61.03
55.59
54.96
82.78
85.5
67.82
69.77
92.98
94.94
71.83
74.97
75.79
70.54
71.33
73.45
72.48
86.42
90.91
97.39
82.84
87.65
76.39
72.52
73.25
74.04
72.29
80.78
69.51
65.84
70.45
89.87
71.95
78.24
72.79
68.45
68.4
70.4
70.23
76.24
84.44
80.99
82.51
89.71
74.77
62.7
70.51
77.73
84.73
86.05
87.6
82.01
79.59
87.65
72.52
64.92
71.17
84.72
89.9
78.25
74.02
74.01
75.72
77.86
79.18
83.25
68.54
69.85
70.7
74.18
72.27
71.71
67.44
67.77
67.86
63.79
69.29
69.41
66.51
62.95
67.7
79.75
72.2
64.97
78.65
73.77
73.84
70.54
73.8
74.6
79.63
81.81
79.58
88.16
88.14
84.19
85.08
76.69
75.87
75.57
80.57
67.88
71.14
71.34
78.77
70.6
64.89
69.66
73.03
92.61
77.71
73.38
78.1
74.57
86.27
85.96
81.94
86.54
92.63
87.32
88.97
79.58
67.06
74.25
76.13
75.11
77.06
73.93
79.03
71.49
70.65
74.36
77.19
76.68
78.59
83.61
92.15
85.01
80.62
77
76.13
76.32
79.27
80.59
80.24
79.31
73.82
86.26
90.06
77.58
63.67
76.75
74.31
75.01
75.57
75.89
80.76
76.13
75.55
76
79.22
74.28
90.69
90.16
85.12
63.75
75.32
91.58
83.47
86.04
94.06
94.85
85.81
85.77
79.31
93.67
89.5
90.41
95.06
93.35
98.81
97.77
91.65
91.26
86.81
83.76
87.14
84.97
88.55
84.91
84.17
82.69
79.55
81.89
88.17
87.22
84.99
91.2
93.35
94.81
90.52
87.06
94.75
91.23
72.92
83.24
86.02
83.62
90.42
82.37
82.93
89.88
86.64
83.95
88.18
92.68
96.71
96.13
90.08
60.14
69.33
67.69
70.78
71.33
81.86
87.47
89.24
97.89
96.74
98.85
95.01
81.66
82.2
73.11
67.24
79.97
82.48
87.03
91.33
97.87
97.73
98.26
97.05
96.1
96.9
98.96
96.98
89.15
62.8
77.55
71.65
81.68
82.24
78.48
88.14
80.92
72.94
68.82
57.44
56.04
83.28
77.87
76.71
70.38
69.72
89.14
89.89
88.44
85.99
76.35
74.06
79.92
81.53
81.92
83.86
91.36
90.27
82.28
85.26
89.22
92.4
93.55
92.74
92.27
96.97
95.94
83.16
89.99
91.48
96.57
80.64
81.5
86.58
83.14
82.56
76.72
77.15
81.58
80.63
87.73
95.4
88.15
82.1
85.34
74.24
77.12
66.81
69.52
62.27
67.38
66.14
58.41
78.66
69.94
68.02
58.43
75.19
83.75
72.03
62.27
67.38
70.62
58.81
64.07
65.5
65.26
71.92
63.66
58.78
77.44
72.68
73.16
72.13
73.63
71.43
74.6
64.54
53.16
54.99
52.22
53.04
60.55
61.51
52.09
53.05
55.4
66.37
76.45
60.06
73.31
73.2
69.25
61.54
64.63
57.54
62.21
66.91
79.12
65.5
61.84
65.51
74.16
67.31
55.09
55.92
52.97
58.78
58.65
56.28
87.87
94.73
78.41
67.88
67.52
71.85
93.07
82.88
89.91
69.05
84.24
66.76
72.05
65.52
66.56
66.96
79.89
74.02
86.62
66.74
62.24
61.07
58.35
59.55
68.11
62.95
78.91
88.24
65.9
62.62
61.58
61.23
61.85
64.03
74.58
70.19
75.28
74.57
74.91
73.75
76.82
84.26
65.97
61.54
73.44
60.09
66.16
68.66
60.77
66.78
76.81
59.96
55.44
59.48
58.89
67.2
62.55
61.33
64.8
87.71
73.82
68.92
77.78
71.27
64.82
71.14
72.55
64.56
64.28
62.32
70.02
78.47
68.25
69.57
60.9
67.75
76.29
63.23
75.93
69.98
60.4
59.32
57.16
58.09
63.97
62.72
68.13
74.8
87.86
69.71
82.47
83.51
70.11
60.97
66.56
68.08
63.77
62.45
59.92
61.89
70.38
81.03
73.42
81.2
77.03
76.31
76.95
68.32
68.31
68.22
66.14
65.58
67.75
63.72
75
73.12
65.13
65.31
66.31
67.77
68.15
67.73
67.46
82.74
71.2
65.25
65.8
79.98
84.62
80.01
66.48
69.37
78.54
92.92
84.2
79.92
76.75
92.48
86.25
76.06
70.92
92.71
95.59
97.06
92.12
98.08
80
69.14
74.43
80.98
88.09
89.01
90.53
91.87
82.69
81.43
78.81
79.37
80.18
91.82
87.26
79.32
84.26
79.33
86.39
81.5
85.08
86.5
84.7
85.99
86.04
88.09
86
88.45
81.69
95.97
95.29
95.31
98.32
82.39
71.81
86.94
86.69
89.91
81.79
67.42
76.6
77.65
82.12
85.51
86.74
81.97
78.96
92.04
87.89
97.42
95.76
92.06
90.39
89.5
74.93
66.04
83.29
88.45
91.2
90.43
96.33
72.75
78.05
79.8
82.45
99.18
87.71
79.65
75.49
75.1
89.04
97.45
98.93
88.67
75.97
83.11
88.17
90.14
98.86
89.73
89.85
82.28
76.7
81.78
96.2
91.62
96.47
94.28
92.23
83.91
80.26
89.01
85.23
91.14
84.16
77.26
91.29
83.77
77.36
89.29
84.04
84.86
77.92
88.63
96.01
87.64
80.24
82
79.41
93.73
99.7
98.15
98.8
95.6
93.56
96.97
89.25
91.81
89.36
90.76
68.82
83.44
85.83
80.51
74.56
83.23
83.28
82.97
93.88
94.97
94.7
85.26
81.77
90.77
76.17
97.94
97.05
88.99
90.26
88.37
98.23
94.05
87.31
87.03
82.37
93.42
87.46
81.13
72.8
76.95
90.71
88.19
75.12
97
91.6
93.28
93.78
69.2
63.31
68.85
76.35
66.54
79.38
89.18
80.42
71.84
88.17
91.74
85.9
81.97
71.39
68.44
77.34
70.82
73.55
80.43
80.44
93.05
97.11
86.66
83.36
71.15
62.34
61.84
73.95
70.16
76.14
70.18
80.51
80.11
85.54
90.98
90.37
66.93
54.15
48.74
58.23
75.31
62.07
77.26
72.14
63.33
72.3
61.64
72.84
67.29
63.36
73.58
77.76
69.13
60.55
57.79
60.65
60.84
62.2
71.36
75.36
66.26
79.06
78.71
72.46
63.24
57.99
56.34
74.62
75.1
73.38
77.45
52.32
62.07
69.21
72.47
79.99
88.04
80.1
79.21
94.55
92.9
83.94
81.07
78.66
78.13
76.7
70.97
82.13
83.91
87.26
90.05
79.83
76.35
78.84
76.18
72.93
74.26
84.26
80.84
79.12
78.15
78.93
81.77
86.16
84.92
88.65
80.18
75.18
77.67
88.87
84.36
66.16
65.78
69.21
60.1
57.56
67.21
73.05
76.48
67.87
76.32
83.2
75.32
76.27
89.85
82.45
66.09
62.2
70.01
71.31
80.38
74.83
93.84
69.63
61.38
63.38
70.72
95.45
83.03
78.56
80.55
81.57
78.46
71.28
62.25
63.25
70.08
75.42
88.26
84.68
67.64
65.8
68.85
76.79
79.76
70.51
66.38
65.24
73.84
87.85
83.26
72.09
73.45
75.58
75.64
72.82
69.29
73.58
81.45
67.65
70.23
87.88
72.16
67.91
73.37
73.47
69.14
68.3
65.98
67.79
68.59
81.03
86.59
85.65
68.77
73.39
76.24
74.92
76.41
92.61
96.02
94.27
98.02
82.05
79.02
83.21
79.14
79.54
77.2
73.68
76.44
81.79
83.29
84.73
79.52
77.54
74.53
79.01
80.67
79.09
89.62
83.29
68.04
65.55
71.1
71.37
70.28
62.29
73.62
75
81.89
77.29
78.66
76.74
77.91
94.23
89.28
87.29
83.99
83.19
82.21
81.01
74.62
75.49
84.2
85.09
82.2
82.06
81.03
67.34
75.06
76.47
77
77.8
83.58
89.63
93.11
86.52
58.99
74.08
80.58
91.95
97.36
97.24
96.19
91.08
87.88
94.9
97.81
91.9
81.18
82.51
93.95
87.58
87.04
83.47
74.82
79.96
97.89
98.38
99.64
99.29
97.6
98.49
99.74
97.47
85.92
71.89
82.9
79.4
83.24
91.94
96.04
86.76
73.51
82.72
83.88
89.19
79.83
77.82
76.87
82.98
96.5
98.38
92.21
86.65
91.96
95.08
90.24
94.1
95.38
77.02
83.83
79.74
79.97
83.56
79.49
88.54
81.67
87.08
75.65
84.91
72.02
62.79
65.87
81.08
72.97
77.11
89.36
84.45
88.78
66.45
68.78
64.66
65.45
64.67
58.05
69.52
88.46
83.52
86.04
78.43
90.04
94.8
87.7
71.24
73.57
75.8
94.91
93.27
95.15
97.29
86.66
75.25
84.02
80.44
89.31
86.85
86.76
88.17
92.44
84.38
78.66
61.56
69.59
72.77
79.89
77.57
74.44
73.82
73.76
74.08
74.78
73.88
51.47
55.1
53.14
52.6
52.82
48.15
53.34
79.98
65.6
52.98
69.37
62.39
51.59
63.93
69
65.96
62.79
64.31
68.18
66.39
55.98
69.52
65.39
80.58
72.11
57.38
57.88
55.88
59.86
58.55
72.75
53.22
63.35
67.39
63.87
59.28
55.73
57.59
52.65
60.59
58.77
79.37
81.88
73.68
68.48
60.12
73.23
84.06
63.02
67.64
85.12
65.62
58.17
58.3
63.35
58.76
49.02
50.92
51.64
79
70.92
54.1
56.53
70.5
59.53
67.56
79.45
57.35
51.17
74.46
94.13
89.03
75.56
64.53
67.69
87.51
81.19
78.82
74.34
74.83
67.56
92.56
90.51
86.63
80.93
86.2
78.9
76.71
72.3
75.02
63.42
63.22
69.14
91.81
94.45
94.24
86.85
72.99
71.71
75.49
71.98
71.61
78.99
75.49
62.02
56.23
62.75
70.99
68.86
65.14
65.35
66.18
73.68
70.14
73.24
79.79
80.51
73.24
73.62
88.76
94.82
75.21
76.39
73.74
76.84
51.9
61
65.57
63.5
76.06
71.28
69.05
72.47
70.6
79
80
81.15
61.88
61.48
77.81
80.81
65.55
63.06
63.33
64.22
79.96
73
69.53
71.04
71.95
62.68
64.37
66.42
77.91
81.77
92.6
87.11
77.9
74.88
76.99
92.21
82.08
73.73
75.72
76.76
71.26
86.4
79.73
76.25
66.77
74.54
72.42
77.34
70.99
81.49
76.41
73.6
71.82
74.78
71.55
76.36
79.21
78.82
85.31
86.4
81.22
78.44
80.87
71.28
73.5
72.63
81.22
70.65
69.98
72.17
80.68
91.85
87.59
90.13
81.64
79.73
74.58
75.18
76.66
74.24
78.92
83.6
67.15
69.35
68.22
71.34
68.62
77.46
77.67
91.1
83.2
79.99
88.36
86.28
69.71
67.97
87.83
74.37
77.07
81.39
72.49
88.92
79.43
74.05
96.33
93.54
87.96
90.96
89.31
80.83
88.39
89.28
88.66
79.04
67.9
72.61
92.64
88.93
78.66
81.72
82.96
85.48
89.96
93.71
94.61
95.19
83.54
88.54
81.28
94.19
92.38
91.26
92.9
99.18
94.14
88.98
95.37
98.93
97.44
95.04
94.75
96.58
93.91
84.02
92.24
99.35
94.08
97.28
89.25
95.97
99.18
97.75
94.08
99.07
97.12
74.42
78.52
94.36
89.91
94.21
89.68
94.53
98.89
98.95
97.03
78.16
81.02
96.41
97.14
91.03
89.44
81.8
69.92
73.6
83.17
77.02
82.34
99.38
75.58
69.58
78.36
78.24
84.77
65.66
64.83
78.27
71.79
84.96
87.92
94.67
88.25
60.38
75.18
79.22
79.1
81.56
92.06
81.24
84.99
94.48
97.13
97.77
97.47
98.43
98.41
93.22
87.39
91.27
95.49
87.42
95.65
97.91
97.99
98.41
93.06
90.68
75.19
66.92
73.83
72.97
67.59
71.02
61.02
58.34
67.81
76.23
70.83
65.79
61.75
63.71
71.53
66.14
69.18
71.09
64.63
70.71
69.21
56.37
51.33
56.3
61.67
55.91
67.6
94.29
66.01
59.54
59.29
69.91
72.53
75.19
65.91
63.36
89.37
68.44
60.07
65.93
60.88
57.67
61.98
86.26
73.08
46.58
55.94
61.09
63.56
62.49
56.93
74.31
50.26
54.56
55.64
86.62
76.93
59.67
59.34
51.91
46.75
46.14
53.94
45.91
48.34
48.51
48.54
45.42
38.38
40.5
41.77
51.43
53.69
49.96
50.05
55.57
51.5
51.7
48.91
58.29
78.38
60.62
49.97
48.93
52.86
52.91
50.38
57.52
68.52
67.37
81.69
69.5
78.12
73.62
70.02
61.44
85.06
59.24
53.24
60.62
67.62
60.02
56.83
71.27
78.97
69.77
74.15
70.48
83.83
72
89
66.19
52.13
58.49
75.24
61.25
81.87
72.55
62.73
62.28
64.41
62.73
77.32
67.3
59.06
80.48
70.24
90.24
81.63
68.81
72.9
81.26
86.37
72.03
63.43
65.13
73.68
91.18
75.87
79.62
85.13
78.64
83.46
88.33
58.62
55.02
60.36
81.08
81.37
72.75
71.47
87.69
80.83
75.86
74.24
84.62
65
65.12
68.69
68.11
65.89
67.76
65.14
75.8
66.15
62.41
65.96
66.29
79.63
79.88
76.88
81.78
78.14
74.87
82.68
78.65
84.61
93.81
83
74.52
74.64
74.58
73.29
71.4
65.44
71.22
82.61
85.86
82.11
79.28
73.21
70.5
72.6
73.02
83.99
80.35
80.67
86.47
88.97
90.73
88.74
91.07
78.12
77.8
78.28
76.74
78.07
78.32
71.07
76.07
67.65
72.99
75.28
79.38
83.86
83.16
80.19
85.36
80.32
79.8
79.61
74.7
71.29
79.48
76.21
81.9
78.4
79.05
78.35
78.93
78.85
74.61
67.53
76.13
76.23
79.19
77.14
83.29
82.31
92.78
90.98
85.86
94.87
88.98
77.73
83.49
88.26
82.75
81.68
89.08
79.21
93.45
81.65
86.38
87.25
92.17
82.93
90.32
79.22
97.98
94.95
92.79
89.38
89.57
84.77
77.66
90.56
93.99
98.48
95.91
80.7
93.08
94.22
98.69
96.21
85.4
96.63
91.06
89.75
80.81
74.2
83.76
88.04
95.69
98.72
94.92
96.57
90.52
95.32
95.82
98.3
96.82
93.27
90.95
98.63
79.27
80.96
79.29
86.96
84.92
96.37
95.41
96.09
97.88
84.88
86.62
96.28
91.59
99.26
99.33
98.96
93.49
93.19
98.9
97.18
99.68
98.6
99.36
98.01
98.47
93.45
95.86
98.57
100
100
100
100
99.85
88.95
89.19
96.35
70.78
90.19
90.52
88.57
97.87
94.36
