19710101	
-6.05	-1.25
-9.22	-5.97
-8.26	-4.58
-16.73	-7.27
-17.43	-6.33
-8.03	-2.54
-11.68	-3.9
-11.88	-0.66
-13.27	-5.28
-8.89	-3.52
-11.65	-1.78
-7.87	0.09
-14.77	-2
-12.66	-1.55
-3.36	-1.61
-4.96	-1.29
-2.25	0.45
-1.62	0.32
-1.92	2.65
0.13	7.29
0.18	5.08
1.72	8.91
-2.05	7.99
2.63	9.43
-1.26	9.06
-0.41	11.21
4.61	10.74
-0.57	10.02
-1.23	9.37
-1.95	10.46
1.79	12.35
2.02	13.4
-1.48	6.22
-7.24	2.86
-0.72	3.32
-2.14	6.41
-2.71	6.48
0	6.29
0.03	8.62
3.67	11.92
-0.43	9.59
-2.17	9.04
-4.53	9.29
-4.74	12.92
-0.08	11.32
0.61	7.73
1.68	10.35
3.83	6.84
2.49	11.59
-0.74	9.41
0.61	9.05
-1.38	9.41
-3.78	10.18
-2.71	8.3
-1.43	7.17
-3.73	8.51
-4.52	3.99
-7.97	-1.42
-8.37	-0.5
-7.16	-1.41
-5.89	-0.88
-8.95	-0.75
-9.39	-3.33
-11.35	-6.51
-9.78	-6.27
-6.55	-1.52
-12.39	0.42
-9.74	0.05
-2.19	5.18
-7.2	6.5
-4.06	2.11
-6.09	9.15
-2.47	10.86
3.53	10.9
0.57	10.19
4.53	8.34
4	12.67
8.2	15.83
8.01	19
5.5	20
6.22	12.12
5.56	9.43
0.11	9.11
-2.4	12.67
3.83	8.64
3.84	7.25
5.11	9.1
3.43	9.17
3.61	6.85
4.72	8.81
4.2	10.2
6.27	13.33
6.14	12
7.32	15.63
9.23	17.25
2.98	18.07
3.2	19.83
2.53	20.58
5.66	21.09
5.05	19.8
9.17	15.71
2.21	14.17
2.67	13.51
4.16	14.72
-1.48	13.47
-0.22	18.67
6.37	20.32
5.22	17.07
1.43	20.1
2.49	20.46
4.19	19.61
3.44	22.92
9.44	23.79
13.14	20.38
10.31	15.95
5.57	12.45
6.98	18.52
7.23	14.17
-0.62	14.44
2.28	11.98
7.42	13.15
9.43	12.51
7.65	12.81
7.4	15.91
7.37	14.55
8.47	18.36
5.89	18.35
5.63	18.02
3.8	21.31
5.46	22.52
13.05	24.52
8.24	25.37
7.75	25.76
6.96	25.96
8.15	26.6
11.23	27.22
10.77	26.95
12.92	28.08
12.76	28.51
12.04	27.82
15.56	27.22
11.37	25.95
10.55	22.2
9.8	23.39
13.04	24.56
12.73	24.33
10.23	24.63
9.14	19.66
6.32	22.41
12.14	20.47
14.21	20.9
13	18.88
12.32	24.49
11.21	25.54
11.07	25.05
10.27	26.63
12.64	25.75
11.35	24.43
11.93	22.33
13.52	22.71
13.53	24.18
10.73	23.93
10.41	19.85
10.37	21.36
5.31	23.79
13.51	26.46
10.2	23.17
9.75	21.41
9.72	18.81
5.6	19.5
10.99	19.74
11.9	25.49
12.29	23.85
12.96	24.53
13.31	24.4
14.09	22.1
11.77	27.29
13.12	24.13
12.43	23.42
12.26	21.45
6.55	19.95
7.87	16.94
10.36	23.2
9.48	23.67
13.33	25.78
11.89	26.49
13.65	25.36
12.29	28.14
15.09	27.69
11.58	30.16
14.15	30.36
14.56	30.8
14.3	32.38
13.96	30.12
13.48	24.73
10.48	26.53
12.05	28.98
14.19	29.03
15.57	24.4
14.09	21.56
12.01	22.57
10.58	22.1
7.64	23.02
8.34	25.04
10.74	25.98
13.68	27.84
11.39	29.04
12.63	29.78
12.84	30.26
18.16	27.67
16.56	26.63
17.5	25.59
16.46	27.96
15.4	30.67
15.96	31.23
16.23	30.58
16.18	29.85
15.72	31.68
16.35	34.59
16.32	29.97
12.31	25.32
8.71	26.73
9.73	29.32
14.86	25.05
11.65	26.03
10.97	30.39
12.79	32
18.26	29.36
16.42	25.12
8.57	26.47
8.26	28.39
12.04	29.44
10.44	30.14
11.75	28.61
11.84	27.3
12.76	22.94
9.84	20.75
10.08	26.18
14.68	22.65
11.99	24.11
7.67	25.66
10.46	27.64
13.69	20.98
8.95	21.52
6.7	23.18
9.32	22.87
8.1	24.55
8.39	24.67
9.37	20.49
5.77	18.32
6.67	15.51
3.83	17.02
4.4	20.65
7.97	16.27
6.75	15.32
6.28	18.98
10.55	18.02
5.47	13.7
7.06	12.76
2.07	12.39
1.79	16.3
2.66	18.09
2.35	20.64
3.13	21.4
3.87	22.56
4.47	23.1
5.15	22.46
7.94	20.04
7.95	24.17
10.53	21.72
6.68	20.12
10.78	16.26
10.48	14.89
10.07	18.46
4.39	20.36
3.9	21.55
5.6	22.78
5.53	15.5
0.14	12.21
-3.29	17.72
-0.38	22.82
-0.13	20.3
1.08	20.12
1.92	21.43
1.82	21.19
4.7	21.35
6.67	21.08
5.31	16.97
1.4	6.48
-4.03	9.36
-3.22	10.36
-1.57	17.56
1.05	16.37
1.64	17.08
3.75	19.3
9.05	25.79
3.22	20.75
1.14	23.42
5.3	14.07
1.8	9.99
-3.83	8.17
-7.4	9.65
-4.76	6.89
-7.58	8.24
-4.64	11
4.52	9.78
5.87	14.03
1.04	13.37
-1.71	18.27
3.48	18.79
7.95	16.86
2.41	15.39
9.26	18.59
7.67	15.74
6.81	10.91
7.43	9.29
5.23	7.3
3.8	6.78
1.45	11.33
0.37	9.54
0.58	7.91
3.94	8.5
1.99	15.5
-0.17	1.71
-8.42	2.48
-2.05	0.38
-2.59	-0.37
-14.17	-2.09
-14.01	-4.18
-11.27	0.28
-8.63	1.76
-7.48	0.4
0.55	1.39
0.64	1.35
0.3	1.54
0.79	2.39
0.81	3.26
-0.31	4.36
-2.69	3.8
-0.73	9.73
4.61	7.8
1.49	8.5
-4.66	1.48
-6.96	1.21
-1.46	7.09
-0.64	10.04
-1.82	9.61
-3.86	6.11
-3.79	7.74
-2.62	8.5
-3.27	7.43
-4.8	6.29
-5.56	-1.03
-2.7	0.29
0.05	4.05
-1.62	8.92
-1.75	8.83
-0.13	8.19
-2.88	5.61
-4.52	3.88
-3.64	0.63
-4.01	-1.07
-2.52	-0.48
-0.57	0.87
-0.25	0.84
0.11	1.33
-0.2	1.28
-0.86	1.09
0.62	1.74
0.39	2.76
0.16	1.72
-0.09	1.28
-0.52	2.45
-0.14	1.7
-1.44	0.47
-0.97	1.59
-1	1.09
-6.5	-0.42
-9.49	-2.56
-6.58	-3.83
-6.95	-4.77
-10.52	-5.92
-9.62	-6.27
-8.73	-3.26
-7.72	-2.52
-3.68	0.06
-7.68	1.06
-9.28	-0.91
-9.86	-1.63
-4.05	-1.25
-9.4	-1.36
-5.43	2.49
-2.93	0.84
-2.19	1.24
-7.05	-1.08
-7.97	-1.16
-3.37	-0.56
-4.85	-0.18
-9.26	-1.81
-10.44	-2.71
-6.28	-1.34
-7.78	-0.28
-1.04	8.45
-0.9	9.28
-0.21	6.12
1.08	4.12
1.05	11.15
1.31	6.63
2.78	5.84
0.3	6.65
2.64	5.99
-2.67	8.61
-1.17	10.17
2.23	13.63
0.45	8.88
1.37	12.72
0.02	7.25
3.24	4.9
4.04	8.41
3.48	8.76
4.78	7.24
4.07	7.53
4.95	8.55
5.47	9.36
6.67	8.68
5.53	9.91
3.08	8.9
4.88	7.76
3.95	8.29
2.46	9.65
4.38	8.14
4.26	14.27
8.48	15.98
7.38	15.9
4.71	15.39
4.47	10.82
-2.61	3.83
-5.99	2.78
-6.37	8.12
-3.54	13.04
-0.94	16.6
0.87	16.87
0.6	16.49
0.38	16.41
-0.74	16.13
0.71	16.58
1.84	17.77
1.32	18.95
1.72	14.97
-2.78	13.62
-0.97	20.83
7.91	16.49
5.82	17.72
2.73	12.56
2.23	15.01
2.19	20.45
4.49	18.61
3.91	13.47
7.31	20.7
8.32	19.93
10.01	17.2
8.02	14.59
4.19	19.57
7.36	22.8
9.39	18.13
6.24	16.01
8.88	16.85
9.96	15.65
9.56	13.4
8.63	11.67
8.48	13.39
8.79	11.8
7.75	14.77
7.57	11.52
7.44	13.7
7.23	12.99
9.1	15.5
11.07	16.93
4.53	18.19
8.04	15.25
3.39	10.68
2.41	10.3
0.39	12.79
2.24	11.67
-1.56	13.85
1.43	18.26
3.59	20.67
4.45	22.23
9.7	16.49
8.11	13.59
8.06	16.86
9.35	19.75
9.34	19.65
8.4	20.37
8.39	21.64
9.12	21.48
9.88	14.6
6.98	19.2
8.13	13.72
10.16	18.5
12.25	17.5
12.1	19.41
7.54	20.32
5.85	19.54
11.99	23.19
12.53	20.47
9.82	19.79
7.09	21.95
7.79	23.64
9.39	25.72
11.47	25.35
11.47	26.98
10.31	23.87
8.69	17.41
7.47	20.64
8.74	24.47
12.96	21.49
10.51	16.81
10.38	16.4
11.21	20.29
7.63	23.84
10.58	26
13.45	26.71
15.23	27.78
14.52	27
12.84	22.92
10.91	26.8
13.1	27.19
12.88	27.35
13.01	25.43
13.4	23.84
14.26	26.32
15.88	25.43
13.26	21.27
11.44	20.54
8.48	25.6
12.55	24.62
11.91	25.16
13.84	27.8
14.8	25.79
12.07	19.06
9.23	21.08
8.31	24.07
10.67	25.4
15.11	25.82
15.59	26.75
14.49	25.28
12.17	22.33
12.8	22.97
10.15	23.16
14.31	22.75
12.35	24.22
14.77	25.61
16.14	24.89
13.39	27.82
14.16	31.34
17.22	31.09
14.76	23.77
11.45	16.01
12.96	14.79
13.77	17.99
14.8	25.89
17.14	29
16.99	28.76
16.87	29.03
16.05	28.29
18.03	28.45
16.39	29.28
17.51	28.48
17.74	25.84
17.13	28.78
17.7	26.72
18.03	25.36
16.91	23.47
13.94	21.64
15.67	23.66
12.07	24.87
14.7	22.35
15.04	24.15
13.4	24.54
13.33	21.1
11.59	21.42
7.12	23.95
11.24	25.49
11.28	26.92
13.45	28.42
14.57	29.24
14.45	30.12
15.59	30.24
17.86	27.51
15.28	30.06
17.76	30.43
18.95	31.42
18.88	28.92
14.1	25.01
14.67	20.43
9.99	15.92
9.85	15.4
12.25	16.39
11.83	18.63
6.59	21.22
6.55	22.41
9.41	22.33
11.35	20.88
10.68	20.16
12.75	19.49
13.6	18.23
12.94	18.22
10.32	20.14
6.52	20.07
8.53	20.13
7.63	21.25
7.54	23.5
8.94	24.22
10.47	24.91
11.98	24.66
12.51	25.77
14.95	21.02
16.21	24.31
10.22	19.84
3.92	16.31
3.19	16.22
3.5	17.22
2.54	15.02
8.98	14.85
8.62	14.03
8.21	12.9
8.23	14.22
7.78	17.69
4.98	18.96
3.91	20.22
8.3	14.41
5.98	15.57
0.24	14.46
-0.48	15.02
3.81	14.64
4.17	14.58
4.57	14.21
6.06	12.79
5.32	11.31
6.05	9.87
2.2	10.41
1.08	10.05
4.51	13
4.79	15.18
7.29	12.4
8.04	11.39
7.73	12.74
7.48	14.73
2.44	18.02
6.94	20.25
5.02	15.99
5.8	13.4
-1.44	13.6
2.62	12.51
0.86	14
-2.07	14.16
-0.55	8.63
-5.93	12.42
0.64	8.16
-4.06	9.03
0.73	12.97
3.91	16.85
1.11	15.22
0.29	15.35
4.85	16.21
10.21	18.26
10.12	14.16
7.64	13.53
6.2	14.8
1.77	13.13
1.44	14.01
2.01	15.24
2.93	13.38
2.65	15.73
1.76	16.79
1.51	16.67
1.6	10.97
1.86	14.39
1.48	9.89
4.31	15.39
2.91	12.3
-1.4	11.1
5.16	9.9
4.08	6.07
-2.4	6.34
1.15	12.56
0.91	15.22
-4.06	1.26
-1.36	3.23
1.81	8.96
0.32	7.09
4.42	6.17
3.58	5.41
0.33	5.07
-1.89	5.46
-5.09	4.36
-2.91	5.39
-4.53	5.87
-3.74	9.4
2.02	6.73
4.08	6.98
5.66	13.3
2.24	10.82
1.4	6.54
-1.15	7.65
-3.58	3.43
0.77	3.06
1.41	12.05
0.51	8.27
-1.51	2.82
0.02	2.71
1.77	2.87
1.65	2.54
0.77	2.13
0.16	1.54
-1.08	0.66
-1.85	-0.58
-0.98	3.87
0.02	3.04
-3.26	0.71
-8.68	0
-9.12	-0.95
-6.57	-3.65
-5.29	-4.05
-5.09	-2.82
-3.06	-0.73
-6.27	-0.86
-11.87	-2.14
-12.38	-0.96
-11.5	-1.82
-9.03	-0.92
-2.45	1.29
-3.14	0.32
-0.94	1.67
-0.59	4.42
-0.47	2.01
-5.75	3.72
-1.39	0.6
-1.08	-0.11
-1	0
-1.39	2.34
-2.77	2.96
-6.94	3.52
-8.46	2.47
-7.92	-1.32
-2.4	-0.33
-3.71	-1.21
-2.78	1.2
0.19	1.51
0.23	1.76
0.4	1.68
-0.24	0.84
0.42	1.27
0.18	0.98
-2.79	1.6
-10.26	-1.66
-15.95	-4.3
-9.78	0.81
-6.27	5.15
-1.88	1.73
-1.63	7.62
0.18	2.17
0.08	1.98
-0.53	2.85
-3.11	3.75
-4.4	7.3
-5.94	4.14
-3.33	6.87
-1.69	7.77
-3.09	7.5
3.27	9.58
-0.46	7.85
-3.76	6.08
-0.12	5.28
1.47	7.2
1.07	5.04
0.45	4.86
-0.58	4.31
-2.76	6.49
-4.77	7.05
-2.46	5.6
-0.08	8.75
0.97	11.21
-0.35	9.33
-3.31	7.26
-5.81	5.15
-2.6	3.56
-3.05	1.74
-3.38	3.63
-2.01	7.06
-3.51	10.3
-0.18	9.7
0.19	5.62
2.98	9.25
-2.14	12.44
1.19	9.99
1.72	6.84
-1.53	2.83
-2.24	4.08
-1.31	4.21
-3.21	6.93
-2.62	5.78
0.2	2.61
0.22	2.9
0.73	4.26
-2.82	10.37
-2.08	10.13
0.93	9.86
-0.66	10.86
-1.24	11.71
1.38	13.46
-1.04	16.41
-0.24	17.85
1.36	18.13
1.94	14.83
5.56	17.75
2.61	17.21
2.54	14.52
5.66	16.02
2.26	18.67
8.59	17.27
5.47	18.01
4.69	15.53
4.87	10.38
3.27	12.74
-0.42	17.76
5.67	16.21
5.2	9.86
5.25	11.36
5.78	18.17
3.06	10.87
3.32	10.23
1.97	6.26
1.53	5.23
1.99	9.71
5.21	12.46
1.69	15.42
4.92	11.19
-0.23	13.33
1.11	6.86
3.47	7.61
0.63	13.2
0.52	15.61
6.87	11.46
7.91	12.31
5.67	14.4
3.31	16.07
5.16	19.83
12.14	20.09
8.05	22.63
9.4	23.32
12.59	26
15.34	25.14
12.26	25.87
11.81	28.24
17.89	29.11
12.83	21.15
7.75	22.29
5.13	16.8
4.17	17.67
6.14	21.47
8.5	16.78
1.73	19.27
2.68	21.58
7.71	23.41
8.04	13.64
2.11	16.4
0.93	15.35
7.83	23.41
11.32	24.63
11.78	25.82
12.59	26.79
9.58	25.42
14.57	23.56
11.42	21.52
9.39	20.55
8.71	19.98
9.36	23.06
8.1	24.66
11.03	24.55
11.35	23.37
11.53	27.28
14.52	29.11
15.77	25.52
14.91	22.24
11.1	25.14
13.27	22.48
12.82	18.58
10.39	21.77
10.44	21.37
12.75	24.7
14.27	24.91
12.78	23.95
13.42	25.43
13.4	25.75
10.34	20.66
11.61	18.3
10.46	20.95
8.01	21.18
7.21	21.99
6.29	23.74
13.56	21.38
13.5	16.08
14.75	23.42
11.24	21.07
13.57	22.06
11.94	26.56
11.93	27.53
14.65	28.52
16.75	26.84
14.93	22.74
14.97	22.59
14.34	25.48
16.32	27.2
15.58	27.79
13.96	27.47
13.99	28.17
16.44	26.24
16.69	27.42
16.36	25.46
17.25	24.26
11.18	25.54
11.6	26.5
14.04	21.77
11.55	25.79
16.98	27.67
20.73	28.87
18.8	30.39
16.62	27.33
12.61	25.25
12.91	25.97
13.02	28.11
14.71	24.01
12.72	23.49
11.62	21.83
9.53	21.19
10.13	22.24
12.32	22.45
9.4	22.04
13.43	23.55
12.95	24.2
12.41	25.35
9.5	26.75
10.39	27.59
14.6	23.85
12.58	26
11.78	27.17
12.11	28.08
14.26	29.85
15.31	25.83
8.42	24.3
7.82	25.83
8.12	27.26
11.87	28.59
13.36	27.22
11.07	25.27
8.02	25.15
8.28	25.73
8.19	27.99
9.88	30.45
12.31	31.45
12.04	31.24
14.14	27.72
15.34	22.56
14.84	21.74
14.63	27.69
13.14	26.49
14.72	22.64
9.06	24.6
13.09	19.6
14.07	16.23
14.35	21.52
11.01	20.72
13.34	22.1
9.94	25.65
10.11	28.34
11.24	29.95
11.47	30.14
11.99	30.41
11.63	30.33
11.4	30.55
10.9	30.09
11.96	25.64
8.36	19.85
6.56	19.31
4.83	18.58
8.85	19.65
5.37	19.48
6.63	22.55
11.9	21.44
12.96	23.69
11.84	18.45
11.25	21.51
12.19	24.4
11.86	19.71
6.58	19.58
11.27	18.52
9.51	15.08
8.93	12.96
8.73	11.98
8.1	18.02
3.77	19.68
6.5	14.32
8.85	14.11
9.48	18.11
11.08	19.31
7.83	18.75
5.26	19.59
3.95	19.41
1.92	19.14
4.69	18.69
9.1	17.88
2.74	19.27
2.13	19.18
5.06	10.41
-0.09	6.1
3.83	15.85
8.75	18.87
5.79	15.95
10.23	22.4
4.26	15.18
0.45	11.95
-0.52	12.91
1.31	10.11
4.02	12.46
-1.75	10.62
2.1	6.39
-4.29	6.14
-6.64	8.29
-5.64	9.1
-5.54	11.26
-5.21	12.76
-3.24	11.4
3.62	10.43
-3.64	6.13
-7.72	7.46
-6.93	8.6
-6.15	8.77
-3.18	17.14
6.24	17.53
0.87	8.14
-2.06	8.68
2.14	8.27
1.06	11.91
-1.53	10.47
-1.37	10.56
-1.45	8.22
4.29	8.46
-1.05	6.84
2.3	11.11
0.16	10.12
-2.93	6.44
-2.94	11.07
0.16	12.35
-3.35	9.6
-4.03	7.57
-4.25	8.96
-1.25	9.8
3.95	12.02
0.43	5.1
-2.59	1.71
-7.97	-1.08
-8.56	-1.43
-9.16	-1.01
-12.48	-2.76
-14.75	-4.85
-14.36	-4.26
-15.25	-1.5
-7.3	2.97
-4.33	5.79
-2.88	6.23
-2.99	8.87
-0.36	8.55
-5.64	-0.01
-9.91	-1.36
-10.69	-1.5
-9.29	1.1
-3.3	5.93
-0.38	3.64
-5.04	3.3
-0.71	5.74
-0.26	2.97
-1.71	1.06
-0.56	11.9
4.96	12
3.83	14.01
0.53	10.44
6.54	13.18
5.13	12.66
3.23	8.68
-1.82	4.3
1.78	3.19
0.4	2.85
1.01	2.81
0.59	2.08
-0.13	0.97
0.13	0.97
0.32	1.41
0.52	2.48
0.67	2.07
0.55	2.02
0.6	2.74
0.97	2.09
0.35	1.77
-1.33	0.54
-1.49	0.38
-1.52	2.49
-2.38	0.43
-1.17	0.14
-2.89	0.22
-0.27	1.13
-0.04	4.32
-0.07	4.01
1.87	7.03
5.67	12.34
-1.29	8.26
-4.22	6.55
-1.96	5.28
-0.61	7.06
-0.78	8.23
-1.81	6.19
-1.63	2.3
-1.03	6.89
-1.49	3.11
1.47	3.45
1.78	10.51
3.83	10.77
0.57	8.03
0.83	12.55
3.02	8.16
2.35	6.96
2.45	10.2
0.34	9.2
-0.79	8.25
-1.81	10.69
1.49	14.21
0.48	14.65
6.43	15.85
2.7	14.03
0.18	10.7
4.21	8.4
0.54	7.99
5.88	11.61
2.97	11.6
3.95	9.72
0.6	8.86
1.35	6.84
0.43	8.32
-2.04	4.57
2.47	6.62
2.39	6.02
-0.12	3.76
0.14	5.37
-2.88	5.6
-3.45	5.19
-2.12	4.82
-2.16	4.47
-0.32	6.12
4.06	6.51
3.52	5.4
2.22	5.09
1.5	3.34
0.23	3.18
1.24	2.76
1.34	4.99
1.73	5.22
1.78	9.87
-1.69	12.61
-0.22	10.74
1.72	13.71
1.95	16.24
4.99	18.33
10.2	18.03
11.02	19.25
6.72	23.15
3.49	23.77
3.72	21.3
5.32	21.17
7.91	16.15
2.54	18.02
4.35	20.77
6.01	20.53
4.67	19.96
4.61	15.29
3.69	14.9
5.72	10.76
5.95	14.13
0.33	15.24
-0.95	16.05
-0.42	17.32
2.52	16.88
2.29	16.28
4.48	16.02
1.02	19.99
2.16	21.47
4.86	17.04
7.7	19.34
10.23	15.56
2.99	10.49
1.94	12.49
-0.02	11.44
3.18	11.23
4.47	10.94
4.36	13.05
-1.27	16.93
5.52	13
0.34	13.18
1.78	16.87
2.6	17.78
2.98	11.86
7.61	12.18
2.48	15.26
9.1	19.72
10.74	20.47
8.32	19.73
12.04	16.35
10.7	16.57
9.81	19.08
9.28	16.38
8.79	11.79
9.85	14.27
6.82	15.64
5.2	14.89
2.68	17.07
2.41	19.78
6.11	19.07
9.97	17.12
10.09	21.36
7.6	23.25
5.92	16.37
7.14	16.63
3.59	16.18
6.46	20.27
7.03	22.43
9.21	24.74
10.84	22.49
10	19.6
7.38	17.9
5.68	16.37
8.58	16.57
4.69	21.35
5.77	24.61
9.58	24.03
12.18	23.3
10.67	24.78
14.2	25.19
15.16	21.38
14.4	19.6
7.72	23.79
8.1	26.32
13.56	22.94
13.66	24.88
10.51	19.33
4.39	19.16
7.51	22.05
8.3	14.8
8.15	17.15
5.09	16.86
7.23	13.57
9.08	20.33
7.57	22.95
9.46	22.49
8.83	24.54
9.19	25.29
13.64	21.5
8.01	21.3
11.06	21.43
7.64	20.77
9.62	25.7
14.58	21.34
13.62	23.94
10.19	27.06
15.68	25.9
11.74	24.95
13.56	21.82
14.25	22.92
11.24	26.47
14.38	24.27
8.78	25.56
11.92	22.7
13.23	24.6
12.73	27.78
13.38	20.98
10.92	20.69
10.16	22.25
11.65	23.89
12.07	24.65
14.27	27.96
16.6	30.13
16.74	30.65
17.07	26.26
10.58	27.62
17.12	30.59
15.14	26.72
13.68	19.39
10.37	19.14
11.49	19.62
13.71	20.88
14.56	23.2
11.68	28.3
14	23.6
9.32	22.36
9.66	25.67
10.37	28.75
12.8	29.62
13.26	30.11
17.7	31.14
15.35	30.57
15.41	31.43
16.38	30.78
16.08	32.5
16.74	29.99
15.03	25.92
11.68	24.27
9.27	26.86
13.55	24.64
8.91	24.57
13.21	21.68
9.76	20.1
6.75	24.96
9.89	28.84
14.39	32.61
16.44	33.12
16.3	32.57
13.65	31.69
15	31.31
16.16	29.92
16.02	28.28
16.58	25.07
16.48	24.81
16.39	24.67
15.61	24.38
15.92	22.03
16.07	24.06
13.99	20.32
12.94	24.99
10.22	23.89
9.68	23.84
14.18	22.21
13.02	23.05
12.85	27.46
12.67	22.33
6.59	21.67
8.21	23.71
14.27	19.45
6.69	23.91
7.25	24.86
11.34	23.13
6.78	20.36
8.14	22.27
9.8	24.02
9.44	27.33
13.23	23.94
13.98	21.24
11.68	22.97
10.72	21.61
11.26	22.62
9.37	19.69
11.81	16.13
11.09	15.06
9.69	15.11
8.3	18.51
8.37	12.42
6.19	13.99
3.54	17.37
1.96	21.39
7.66	16.42
7.36	9.59
6.61	11.64
3.21	9.83
3.37	14.09
6.7	10.51
5.57	8.91
5.79	10.1
-0.1	12.28
4.95	9.55
1.2	8.57
2.49	14.42
0.46	12.96
3.92	10.94
5.55	10.35
4.57	9.09
1.59	9.13
4.35	8.77
0.63	13.37
0.9	13.75
-1.1	14.56
7.01	13.21
3.59	8.19
3.19	13.04
-0.13	13.1
1.68	9.52
3.35	15
3.9	10.58
-0.67	9.94
4.4	8.31
1.13	7.82
-2.38	8.7
-2.69	7.46
1.34	9.2
-0.66	9.89
1.38	11.14
-1.66	10.88
4.25	6.15
4.09	6.05
2.95	4.59
1.46	7.85
-2.68	9.77
-3.07	10.08
1.98	10.06
1.59	13.47
0.88	11.09
4.46	15.98
10.07	16.97
12.39	17.74
6.21	16.48
5.49	15.55
6.09	14.07
0.22	10.37
0.34	6.73
2.74	5.75
4.75	8.02
5.31	7.76
5.94	8.05
4.33	9.59
0.93	8.48
2.02	5.35
-0.12	5.04
-0.77	7.98
-0.46	9.49
1.42	10.32
4.49	14.57
3.19	12.53
-0.6	5.36
-0.81	4.37
1	6.02
4.51	10.97
6.09	9.27
4.12	7.16
4.11	5.68
0.16	5.51
-3.18	1.67
-1.06	2.23
-6.1	4.25
-4.44	3.99
-3.16	5.92
0.83	9.03
-2.4	6.82
-1.2	7.76
-1.99	9.17
-5.06	5.3
-5.38	5.74
-2.87	-0.83
-1.44	0.51
-1.57	3.1
-1.58	11.22
-0.01	11.35
3.75	16.88
1.85	9.01
-0.55	2.96
-2.7	3.71
1.32	6.35
-0.58	5.46
-3.8	3.06
-1.86	4.22
-0.63	13.69
-1.42	7.87
0.42	5.38
-2.79	2.86
-5.12	5.51
-5.68	6.58
-2.21	7.13
-4.02	7.02
-3.47	9.59
-2.91	7.61
1.05	9.9
6.28	13.17
7.27	12.69
6.04	13.84
2.12	9.6
-0.68	4.79
0.75	6.67
-0.08	5.64
-0.34	8.54
1.06	10.43
1.21	10.55
-0.53	9.17
2.9	7.64
-0.9	9.84
-0.45	4.66
-2.4	7.08
-1.39	3.61
2	7.64
1.38	5.88
-0.66	3.07
-4.44	4.64
-5.82	5.62
-5.6	8.44
-1.19	3.56
-6.93	4.38
-7.4	7.11
-5.02	11.17
-1.05	9.38
-0.48	9.25
0.29	8.53
-0.72	6.62
-1.42	3.05
-7.84	1.49
-8.92	4.6
-2.55	3.7
-0.56	3.37
-1.02	4.57
-4.64	6.9
-5.96	9.63
-4.98	8.48
-4.97	7.76
-0.76	4.6
-5.07	7.36
-7.2	11.95
-4.7	14.17
-2.14	16
3.96	16.86
4.36	15.58
3.92	14.29
1.49	15.58
0.91	15.57
5.71	16.62
3.45	17.03
1.99	17.18
4.98	16.95
3.42	13.25
5.69	14.51
6.08	9.5
2.27	12.57
0.85	11.7
3.95	7.37
2.05	6.66
2.57	12.3
5.14	12.06
3.79	9.03
-1.05	5.17
-0.53	3.69
-0.58	6.37
-2.21	8.45
-2.24	12.79
2.52	13.12
8.35	15.46
1.02	11.65
1.54	4.09
2.99	5.88
3.8	7.53
4.1	8.15
4.39	11.24
7.17	15.41
6.6	20.14
7.4	21.15
7.29	16.17
4.35	14.22
3.61	15.47
2.5	9.2
4.55	11.23
-1.3	12.47
4.81	14.17
5.23	16.48
5.87	20.68
6.98	14.81
4.04	14.63
4.76	14.01
1.96	14.88
0.17	18.67
4.47	16.37
8.51	18.59
5.85	16.96
8.05	18.58
8.8	15.45
3.75	11.93
2.17	14.23
1.41	18.33
1.59	21.12
2.58	22.81
7.38	18.51
6.37	19.84
5.59	21.2
8.71	18.22
8.63	18.36
8.71	19.84
10.23	25.11
13.3	20.63
7.09	19.41
5.16	22.21
6.06	22.97
9.34	22.38
10.47	19.11
10.62	24.18
12.92	24.07
10.82	26.23
12.09	26.21
11.21	27.41
12.48	28.23
12.51	26.5
12.75	24.81
13.38	25.32
10.82	17.21
9.36	18.12
12.01	14.91
10.25	20.2
11.69	19.62
13.43	21.2
9.48	24.79
15.38	24.03
10.31	22.64
9.46	19.7
6.34	14.31
9.32	16.21
9.59	17.5
5.13	16.46
5.52	17.31
6.14	18.06
11.43	17.01
10.35	19.66
11.14	20.48
12.31	22.89
9.99	25.52
11.9	27.04
14.34	28.11
14.59	29.41
16.89	25.28
13.24	20.14
12.21	17.94
7.54	19.79
14.37	18.63
13.43	24.58
15.5	28.12
15.7	29.33
15.29	27.43
13.95	23.13
13.42	25.05
10.26	27.88
13	27.27
12.67	22.94
12.18	17.7
10.29	13.08
10.81	22.41
16.84	25.38
11.96	27.1
16.13	24.5
14.85	25.62
13.67	26.7
12.48	27.52
14.66	27.94
16.07	28.43
17.43	26.46
15.86	23.24
16.28	25.4
14.44	28.22
16.33	30.01
17.56	27.46
15	27.69
16.02	29.41
16.71	25.63
12.04	25.1
14.05	24.86
14.22	25.42
12.46	26.82
14.29	28.28
14.51	23.82
9.56	21.82
9.82	23.02
10.78	25.38
12.42	27.19
16.06	27.23
13.59	26.3
12.6	26.56
13.15	25.89
12.69	24.67
12.92	25.31
12.16	23.16
11.84	25.36
13.53	25.76
14.35	25.01
13.97	26.82
14.27	28.49
13.52	29.11
14.88	26.24
15.16	24.05
11.08	23.62
11.71	25.75
14.18	23.83
13.44	27.89
14.89	25.98
14.79	22.73
9.38	24.03
9.12	26.26
10.4	25.64
11.1	26.23
13.87	25.91
14.45	20.14
13.31	20.7
13.48	21.23
14.12	20.09
14.45	19.52
13.22	24.07
14.65	24.87
11.68	25.99
12.57	26.13
13.32	25.29
12.62	25.34
12.51	25.48
12.91	24.15
12.42	21.34
13.46	20.74
7.05	21.01
8.9	22.67
8.95	23.12
13.47	18.81
10	15.56
5.49	21.07
12.22	25.22
13.81	26.41
13.33	28.29
13.72	26.55
11.03	24.58
8.53	25.03
8.87	25.07
11.23	23.17
9.62	24.15
11.1	23.36
11.16	23.03
13.24	24.31
11.94	20.94
13.5	25.25
11.2	24.66
11.31	24.35
12.2	25.18
12.19	22.1
9.39	23.76
11.46	19.32
5.51	17.46
6.77	16.97
4.94	19.21
3.15	16.9
4.73	15.19
3.79	12.41
3.79	9.84
2.36	8.58
5.93	9.01
5.98	10.27
2.58	13.3
3.18	14.06
8.71	11.59
7.72	13.57
6.05	13.18
7.8	11.23
5.24	12.93
5.09	12.76
2.01	14.24
6.34	13.18
1.14	13.67
-0.61	16.13
-0.62	17.7
-0.71	17.9
0.36	17.12
2.14	10.51
1.2	10.72
3.85	5.73
5.36	8.59
6.94	8.7
7.25	9.51
7.25	8.84
6.31	8.05
6.25	8.28
4.9	9.72
4.58	7.7
4.5	6.1
4.97	7.1
3.52	6.72
4.33	6.72
3.62	5.97
2.41	7.13
0.5	3.97
1.34	3.68
3.66	7.12
0.9	9.36
2.44	6.96
0.13	6.22
-3.34	4.92
-1.25	1.43
-3.51	1.15
-9.05	0.4
-9.47	2.41
-4.48	4.89
-1.24	7.83
-1.17	6.34
1.19	7.12
0.98	6.54
2.31	5.62
3.43	5.91
3.46	6.84
0.07	4.69
0.55	8.11
-0.61	6.8
-3.39	5.29
-3.56	3.8
-4.14	2.2
-2.43	3.19
-2.26	1.25
-0.94	1.04
-0.64	1.37
-0.72	1.14
-0.51	1.36
0.73	2.88
-1.42	2.02
-7.91	-1.41
-9.71	-0.03
-7.82	0.03
-6.36	5.07
-6.13	3.35
-7.6	1.22
-4.33	-0.03
-5.75	3.3
-1.87	4.49
-4.02	5.23
-4.89	1.81
-2.22	0.05
-3.46	-1.88
-3.76	-0.73
-2.02	8.53
0.49	10.38
1.1	6.75
-3.67	3.17
0.12	5.48
-0.99	1.3
-3.95	5.3
-5.27	3.54
-4.91	0.7
-2.83	7.08
-0.47	13.26
3.24	12.78
2	8.8
-0.19	7.11
-4.75	1.49
-7.28	0.54
-3.47	1.38
-2.1	6.23
-5.08	6.62
-1.45	7.91
-1.91	7.15
-1.06	12.53
0.1	6.57
-3.72	0.93
-6.93	1
-3.05	0.1
-6.17	-1.82
-5.81	-2.31
-11.98	-2.5
-6.23	-3.02
-6.55	-4.3
-5.49	-1.35
-2.85	1.12
-1.52	1.78
-0.48	2.53
-0.35	1.55
-7.3	1.37
-10.11	-1.47
-11.88	-2.46
-6.39	4.57
-2.35	1.2
-3.24	-0.61
-5.24	-1.98
-4.74	0.89
-0.15	3.5
0.62	4.79
0.73	3.81
-0.6	1.61
-1.53	2.39
-0.45	3.8
-2.58	3.8
-4.49	5.53
-3.95	2.54
-3.57	-0.16
-2.04	1.45
-0.87	14.58
-0.95	13.35
-2.73	13.02
-3.05	14.67
-1.62	18.08
-1.16	16.56
-0.79	9.15
-2.09	4.18
-4.63	0.06
-6.26	-0.16
-4.01	-0.9
-7.66	0.31
-2.65	-0.48
-3.31	0.84
-13.41	0.81
-16.42	2.89
-10.61	2.98
-6.98	3.33
-1.78	5.57
0.71	4.22
1.97	9.66
-0.64	12.92
3.55	14.39
0.6	8.54
-3.43	1.89
-6.97	4.54
-1.73	3.99
2.02	5.8
-0.97	10.3
2.44	15.44
-0.54	15.14
-0.63	13.09
2.11	15.54
1.81	19.02
5.85	16.91
2.37	20.93
3.41	22.89
7.16	24.5
3.66	24.37
5.75	22.96
5.87	23.92
7.18	18.81
5.77	10.34
4.46	9.65
3.13	10.48
1.11	11.54
0.87	16.32
4.71	16.44
4.27	17.21
2.6	19.4
6.4	16.48
6.05	18.09
3.94	20.17
3.84	21.66
5.62	22.02
5.9	19.6
5.19	15.46
2.69	7.19
6.28	13.48
8.79	17.06
6.87	13.25
6.71	16.67
4.25	12.12
2.7	7.76
-1.3	10.95
-1.71	14.31
1.19	12.29
4.14	18.89
4.71	22.11
10.16	23.4
7.55	26.16
8.51	26.2
9.56	24.55
8.82	24.27
9.7	24.87
8.95	23.65
7.93	23.65
10.93	20.76
7.41	17.4
2	19.33
5.22	23.89
7.58	24.09
8.96	24.78
9.38	24.95
9.11	24.48
9.78	22.68
11.19	16.74
6.61	14.29
9.67	15.76
8	20.38
9.36	22.34
11.65	18.51
8.47	19.31
7.47	21.85
9.8	23.95
12.85	19.33
10.53	19.4
11.15	16.96
8.57	15.67
6.17	17.12
5.14	15.97
7.01	19.34
11.1	21.32
10.42	24.56
10.43	24.77
10.25	22.84
9.2	24.01
14.08	23.16
11.03	27.3
14.42	23.55
9.86	26.34
12.63	22.93
10.26	19.84
8.31	23.91
8.99	26.48
10.67	28.05
12.21	28.61
13.45	28.92
13.39	25.98
11.03	25.91
9.94	26.43
10.17	27.35
11.1	26.91
10.66	27.71
12.77	30.83
15.77	29.26
12.98	29.4
12.26	28.92
11.74	29.64
11.69	30.94
14.03	32.02
15.62	25.19
9.73	26.2
10.8	28.45
12.66	28.22
13.55	25.32
13.02	26.92
10.72	28.12
12.3	30.27
17.14	26.72
13.7	28.93
13.67	30.97
14.39	31.34
15.66	31.48
14.18	31.97
15.57	31.97
16.74	28.47
17.16	23.59
15.44	19.52
15.56	20.41
14.94	18.37
13.95	23.16
14.79	23
15.71	24.76
15.01	22.13
7.84	24.04
11.22	26.33
13.56	22.65
8.2	21.14
9.49	23.76
11.08	22.86
10.48	19.94
6.36	21.13
6.89	24.39
10.44	23.45
8.25	21.79
9.46	23.8
14.38	23.06
13.33	24.9
10.51	22.67
10.16	24.26
8.65	24.88
10.23	19.92
13.79	19.33
11.36	23.17
10.43	22.69
9.43	22.25
10.08	18.38
9.24	15.53
9.04	21.07
8.79	22.12
6.72	24
6.86	24.73
6.83	25.1
8.25	25.05
9.16	25.92
14.45	21.15
13.53	24.79
13.71	22.3
12.69	22.45
10.5	19.34
8.92	12.4
8.72	16.28
5.42	17.03
7.53	19.67
4.67	21.35
5.94	21.6
10.33	20.41
8.07	16.77
7.41	23.35
11.89	23.84
12.73	24.3
10.86	17.38
10.21	15.97
9.04	18.22
9.52	14.75
9.89	18.7
8.49	16.69
8.28	15.88
7.47	13.59
8.05	15.85
3.96	19.06
6.56	22.87
10.71	17.16
10.73	20.04
10.53	25.7
15.06	24.96
13.9	19.46
10.87	16.78
13	23.33
11.81	25.03
14.63	23.21
12.63	18.9
11.27	19.45
4.97	21.95
5.26	23.84
6.34	24.03
6.93	23
8.65	21.66
11.21	23.36
11.08	23.38
11.86	18.81
9.69	17.45
9.32	13.25
5.45	11.39
3.39	6.25
4.26	6.81
4.03	8.64
4.41	8.45
0.65	11.54
-1.33	10.93
-1.16	9.74
0.87	5.68
1.98	5.73
1.53	5.13
-0.83	6.66
3.85	13.04
4.95	11.65
8.34	17.6
5.8	12.94
5.11	9.42
6.67	14.39
9.17	12.82
8.2	14.48
9.09	13.78
7.67	14.24
6.33	16.34
4.67	16.79
8.36	16.56
9.06	15.49
9.21	13.18
8.9	10.68
8.1	10.44
6.7	8.92
4	9.84
5.25	8.53
4.34	7.27
1.29	6.54
2.23	5.48
2.7	4.11
3.04	4.5
-0.78	5.45
-3.49	4.73
0.42	4.41
-0.89	3.14
-3.17	2.53
-1.81	5.51
-2.16	3.74
-1.88	8.56
4.53	11.5
3.92	12.99
1.56	9.65
0.46	4.23
0.38	2.99
-1.74	2.1
0.38	6.99
0.62	8.57
-1.25	9.42
0.73	3.83
-1.61	4.16
-3.15	1.43
-4.82	1.58
-6.1	1.55
-5.24	-1.03
-4.8	-1.36
-2.55	0.02
-0.81	1.88
0.66	4.08
2.05	5.03
-0.58	3.27
1.46	3.33
-0.22	1.94
-1.32	-0.02
-1.45	1.35
-3.95	2.85
-9	-0.73
-8.57	1.82
-4.39	-1.19
-11.87	-2.97
-18.08	-5.15
-10.16	3.68
-1.19	3.93
0.23	1.6
-0.74	0.56
-1.98	-0.22
-2.23	-0.06
-1.91	-0.49
-2.47	2.6
-2.19	0.42
-2.43	4.04
2.78	7.43
2.42	6.71
-0.17	3.93
-5.99	2.32
-1.84	2.59
-4.32	0.73
-5.43	2.21
-3.68	1.01
-9.8	-2.68
-5.64	0.26
-2.72	0.76
-1.19	0.76
-2.25	8.83
-0.02	4.44
-0.88	3.8
1.68	10.98
3.85	8
-1.72	8.97
2.89	7.26
2.57	11.38
1.47	5.69
-2.67	2.68
-5.4	-0.17
-10.71	0.42
-10.21	-0.24
-3.78	2.6
-1.3	2.28
-1.29	3.99
-0.31	10.55
0.8	10.78
4.06	11.91
5.93	14.12
2.84	10.99
3.52	12.75
2.62	7.18
0.2	6.18
-0.48	8.24
-0.81	9.49
0.18	11.99
2.76	14.45
8.06	14.98
10.07	14.64
5.29	12.54
7.97	15.14
2.86	16.17
4.43	15.37
2.82	12.95
0.32	7.27
-2.62	1.85
-4.97	6.87
-3.27	8.39
2.32	13.83
6.13	12.67
4.92	13.72
0.18	14.56
-1.15	11.5
-0.47	13.15
0.26	16.14
0.68	15.48
1.06	15.28
8.24	15.02
6.26	10.24
1.37	16.17
5.84	14.75
0.09	15.79
3.1	17.13
4.53	17.21
3.81	17.49
6.85	17.33
3.38	15.78
6.53	19.72
6.51	22.61
4.03	24.66
4.48	22.75
7.41	19.16
5.34	19.83
8.08	18.08
2.25	13.35
-1.49	2.63
-2	3.02
-1.64	9.59
0.03	12.91
2.54	12.08
6.22	10.9
6.13	9.22
-0.25	13.38
2.42	17.21
6.53	13.09
2.73	7.86
1.39	7.81
-0.96	7.33
-1.45	7.55
1.32	10.09
4.54	12.97
3.68	9.66
0.46	10.2
0.08	14.61
-1.33	18.83
6.09	13.92
6.43	12.24
-1.28	15.42
3.77	20.15
8.61	20
7.92	16.56
3.47	15.45
5	19.11
6.59	24.37
11.07	19.9
9.28	25.96
10.37	26.78
11.89	26.91
11.36	24.23
9.17	26.34
10.63	28.82
15.58	25.38
8.39	19.62
8.48	15.95
6.03	17.09
6.25	17.01
5.2	19.38
6.3	21.87
8.56	24.62
13.61	22.28
10.82	16.84
9.63	17.81
8.91	19.28
8.35	20.48
9.32	19.55
14.2	22.94
15.12	27.25
12.58	27.01
11.59	23.37
9.82	15.84
3.92	20.23
5.41	23.53
10.33	19.22
7.62	16.52
2.71	18.96
2.91	22.82
6.51	25.08
10.84	17.65
5.66	16.66
0.43	18.3
6.31	18.52
7.34	17.77
10.79	21.35
10.04	23.51
8.07	23.8
11.49	27.34
11.5	29.53
12.32	29.88
13.95	29.46
16.05	29.94
14.18	30.63
16.74	31.88
11.97	26.7
14.29	22.77
15.02	26.37
14.9	29.94
16.74	28.57
15.42	26.9
11.89	24.96
14.16	21.39
13.15	23.95
9.47	25.7
11.07	26.73
10.45	24.32
14.28	20.83
9.12	22.71
9.57	25.94
14.9	22.96
13.84	23.5
10.32	26.28
12.89	29.19
15.13	27.66
16.34	26.28
10.87	24.8
12.62	28.05
13.8	28.17
17.03	25.84
16.36	25.08
14.33	25.99
15.18	27.99
11.06	28.82
16	27.72
13.85	20.1
9.94	21.63
12.67	23.55
14.02	24.33
15.65	23.46
13.47	25.78
14.5	22.78
12.6	20.24
12.83	24.25
13.9	26.24
13.73	27.89
12.43	23.57
8.44	22.1
8.59	23.52
10.55	25.48
13.22	26.62
15.75	25.06
14.24	20.49
11.89	20.86
13.51	24.14
11.14	26.6
10.95	27.72
12.72	27.92
12.1	26.71
12.63	28.24
13.31	28.36
13.01	26.62
12.62	23.51
10.57	24.09
12.54	21.52
10.77	21.99
12.38	25.08
11.07	24.17
14.71	23.04
14.95	26.18
16.22	24.57
11.23	23.21
15.63	22.08
14.25	22.84
11.85	21.49
8.69	19.71
7.54	21.45
9.46	23.45
10.94	25.8
14.73	22.12
15.58	24.36
16.06	26.49
14.77	26.64
11.45	25.55
10.9	25.56
11.5	26.77
10.75	27.06
12.32	26.4
12.25	26.48
10.9	27.29
11.53	27.57
11.09	21.73
5.15	18.32
10.5	21.64
9.06	25.41
9.79	19.71
3.82	16.72
3.92	21.83
6.22	16.25
4.76	11.97
6.01	8.85
4.23	13.57
5.52	10.2
6.54	14.14
3.69	16.25
5.11	15.02
6.79	15.65
5.99	15.75
4.28	15.7
7.26	13.47
2.22	13.13
-2.13	14.85
4.04	19.36
2.78	21.09
5.33	15.48
0.65	15.53
-0.71	17.51
3.5	21.02
9.21	21.95
12.44	23.36
12.91	23.78
5.86	22.47
7.4	17.95
11.74	14.98
10.6	14.44
8.78	17.78
8.04	17.23
7.3	13.06
4.35	15.14
-0.75	15.23
-1.37	16.43
0.59	16.22
0.56	15.37
1.25	10.77
3.6	12.32
7.4	12.87
4.66	16.44
5.6	19.11
4.02	17.5
3.47	15.53
4.94	11.86
7.64	12.61
7.28	13.87
4.58	12.07
8.45	12.96
7.75	13.73
5.85	15.76
5.03	19.94
9.4	14.28
8.69	14.04
6.62	13.79
3.57	9.45
6.43	10.17
6.68	16.2
3.4	19.86
1.73	16.77
4.06	12.65
1.05	7.73
3.17	8.34
4.5	7.05
0.23	9.09
-1.13	9.19
-1.87	8.46
-3.62	5.06
-1.03	8.11
3.12	8.29
0.58	8.08
-2.17	8.06
-0.2	8.18
1.18	4.32
1.78	4.13
-0.56	4.09
-5.36	2.82
-5.83	0.9
-2.74	1.05
-2.46	1.14
-1.27	1.16
-4.74	3.49
-9.67	1.31
-10.23	1.63
-1.24	2.48
-0.33	1.31
0.09	1.73
0.39	2.36
-1.12	1.07
-7.36	-0.29
-6.92	-1.93
-6.73	0.26
-2.41	2.51
-0.32	3.9
-1.51	1.53
-2.83	-0.06
-4.65	-2.23
-4.79	-4.02
-4.8	-3.36
-5.03	-1.24
-7.11	-1.78
-5.27	1.03
0.35	9.58
0.92	8.29
0.52	6.6
2.34	7.01
0.32	3.44
-1.5	3.04
-3.12	6.04
-4.38	4.25
-5.81	5.99
-3.38	7.17
0.24	7.81
-4.94	1.39
-9.75	0.89
-0.72	2.46
-3.25	0.57
-5.36	-2.84
-5.03	-3
-5.03	-2.73
-4.55	4.25
0.2	4.17
-1.21	3.23
-2.17	2.16
-1.69	0.51
-0.74	0.41
-1.89	1.84
-3.51	1.03
-1.46	0.49
-2.15	0.5
-1.44	0.6
-3.45	1.59
-5.71	3.48
0.15	6.83
-3.56	5.67
-3.33	6.85
-3.62	2.94
1.54	7.88
-0.96	5.12
-1.96	5.23
-2.32	5.15
-0.61	3.43
-2.39	3.02
-0.77	3.68
-0.78	2.38
-0.87	3.68
-2.31	2.14
-2.77	-0.15
-5.95	-0.86
-7.87	0.18
-2.94	1.91
-0.4	2.63
-0.66	2.38
-2.79	3.11
-4.14	3.06
-7.58	2.98
-1.6	2.44
-3.39	2.08
-7.58	-1.93
-7.37	-1.13
-19.53	-1.67
-15.07	0.01
-11.46	6.68
0.81	10.53
5.93	13.66
5.71	16.24
7.32	12.11
4.69	13.29
4.94	10.62
2.75	16.64
3.91	16.63
2.74	16.86
4.03	13.1
6.33	9.96
1.4	7.13
0.13	9.4
2.22	10.4
2.67	10.8
0.01	15.56
4.02	9.91
-3.25	10.47
4.92	13.39
6.62	10.63
1.12	14.76
4.77	10.73
2.69	7.24
0.17	8.63
-2.43	10.37
3.71	10.53
0.28	9.16
-3.02	10.35
2.3	5.92
1.75	10.95
-0.36	10.27
0.53	11.62
4.21	16.43
2.58	20.36
6.09	20.95
5.59	20.68
3.03	19.44
3.3	18.93
8.02	15.22
7.49	15.37
4.72	13.84
3.29	9.82
-3.07	9.99
1.59	13.41
0.42	13.45
0.55	15.21
8.99	17.45
2.53	14.01
2.48	6.11
1.4	7.8
3.16	7.8
2.55	6.42
2.71	8.44
0.41	11.28
2.24	8.93
4.83	14.02
5.07	14.37
6.4	17.03
4.23	18.24
3.52	18.98
5.44	19.23
3.66	18.99
5.56	15.63
6.34	18.88
5.69	20.91
12.18	22.39
11.26	21.28
8.54	16.96
5.4	19.52
8.89	21.18
6.15	20.94
12.38	18.38
11.44	19.23
9.22	19.03
7.35	16.82
9.14	15.28
3.74	10.48
-1.82	10.85
3.93	12.27
5.99	11.56
2.27	16.79
7.88	17.57
5.1	18.93
9.62	18.65
12.04	20.53
12.84	19.86
8.68	19.94
13.99	18.08
11.83	20.59
11.72	18.84
12.64	19.38
11.83	19.83
8.38	18.78
9.85	19.67
10.62	20.15
11.41	21.38
11.09	23.48
10.58	26.21
11.14	26.54
10.29	27.59
10.97	27.87
11.94	27.52
13.26	25.04
13.84	27.65
14.62	28.14
13.14	25.15
15.24	26.82
11.26	19.48
11.42	18.85
9.22	16.27
10.02	17.53
6.07	20.48
7.52	21.82
12.28	21.88
13.29	21.4
10.1	21.62
9.75	23.47
11.56	22.88
11.53	24.78
11.53	25.48
14.75	23.37
8.55	20.95
10.11	20.19
7.07	18.64
10.61	18.15
7.65	21.33
7.96	24.2
11.3	25.5
15.35	21.26
11.92	26.12
13.09	26.89
13.31	24.42
8.84	22.56
12.07	20.69
10.97	20.45
8.56	21.89
11.49	20.31
12.16	21.1
14.42	27.25
16.29	27.79
14.66	25.78
16.31	23.98
12.63	20.55
11.36	24.88
14.69	27
15.31	21.77
10.48	23.86
12.86	20.22
9.19	19.59
7.45	20.97
7.82	23.08
9.3	25.23
10.55	26.06
12.3	26.86
12.01	28.06
13.41	28.94
14.08	24.96
13.03	26.74
12.4	27.59
14.88	28.87
14.37	28.76
15.51	24.37
14.38	28.02
13.78	28.52
15.66	29.87
14.66	26.26
10.15	24.64
11.67	21.16
9.75	22.58
9.28	21.03
8.21	21.38
12	19.28
7.25	24.75
11.01	27.38
12.76	23.76
12.52	22.13
7.21	21.37
7.5	24.65
8.62	24.2
8.92	24.9
8.23	25.79
9.68	25.07
11.12	25.65
11.42	19.12
4.42	20.33
7.12	16.8
6.7	20.59
7.7	20.28
8.96	16.03
3.56	19.43
6.52	20.6
5.63	21.85
8.89	22.51
9.1	23.22
11.39	22.5
10.42	22.9
9.27	22.34
8.61	22.76
10.64	20.53
11.16	29.97
11.33	21.19
6.52	17.61
4.44	19.19
6.53	22.94
8.75	22.97
6.26	23.68
8.02	21.18
10.8	16.23
6.91	15.9
1.79	15.35
5.93	18.88
10.61	20.11
11.34	21.8
9.14	27.31
9.18	25.41
10.22	16.84
8.2	14.35
1.45	17.64
5.64	16.3
6.8	13.26
7.85	12.74
10.69	16.35
9.05	18.35
7.08	14.96
4.82	17.9
6.21	20.17
6.25	19.31
5.78	20.21
4.34	19.97
4.21	19.58
4.14	19.84
4.24	20.98
2.93	16.77
4.65	15.34
3.59	14.82
1.44	14.87
3.74	11.22
6.57	12.93
6.49	12.32
2.45	13.68
1.66	11.87
3.65	14.88
1.9	15.16
0.25	16.79
6.87	12.13
1.83	9.33
-2.3	9.47
4.47	14.56
0.29	13.78
4.89	15.88
-0.42	13.52
-0.12	10.53
4.46	6.68
4.69	8.31
2.85	6.56
3.69	5.25
3.45	4.83
3.2	4.16
2.46	3.47
1.31	2.47
0.62	1.41
-0.31	0.61
-1.02	-0.09
-1.11	1.58
-2.23	1.1
-2.04	-0.28
-1.39	4.74
-2.3	3.12
-0.85	0.81
-1.18	0.19
-2.01	0.23
-1.25	1.73
-2.09	2.82
-3.14	2.82
-2.11	-0.18
-1.56	0.3
-0.11	0.95
-4.93	1.75
-0.43	3.02
-2.83	5.54
-8.98	2.15
-7.53	0.5
-7.47	1.32
-4.96	-0.31
-5.71	-0.69
-14.31	-5.51
-13.46	-4.67
-7.37	-4.02
-5.41	-1.12
-6.17	4.24
0.03	5.56
0.44	9.32
3.7	12.24
1.31	8.55
-1.02	8.79
-1.27	8.69
0.63	7.68
-3.18	3.61
-5.81	-2.87
-6.07	0.23
-11.26	-3.4
-3.87	0.45
-1.71	0.32
-0.92	0.34
-0.45	2.73
-1.25	3.51
-1.8	4.35
-0.16	9.78
1.01	12.14
6.16	12.85
3.2	12.77
-7.29	8.87
-9.09	-4.28
-10.3	-2.5
-12.4	-2.47
-13.21	-2.92
-14.54	-4.22
-14.18	-2.49
-11.32	-2.19
-10.77	1.52
-1.25	2.31
-1.75	2.22
-7.08	0.05
-11.01	-0.62
-10.23	1.43
-5.51	0.96
-2.65	-1.12
-9.17	-2.61
-9.75	-2.64
-16.89	-3.46
-15.47	-2.52
-6.86	-0.96
-2.03	1.43
-1.55	0.39
-0.66	0.95
-0.02	1.86
-1.09	3.14
-2.15	5.71
3.79	14.03
0.66	10.54
-1.15	6.5
-1.72	5.11
-2.98	6.85
-0.16	9.34
2.65	7.9
1.89	4.82
3	9.27
1.13	6.14
-4.28	2.67
-1.33	6.1
-0.92	4.02
-0.67	2.17
-1.89	0.26
-1.72	0.73
-0.31	7.7
2.12	7.93
3.66	6.61
3.82	6.78
0.34	5.71
-0.83	1.57
-0.57	2.95
-1.67	3.77
-6.82	3.41
-7.75	3.59
-8.08	3.74
-6.2	4.78
-3.59	1.61
-2.65	-0.31
-4.64	2.27
-4.01	0.05
-3.06	7.16
-1.59	8.16
-2.18	11.67
-1.1	14.24
1.15	11.93
3.75	7.38
2.16	10.9
1.79	7.64
-2.34	10.26
3.72	10.58
-1.66	8.24
4.02	12.34
5.87	15.6
6.84	17.54
9.56	18.36
10.4	17.18
4.36	12.3
3.53	14.53
4.9	17.07
3.35	17.53
6.32	14.31
4.21	10.24
5.03	15.26
3.58	9.97
-2.12	12.74
8.04	17.02
8.04	11.86
5.06	16.42
6.37	12.11
1.95	9.85
4.03	13.28
4.31	10.54
1.49	13.73
0.13	15.15
4.82	14.8
1.82	12.12
4.77	9.89
2.51	10.48
1.68	10.07
-0.25	10.44
1.57	14.03
0.19	16.95
2.44	15.33
1.59	18.11
3.31	19.64
3.7	21.14
6.13	20.29
9.45	16.11
4.6	11.98
-0.4	9.77
-2.31	11.93
-0.24	14.47
5.26	15.32
1.89	19.06
10.25	18.06
9.76	16.18
6.21	17.78
8.68	14.46
7.78	10.58
5.66	14.4
4.19	17.06
6.49	12.84
6.35	16.89
3.41	13.96
-0.89	12.97
1.54	10.65
-0.15	14.56
3.61	14.64
3.04	17.27
5.77	18.76
3.5	20.6
6.74	19.6
7.18	17.51
10.1	19.3
9.53	20.53
6.88	22.63
6.28	24.35
7.71	25.17
11.19	25.68
11.98	27.93
11.7	29.48
13.9	27.88
9.71	25.77
9.79	27.81
12.74	28.86
13.55	27.1
10.59	26.38
13.66	28.24
17.21	24.26
10.02	26.14
13.13	26.02
11.47	28.42
13.56	30.24
13.59	30.54
14.2	30.68
14.62	30.63
14.38	30.75
13.3	30.25
11.76	30.7
15.81	26.22
15.33	27.33
13.13	28.48
13.94	28.55
15.87	27.02
15.85	28.15
15.69	24.04
12.35	24.01
13.58	21.37
10.9	20.54
10.63	19.22
10.8	20.07
13.57	17.62
13.49	16.78
10.92	22.91
13.16	21.1
13.53	26.12
13.62	28.17
16.09	27.17
15.21	29.58
15.98	26.71
17.12	25.16
14.03	26.08
13.69	21.96
11.18	17.74
10.48	11.89
11.58	19.25
12.04	20.4
9.69	23.93
11.8	22.48
14.2	19.29
8.98	22.21
14.64	24.05
9.73	22.33
12.8	24.22
16.37	25.32
16.94	24.58
15.47	24.68
11.99	21.27
13.3	19.72
12.96	24.46
15.06	28.1
15.79	27.44
15.51	25.78
15.67	22.01
12.37	20.69
9.24	20.68
11.65	23.89
13.13	26.14
13.18	24.66
14.28	22.55
11.64	25.11
16.78	27.98
13.89	28.19
17.87	30.03
15.68	29.93
16.91	29.9
14.22	26.59
9.72	24.47
10.05	25.22
13.08	26.36
13.61	27.24
16.42	23.6
14.09	20.34
11.24	20.72
8.58	21.51
7.84	22.23
11.08	25.28
10.82	28.01
12.23	27.42
13.39	25.95
10.26	23.49
11.96	18.45
13.08	21.88
10.23	23.79
10.77	25.1
10.8	25.96
11.71	24.75
10.96	17.62
5.36	18.95
10.01	20.95
7.83	19.29
7.77	19.64
7.18	19.4
6.27	22.07
6.2	23.85
6.64	24.96
9.43	25.83
11.91	18.97
10.7	17.63
9.85	22.15
6.84	24.09
9.97	25.37
10.54	25.6
11.03	24
11.3	23.65
9.99	25.34
10.8	26.72
11.28	25.47
12.31	18.83
6.95	15.15
0.69	17.76
2.75	23.37
5.14	25.47
6.86	24.42
9.15	24.14
9.94	22.05
8.91	16.5
9.34	13.27
8.61	12.07
4.16	17.33
3.14	18.79
6.06	19.42
9.54	14.93
6.12	17.79
4.57	15.87
5.83	13.74
3.55	12.88
-2.42	14.24
1.21	16.61
6.29	11.79
4.27	10.65
1.41	10.01
3.61	13.69
0.71	11.91
3.41	15.47
6.25	20.21
8.28	20.35
13.65	22.68
8.05	20.52
10.54	24.03
10.71	22.79
9.26	17.31
4.42	11.93
0.4	16.24
-2.15	16.13
-0.58	13.61
4.67	9.41
-2.38	10.92
-1.67	7
-7.31	7.51
-6.83	5.6
-1.78	8.29
3.94	6.42
4	5.5
4.34	9.94
-0.31	6.27
2.68	12.6
1.58	9.48
-1.35	7.37
1.84	6.73
-0.89	10.07
2.05	12.24
2.99	18.06
6.34	18.28
5.19	10.83
4.06	5.86
1.28	5.1
-2.61	8.04
1.91	9.47
3.3	11.98
7.21	12.14
5.78	8.56
5.78	8.15
4.85	8.07
4	5.52
1.59	6.98
2.39	7.37
0.01	6.59
0.59	5.41
-0.92	5.84
-3.84	6.22
-0.14	6.22
3.32	5.61
3.72	9.14
0.44	15.26
-1.17	10.84
1.92	11.58
-1.78	10.11
-1.03	12.14
-1	12.29
-0.5	8.36
2.13	11.36
0.2	11.49
0.28	9.91
0.23	10.45
6.69	12.72
1.22	9.79
-3.07	1.75
-1.88	5.15
0.81	6.54
1.18	8.6
-1.9	7.62
-1.11	4.85
-2.12	3.49
-0.29	2.95
0.37	2.27
1.43	4.19
2.32	8
3.13	5.56
3.96	5.9
3.14	4.37
0.6	3.66
-0.57	1.76
-0.68	1.34
-3.48	1.47
-2.57	-0.58
-3.74	2.6
-5.03	2.73
-7.05	-0.18
-9.4	-0.82
-12.52	-1.71
-4.62	-2.53
-5.62	-3.01
-7.03	-0.85
-4.29	-0.2
-3.24	0.23
-6.14	-1.75
-9.37	-4.18
-17.28	-5.32
-18.93	-9.77
-13.72	-7.65
-8.39	-2.43
-3.29	-1.79
-3.1	-0.86
-4.31	-1.63
-4.31	-1.71
-3.14	-0.3
-2.08	0.47
0.25	4.6
-1.23	4.28
-0.06	2.77
-4.64	0.94
-5.38	0.06
-11.1	-0.76
-7.6	-1.4
-7.4	6.37
1.28	11.44
4.45	10.98
-1	6.87
2.43	10.25
1.6	12.97
1.05	6.95
1.08	10.7
-0.51	7.48
0.87	10.96
-1.48	10.71
2.12	7.22
0.32	7.19
-0.42	9.22
-0.44	8.45
-1.17	4.69
-2.43	2.44
-3.69	4.08
-1.27	6.49
0.09	3.71
-0.29	3.33
-2.29	5.72
-3.44	6.48
-5.42	7.28
-4.21	1.51
-3.37	4.61
-6.07	10.06
-5.31	6.02
-4.67	2.03
-5.63	2.05
-5.96	3.65
-0.5	10.47
-2.63	11.24
0.31	6.71
-4.6	4.28
-5.08	7.89
-0.7	8.61
1.93	8.56
2.03	7.57
2.19	8.23
1.15	8.05
0.76	8.78
1.87	5.43
-0.57	10.74
0.75	10.36
0.88	7.27
1.33	7.51
0.1	10.54
-1.63	10.47
-1.96	11.81
2.07	9.14
0.06	3.03
-0.33	6.95
3.11	4.92
3.83	6.33
4.54	10.3
1.03	14.62
1.64	16.5
7.96	19.76
5.4	19.28
8.42	14.85
-0.31	14.17
3.98	15.09
6.31	18.35
4.2	11.62
2.79	7.2
2.71	6.17
2.99	8.24
4.42	9.84
0.78	10.42
1.14	10.71
-0.01	11.38
2.25	11.19
2.27	12.41
-0.85	15.35
1.08	18.49
2.76	20.47
2.37	20.51
3.4	21.43
5.98	21.77
8.62	18.31
3.47	11.48
3.2	7.56
3.76	6.55
3.8	9.78
3.64	10.31
4.68	10.07
-0.76	12.8
4.69	12.81
3.79	14.38
6.3	15.88
3.5	18.1
7.63	17.82
7.83	19.02
7.65	14.83
6.76	14.11
4.76	7.82
6.76	10.95
4.98	19.58
9.89	22.04
9.3	19.95
8.44	11.83
8.78	18
3.44	17.68
3.24	17.43
3.5	14.3
2.67	13.19
7.27	12.62
7.98	15.66
5.56	15.04
9.62	17.74
9.64	20.57
7.15	19.82
6.98	18.5
7.92	15.35
5.87	17.68
6.06	19.03
5.24	22.83
8.23	23.51
12.14	20.95
10.03	21.55
11.07	20.31
10.65	17.19
4.99	18.51
4.18	19.4
7.11	21.11
10.77	21.09
13.5	24.24
10.95	21.7
12.76	23.28
10.48	22.97
13.79	22.9
14.67	22.59
11.6	24.42
10.78	27.6
12.3	29.2
13.53	30.33
16.89	30.09
13.67	25.35
11.78	25.67
12.86	19.35
12.51	21.37
8.05	24.55
11.42	19.47
13.01	22.9
9.82	23.52
12.78	22.76
13.15	22.26
9.65	20.25
11.12	17.45
7.74	20.86
11.56	21.38
10.78	19.93
9.27	22.65
12.77	18.88
8.7	21.93
11.92	21.87
7.82	22.78
12.26	25.3
14.94	22.85
13.28	26.23
15.07	27.55
14.6	24.5
10.07	21.32
11.24	20.01
9.27	21.32
12.63	23.21
12.63	27.06
15.28	27.46
13.86	17.77
13.71	20.97
10.66	23.85
14.1	26.08
12.28	22.51
11.11	18.87
12.05	24.47
11.46	26.75
13.57	27.35
11.74	27.88
14.74	25.96
15.16	27.77
16.29	26.7
17.14	25.19
13.11	26.95
13.09	27.15
12.4	28.56
14.55	30.09
17.75	28.09
13.99	29.93
18.54	26.65
13.92	28.41
14.73	30.82
15.23	27.22
15.43	25.31
13.92	25.71
13.37	24.39
13.11	21.22
11.33	21.29
11.18	25.16
11.73	26.78
15.54	25.33
11.13	23.65
8.57	25.73
10.2	23.79
14.64	28.9
14.24	25.22
12.05	20.07
8.93	18.3
3.98	20.75
4.3	22.54
7.53	25.11
11.19	26.8
14.41	24.94
13.92	27.26
12.97	22.66
10.32	19.65
8.37	17.47
5.36	20.09
5.81	21.84
6.56	24.02
9.32	22.02
10.38	22.3
12.29	17.9
8.2	19.58
11.32	17.29
5.07	16.89
8.63	22.43
9.56	23.33
11.77	18.8
7.05	22.78
8.27	18.58
8.69	20.35
9.05	19.94
12.74	20.47
13.59	21.75
12.02	24.39
10.45	21.82
10.67	23.23
13.09	19.3
10.7	20.5
9.28	20.13
5.24	17.05
5.48	18.05
4.5	18.6
4.55	20.07
9.16	17.77
3.11	17.21
4.93	17.56
4.69	17.39
3.97	15.84
7.57	16.27
10.8	21.73
8.14	18.21
6.09	10.04
4.69	8.86
0.5	13.6
6.89	12.99
7.36	12.34
4.43	13.32
4.74	14.52
7.84	19.63
8.09	20.24
9.89	16.66
8.31	12.67
3.01	13.79
-1.51	11.73
-3.18	9.89
1.69	15.09
0.97	17.39
6.57	14.35
5.47	11.47
-2.43	11.7
-0.45	17.15
0.87	18.03
4.32	11.8
-1.78	11.09
0.28	5.98
-1.52	1.35
-2.16	-0.37
-1.52	0.67
0.31	1.54
0.47	2.57
1.04	5.08
0.49	4.29
2.59	5.53
1.46	3.62
-4.25	4.34
-4.78	3.31
-0.51	3.21
-5.25	4.25
-4.78	4.92
2.31	11.28
1.66	14.87
3.5	12.15
3.03	12.01
1.1	9.73
-0.01	11.13
-0.87	11.35
-0.7	12.8
-0.78	14.46
-0.55	13.89
-0.72	14.64
1.01	8.61
-0.42	2.19
-1.18	2.64
-1.9	1.55
-6.05	-2.02
-6.95	-3.21
-12.46	-1.85
-9.88	-2.57
-12.85	-0.01
-6.04	4.59
-5.95	-0.42
-5.96	-2.59
-13.61	-0.23
-9.27	-0.25
-2.21	5.41
-3.1	5.83
-6.17	4.21
-1.51	7.71
-1.07	9.69
0.82	5.96
-0.46	4.49
-2.14	1.85
-0.15	1.02
0.39	1.78
-0.16	2.02
-0.15	6.56
-2.61	4.82
0.66	6.79
-3.18	5.05
-2.3	3.24
0.64	3.5
-0.05	3.19
-6.07	4.27
-6.8	4.45
-6.98	3.78
-5.25	1.67
-3.33	5.73
0.44	8.19
0.57	8.45
-0.54	4.23
-4.41	2.52
-5.32	-0.63
-7.49	-3.54
-11.64	-2.05
-15.34	-1.63
-12.75	-2.68
-7.87	1.25
-6.47	-0.51
-6.58	1.32
-10.98	2.03
-12.62	3.5
-11.94	2.31
-10.01	2.53
-7.4	3.71
-6.1	1.72
-6.53	2.78
-1.26	1.16
-7.16	2.32
-10.93	0.49
-9.1	0.37
-2.59	4.95
-5.27	0.92
-8.74	0.27
-12.14	3.39
-6.03	4.32
-8.74	5.52
-6.28	11.19
-5.91	12.75
-4.25	12.7
2.97	9.47
-0.4	7.76
-5.43	5.76
-2.8	8.56
0.2	14.53
-3.08	11.71
-0.84	8.92
0.49	6.78
-3.78	3.23
-9.49	2.76
-3.96	0.44
-7.6	2.41
-7.79	4.25
-3.77	2.83
-3.6	0.87
-3.69	0.04
-3.1	0.83
-1.87	1.48
-1.48	0.87
-0.68	3.89
0.23	2.65
-1.25	4.87
-6.28	4.16
-7.47	3.42
-3.35	2.78
-0.75	3.35
-0.45	3.34
1.26	3.11
0.97	4.74
-1.88	5.54
-1.7	10.95
0.35	14.75
1.01	14.43
5.06	18.64
4.53	16.65
6.22	12.82
6.64	20.65
7.74	14.04
1.92	15.83
1.72	14.59
2.99	12.52
-0.46	13.63
2.69	9.64
3.68	7.45
-0.39	14.1
-1.36	17.34
-0.46	17.53
1.2	18.21
5.81	19.05
8.7	18.93
6.16	21.54
7.25	18.22
1.72	16.95
5.55	17.25
5.52	15.49
5.05	18.48
5.66	18.31
4.75	19.16
4.4	13.56
-0.58	14.69
6.01	13.06
7.76	17.02
4.34	19.81
3.54	22.01
9.6	20.35
8.09	18.33
6.29	16.77
0.94	18.95
3.65	23.24
5.16	20.22
3.46	20.33
2.43	19.13
1.27	9.73
-0.28	7.95
1.49	9.94
-1.74	13.95
4.33	13.87
-0.89	18.93
1.24	15.45
4.74	11.5
5.79	11.1
6.08	20.41
10.74	17.62
4.82	14.8
0.4	14.35
4.15	19.35
7.79	19.07
6.64	14.9
6.09	8.84
2.49	8.66
4.07	15.25
2.19	16.76
3.96	19.29
3.15	20.5
5.3	23.46
7.95	23.54
7.1	22.81
12.31	16.28
9.91	17.67
6.14	21.7
8.19	22
10.52	21
9.41	21.99
8.83	22.29
7.72	24.67
11.97	25.73
11.22	23.79
13.45	21.95
12.91	19.18
10.91	21.62
13.31	24.1
14.89	25.51
14.86	23.85
10.86	19.47
6.21	22.73
10.63	24.78
11.09	27.54
10.76	28.79
11.66	29.92
13.6	30.27
18.15	29.36
13.8	24.57
14.09	21.4
11.79	25.06
11.07	26.72
16.87	26.49
15.94	23.97
12.04	26.04
10.41	29.06
16.42	25.53
7.66	25.46
12.88	29.5
15.35	29.16
12.63	22.54
9.43	15.2
9.33	18.44
6.55	18.18
7.77	20.76
10.7	19.65
12.93	18.2
12.46	18.03
9.25	23.71
11.44	21.51
11.18	25.6
12.45	27.09
16.9	29.09
14.59	25.85
12.59	22.32
10.21	25.19
16.52	28.95
15.64	25.26
9.1	23.75
9.96	24.7
12.8	25.72
12.17	25.76
13.63	27.06
13.95	27.96
13.97	29.34
16.39	28.38
16.24	26.46
16.68	22.58
13.4	24.99
12.25	24.18
14.45	27.92
15.38	28.98
14.05	25.34
8.81	19.15
10.41	22.29
13	26.93
14.8	28.29
14.58	28.44
13.04	24.03
10.07	20.87
7.38	22.53
10.56	21.52
11.3	24.2
13.39	27.05
13.1	28.31
15.42	30.05
16.8	31.95
17.31	32.92
16.63	28.24
15.95	27.52
13.23	28.8
15.44	29.59
13.67	31.47
16.47	31.06
13.36	27.07
15.7	26.24
12.99	25.5
14.02	26.32
11.11	27.91
10.85	29.3
11.53	29.32
14.98	24.36
8.94	22.91
5.37	24.84
7.12	26.27
13.17	22.14
8.1	22.7
9.91	17.43
7.31	19.43
7.57	20.36
10.18	21.76
11.89	22.85
10.04	17.18
5.9	20.4
9.98	21.59
7.65	23.91
12.4	20.88
11.25	20.33
6.42	20.92
10.78	20.07
10.7	20.14
11.46	23.09
7.62	23.2
6.76	24.08
8.47	24.08
13.79	18.5
11.82	19.59
10.43	23.37
9.59	24.36
11.98	18.64
6.07	18.23
5.82	20.68
10.55	15.97
9.3	18.25
9.94	20.24
11.76	24.31
13.79	26.82
13.61	28.07
16.25	27.63
13.85	21.06
14.47	22.43
10.25	24.03
12.19	24.2
10.95	21.39
13.69	18.66
9.97	14.48
9.46	19.1
9.08	19.03
12.22	19.88
12.09	21.34
9.02	23.84
10.07	23.84
13.46	22.97
11.44	19.76
4.86	20.47
8.08	16.28
8.87	19.32
3.12	11.83
4.24	14.4
-0.44	14.26
6.57	17.89
6.66	15.36
6.85	16.64
5.77	22.77
8.81	19.7
7.69	18.47
9.77	20.27
9.4	15.84
3.94	11.44
3.53	8.92
0.3	10.94
2.08	13.59
4.56	10.51
4.09	13.31
0.48	13.59
-0.12	15.27
3.91	17.56
6.35	16.64
4.53	19.07
6.28	16.08
4.52	16.1
0.99	15.43
3.51	12.08
-0.8	6.3
-3.32	5.55
-3.27	3.85
-1.96	3.18
-3.75	6.1
-1.56	10.06
2.03	10.26
0.74	7.66
-2	4.33
2.6	4.72
-2.69	5.09
-5.8	4.59
-3.17	5.79
0.87	14.78
0.05	15.38
4.81	14.48
-0.76	12.71
1.58	15.53
2.7	8.25
-2.67	5.8
0.61	6.79
-0.34	3.01
0.22	5.57
-0.49	7.59
1.73	4.94
-1.09	5.31
-0.65	2.5
-3.82	2.43
-1.87	4.69
-3.3	5.4
0.13	5.12
-0.59	11.84
2.92	11.27
1.38	5.89
0.11	2.84
1.13	5.07
-3.63	2.36
-7.66	2.45
-4.09	4.41
-3.07	2.06
-4.31	-0.06
-2.71	-0.27
-2.27	0.55
-12.56	-2.07
-18.91	-4.39
-8.34	-2.32
-2.82	-0.19
-6.5	-0.84
-1.9	1.82
-2.77	2.94
-11.62	-0.55
-6.38	1.35
-2.25	5.97
1.51	6.88
4.23	13.57
1.75	7.66
2.73	7.9
-0.18	7.98
0.33	9.87
-0.63	6.92
-0.24	12.41
-5.15	6.69
-11.67	-4.05
-6.95	-4.68
-9	-4.5
-9.97	-3.85
-5.09	-1.83
-14.72	-3.68
-16.57	-6.57
-10.17	-7.41
-8.46	-7.18
-8.87	-7.11
-7.35	-5.84
-7.75	-6.22
-8.7	-5.76
-6.6	-3.99
-9.91	-2.35
-7.46	-1.2
-5.62	-0.71
-3.43	-0.89
-4.75	-1.8
-6.19	-1.59
-5.08	4.36
-3.59	3.46
-3.08	4.85
0.17	11.64
-2.76	4.3
-3.85	1.02
-7.99	1.48
-9.79	1.44
-9.31	2.4
-9.26	4.32
-4.88	7.8
-4.4	9.78
-0.14	8.73
-4.37	7.95
-2.96	2.05
-2.99	-0.19
-3.1	-1.12
-3.05	-1.27
-3.36	-0.79
-2.56	3.66
-1.13	6.41
-3.02	3.36
-1.12	1.85
-4.75	0.31
-9.02	-1
-7.73	-3.69
-10.52	-1.9
-7.86	-0.31
-5	0.7
-0.94	3.37
-2.19	4.1
-7.08	7.54
0.57	13.3
0.24	6.36
-1.47	11.32
1.89	14.16
3.04	9.13
1.93	6.28
0.02	3.6
0.95	7.15
-2.64	7.71
-2.91	12.13
5.21	8.91
-1.28	9.55
2.47	7.28
1.2	7.55
-3.32	10.3
-3.27	10.61
0.23	13.21
1.95	11.2
3	9.57
-1.45	9.71
2.41	7.55
-0.28	6.4
-0.8	8.33
-3.25	10.56
-3.53	11.67
-1.27	15.46
-0.22	18.52
4.13	17.36
8.96	18.51
7.46	13.07
8.1	10.73
7.3	14.71
3.56	14.86
7.6	18.47
8.16	16.12
1.43	18.15
5.78	21.55
8.39	18.66
5.63	20.69
4.36	16.38
0.3	9.1
-0.8	13.46
4.18	9.87
1.73	7.4
2.56	7.11
3.38	10.25
3.6	13.27
3.36	15.8
2.37	13.89
-0.36	11.39
-0.74	12.47
-0.73	13.1
0.59	10.74
1.34	9.51
-2.68	14.14
2.35	15.11
3.67	16.74
2.85	12.5
5.08	14.32
5.03	14.24
0.51	13.47
0.03	10.29
1.5	16.63
1.95	20.58
8.41	22.9
11.35	20.82
8.84	23.19
10.69	22.67
7.58	10.77
8.8	16.8
12.11	16.08
10.45	16.9
5.99	18.69
5.37	18.67
5.97	21.12
6.51	21.35
6.34	23.63
8.27	25.4
10.24	26.42
10.36	25.43
13.1	25.84
11.91	21.51
10.72	25.12
13.26	22.31
12.38	17.36
7.38	19.16
9.82	22.57
10.55	24.94
12.02	26.99
13.64	23.64
12.12	19.78
11.16	24.5
9.02	26.43
10.19	27.97
12.59	28.88
10.9	28.97
13.79	27.53
12.32	29.01
13.26	27.2
14.09	23.82
11.03	26.99
14.79	25.09
12.8	26.69
17.61	24.85
12.06	18.95
10.71	19.8
5.72	19.27
8.85	21.11
9.84	19.28
11.31	22.4
14.4	19.85
10.07	23.23
9.77	26.06
14.35	26.76
17.23	29
14.79	25.53
13.65	27.59
19.06	30.72
13.77	25.48
12.66	24.42
10.19	20.17
12.55	22.02
10.39	22.54
12.86	24.03
14.86	28.07
15.2	28.26
12.02	25.55
13.01	26.54
14.99	22.79
11.17	23.12
11.73	24.87
11.11	25.89
15.48	25.28
16.88	22.37
15.01	25.65
14.17	26.1
16.04	28.49
17.35	29.37
16.36	29.21
16.48	25.03
17.89	27.78
16.58	30.01
16.99	30.08
16.8	30.34
17.47	25.95
18.13	25.81
16.82	23.93
16.7	21.24
16.22	21.25
14.23	23
13.63	26.23
13.94	25.47
15.15	26.28
13.14	26.31
13.19	26.01
15.05	26.05
16.33	26.91
14.8	24.02
13.63	26.24
15	25.97
14.59	21.48
14.09	26.15
15.38	25.51
14.42	27.09
13.87	27.42
15.7	29.73
15.63	29.69
16.17	28.11
16.7	29
15.05	27.34
12.17	25.78
13.08	27.64
14.01	26.72
11.32	22.82
11.85	21.69
8.25	24.14
8.65	23.86
11.17	23.77
10.52	24.96
13.55	27.13
13.33	22.8
13.88	19.47
12.16	19.56
8.54	22.01
11.44	21.84
9.87	23.55
10.48	23.51
8.83	24.7
11.22	26.71
14.79	29.51
13.98	27.83
14.63	24.52
15.16	22.24
14.29	22.16
11.84	24.67
12.39	25.3
10.12	24.56
11.33	25.41
11.08	25.62
10.4	25.82
9.62	25.43
8.96	24.91
8.62	24.52
8.85	24.23
10.87	23.93
15.25	25.4
11.57	21.77
10.3	18.09
10.76	16.77
13.07	24.76
12.12	23.94
11.21	21.5
9.3	22.27
7.63	21.66
12.12	17
13.94	17.15
9.36	16.41
6.8	13.1
9.37	11.59
9.7	15.19
9.3	18.43
8.34	15.46
4.66	10.98
6.61	16.54
3.34	17.72
7.84	11.32
4.07	15.42
7.45	16.47
6.34	13.24
2.93	15.57
0.98	14.64
1.49	17.42
4.87	12.81
8.44	16.9
5.45	13.61
8.07	17.18
9.03	16.86
8.7	20.78
9.38	15.4
7.97	15.54
3.55	16.34
4	11.75
8.11	13.4
5.89	13.45
1.55	7.94
4.62	6.77
4.53	6.7
3.86	5.62
3.51	5.21
3.78	9.04
-2.71	5.15
-5.13	4.31
-3.53	6.73
4.21	18.05
9.3	13.92
7.2	12.63
0.36	8.85
2.4	15.47
5.53	14.32
0.74	9.48
0.62	5.16
1.21	4.85
-2.89	8.94
2.45	11.42
2.51	9.39
-0.71	8.37
-0.6	9.07
0.68	7.64
0.24	14.66
2.8	14.09
9.17	15.02
5.5	11.46
3.09	6.67
4.1	8.44
5.42	7.28
3.03	5.3
3.29	6.14
-1.04	5.8
0.16	3.42
-0.53	1.53
-1.33	1.65
-0.93	3.04
0.08	12.55
9.03	15.48
7.21	13.98
0.43	12.19
-2.51	2.66
-0.47	3.95
1.52	4.13
-1.24	4.48
1.9	9.44
7.42	12.7
2.75	12.69
1.25	3.58
-3.01	6.3
1.65	9.85
0.28	2.72
0.22	2.41
0.95	3.03
1.96	5.85
2.58	5.79
-3.29	5.32
-0.42	5.83
-1.92	4.57
-1.69	3.17
-5.33	2.87
-4.69	1.68
-2.29	4.34
-0.79	3.7
1.19	5.45
0.52	6.16
1.68	10.58
-0.56	6.9
1.27	5
-2.88	6.09
-2.17	5.53
-3.78	8.87
-2.71	8.28
-4.47	3.91
-4.31	0.74
-2.72	2.25
-2.26	4.2
2.45	9.76
-0.3	12.96
-0.19	6.7
-2.15	3.06
-5.07	3.23
0	9.44
-2.66	6.15
-1.52	5.52
-5.19	5.43
-1.25	7.24
1.12	11
2.57	11.57
3.12	10.65
1.05	10.24
0.75	8.26
-2.51	8.85
0.81	7.98
-3.45	5.53
-3.44	5.36
-5.82	3.73
-0.88	1.81
-0.82	2.78
-1.87	1.71
-1.52	0.48
-1.85	1.06
-1.13	0.44
-1.87	4.55
-4.28	2.21
-1.55	0.53
-4.34	-0.85
-10.63	-3.24
-10.21	-0.42
-8.88	2.77
-4.56	1.67
-6.7	2.66
-9.25	4.36
-9.03	-1.11
-14.72	-0.34
-13.73	2.78
-12.37	3.33
-6.46	5.87
0.32	7.66
1.3	9.86
-0.89	8.18
0.04	4.19
2.45	6.8
0.76	4.89
-4.06	9.16
-1.41	10.67
3.02	15.66
1.83	16.26
2.2	20.32
3.51	20.33
1.26	20.77
1.87	11.74
-4.7	6.65
-2.22	10.04
1.34	13.86
4.06	13.73
-1.12	15.53
0.63	16.97
5.77	17.99
7.46	16.07
2.89	19.01
5.15	13.57
1.42	11.7
1.28	15.52
8.71	16.81
0.95	11.56
0.71	8.83
-1.7	13.38
3.1	9.27
4.41	11.64
2.54	12.88
5.57	11.31
5.6	13.23
4.86	12.77
2.83	12.42
0.57	9.95
-0.01	13.45
5.37	11.49
3.83	19.27
8.57	21.34
8.34	21.02
6.92	22.68
6.96	18.81
4.46	12.47
0.83	11.22
4.47	12.66
5.46	13.5
2.62	16.81
5.74	19.03
10.29	21.45
12.61	22.75
11.73	25.2
12.73	20.19
9.8	21.02
9.48	23.1
7.88	22.56
8.79	23.99
11.82	23.84
11.7	23.55
10.66	24.04
10.93	22.27
13.4	24.61
11.2	21.05
4.09	21.03
6.85	19.81
7.17	18.79
7.27	18.29
4.04	17.96
9.17	14.8
10.41	14.35
7.18	21.02
10.36	20.32
12.39	23.08
13.51	25.17
13.14	26.45
17.59	29.75
14.47	28.69
14.55	27.88
11.21	26.62
9.64	24.89
9.61	23.48
13.4	26.61
15.34	28.79
16.35	24.04
12.65	18.25
8.34	16.91
10.16	17.45
9.5	15.19
10.09	18.46
6.7	21.56
8.24	21.91
10.09	25.59
10.14	27.32
11.87	28.56
14.68	26.37
11.8	28.43
12.73	29.69
14.1	26.08
9.09	19.32
5.11	23.12
8.02	27.49
15.01	28.97
13.79	22.85
10.34	23.63
10.28	24.14
11.21	22.83
11.94	21.75
10.27	16.05
9.15	17.37
8.54	16.88
10.87	15.69
12.41	19.46
14.16	22.84
11.2	23.07
12.96	23.93
11.21	24.76
12.17	26.79
12.9	27.95
13.97	28.05
15.13	23.93
12.39	21.06
7.8	24.35
10.45	25.63
14.74	24.75
14.69	26.57
13.03	28.36
13.76	29.52
14.7	30.2
15.92	30.13
16.84	27.34
16.3	29.63
13.76	30.61
15.51	30.7
14.72	25.22
17.5	28.71
16.42	25.94
14.07	27.06
13.57	29.55
14.55	30.99
14.99	31.89
18.25	34.59
18.75	30.44
14.28	22.83
8.68	26.74
12.87	31.4
16.33	30.87
15.87	27.69
14.75	30.62
15.9	34.38
19.75	35.74
18.73	27.6
15.89	30.01
15.96	31.36
16.25	33.03
17.45	29.96
15.03	21.55
10.62	20.59
10.92	23.78
9.65	20.72
10.05	22.01
13.36	24.1
13.04	27.62
13.89	28.88
15.19	28.47
14.06	28.2
14.73	23.75
8.23	24.25
9.08	25.09
9.59	26.45
13.3	26.89
15.23	27.03
13.16	28.65
12.79	29.76
11.69	30.01
12.15	30.57
15.45	30.13
14.12	28.71
16.7	23.98
16.28	27.29
13.7	29.46
13.46	29.34
13.6	28.38
15.75	22.49
15.25	25.71
11.44	26.84
11.81	26.25
15.41	26.07
9.46	20.79
6.09	23.66
11.14	24.14
12.77	19.58
6.98	20.16
8.2	25.51
14.75	27.78
14.79	26.79
11.56	17.54
8.14	20.48
6.05	22.21
9.77	23.8
12.37	24.54
9.28	20.07
9.51	17.48
6.8	21.25
7.2	24.53
8.86	22.62
10.96	24.49
10.05	19.57
4.43	20.24
7.8	18.01
7.32	17.32
1.65	20.26
3.46	21.08
5.74	20.45
7.54	23.73
8.87	16.8
-1.79	14.59
4.02	21
6.32	25.31
7.21	25.12
5.92	24.5
7.11	19.54
4.08	20.29
5.33	18.2
4.75	19.34
7.23	18.6
5.96	15.16
-0.27	17.4
4.78	19.27
7.83	20.96
10.71	22.06
7.06	17.31
5.5	14.24
0.54	16.11
5.02	17.57
6.68	12.61
-0.01	9.7
-1.83	11.69
-3.26	11.83
-2.48	11.11
-1.52	12.72
1.8	17.36
0.62	16.32
1.67	11.3
4.74	10.42
4.5	9.15
3.03	12.11
-1.47	13.1
-0.48	10.79
2.93	9.23
7.18	9.17
5.69	12.33
1.58	9.51
3.93	6.62
3.93	9.48
-0.84	8.08
3.4	7.25
-1.48	6.23
-6.57	4.27
-4.96	0.61
-11.02	0.14
-4.32	5.46
-7.33	5.49
-6.95	4.36
-8.56	1.53
-8.14	1.94
-6.89	1.5
-6.37	5.04
-6.32	2.2
-8.44	2.19
-6.74	-0.37
-3.57	7.63
4.15	12.95
2.66	11.42
0.78	9.59
-0.44	6.51
-3.85	-0.16
-4.3	-0.99
-7.73	-3.29
-4.92	1.6
-7.37	3.25
-7.2	2.93
-2.36	5.02
-5.24	1.38
-9.17	2.16
-5.62	2
-4.08	1.92
-10.04	-0.85
-10.97	-2.73
-9.41	-3.52
-5.24	-2.24
-4.49	-2.59
-4.91	0.19
-0.66	6.16
3.35	13.68
4.62	10.55
-0.47	10.22
3.59	8.17
-0.56	9.46
2.18	8.56
1.19	10.96
0.82	11.88
1.26	9.5
-1.99	11.46
-1.38	12.83
-1.35	7.48
-1.21	7.7
0.42	10.35
-2.21	11.86
-0.46	11.89
0.42	10.16
-2.67	2.33
-6.24	2.72
-3.42	3.83
-4.08	0.41
-1.43	2.82
-5.06	2.17
-9.4	1.89
-12.79	-3.02
-6.35	0.23
-4.22	5.04
0.75	6.82
-3.07	4.16
-2.65	5.31
-0.11	6
-4.75	0.34
-1.88	0.87
-5	0.39
-3.23	-0.58
-2.64	1.42
-1.27	0.81
-3.39	4.37
-6.94	3.33
-10.48	2.02
-2.39	3.82
-0.34	1.38
-2.01	0.33
-1.55	2.05
-3.47	2.12
0.36	2.49
0.48	3.07
-0.64	6.28
-5.22	6.97
-1.76	5.81
0.04	8.66
-2.33	4.75
-0.73	5.63
1.35	3.23
-0.47	2.12
-2.45	1.22
-4.18	0.22
-5.8	-0.67
-6.84	-2.19
-5.19	-1.63
-5.92	-0.76
-6.08	1.15
-2.64	0.12
-3.09	0.31
-4.04	1.78
-5.42	0.59
-0.45	0.96
-0.18	2.1
0.22	4.72
0.93	4.54
-0.45	7.86
0.15	3.92
-0.33	3.93
1.28	5.05
1.28	3.63
0.17	4.31
1.55	5.34
1.85	4.71
0.93	8.18
2.84	9.78
2.75	7.11
-0.3	5.76
-0.35	6.09
0.63	5.48
-0.19	4.74
0.94	7.82
2.24	8.4
1.77	7.27
0.48	7.67
0.19	9.29
0.19	9.59
-1.75	5.49
-4.99	4.89
-4.55	7.47
-3.35	9.91
-2.35	10.89
-3.2	13.09
1.97	15.81
5.39	16.04
1.7	16.71
7.17	18.4
9.92	18.45
5.35	14.01
2.47	12.1
1.1	13.54
6.7	11.3
4.95	11.02
4.07	8.36
1.19	11.05
2.56	14.92
8.87	16.03
8.27	15.24
7.1	11.4
6.27	13.35
3.5	13.6
3.99	13.65
7.06	12.34
7.82	18.01
3.85	19.71
5.22	20.79
7.64	15.97
6.5	13.12
4.75	13.93
1	15.83
1.37	16.88
4.49	18.58
9.09	20.32
7.94	15.15
4.87	17.37
2.84	20.06
2.71	15.81
-0.68	10.56
0.68	12.14
-1.64	12.88
6.45	12.88
4.64	22.48
9.65	21.99
11.52	26.25
10.27	25.77
10.14	24.64
9.32	24.76
6.9	18.16
5.25	11.45
6.76	9.95
6.31	9.92
7.32	12.99
9.37	12.6
9.07	17.38
5.94	19.87
7.42	22.12
9.83	21.15
8.45	22.71
10.37	23.94
10.54	26.33
13.77	22.9
11.34	19.77
10.66	16.41
9.58	20.28
7.71	20.1
8.01	20.51
11.22	21.69
11.91	17.76
8.29	18.8
7.5	17.44
5.17	21.36
9.11	22.29
8.61	24.94
10.81	25.57
10.96	22.91
12.23	22.6
13.21	21.77
7.87	17.92
7.61	21.25
10.21	22.34
9.95	23.99
11.15	22.98
8.86	18.87
4.47	21.8
9.94	27.78
13.61	24.12
7.47	19.73
8.44	21.42
11.2	23.87
9.42	25.36
11.34	28.12
15.2	29.41
16.07	24.99
13.06	26.26
10.56	15.29
7.95	19.44
10.92	21.74
8.73	23.43
12.4	27.42
13.04	22.4
10.65	19.73
12.69	21.79
15.76	26.11
13.03	19.47
7	19.07
10.62	20.24
11.45	19.17
11.85	18.22
6.47	22.24
8.92	24.46
11.78	28.94
15.67	30.62
19.59	32.07
18.79	29.54
18.01	27.11
13.37	27.07
13.29	19.57
9.86	21.24
12.37	21.63
11.59	22.72
12.74	23
11.89	25.37
12.61	27.2
12.84	25.78
12.85	23.49
11.79	25.42
15.62	21.32
12.64	21.4
11.88	19.32
13.84	22.91
12.25	28.07
14.97	29.68
15.01	29.66
13.54	25.93
11.26	27.71
11.38	28.59
12.91	29.8
16.05	25.33
15.27	23.7
14.58	23.76
12.06	24.65
14.89	25.02
14.34	24.81
13.55	25.28
14.11	22.77
12.43	22.97
12.62	24.58
10.26	23.79
10.39	23.91
9.11	24.32
11.84	22.36
7.7	22.75
6.33	24.89
6.78	24.96
8.39	25.75
13.01	25.97
14.8	24.41
14.2	23.02
12.71	22.33
6.31	22.33
5.36	23.99
7.61	25.86
10.17	26.58
12.16	27.84
10.5	29.57
10.51	28.86
12.56	27.74
16.68	28.24
13.6	24.32
11.33	20.68
8.61	19.97
9.85	18.57
8.89	20.33
6.89	20.84
8.84	22.69
11.56	23.56
10.46	22.06
11.32	22.09
12.02	19.35
8.28	19.52
9.4	19.47
8.57	21.65
10.1	21.15
13.5	16.73
10.56	14.58
6.94	20.12
9.08	17.16
6.69	11.33
5.75	17.87
4.83	18.82
3.71	18.48
6.57	20.51
7.39	22.12
10.31	22.07
11.85	21.41
6.15	18.43
10.18	18.5
9.4	21.15
10.21	20.41
8.09	14.41
6.78	17.98
2.33	18.41
1.98	19.32
5.25	20.09
8.4	17.64
7.04	15.73
2.97	18.35
4.24	19.39
6.86	15.3
0.25	13.33
1.61	18.59
6.75	19.99
10.36	19.96
10.22	14.72
7.99	13.82
3.61	17.59
3.51	17.72
3.72	18.47
7.96	20.44
8.85	14.39
7.15	10.29
2.37	14.25
-0.81	14.04
1.44	12.47
4.61	7.53
2.08	9.69
2.28	8.62
-0.04	5.78
0.94	6.41
3.9	11.41
4.45	17.12
2.91	17.06
6.28	17.32
4.11	13.73
4.18	8.5
-0.17	7.13
-4.85	4.47
-2.34	2.05
-2.08	-0.34
-0.4	0.94
1.11	3.81
2.57	4.76
3.4	4.67
4.1	6.39
0.86	6.97
0.36	10.86
7.86	15.99
6.22	19.2
5.72	14.05
4.23	10.8
5.6	9.22
-2.21	7.61
-3.28	1.95
-0.76	0.91
-0.67	2.45
0.87	5.56
0.19	3.28
-2.68	2.36
0.07	2.92
-0.11	1.59
-0.46	1.49
0.05	1.81
-1.44	0.59
-2.01	2
-1.84	9
-1	7.77
-4.43	1.38
-0.8	0.65
-1.06	0.89
-1.4	0.65
-1.24	0.39
0.35	5.95
1.29	5.21
0.65	6.95
-1.58	3.16
-0.98	6.77
-3.49	4.7
-1.65	2.03
-1.42	0.13
-1.84	0.06
-5.02	-0.81
-6.98	-0.25
-3.19	-0.12
-2.57	-1.38
-5.14	-2.19
-11.77	-3.93
-12.88	-3.73
-10.73	-4.51
-14.4	-3.71
-9.76	-6.55
-18.66	-8.31
-19.92	-10.22
-23.63	-11.62
-17.61	-9.14
-10.44	-4.65
-17.32	-4.82
-19.86	-5.26
-11.13	-7.5
-14.74	-8.21
-8.66	-2.89
-5.19	-2.48
-13.59	-2
-13.63	-5.69
-15.96	-6.09
-11.05	-1.65
-5.07	-1.4
-5.21	8.23
5.83	13.56
0.04	10.63
-3.99	2.36
-4.77	6.44
2.73	8.27
-1.87	5.08
-2.54	4.2
-5.94	2.05
-4.1	7.19
-0.74	9.05
0.23	12.75
-0.87	9.69
-5.43	4.27
-4.49	5.4
-3.94	8.53
-1	4.1
-4	0.21
-4.95	-0.81
-6.31	-0.51
-11.58	-5.61
-16.98	-9.07
-22.01	-7.08
-19.47	-5.2
-10.89	-4.09
-16.98	-1.77
-17.53	0.21
-13.9	-3.02
-12.79	-1.47
-10.93	0.79
-15.72	0.4
-10.72	3.74
-6.42	-0.33
-8.93	2.14
-0.27	8
-2.55	3.13
-0.4	2.71
-3.58	0.65
-1.59	3.22
-0.03	2.94
1.16	2.59
0.94	5.18
1.45	10.12
2.21	13.93
1.73	8.51
2.19	5.83
2.99	6.83
0.52	5.39
0.29	1.69
0.41	3.84
0.61	5.83
-0.11	4.12
0.77	6.79
-1.47	7.7
1.34	6.71
1.14	5.84
0.8	3.39
0.87	6.97
1.76	5.98
3.97	9.45
4.04	8.33
4.86	8.19
2.07	13.56
4.06	16.02
3.02	17.3
4.46	12.72
-2.25	11.35
1	16.93
1.06	17.64
7.33	19.41
6.05	22.99
7.32	18.49
3.14	21.25
9.51	22.94
11.02	19.92
9.16	16.38
8.12	21.25
9.46	22.1
9.01	17.86
5.63	16.95
6.74	12.88
3.49	16.4
5.53	12.3
3.39	13.64
4.51	12.2
4.62	11.52
6.81	10.32
7.11	16.1
1.48	17.21
4.26	19.17
4.11	21.39
6.09	21.53
5.22	13.82
-0.31	13.38
0.95	12.69
4.67	9.71
2.84	8.34
1.91	11.78
-1.26	15.41
4.44	19.24
7.26	15.37
3.55	12.6
-0.08	14.74
5.21	11.69
6.41	14.6
10.98	15.17
6.68	18.01
5.95	19.69
6.47	20.88
7.92	22.57
8.65	24.1
11.24	27.18
14.13	27.8
12.98	28.09
14.34	25.46
14.78	18.98
13.87	24.61
12.51	24.03
9.81	21.63
14.23	24.93
13.55	22.46
10.47	21.95
11.03	22.55
10.33	24.36
10.86	24.47
12.28	26.29
11.38	26.89
14.37	26.15
11.64	22.48
11.51	20.8
11.99	24.25
11.92	21.47
13.46	20.26
13.17	24.42
11.73	27.37
14.77	29.17
14.61	29.12
14.63	23.13
8.83	17.73
6.52	21.02
9.88	18.6
5.69	19.77
11.2	18.75
10.98	21.52
13.94	20.37
5.74	19.11
10.14	16.38
7.18	18.55
4.23	20.17
11.52	16.4
11.5	20.36
9.19	23.62
12.49	20.89
9.96	22.61
10.51	23.14
8.17	23.65
13.56	20.95
11.75	20.5
8.7	23.26
10.35	25.41
13.43	25.81
12.99	20.9
10.42	21.74
10	23.65
10.12	24.47
11.99	23.5
10.46	25.19
12.51	23.35
11.8	22.68
14.33	21.26
10.75	23.48
10.92	25.47
12.23	27.3
13.54	27.56
15.63	28.71
16.93	29.24
17.63	25.81
16.13	27.18
15.17	28.96
17.96	29.25
14.28	25.97
8.72	23.08
11.46	27.39
16.31	25.53
14.84	27.41
14.81	29.43
16.87	30.04
16.39	29.53
18.99	31.95
18.8	29.16
14.17	23.95
11.9	25.48
11.75	23.2
9.23	25.09
13.1	23.24
12.99	26.11
15.44	28.25
11.14	21.68
9.95	19.69
12.76	21.5
8.15	27.2
15.8	25.1
12.76	29.5
14.85	30.62
14.04	31.49
14.32	31.94
14.1	31.46
14.55	29.69
12.94	23.48
7.81	24.6
14.56	28.67
10.72	25.71
11.97	29.57
13.73	27.41
13.16	30.1
16.78	31.42
13.81	25.87
9.85	18.19
12.52	16.85
12.82	20.92
14.11	24.31
11.79	26.79
10.05	27.49
14.55	24.38
10.75	25.86
11.53	22.52
8.19	22.72
10.75	19.13
8.16	18.76
6.84	15.8
8.79	15.55
2.69	18.75
4.3	21.92
6.81	21.32
6.77	19.51
4.56	20.46
4.51	21.3
8.81	19.83
6.5	22.93
12.47	25.34
10.64	27.8
10.54	27.15
10	27.78
11.76	28.76
11.17	29.32
12.15	26.15
11.52	24.79
12.94	20.51
7.79	20.09
4.73	23.64
8.96	21.41
4.29	20.12
4	21.98
6.61	23.97
6.66	24.56
7.5	23.55
7.98	24.38
8.72	23.48
9.07	23
8.21	21.95
10.12	18.83
7.64	19.56
9.16	20.45
5.81	17.89
6.32	14.06
3.25	14.01
6.27	16.15
4.75	10.81
-2.53	15.89
-0.53	16
0.88	11.04
2.59	12.7
-2.19	12.36
5.37	11.71
5.16	10.99
-0.29	11.01
-4.54	12.33
-3.64	12.2
-4.34	8.76
-1.02	3.4
-0.31	2.18
0.55	3.15
1.96	4.7
3.71	10.25
6.1	9.16
-0.15	11.75
-0.14	10.91
1.12	12.53
4.91	11.89
-1.38	11.17
-1.95	10.37
2.8	14.69
9.39	19.39
2.48	14.06
0.76	2.83
1.04	2.34
0.11	6.22
-2.1	5.91
-3.15	3.07
-1	2.38
-3.27	-0.81
-2.96	0.44
0	0.75
0.18	1.13
0.22	1.36
0.49	2.18
1.19	1.9
0.3	1.68
-0.5	1.57
-1.82	0.37
-4.4	0.47
-5.51	3.56
-5.13	1.18
-2.64	5.66
-1.95	6.16
-0.83	11.34
-0.45	12.34
0.36	12.54
7.58	14.54
3.89	12.83
5.43	13.02
3.36	12.88
0.04	8.82
2.52	4.43
1.29	3.28
1.46	4.79
2.37	4.42
-0.67	7.63
0.59	12.74
-0.3	11.95
1.49	7.55
0.51	7.71
-0.67	8.03
2.58	9.92
-2.77	8.13
-1.87	2.1
-1.9	0.24
-2.21	6.41
0.69	8.14
-0.77	7.84
-1.22	10.17
6.31	15.57
-2.85	6.44
-3.67	-1.51
-5.83	-1.78
-7.4	0.75
-1.91	2.57
-1.89	2.41
-5.13	1.69
-5.33	0.82
-4.33	1.21
-8.44	-0.18
-2.6	-0.37
-5.8	-1.8
-8.47	-0.54
-2.94	1.57
-4.85	2.44
-0.17	8.93
-0.57	8.15
-1.26	6.05
-5.41	3.44
-6.34	0.56
-0.09	9.49
3.29	12.12
-3.16	9.59
1.02	9.73
0.45	10.94
1.37	9.44
-0.9	5.93
-3.77	3.32
-6.4	2.69
-5.87	2.69
-4.17	0
-1.45	1.06
-0.12	1.53
1.04	4.07
0.81	2.99
-1.55	1.98
-4.56	-0.44
-9.89	-2.5
-5.36	-2.54
-5.76	-2.36
-11.42	-5.37
-9.64	-7.71
-8.28	-4.81
-6.19	-2.77
-6.98	-2.53
-8.36	-1.27
-16.59	-0.89
-8.82	-0.51
-3.95	-0.28
-3.19	2.05
-0.95	5.95
-1.22	2.55
-1.43	2.08
-5.57	-1.08
-4.31	-0.12
-4.21	-1.07
-8.04	-2.63
-15.89	-2.67
-11.49	-5.14
-19.41	-2.97
-19.72	-4.62
-9.26	-5.34
-6.01	-2.22
-2.99	1.93
-0.71	1.75
-8.34	6.49
-1.68	6.22
0.44	3.74
1.66	4.69
0.2	4.51
0.17	6.71
1.16	6.11
1.37	3.5
1.37	3.04
1.14	2.89
1.81	4.58
0.38	4.22
-2.14	6.24
-3.05	8.82
-2.27	7.36
-2.38	7.68
0.29	4.09
-2.01	7.24
-1.86	8.44
3.6	11.47
1.87	10.08
-0.32	9.93
0.95	14.33
2.84	18.02
3.38	15.55
3.75	12.07
0.58	17.42
4.55	13.87
5.68	15.78
4.13	17.98
7.26	17.47
4.87	17.51
5.46	17.92
7.02	23.5
7.57	24.06
8.48	23.94
6.42	15.36
3.86	9.24
-0.61	4.35
-0.35	1.07
-0.16	8.21
-1.17	13.47
5.33	11.7
7.28	17.62
8.51	15.88
6.43	13.31
2.97	12.7
3.5	18.75
9.68	18.85
11.14	20.8
10.36	24.38
9.21	26.17
8.6	23.63
10.64	23.2
9.07	25.13
12.54	21.51
10.44	23.32
13.86	22.3
11.03	22.11
8.69	23.57
12.02	23.36
12.56	24.49
8.72	24.02
9.8	24.19
11.1	22.52
8.33	18.82
7.58	19.61
10.34	22.29
12.06	22.61
10.75	25.48
12.86	25.73
12.36	26.64
13.37	21.65
12.5	18.3
8.43	23.04
11.31	26.93
16.38	24
15.42	26.41
17.53	25.83
12.57	26.34
14.04	26.11
11.48	20.75
8.74	23.3
9.68	26.09
11.6	27.3
15.04	23.31
9.02	17.46
8.12	15.13
7	13.5
5.1	19.05
9.54	15.23
6.29	19.08
6.89	15.24
7.39	13.1
3.85	16.73
6.6	19.13
6.56	21.16
8.84	22.96
11.87	26.46
12.91	23.4
10.39	18.88
13.69	25.25
15.64	27.26
14.12	28.47
16.14	29.3
15.36	30.3
16.87	25.91
15.53	27.97
14.23	28.02
15.47	24.29
16.21	22.61
13.74	22.41
14.13	23.44
11.53	24.28
11.88	26.95
12.42	27.86
15.36	25.65
13.21	21.66
13.73	25.07
13.7	27.02
12.83	28.77
13.68	29.63
14.87	29.67
18.55	29.54
16.09	25.09
10.11	23.39
10.54	21.88
9.67	23
11.37	23.65
12.42	22.46
12.16	19.36
9.82	21.61
9.57	23.35
9.63	24.95
11.29	27.02
12.87	28.53
15.83	24.16
13.28	18.57
13.49	22.04
10.18	25.67
10.81	27.27
11.1	27.64
7.29	22.2
10.57	24.38
12.32	24.95
13.26	26.15
11.64	26.89
13.89	28.71
15.69	30.42
16.19	30.75
14.66	29.2
14.94	30.48
16.45	30.91
17.33	27.16
14.09	25.26
13.56	28.23
14.68	29.98
15.85	28.79
14.2	29.55
15.98	30.33
15.94	31.59
13.7	29.17
14.19	25.43
11.33	27.84
12.47	28.93
13.78	31.61
14.83	31.9
14.93	28.19
14.42	23.86
12.98	22.93
8.94	25.63
13.32	29.09
8.82	21.08
10.88	21.44
8.63	24.27
13.03	24.72
12.45	22.58
11.64	18.63
8.41	19.83
4.96	20.02
6.18	20.33
7.96	21.43
7.8	23.95
11.19	19.11
4.58	19.99
4.77	21.28
5.82	23.63
8.19	24.3
11.31	21.26
10.67	17.36
8.8	19.01
8.1	21.02
12.88	24.2
10.44	25.47
11.03	26.36
15.58	27.96
13.56	25.85
14.13	23.93
8.51	16.83
1.31	18.44
1.51	21.34
4.94	23.95
4.97	24.12
5.36	23.92
11.11	16.65
8.85	13.11
7.16	16.86
7.98	18.13
3.02	18.93
4.82	20.78
2.42	19.53
3.61	21.76
3.61	24.08
7.04	19.03
5.73	17.48
2.3	18.66
4.16	21.53
6.27	19.51
8.48	18.07
1.64	18.93
2.08	19.74
3.96	18.32
0.75	17.56
0.28	16.84
-0.99	16.78
-2.2	16.68
-3.24	17.07
-2.42	16.86
-1.79	17.07
7.71	13.31
5.93	15.92
6.38	18.93
8.6	18.01
4.06	13.26
-2.03	11.25
4.57	8.97
4.52	7.77
5.77	11.53
-0.77	12.93
1.37	11.31
3.55	11.64
1.09	12.42
4.81	12.23
4.45	9.71
-3.61	7.65
-2.16	10.96
1.07	14.77
1.26	12.56
-1.2	12.24
-1.64	11.93
-1.48	11.68
-1.77	8
0.38	7.82
-1.77	5.72
1.03	13.17
7.03	18.71
3.36	12.25
3.28	5.82
4.44	7.41
5.26	7.06
5.25	6.66
4.49	6.38
3.16	5.34
3.67	10.25
4.71	9.26
-0.07	12.13
-0.64	6.94
2.77	9.38
1.6	7.58
0.22	6.78
-3.11	1.29
-1.66	0.47
-1.33	1
-2.42	3.69
-2.77	0.19
-4.39	0.25
-3.22	-1.2
-3.83	-1.89
-3.44	-2.1
-2.87	-1.76
-2.67	-1.03
-2.78	-1.14
-1.68	3.66
-3.8	0.27
-2.75	-0.2
-1.79	0.12
-2.66	1.19
-2.94	1.42
-6.1	1.81
-2.02	7.34
-0.55	6.73
-4.7	7.07
-5.15	4.35
-6.02	2.41
-6.31	0.28
-7.7	-2.11
-13.32	-3.42
-7.29	0.86
-5.92	2.75
-1.59	9.64
3.57	10.94
0.94	9.04
-1.2	7.41
1.74	6.39
-2.87	2.99
-7	1.02
-8.02	2.24
-4.17	5.63
-6.02	-0.31
-10.38	-3.81
-12.34	-1.71
-6.61	-2.19
-11.89	-4.64
-15.77	-10
-22.92	-11.33
-14.72	-10.95
-11.14	-4.12
-5.74	-1.77
-2.74	-1.59
-4.87	-1.83
-4.32	-1.33
-9.77	-1.56
-8.52	-2.53
-15.09	-4.69
-5.81	1.9
-1.96	3.89
-8.12	3.35
-6.6	2.34
-7.48	0.69
-7.92	-0.86
-6.13	0.88
-13.81	-3.8
-22.79	-6.6
-15.07	-4.9
-10.39	-3.47
-7.11	-2.01
-15.6	-2.05
-13.95	-0.95
-6.56	0.92
-3.98	3.19
-3.44	4.09
-0.3	9.22
-0.98	9.96
-0.99	8.55
2.55	11.62
2.1	8.28
1.6	5.69
1.9	6.48
1.99	5.82
1.3	3.57
0.76	4.01
-0.53	2.98
2.22	6.33
1	10.16
-1.95	7.76
-2.44	6.16
-4.59	1.05
-8.27	2.65
-7.29	4.95
-1.07	3.77
0.14	7.94
1.36	5.72
-4.1	1.04
-8.42	-4.53
-16.22	-3.92
-17.28	-3.03
-10.7	-3.19
-9.72	-2.93
-12.37	-2.97
-12.84	-1.93
-6.87	-1.77
-8.96	1.48
-10.11	0.37
-10.94	1.12
-10.27	1.66
-7.51	2.6
-4.92	4.21
-2.91	5.86
-0.41	11.32
0.89	6.66
0.42	3.14
-4.49	7.14
-1.09	11.23
0.42	10.33
-1.53	14.62
5.23	18.05
4.64	17.3
8.25	16.79
8.8	15.28
5.16	11.06
3.79	6.68
1.13	5.21
1.37	6.52
3.05	5.86
2.78	13.01
7.52	18.44
8.17	18.78
6.95	18.51
3.61	20.54
5.48	21.2
10.67	18.1
10.3	17.05
6.93	11
5.46	14.5
6.61	11.46
5.57	13.79
4.12	12.88
0.87	12.87
6.51	17.93
3.69	22.88
6.24	19.91
8.48	21.93
9.15	15.43
6.67	13.73
2.38	14.71
2.17	18.85
4	22.98
7.47	22.2
6.34	14.94
1.26	14.95
1.54	18.16
3.12	20.74
3.96	24.47
8.76	26.1
10.48	23.2
7.58	20.1
8.75	14.9
10.11	12.69
7.51	14.54
7.4	15.49
8.38	19.68
5.21	24.34
9.7	19.2
8.14	19.78
11.77	16.32
6.97	14.47
3.67	18.02
9.25	17.76
5.35	17.02
12.65	18.12
9.09	23.24
10.12	19.54
8.32	13.28
6.62	11.81
7.55	12.54
8.4	19.12
10.4	21.92
9.42	20.86
8.59	23.78
12.48	20.66
9.92	20.35
10.85	17.93
7.89	17.12
10.29	18.04
8.04	22.37
9.92	21.91
12.69	23.05
11.54	19.83
9.74	24.37
11.72	27.06
17	27.46
11.79	23.32
12.88	25.24
11.2	25.41
10.51	25.15
11.92	28.02
16.88	30.08
17.17	28.31
12.1	24.29
9.39	18.8
5.29	20.32
7.35	19.71
11.58	18.84
12.36	16.56
12.25	16.38
11.7	23.61
11.2	24.53
13.9	23.02
12.12	26.04
14.09	23.6
13.27	26.18
14.53	28.45
14.61	29.84
15.94	30.25
18.93	29.64
17.48	27.4
17.41	26.54
16.28	24.44
13.16	25.22
10.74	26.34
11.04	27.96
15.15	25.62
12.23	24.5
11.33	26.15
12.41	28.46
14.96	29.67
15.83	27.49
15.88	29.73
17.45	29.81
17.12	29.6
19.5	30.78
18.83	31.15
16.71	29.26
13	28.57
13.98	28.94
15.45	32.28
16.79	32.19
17.86	28.26
14.25	19.61
6.39	21.42
12.08	22.84
13.03	23.15
12.16	26.13
16.05	23.56
9.85	24.18
13.92	21.06
11.32	25.33
13.93	19.66
10.33	16.26
5.61	20.13
7.12	17.04
11.73	21.71
8.91	23.32
14.11	22.86
11.76	20.62
11.31	21.45
11.59	19.5
8.12	22.82
13.44	24.27
12.12	23.24
11.7	23.61
11.99	26.63
14.69	26.32
14.75	25.05
11.49	24.8
10.19	24.55
8.83	24.59
10.94	27.32
13.27	27.26
14.28	24.8
12.92	25.64
13.5	24.07
11.95	22.66
14.09	25.16
12.68	26.24
14.03	23.68
13.72	24.16
12.29	26.88
12.27	27
12.43	26.88
13.44	22.14
11.55	23.14
9.56	23.59
10.76	19.69
8.79	22.53
9.21	24.27
11.98	25.46
13.52	28.94
13.01	30.33
15.08	27.35
15.22	25.16
12.05	26.04
13.64	29.97
14.2	26.09
13.83	29.41
14.09	24.95
11.99	25.97
12.41	26.76
13.97	21.88
13.4	20.1
14.64	25.56
8.31	22.79
5.44	14.29
2.29	14.07
2.49	12.86
2.21	14.02
0.03	13.81
0.9	14.86
2.07	14.87
3.1	18.89
9.72	19.01
11.99	23.24
10.37	21.98
9.29	17.43
6.48	19.19
11.2	23.4
12.83	19.88
7.93	15.68
3.54	17.3
6.48	19.59
13.42	22.45
10.81	20
9.82	16.24
8.18	14.81
7.17	12.62
7.44	12.17
8.7	14.21
8.97	13.87
8.72	13.09
10.45	14.36
6.96	12.67
4.98	12.18
3.43	8.66
-0.32	6.55
2.47	5.66
-0.57	10.49
-2.97	9
1.2	5.68
5.16	9.91
4.45	9.18
0.56	9.86
-1.44	9.46
-2.57	6.31
-0.16	4.71
1.9	3.9
2.73	3.9
3	6.65
2.04	9.87
4.4	14.47
5.21	13.16
3.56	6.4
-1.02	5.85
-0.29	6.28
1.66	12.31
2.28	9.06
4.09	8.38
-0.19	7.44
1.55	7.96
-1.64	7.75
2.05	6.43
5.07	13.54
1.69	8.93
5.4	8.31
4.14	7.05
3.38	5.69
3.55	4.88
2.56	5.28
0.99	3.01
0.63	3.38
1.22	3.87
0.45	6.57
1.81	5.46
1.16	5.5
-2.72	1.85
-7.61	-2.44
-7.85	-1.2
-10.85	2.02
-6.34	3.47
-7.23	-0.5
-4.43	-1.98
-3.51	-1.86
-2.57	-0.35
-1.24	1.31
-0.31	2.83
0.56	7.23
-1.07	5.51
1.03	11.83
0.43	6.41
0.06	7.25
-2.78	5.68
-4.36	3.88
-2.43	-0.08
-3.02	3.44
-1.1	12.15
1.18	11.87
-2.01	11.63
-0.85	10.46
-1.78	3.32
-1.75	5.57
2.93	9.35
0.42	8.71
1.36	11.29
5.34	14.25
4.3	11.59
1.67	7.28
-1.35	6.37
-4.21	4.45
-3.11	0.94
-3.8	5.48
-5.17	3.59
-3.12	-0.18
-3.14	-1.45
-2.55	-0.77
-1.68	-0.11
-1.74	0.43
-0.01	2.41
0.37	2.17
0.07	2.36
0.94	3.85
0.66	5.18
-2.2	5.21
-0.57	7.95
3.84	10.34
-0.92	12.03
-0.98	10.8
8.01	15.86
2.5	12.41
-1.06	8.95
-1.52	9.35
3.12	5.93
-1.65	10.38
-1.76	11.31
3.34	11.86
0.11	13.41
8.07	16.14
2.56	11.43
1.8	9.37
1.17	5.52
-0.45	6.26
-1.33	9.63
2.98	6.58
0.51	6.53
-1.95	8.17
-2.29	7.54
-3.7	5.46
-2.29	8.19
0.02	8.53
-0.35	5.35
-5.43	2.01
-4.16	7.34
-3.69	8.52
0.3	5.07
-0.14	4.82
-3.6	3.12
-0.19	2.13
-0.26	5.15
-1.41	4.43
-2.53	7.74
-2.14	4.27
-3.98	6.97
-2.6	9.56
1.49	5.44
0.87	6.11
-0.93	5.74
-1.12	5.91
-0.32	3.34
-0.25	5.83
-2.64	9.9
-1.05	11.91
-0.27	5.83
0.45	8.35
0.15	8.83
1.55	13.32
5.25	14.51
1.72	8.2
-1.68	8.77
-2.56	9.67
1.95	12.44
5.84	10.7
5.44	13.83
1.93	10.38
2.46	11.04
2.25	16.4
0.91	12.23
0.52	10.5
-0.03	12.88
0.54	15.44
6.09	15.63
2.92	13.72
0.81	13.09
1.91	14.94
5.89	13.53
8.05	11.5
8.86	15.38
8.91	14.97
6.68	18.56
6.78	18.94
3.62	11.39
-1.27	12.75
0.89	20.42
9.35	19.28
2.66	12.15
-2.36	11.42
-3.02	14.59
0.54	14.73
0.02	20.49
4.61	22.09
5.36	22.14
10.35	18.53
9.22	20.6
5.79	19.15
0.65	10.36
-2.53	11.09
0.73	14.54
1.43	17.04
3.1	15.45
9.65	14.88
9.79	15.62
7.61	20.26
10.59	22.22
11.43	20.49
5.67	22.3
11.69	22.02
9.95	22.59
7.05	22.75
10.36	18.26
7.47	20.35
6.37	21.78
8.47	17.29
3.21	19.51
9.22	20.52
12.29	20.81
11.67	18.21
10.87	22.46
9.24	24.83
12.4	24.61
11.07	23.13
10.88	21.63
9.37	14.41
8.4	14.22
5.42	16.66
4.96	21.09
7.97	22.36
9.58	23.37
10.41	23.02
9.4	23.57
11.56	22.91
10.66	23.78
14.34	21.48
11.16	17.64
7.6	20.44
9.16	23.15
9.35	27.56
14.08	22.71
13.54	23.47
10.18	23.35
8.97	23.38
9.08	25.71
10.63	26.35
14.48	24.37
12.9	22.65
13.31	20.68
8.44	25.65
12.24	25.13
13.49	23.14
11.03	22.01
8.04	24.36
12.02	24.71
11.24	20.93
10.21	23.26
11.19	25.06
11.41	21.5
6.2	19.98
9.52	21.45
10.85	21.42
10.03	24.63
12.86	26.75
12.56	27.29
12.67	29.23
15.12	26.86
15.38	24.58
11.91	27.24
12.93	29.52
17.49	30.48
17.95	33.22
14.1	30.76
15.13	28.39
15.54	27.1
13.69	25.58
13.12	27.23
13.27	24.86
12.6	26.78
15.04	25.92
13.84	18.07
11.66	22.27
10.89	24.33
12.22	25.49
14.22	22.74
11.56	24.81
11.74	29.23
15.6	30.66
15.48	32.92
16.5	33.92
18.33	29.5
12.25	31.84
14.73	32.87
16.23	27.96
10.86	29.4
16.43	25.86
9.62	26.46
10.64	28.68
13.28	31.66
15.27	32.33
10.04	19.22
9.76	23.13
8.27	24.32
9.58	26.84
12.12	28.64
13.85	27.96
12.17	29.78
12.88	32.49
16.11	32.91
14.81	32.7
15.13	32.6
15.52	34.41
16.57	32.66
14.68	26.98
10.8	27.32
9.2	29.53
12.24	31
12.92	26.37
11.49	17.62
12.24	17
8.5	21.85
11.36	23.17
9.46	22.76
10.36	22.12
8	24.95
10.99	27.51
14.47	23.82
12.53	25.49
10.79	26.21
15.27	24.76
8.93	23.03
10.06	24.86
12.18	24.44
15.54	23.69
11.68	19.31
11.35	19.72
6.76	21.8
7.08	23.05
8.58	24.26
11.51	23.9
10.85	19.22
9.33	13.21
9.24	13.12
9.36	17.47
4.43	16.9
10.41	17.97
10.2	18.73
10.09	17.05
9.44	18.78
8.83	19.03
6.52	20.37
9.01	22.18
8.45	20.09
8.73	22.86
9.16	24.19
8.97	24.89
9.2	25
9.28	23.52
10.4	19.01
6.7	17.37
8.3	17.65
2.55	17.74
2.37	17.43
7.74	15.37
6.77	17.1
5.62	12.58
0.03	17.05
7.66	20.87
9.93	20.52
9.79	19.97
8.63	21.97
9.24	22.17
10.1	20.46
7.18	18.87
4.86	18.53
5.14	18.57
7.73	12.83
7.91	12.34
7.35	10.32
6.58	10.87
7.37	10.32
3.96	9.85
5.71	12.34
1.47	9.16
-2.75	7.76
-0.29	8.33
-1.29	11
1.96	7.99
-1.84	6.38
-2.3	9.76
-2.73	11.9
0.39	6.84
-2.25	3.51
-6.71	5.03
-6.73	4.83
-5.2	6.88
-3.71	7.54
-3.17	4.33
-4.75	2.16
-7.71	-1.29
-2.74	-1.43
-1.87	0.93
-1.51	10.71
2.02	8.14
-1.25	6.31
1.95	9.9
-1.98	8.86
-1.22	9.94
-3.25	5.28
-2.22	-0.03
-3.92	-1.21
-11.9	-2.42
-14.8	-0.55
-3.3	1.39
-0.21	2.39
-0.12	6.33
-2.52	4.6
-0.48	7.71
-1.58	4.96
-1.07	1.1
-1.59	0.84
0.81	5.11
0.76	6.62
2.99	11.82
2.03	7.42
-2.93	6.85
-1.67	3.15
-2.82	2.26
-4.19	3.97
0.66	10.89
0.25	6.19
-1.21	5.26
-0.43	6.13
-2.48	2.43
-7.14	-1.95
-11.92	-2.31
-11.23	1.96
-3.73	6.38
-1.88	5.97
-5.35	1.34
-2.33	6.51
-4.54	6.25
-3.3	9.09
-1.78	8.32
-2.84	9.04
-3.11	8.44
-2.61	9.71
-3.21	6.67
-4.31	6.43
-4.33	1.94
-3.03	4.86
-0.55	4.11
-7.48	1.62
-7.42	-0.29
-6.77	-3.49
-6.8	-0.2
-3.13	1.25
-2.22	2.8
0.17	10.16
-1.2	6.84
-0.43	4.87
-0.85	1.52
-0.6	1.66
-3.12	3.29
-2.26	7.54
-3.17	6.04
-3.43	3.49
-3.4	2.1
-3.74	2
-4.47	-0.56
-3.44	-1.25
-3.04	-1.3
-2.6	3.88
-2.47	1.31
-1.2	0.01
-1.88	0.8
-3.56	0.67
-1.52	0.28
-2.58	-0.97
-2.94	0.32
-7.61	4.99
-2.41	4.5
0.86	3.12
0.11	2.24
-0.05	1.61
0.06	2.4
-0.96	7.67
-2.95	10.31
-3.3	6.12
-0.13	5.25
1.08	5.68
-2.43	4.38
-3.35	-0.29
-1.27	9.06
-5.97	5.45
-3.87	6.24
1.54	9.84
0.23	8.1
-1.36	10.4
3.89	12.28
1.55	17.36
3.6	11.47
2.22	7.42
4.69	12.45
4.45	17.38
7.27	15.62
5.85	11.92
0.87	8.67
-1.31	12.73
0.94	13.22
2.28	13.52
1.85	9.06
4.59	11.74
2.94	13
-0.11	13.02
-0.79	15.34
-0.76	13.93
4.8	12.94
2.06	13.56
3.03	12.64
4.77	12.83
5.07	12.57
5.06	10.92
-0.87	11.89
5.01	15.48
6.99	16.86
6.67	13.81
4.24	11.03
4.95	9.22
6.8	8.64
5.09	14.43
5.09	17.38
1.36	12.05
2.94	18.09
5.91	16.82
2.58	16.4
2.57	19.81
3.45	24.79
9.61	22.57
7.68	24.69
13.91	22.13
3.21	16.22
2.52	9.84
6.59	20.27
8.84	18.29
4.87	15.69
4.81	16.4
5.54	18.74
8.33	20.01
3.48	21.13
6.19	23.48
9.77	23.26
10.8	21.28
10.36	15.08
8.81	13.42
8.17	19.8
9.97	16.86
5.52	13.84
5.77	15.28
4.75	18.88
8.26	20.16
10.2	20.57
4.55	13.02
3.13	18.05
3.8	15.97
7.83	20.89
9.31	17.37
7.2	11.09
6.22	13.17
5.19	9.19
5.77	8.37
6.61	11.6
9.98	17.67
9.48	18.98
8.95	22.42
7.73	18.71
4.09	13.72
4.93	17.52
3.96	19.77
6.87	25.03
11.69	24.75
11.81	24.14
10.81	23.59
11.87	17.51
10.24	13.99
9.87	13.41
10.87	16.79
10.59	21.15
12.55	21.04
12.86	22.14
10.87	21.66
14.08	20.41
7.14	18.82
4.85	21.06
6.23	22.05
7.36	20.89
7.36	23.52
9.59	24.09
9.63	24.36
10.22	25.62
13.72	22.75
12.8	17.58
13.8	21.88
12.25	21.03
10.8	21.18
8.04	22.02
8.57	19.2
9.37	21.74
8.81	18.73
6.97	22.91
7.52	25.45
9.98	24.61
11.18	22.44
13.61	19.26
12.78	20.66
8	22.74
9.32	17.72
7.6	14.78
10.91	16.81
8.2	23.8
12.16	20.62
12.11	19.18
11.97	25.53
12.58	22.82
14.14	22.73
14.06	24.62
12.85	25.64
13.38	27.61
13.24	24.97
12.37	23.9
10.14	23.4
12.69	26.21
12.99	26.83
16.89	26.4
16.85	28.25
16.5	27.77
16.1	27.33
15.08	29.33
16.61	30.3
18.11	31.18
17.71	29.92
15.62	30.44
17.25	25.48
16.67	25.74
16.21	24.19
13.31	22.2
10.49	25.23
14.5	22.25
8.66	23.63
11.64	22.42
7.81	25.41
10.34	26.92
12.33	25.74
14.33	27.83
17.13	30.02
16.67	28.08
16.99	22.59
15.23	27.03
14.13	24.32
15.25	25.4
12.54	26.73
13.82	25.53
9.56	20.43
8.06	20.53
9.44	17.06
9.08	24.37
10.25	26.81
12.93	27
15.61	28.29
15.08	28.33
16.07	23.48
11.68	25.92
12.95	26.36
14.96	29.15
16.11	25.62
13.93	29.54
15.61	30.98
16.44	31.78
17.07	30.35
16.76	27.52
16.28	23.92
15.35	25.67
15.33	28.46
15.52	27.7
16.01	28.36
16	27.14
13.07	26.75
12.04	22.78
12.77	23.03
12.42	19.3
9.95	16.76
8.39	13.81
9.56	19.64
6.77	21.32
7.49	20.73
11.86	16.77
10.08	15.86
10.61	17.63
7.57	19.82
6.22	19.72
6.38	20.58
9.12	19.01
11.18	21.02
10.18	23.8
13.04	19.35
12.88	18.45
11.41	16.38
8.77	21.04
12.8	25.53
10.46	25.77
11.42	26.19
11.74	26.87
11.74	26.32
12.92	25.53
10.74	24.56
8.13	23.25
7.61	23.2
6.36	22.51
7.48	21.62
7.77	19.28
10.39	15.7
10.62	15.92
5.49	16.24
7.51	16.27
7.31	18.97
3.22	13.75
2.45	13.05
-0.91	15.58
-0.31	16.91
4.97	12.37
5.14	10.25
7.68	11.88
7.08	13.32
-0.33	15.33
5.35	16.73
1.62	18.18
1.99	18.02
4.99	14.53
0.49	14.71
-0.77	17.49
0.51	19.62
1.39	19.17
4.69	19.23
3.85	20.32
5.67	21.83
5.39	22.27
3.75	21.67
4.37	22.11
4.79	22.13
4.2	21.51
4.17	20.19
7.63	18.92
5.11	16.03
6.54	15.76
5.46	19.8
8.63	19.43
4.6	19.59
11.83	18.16
7.28	14.58
6.23	11.9
5.4	10.92
1.55	10.8
5.62	10.46
2.28	11.76
-1.66	10.94
-3.32	2.82
-0.08	2.6
-1.82	3.8
-2.38	10.54
2.84	7.49
-3.01	4.7
-6.71	3.25
-5.68	3.42
-1.61	3.81
-2.29	3.67
-1.85	12.47
-1.44	10.23
-5.45	3.37
-5.96	1.94
-8.55	0.14
-3.16	3.71
-5.48	7.26
-4.88	3.15
-11.09	0.61
-11.66	-0.38
-9.51	4.9
-8.36	3.48
-8.72	1.68
-8.42	3.27
-4.18	1.48
-5.04	1.55
-7.86	2.25
-9.99	2.04
-6.35	0.94
-10.97	-0.24
-9.19	2.99
-0.4	10.08
3.29	13.48
6.93	16.72
8.4	17.95
13.02	20.26
7.5	16.58
10.72	19.39
5.02	12.67
5.92	16.21
7.43	15.93
2.24	11.91
-2.14	5.95
0.01	6.88
-2.15	1.85
-2.25	0.25
-3.3	1.66
-3.97	0.99
-6.03	-0.53
-5.38	-1.16
-1.93	-0.52
-2.22	-0.54
-2.32	-0.49
-8.26	0.74
-7.65	-3.2
-6.77	-3.31
-10.1	-4.23
-12.47	-6.46
-9.17	-2.37
-10.5	0.74
-9	-1.31
-7.32	-3.93
-7.16	-4.5
-7.47	-4.38
-6.4	-4.37
-6.36	2.27
-4.8	10.03
-2.74	4.04
-3.56	6.43
-5.4	5.56
-1.52	7.53
-1.76	13.09
-3.99	10.62
-0.63	9.47
-0.62	12.31
1.13	11.76
-0.22	8.85
0.31	11.94
3.62	11.76
0.89	10.02
2.85	8.76
2.53	13.16
2.92	14.48
4.9	12.72
4.29	14.24
-3.17	12.8
-3.33	11.84
-3.15	9.26
-3.33	11.83
1.79	10.15
-3.64	9.23
-0.62	4.65
-0.8	4.19
-0.81	8.93
-2.35	9.62
1.51	13.68
-0.05	9.29
-1.66	9.83
-2.09	12.04
-0.77	14.86
-0.46	17.11
-0.34	17.4
0.57	16.18
-1.68	15.58
-1.76	18.27
-0.97	19.89
4.02	16.43
5.6	16.87
0.9	11.76
3.56	13.16
-1.13	10.75
-3.03	8.44
-1.34	11.37
0.38	12.8
-2.35	15.68
4.57	18.97
0.04	21.18
5.34	16.29
3.99	12.01
2.51	22.06
2.36	22.42
6.34	15.8
-0.37	16.2
2.42	13.82
2.57	14.77
-2.28	13.93
-3.16	17.79
-1.88	20.06
-0.09	21.46
2.35	21.64
5.46	24.26
7.07	19.17
7.32	17.88
5.8	13.69
3.75	9.07
4.76	8.86
5.77	14.47
3.79	12.19
7.54	13.74
4.96	17.95
4.7	18.08
5.28	20.87
9.5	19.37
8.54	15.09
6.23	11.46
6.69	16.43
9.67	13.94
5.18	10.5
1.34	9.38
1.55	11.67
0.12	14.42
2.01	13.2
1.63	14.14
0.3	18.2
5.36	18.1
8.08	14.21
7.16	15.58
7.4	12.06
6.86	15.11
3.81	11.7
3.81	10.84
4.03	17.56
8.95	15.34
7.65	18.75
4.56	19.65
5.55	18.25
6.69	19.81
7.43	16.19
3.13	14.53
1.89	18.17
11.02	18.14
8.26	23.84
10.23	19.43
7.58	19.79
4.97	24.44
7.37	25.48
9.24	25.37
10.49	25.29
9.01	24.87
10.57	23.99
10.62	25.21
15.17	20.93
9.68	24.28
9.92	25.97
13.32	24.76
11.95	26.31
12.11	27.57
11.21	23.71
11.15	18.67
11.45	18.75
9.58	21.63
9.52	22.94
12.63	24.49
14.09	27.28
13.08	23.42
8.39	18.13
6.67	17.56
5.12	19.62
8.78	15.87
3.48	18.27
4.75	19.68
5.88	21.43
7.14	24.11
11.36	21.05
7.16	22.07
12.14	17.54
9.62	19.83
11.63	20.97
13.12	21.99
10.37	21.88
9.37	17.94
6.79	20.31
7.61	22.31
11.64	17.17
12.59	22.25
10.86	21.21
12.52	21.68
11.74	21.98
9.76	25.62
12.31	26.21
13.76	28.66
14.48	25.65
12.21	26.37
13.08	23.72
11.67	23.95
10.69	24.55
13.2	26.74
15.5	27.52
14.87	28.93
15.56	29.63
16.9	31.17
17.57	29.83
14.86	20.25
10.74	21.94
14.87	20.55
9.17	25.79
13.5	23.58
8.46	21.21
9.56	20.5
14.26	27.99
13.89	25.23
11.42	21.57
9.27	24.35
9.68	27.5
12.98	24.35
8.69	23.26
9.79	28.61
12.9	29.6
14.91	24.2
10.16	24.12
10.11	24.38
12.24	28.6
13.88	30.11
15.49	25.85
14.64	25.04
14.85	25.31
10.9	26.72
12.2	27.11
12.75	28.77
12.77	30.97
14.93	32.08
16.25	31.23
17.83	30.65
14.67	30.12
12.45	28.04
10.64	28.69
10.04	29.85
12.45	32.13
14.04	23.17
12.54	22.61
9.48	24.86
8.42	27.76
12.81	25.27
10.08	28.5
11.84	30.55
12.44	31.82
14.38	29.82
14.31	29.19
12.34	29.76
10.88	22.83
7.37	26.53
10.02	29.61
12.96	24.19
10.76	20.53
10.51	23.89
10.99	24.91
8.5	26.94
10.44	28.74
13.06	29.09
12.45	29.36
11.58	29.09
11.47	29.6
11.28	29.91
13.07	26.75
13.01	19.88
7.9	21.62
11.41	21.04
12.97	21.25
7.96	20.77
7.96	22.13
9	19.99
6.53	22.23
9.27	17.07
8.64	17.7
8.41	17.34
4.38	19.11
6.23	20.17
6	21.97
9.21	17.37
3.14	19.29
7.93	18.16
5.28	19.16
9.03	22.9
10.41	18.06
8.52	17.75
8.78	24.85
10.97	20.53
6.66	18
8.21	13.72
6.22	16.77
4.97	16.43
2.95	19.19
4.91	22.39
11.8	24.6
10.57	18.16
3.8	18.14
5.37	16.76
9.02	14.61
5.66	17.34
8.72	22.38
7.67	17.53
2.88	13.81
0.76	16.24
0.08	17.9
1.38	19.3
5.3	22.06
8.62	22.79
6.56	19.63
6.72	20.75
4.41	18.81
6.77	19.1
8.91	21.34
9.76	15.23
5.14	13.36
-1.47	8.58
-5.42	8.98
-5.32	9.47
-4.92	9.61
4.44	10.74
4.7	9.19
4.93	12.38
5.3	12.01
7.38	13.14
2.72	14.19
6.2	12.24
2.85	8.97
3.48	8.9
2.7	9.29
-0.86	9.74
0.12	7.05
-3.48	6.87
-0.98	8.97
0.2	9.2
-2.63	4.68
-0.55	1.97
0.99	6.15
2.8	8.17
3.28	8.64
4.32	7.68
4.26	11.84
-0.05	8.19
2.25	13
4.45	11.16
4.59	10
5.67	14.18
4.3	10.78
2.88	14.71
5.71	11.83
2.87	11.96
8.11	13.85
6.09	9.34
2.78	7.18
3.86	6.2
1.52	5.69
-2.24	2.75
-6.79	-0.17
-6.06	1.11
-10.34	-0.34
-6.19	2.77
-0.31	2.01
-2.82	0.14
-5.13	-0.02
-6	2.01
-2.04	4.93
0.92	4.84
0.91	3.43
-0.28	3.91
1.67	4.36
-0.34	2.59
-0.13	1.36
-0.77	1.1
-1.09	0.51
-1.16	1.37
-4	-0.7
-7.37	0.57
-3.89	2.07
-0.36	2.6
-4.04	0.92
-5.92	-2.52
-3.27	-0.26
-1.38	4.58
-0.96	4.77
-3.66	1.79
-0.46	10.88
0.13	7.12
2.74	5.23
-2.1	5.79
0.14	10.99
1.03	12.19
2.42	8.03
-1.14	5.73
-3.09	8.31
2.95	8.31
2.4	10.17
-0.6	11.05
3.74	14.16
0.01	8.28
3.43	6.83
0.47	5.4
-3.58	2.74
-7.18	0.36
-9.69	0.18
-10.86	2.86
-8.91	2.3
-8.7	-1.9
-9.35	-4.48
-6	-3.34
-4.14	-0.61
-2.7	3.41
-1.52	3.06
-6.61	1.56
-4.62	0.48
-1.81	3.43
-8.55	3.74
-2.99	2.91
-11.05	0.06
-13.99	-5.06
-15.82	-2.21
-14.64	-0.87
-13.41	-0.76
-11.38	-3.7
-15.18	-7.69
-9.81	-3.99
-11.21	-2.25
-11.24	0.49
-3.2	9.73
-1.78	7.29
-4.94	-0.57
-5.6	1.63
-12.35	0.59
-14.26	-0.41
-11.06	2.72
-7.83	2.8
-11.11	4.21
-10.91	4.49
-7.7	5.06
-5.8	4.87
-4.12	6.06
-3.91	9.42
1.67	10.87
-1.54	10.33
-0.32	8.84
0.53	6.01
-1.1	2.17
-0.01	3.11
1.39	7
2.32	5.17
2.48	6.73
0.39	10.96
0.45	9.86
3.58	15.93
5.58	15.52
4.27	12.76
3.84	11.47
4.54	9.04
4.03	13.98
-0.35	14.5
0.51	15.98
1.78	18.23
1.28	15.44
1	16.19
1.43	15.05
2.96	14.09
6.83	18.91
6.96	20.6
11.32	21.13
8.66	15.92
3.91	20.49
6.48	15.89
6.39	12.4
2.83	8.63
1.58	8.34
1.52	5.04
1.08	4.05
3.09	11.45
1.5	11.58
-0.24	15.47
5.82	12.38
6.56	16.03
7.62	17.84
7.58	19.03
3.68	17.01
3.43	16.31
3.95	17.16
6.69	15.69
3.36	14
5.92	16.63
4.4	17.55
4.99	18.44
3.34	19.06
2.72	20.81
1.75	15.97
1.41	4.69
1.9	10.16
-0.57	11.26
2.52	10.42
-0.92	11.58
-1.45	13.29
4.78	12.56
5.04	11.72
-0.08	14.74
3.06	13.98
8.38	16.65
2.92	19.25
6.05	18.23
9.43	21.45
7.7	18.22
9.3	13.94
6.98	11.83
6.33	16.65
3.68	15.66
4.32	14.84
7.34	17.56
5.64	18.77
9.99	19.2
12.05	19.74
7.24	19.68
9.3	17.56
4.38	19.39
9.79	16.26
6.84	11.62
5.17	9.02
5.42	8.62
5.89	13.58
5.24	17.39
5.56	22.93
13.06	25.49
12.45	20.97
6.07	13.97
3.05	14.98
6.88	14.56
5.29	15.06
6.75	18.08
7.93	19.33
6.45	20.49
9.93	23.66
8.7	26.32
11.12	22.34
9.21	24.92
8.46	18.35
8	17.91
4.63	19.67
12.31	19.15
11.04	21.3
10.95	23.78
11.08	26.39
13.38	22.53
7.86	24.53
10.41	26.68
14.11	23.8
14.13	25.52
13.66	29.77
15.23	30.47
12.56	24.44
9.77	16.58
7.07	21.91
11.74	23.38
10.92	27.29
12.57	28.82
14.93	29.88
15.62	25.28
14.64	30.13
16.39	26.82
9.75	25.06
8.6	20
6.95	20.68
8.9	24.04
12.61	25.46
17.58	26.48
19.75	27.33
18.37	28.52
17.98	27.66
15.31	28.91
14.59	30.09
16.14	29.76
17.67	29.99
16.61	31.06
17.95	32.81
18.36	33.04
16.21	29.91
15.78	23.83
12.61	27.31
14.54	28.29
14.6	24.51
13.73	27.86
18.42	26.58
16.99	26.57
14.13	25.59
12.77	26.76
14.46	29.03
16.98	24.04
13.66	21.98
12.46	21.51
14.83	19.16
15.42	24.59
14.66	27.01
16.21	28.56
15.68	25.93
14.66	22.95
16.15	22.58
17.08	26.13
16.08	25.84
15.47	28
14.97	29.7
15.88	30.46
14.28	31.07
17.52	28.33
16.01	28.67
17.1	30.03
15.89	26.79
15.24	27.22
15.26	25.69
11.85	26.31
11.05	26.95
14.37	25.1
14.56	22.95
9.01	23.38
12.87	20.82
11.84	24.21
13.66	25.17
12.77	26.4
15.6	26.77
14.89	25.53
12.56	23.46
9.23	23
12.07	21.28
8.99	22.21
8.27	22.97
7.51	23.57
7.79	24.7
8.91	26.04
8.98	25.92
9.55	26.4
10.81	24.57
11.1	20.51
9.5	18.73
8.28	21.28
7.27	22.49
8.02	25.64
11.23	21.26
12.83	17.17
13.84	21.63
14.34	21.78
15.23	22.53
11.41	23.56
11.85	21.25
6.67	21.54
8.83	22.02
11.1	20.33
13.3	23.63
13.3	20.05
5.55	20.54
7.47	20.58
9.65	23.84
15.68	22.93
9.48	19.8
10.98	23.41
13.1	26.86
13.54	22.65
9.57	16.61
3.89	16.89
2.05	17.04
0.7	16.51
2.26	18.58
5.16	21.38
9.32	15.65
9.38	14.7
8.09	14.99
7.33	13.26
10.59	17.39
12.64	19.71
8.11	20.25
11.27	21.04
11.1	17.8
5.55	19.7
7.61	14.47
6.34	9.18
5.09	10.83
1.67	8.89
1.02	7.95
-2.75	11.32
0.73	9.83
1.8	7.99
-4.57	6.2
-3.12	5.67
-4.96	4.78
-5.18	6.87
-6.28	5.81
-6.55	3.85
-3.84	6.99
-3.91	6.32
-2.4	11.05
6.11	16.78
5.03	12.85
4.42	8.98
-1.07	8.95
2.24	13.51
-0.69	12.08
1.33	9.02
-3.99	8.44
-0.67	10.52
0.26	13.81
8.68	12.75
1.52	10.58
6.05	9.47
4.11	8.31
-0.63	7.69
-0.74	6.63
4.51	7.54
4.09	7.12
2.68	4.87
1.91	3.76
2.23	4.88
4.49	8.07
4.25	8.78
6.23	7.5
4.55	6.81
3.67	6.33
2.37	4.71
1.31	3.59
0.1	5.77
-3.48	4.39
-3.41	0.09
-3.12	5.06
-1.25	2.76
-2.94	2.38
-7.97	0.06
-13.52	-4.8
-14.88	-6.53
-9.54	-0.5
-13.03	-2.55
-12.11	-1.34
-11.87	0.59
-11.43	2.23
-11.15	-2.54
-4.48	-2.15
-4.82	0.38
-4.87	4.12
-0.08	4.32
-3.75	4.43
-0.76	4.3
0.07	3.43
-1.33	4.57
-2.64	4.86
-3.77	1.9
-2.44	3.52
0.63	3.52
-5.18	2.93
-4.7	4.72
-5.93	4.96
-6.24	3.14
-3.38	9.66
-4.76	8.38
-6.63	2.67
-4.75	6.9
0.93	9.95
-1.03	10.07
-2.69	7.49
-1.23	10.85
2.44	9.55
1.21	4.67
-0.94	3.8
-2.42	4.48
-0.87	2.96
0.44	8.85
-3.4	3.37
-2.45	6.7
-3.56	3.77
-1.5	6.77
-3.29	2.92
-7.61	-3.33
-5.23	-2.3
-3.81	0.69
-6.4	2.77
-6.86	-1.08
-3.75	-2.02
-2.7	0.08
-3.18	0.01
-5.24	5.69
-1.21	6.56
1.84	8.3
-1.23	6.3
-4.66	5.3
-4.22	5.49
-2.46	8.1
-1.83	7.16
-0.06	6.17
2.25	12.57
-0.75	11.23
-3.81	8.72
-1.22	7.5
1.01	10.13
1.51	12.26
1.21	14.91
4.13	10.21
-0.46	11.46
3.35	8.6
0.33	5.83
-3.47	2.29
-5.44	2.98
-6.03	4.08
-4.01	4.81
-1.06	3.54
-3.89	7.12
-2.5	11.81
-4.3	10.59
-3.48	12.38
-3.23	13.55
-2.8	13.19
-2.16	15.68
-1.42	15.6
-0.63	17.94
3.71	14.5
1.53	18.64
0.24	15.75
0.02	12.72
2.48	9.33
-1.02	9.01
-4.36	10.91
-3.78	9.96
-3.73	10.12
0.81	12.61
3.51	11.7
4.31	11.09
2.51	12.31
-2.9	9.57
-0.98	8.75
-4.4	9.17
-4.66	13.28
-0.19	10.61
5.41	8.82
4.99	10
3.81	11.22
7.39	16.28
8.17	13.75
1.3	8.79
1.98	11.57
1.94	7.84
-0.37	8.65
-0.6	11.5
3.62	15.51
8.64	14.3
3.61	15.13
1.48	17.9
12.1	19.23
7.17	18.43
5.91	12.89
4.98	12.82
0.99	12.4
6.06	12.71
1.1	13.67
-0.11	13.06
1.82	17.22
2.62	19.58
4.69	16.4
4.22	17.83
8.36	14.85
6.4	10.93
2.22	12.62
-0.5	18.08
7.86	15.53
3.36	14.39
3.4	21.94
8.65	19.13
5	20.12
5.66	25.99
9.08	26.72
8.49	27.23
11.67	23.31
9.96	20.64
7.75	12.54
9.54	17.25
8.54	21.01
8.21	22.19
9.87	19.16
8.06	20.13
9.83	20.89
6.13	22.34
11.93	23.58
10.69	20.07
9.67	21.2
12.09	24.68
7.38	19.39
5.96	23.25
8.19	24.45
10.98	24.34
8.9	23.9
7.9	23.54
11.32	18.13
9.5	17.36
9.1	18.33
11.65	19.26
6.97	23.02
12.8	21.69
12	21.4
8.3	21.1
5.81	20.67
5.66	22.07
11.97	19.41
6.95	22.87
8.12	22.13
10.28	23.14
14.18	21.45
13.25	26.1
15.65	25.27
13.68	22.92
12.91	24.14
11.05	24.03
8.3	23.57
12.06	20.62
9.59	18.2
11.22	21.29
9.03	23.08
13.25	18.29
13.38	21.18
13.6	24.04
14.15	24.98
11.18	25.72
14.07	26.09
14.78	23.02
13.01	23.82
13.7	27.2
13.55	27.43
13.14	27.33
16.87	28.35
14.95	28.48
14.1	24.71
13.32	23.76
10.29	22.65
10.37	24.19
9.56	26.52
9.97	27.65
11.37	28.24
11.92	27.66
11.99	28.63
13.59	29.77
14.86	26.47
14.87	25.21
13.72	24.14
13.03	25.07
13.2	25
13.96	22.58
11.47	26.27
14.97	21.48
15.58	21.07
13.2	26.99
14.43	25.43
13.05	25.07
16.63	27.16
13.4	29.36
16.97	26.57
11.91	27.91
12.88	28.72
13.46	31.36
18.18	29.28
15.57	29.21
11.68	29.45
12.54	31.15
15.78	31.97
17.08	28.4
8.73	26.81
11.36	29.29
13.7	33.05
16.98	33.56
17.71	31.35
15.56	34.25
16.27	33.14
15.63	30.97
13.01	32.77
14.16	33.97
15.61	33.51
14.36	34.15
17.54	34.63
16.97	28.74
12.91	29.17
12.15	30.77
13.33	31.24
15.83	25.92
10.6	28
11.07	31.32
13.76	33.87
13.81	36.02
14.17	35.9
15.13	35.32
15.13	31.37
14.64	30.18
14.11	28.65
14.92	32.92
14.53	34.55
16.23	34.31
15.58	35.82
17.66	35.09
18.35	32.26
13.86	28.94
10.47	24.69
5.17	22.37
8.3	25.55
9.34	19.91
8.74	17.23
6.03	18.57
2.51	23.13
5.63	25.57
11.14	22.36
9.09	24.26
10.97	26.27
11.63	27.17
10.57	25.46
10.26	26.78
10.81	22.96
7.48	25.77
9.11	23.75
9.75	21.2
3.35	21.11
3.77	22.04
5.29	23.06
5.77	25.49
10.77	26.81
11.09	23.93
9.16	22.13
2.57	22.63
10.1	26.48
11.38	26.81
11.87	25.79
12.52	18.64
10.05	16.34
5.87	19.29
5.79	18.39
11.45	15.9
11.78	21.17
13.21	21.09
9.27	21.45
11.34	16.32
7.2	16.7
7.02	13.21
8.24	10.81
6.22	12.73
-2.69	10.47
-3.33	11.28
-2.59	10.91
3.69	10.03
7.2	17.78
3.34	15.02
-0.81	10.65
2.79	8.85
6.31	9.18
3.59	12.27
0.01	10.79
1.23	12.93
0.58	13.08
6.22	14.7
2.49	11.3
2.91	17.8
5.32	15.93
4.09	6.81
5.57	9.76
4.85	8.11
5.52	10.09
8.2	16.62
5.17	10.55
5.16	11.92
4.46	16.01
1.96	9.63
0.41	12.56
0.64	8.73
-0.96	9.34
3.32	10.9
4.67	10.06
-1.48	7.36
-2.01	8.7
-3.51	5.35
2.52	16.01
5.41	12.9
1.41	7.22
-2.71	6.76
-0.99	8.46
-2.81	7.38
0.15	9.16
3.27	6.08
3.92	5.65
3.98	8.37
3.59	13.17
2.92	12.1
-0.9	8.04
3.72	7.11
1.67	6.12
-0.94	3.74
1.26	10.09
7.13	15.07
6.61	13.74
6.83	14.76
2.93	9.17
1.74	6.55
1.18	3.43
1.68	3.52
1.46	3.91
0.86	3.22
-1.2	3.88
-1.32	7.24
-1.69	4.4
-3.34	6.3
-3.31	1.35
-0.6	1.2
-0.71	1.11
-0.45	1.15
-1.25	0.78
-1.58	0.42
-0.35	1.7
-3.27	1.26
-8.48	-2.44
-7.15	-1.98
-6.01	-1.39
-10.78	-0.59
-5.32	-0.92
-11.92	-0.5
-13.09	-0.43
-10.4	-4.2
-7.39	-3.22
-10.28	-6.1
-10.52	-5.73
-9.45	-3.04
-14.91	-3.07
-14.82	-3.47
-6.95	0.36
-3.95	4.26
-0.44	4.41
-3.06	4.97
-1.03	10.8
6.62	13.77
2.13	10.36
0.46	13.73
-1.52	9.72
-1.18	12.08
-2.6	11.5
-3.07	9.82
-2.68	7.27
-3.01	7.99
0.22	13.4
-2.26	10.19
2.44	12
1.55	10.38
3.46	11.51
-2.14	7.17
-1.71	7.57
-2.99	3.44
-1.18	1.78
-6.95	0.51
-11	-0.25
-11.77	0.27
-11.09	4.09
-8.36	7.15
-6.92	8.85
-7.05	4.12
-6.3	6.77
-0.65	6.22
-3.42	7.14
-4.52	5.72
-6.42	5.69
-6.37	6.02
-5.63	4.27
-5.66	5.27
-1.59	1.38
-0.67	2.16
-3.12	1.68
-8.05	0.07
-1.5	5.78
-3.77	4.84
-2.94	8.01
-2.59	7
-3.14	2.1
-5.86	-0.12
-3.44	-0.25
-2.4	0.32
-5.31	2.8
-6.17	5.29
-6.29	7.8
-3.73	4.35
0.14	3.16
-0.38	1.07
-4.13	-0.26
-5.98	-1.58
-9.44	0.93
-1.63	4.18
-0.57	2.49
-1.73	4.77
-5.93	7.76
-3.06	9.77
-2.53	11.97
-2.15	12.35
-0.27	13.58
-1.1	14.48
-0.34	16.31
2.15	14.16
7.07	21.65
6.29	19.19
0.61	19.99
2.25	23.23
5.06	21.04
9.67	20.75
6.16	14.28
4.15	8.11
2.63	6.37
0.34	5.7
0.3	4.1
0.64	7.77
-3.73	7.72
-1.71	12.85
3.99	12.52
4.18	9.24
1.5	9.56
4.43	10.82
2.24	14.16
0.17	15.23
3.63	15.33
2.63	13.28
1.76	13.38
-0.54	12.47
4.73	9.66
4.55	6.63
4.01	15.05
5.67	16.32
6.95	13.07
6.04	15.13
1.31	14.8
2.19	17.04
8.06	18.56
9.27	15.73
2.9	21.15
8.57	23.18
6.09	24.19
7.03	24.36
8.23	24.58
12.3	22.92
11.82	19.83
5.19	24.46
6.19	23.73
10.05	21.73
5.62	23.23
6.54	23.47
8.56	23.32
9.96	21.06
10.32	15.68
7.1	19.69
9.93	21.27
9.42	22.59
9.72	21.93
9.26	21.7
6.9	24
6.65	24.84
6.52	24.94
7.49	24.23
9.65	23.54
10.68	22.3
9.87	23.94
8	25.76
11.04	26.68
11.96	27.1
12.18	29.21
10.29	24.49
8.8	20.06
9.88	23.19
9.35	26.21
11	29.59
16.57	26.02
17	27.92
11.08	24.08
11.59	28.23
15.13	24.65
9.61	25.88
11.8	29.17
14.84	25.79
13.81	23.15
14.89	26.73
13.02	29.48
14.17	30.61
14.94	24.74
13.93	26.08
12.77	29.09
16.35	30.6
14.24	26.46
8.49	21.58
12.59	21.01
8.06	23.07
10.42	22.38
11.18	21.03
8.26	23.11
9.91	27.72
12.66	30.8
15.57	25.3
13.47	25.8
16.91	28.57
14.34	24.78
6.82	21.93
10.51	19.07
8.46	17.86
11.46	19.3
8	21.96
7.15	24.66
10.9	23.65
9.17	26.83
12.7	29.62
15.86	32.13
17.22	31.18
13.81	24.41
7.95	22.03
12.88	23.64
9.84	26.51
12.12	28.74
15.4	27.63
10.14	21.11
7.81	20.26
6.74	22.2
11.64	23.67
15.64	29.71
14.11	30.84
16.72	28.63
17.3	27.87
17.78	25.87
13.69	20.25
13.88	22.77
10.49	23.34
10.63	27.64
13.2	30
14.1	25.75
9.84	24.48
13.89	24.97
16.44	26.85
14.92	31.26
17.82	33.69
14.04	25.98
11.06	29.41
13.27	33.08
13.76	34.64
15.11	34.24
15.3	30.11
13.89	26.97
12.55	26.29
15.12	22.2
13.81	26.05
11.26	24.94
8.76	26.94
11.3	30.51
13.08	30.63
12.08	31.48
11.45	32.44
12.57	32.04
15.34	26.1
11.75	26.86
10.94	29.09
13.8	31.81
13.78	34.25
18.5	32.87
14.71	29.52
10.72	19.32
10.21	18.31
9.3	19.14
12.4	18.83
11.33	19.11
4.5	21.25
9.51	18.99
7.27	17.27
6.8	19.96
9.16	20.07
8.43	18.19
9.93	18.14
4.44	18.7
5.9	23.66
9.42	25.34
14.02	27.46
18.06	25.81
10.58	21.87
11.25	21.09
10.65	25.33
14.25	23.36
10.97	22.33
9.47	23.73
12.7	18.1
11.99	16.57
8.23	17.82
12.36	18.85
7.12	22
9.18	22.88
10.64	26.38
12.84	26.07
10.15	22.22
12.05	18.78
10.42	17.16
5.71	19.01
9.43	13.34
3.96	12.57
7.63	19.35
11.24	20.15
12.18	17.59
10.24	13.27
4.17	20.3
9.94	22.61
13.57	20.89
12.63	23.76
11.73	20.66
6.17	20.07
8.5	22.97
12.1	24.12
12.22	24.5
12.43	26.3
11.2	21.42
5.05	19.26
10.82	18.83
4.71	13.21
4.76	7.89
6.29	9.04
7	8.98
5.47	10.39
8.4	14.46
6.71	16.56
4.97	12.17
3.15	9.66
-0.44	8.96
-2.46	10.89
-1.93	11.61
-1.51	6.54
0.11	6.96
0.88	5.27
3.92	6.53
4.06	9.81
7.41	9.8
8.3	9.92
9.55	11.63
9.45	18.14
6.97	13.58
6.57	11.57
6.5	9.69
4.82	8.82
-0.11	6.26
-2.53	0.24
-8.37	1.18
0.03	2.2
0.55	3.79
0.25	2.64
-4.37	0.81
-8.84	-2.01
-8.82	-4.2
-5.14	-1.94
-5.49	-0.81
-8.14	-1.76
-3.81	-1.27
-2.12	-0.37
-6.89	-1.51
-9.6	-3.57
-7.02	-4.79
-6.29	-3.04
-3.08	0.4
-6.74	-0.83
-5.41	-1.11
-9.37	2.17
-8.62	1.39
-8.93	0.05
-4.96	1.99
-5.63	-0.58
-2.52	2.43
-1.64	10.24
-4.3	3.98
0.94	5.88
-3.32	6.04
-5.94	8.19
4.02	8.8
1.43	5.14
1.54	8.03
-0.65	6.21
-0.47	8.49
-2.11	10.54
7.67	12.5
7.57	14.62
2.44	8.56
0.1	10.2
-0.08	9.3
-0.07	7.54
-1.89	0.86
-1.19	0.98
-1.12	2.07
-7.72	0.04
-9.45	-2.7
-8.23	4.72
-0.12	5.68
0.48	5.05
-3.4	5.63
-2.61	7.62
2.81	9.02
3.72	11.08
6.28	13.96
5.6	11.65
3.04	9.26
2.81	7.4
3.8	11.03
2.79	9.93
0.3	9.67
0.84	5.88
2	8.58
0.5	3.61
0.3	4.31
-2.53	2.69
-7.1	3.14
-5.89	-0.82
-1.41	3.23
-7.43	5.13
-5.86	5.89
-2.8	10.18
-2.21	8.96
2.12	9.73
-2.52	9.16
0.09	7.06
-2	5.67
-1.26	8.38
-0.29	8.75
-0.93	10.36
-2.03	10.96
5.01	12.78
1.56	11.96
0.88	14.1
4.95	12.4
1.04	8
-0.59	8.25
3.66	6.84
-1.2	7.25
0.59	6.47
-0.69	3.61
-5.38	-0.72
-7.54	-4.59
-13.51	-2.7
-16.72	-2.51
-13.96	-3.62
-8.28	-1.78
-3.28	-0.81
-13.64	1.67
-4.55	4.11
-5.96	7.13
-2.79	10.31
2.39	7.98
-0.46	13.15
-0.7	14.42
4.03	18.07
8.83	14.33
9.8	17.03
7.1	13.89
4.23	15.56
2.7	10.86
-0.08	11.52
-0.98	10.75
3.31	13.27
5.58	13.02
7.9	12.95
4.61	19.19
6.37	15.12
2.72	17.63
5.14	18.09
5.39	17.53
3.08	19.95
4.34	14.24
5.79	12.35
-1.27	11.52
1.79	16.08
4.55	12.97
1.75	8.86
4.83	7.3
4.86	13.96
8.1	18.58
9.04	19.33
7.24	15.27
0.41	9.14
-2.36	10.03
-0.06	15.93
6.72	20.38
7.84	22.69
7.65	21.33
5.97	15.75
2.94	11.84
0.26	14.14
6.14	10.96
2.59	9.04
3.64	13.36
-0.05	14.42
2.3	14.67
3.9	11.29
4.95	14.04
3.07	9.86
2.21	13.46
6.57	17.93
5.46	18.99
7.39	16.1
8.23	14.21
7.83	12.23
3.75	11.68
6.01	12.03
6.63	17.13
4.34	19.42
5.45	21.31
5.7	22.62
6.85	22.44
7.53	20.83
8.83	20.76
9.37	20.78
8.04	21.64
7.11	24.74
9.33	21.86
5.9	14.36
2.89	17.26
2.58	20.35
10.97	16.93
7.57	14.02
4.69	17.38
3.03	15.74
2.55	18.91
4.88	18.11
6.67	18.86
6.31	20.46
6.88	21.43
7.74	21.87
11.45	25.73
10.64	26.85
15.76	27
13.44	27.25
12.54	22.1
12.74	19.79
11.74	22.19
11.09	24.36
11.56	22.59
12.62	25.36
15.74	23.86
12.97	26.61
13.68	23.14
7.02	21.36
12.46	21.58
9.73	18.36
7.55	19.7
7.13	25.44
10.89	27.68
17.87	28.1
13.33	24.54
11.13	18.36
7.93	17.47
4.38	20.75
13.09	25.21
11.8	25.33
9.85	16.41
8.88	16.93
10.77	15.25
12.21	18.82
13.07	19.87
13.31	23.98
11.4	23.93
11.74	20.98
9.49	24.63
13.72	29.08
13.65	26.69
15.55	24.46
11.86	28.53
14.48	26.75
15.39	25.58
16.96	26.79
16.75	31.32
17.76	32.1
15.19	33.13
17.84	29.96
17.35	30.12
18.51	27.82
13.33	28.71
14.06	30.49
16.4	31.66
17.89	29.98
15.51	28.56
16.68	25.19
13.47	22.94
14.77	24.16
12.32	21.74
13.16	26.16
14.3	27.23
15.31	27.9
15.73	27.9
14.27	27.91
14.85	29.66
15.65	30.83
18.38	31.53
17.07	27.05
17.8	24.12
17.38	26.33
13.89	28.73
13.3	30.31
13.56	30.43
14.42	30.79
15.73	31.72
15.9	30.85
17.16	32.26
15.31	31.88
15.19	32.35
13.98	33.64
14.56	34.04
15.92	33.19
16.22	33.43
16.81	32.12
15.25	32.9
15.74	33.49
16.32	32.45
15.47	32.4
15.78	30.9
17.4	34.15
18.26	32.02
15.86	26.5
13.87	26.45
13.51	23.83
11.52	24.27
9.81	25.27
10.72	27.15
13.02	22.87
9.45	24.57
13.03	27.04
15.57	27.92
15.23	28.66
13.89	27.79
13.8	25.01
14.15	19.84
13.15	24.03
10.43	26.04
11.64	27.9
14.67	23.44
14.68	21.36
15.42	27.24
15.02	29.48
16.11	28.91
15.06	21.05
13.48	22.91
11.76	24.92
12.93	24.84
13.38	27.42
14.37	27.28
13.93	22.46
7.94	23.04
9.48	25.28
11.74	26.28
13.89	28.22
14.38	27.46
16.1	23.89
9.51	21.48
10.71	16
8.27	14.02
6.68	16.66
7.97	16.88
5.82	19.87
9.32	23.89
9.63	21.35
13.01	25.54
13.29	25.78
12.21	24.35
15.16	26.68
12.68	20.93
11.96	23.06
9.31	23.03
11.97	23.77
12.65	22.48
13.35	22.99
6.9	18.68
5.07	13.45
1.4	10.32
1.98	6.27
1.41	6.64
-1.14	11.54
0.13	13.46
-1.34	14.94
-1.32	16.51
0.11	17.25
2.3	16.97
1.48	15.25
1.75	13.54
3.91	10.9
0.11	9.06
-2.77	10.44
-2.24	10.9
-1.05	8.8
3.41	8
3.55	9.54
5.7	9.12
5.31	16.96
3.34	17.43
4.46	15.7
3.51	15.61
6.72	13.43
1.94	12.54
3.56	18.1
6.33	18.73
8.87	14.48
8.94	12.96
7.3	14.05
8.46	11.59
4.14	10.49
3.44	6.76
5.26	12.55
6.44	10.05
7.9	12.86
7.54	11.33
1.21	8.09
0.66	4.52
3.03	9.15
5.04	13.91
4.88	13.47
3.14	11.11
3.04	9.48
1.07	8.46
1.6	7.97
2.14	12.29
5.58	11.03
2.37	12.42
2.65	8.32
3.29	10.72
3.9	8.56
3.33	7.42
4.19	10.01
-1.03	9.99
-0.29	8.82
-2.7	5.92
-6.61	2.39
-6.21	1.32
-6	0.49
-1.75	9.83
-1.24	7.49
1.53	9.83
-2.19	4.97
-0.69	5.19
1.59	5.53
1.09	8.1
0.6	13.64
0.5	10.29
-0.04	7.88
-1.51	3.89
-7.12	3.38
-3.28	6.64
-6.88	4.33
-2.26	1.71
-1.78	0.75
-1.94	-0.14
-1.98	-0.53
-2.45	-0.32
-2.79	-0.38
-2.18	1.08
-1.1	0.98
-4.51	1.77
-2.2	3.87
0.68	8.67
4.7	10.15
0.49	8.91
-0.83	3.08
-2.86	4.95
-5.53	2.12
-3.71	0.22
-4.86	-2.66
-4.5	-1.3
-4.3	0.52
-7.76	-1.3
-6.29	-0.35
-7.06	2.18
-3.82	4.09
-5.03	4.72
-1.65	2.04
-4.85	0.19
-10.97	0.56
-2.82	4.86
-6.87	3.52
-5.44	-1.62
-4.6	-1.14
-5.02	-2.61
-4.03	-2.12
-3.74	1.87
1.74	11.07
0.94	9.08
-1.98	9.14
4.89	14.73
2.06	12.43
-2.56	6.49
1.14	10.77
2.06	11.14
-0.49	7.81
-5.15	7.34
-1.67	10.34
-1.15	6.54
-3.65	5.97
-2.1	8.18
-0.95	12.02
-0.01	18.09
0.96	13.76
3.05	12.02
0.12	5.71
-1.84	8.77
1.85	15.42
-0.95	14.29
6.09	9.48
1.05	13.04
5.01	10.61
-0.81	12.48
4.26	8.27
-0.04	11.04
0.19	13.64
0.75	13.88
-0.08	9.24
1.45	10.89
0.34	7.62
1.9	13.01
0.88	10.67
1.02	8.2
-2.06	11.09
-0.89	13.76
4.33	8.9
2.97	8.16
2.51	7.42
2.5	7.6
-0.05	8.32
1.94	7.78
-1.8	10.92
1.87	10.42
-0.14	11.71
-2.17	12.17
-0.8	12.7
-0.59	8.89
-0.54	5.26
-2.13	2.59
-0.73	2.35
-1.2	9.77
4.24	15.03
6.4	16.21
1.34	12.43
-0.65	8.48
-0.12	7.39
0.76	6.9
2.12	14.79
1.28	19.87
5.3	14.18
5.5	15.45
0.26	12.22
-2.73	7.83
1.39	6.41
0.55	7.28
-0.86	8.51
5.33	15.41
7.81	24.43
6.77	24.73
8.52	17.04
5.5	20.67
7.14	21.43
7.7	16.23
0.81	9.48
-0.32	10.18
3.58	8.48
1.19	10.45
4.6	8.31
1.46	8.02
1.44	8.05
2.55	11.32
5.55	14.74
4.65	18.52
6.4	19.93
9.69	21.43
5.82	23.57
6.17	26.3
6.99	27.15
9.42	23.22
10.9	16.53
8.18	14.86
8.41	18.38
7.44	20.2
8.14	21.14
8.3	22.35
9.17	20.56
9.63	16.68
3.56	15.12
2.26	19.65
7	21.36
5.86	23.88
9.28	26.7
8.14	25.34
12.43	21.11
9.94	15.73
8.47	15.41
11.25	16.42
12.81	18.52
9.02	15.42
3.06	14.55
4.18	19.48
11.23	15.84
8.38	19.7
11.47	17.08
8.93	12.63
7.32	12.75
7.87	16.64
5.28	21.08
6.43	24.6
9.29	25.67
11.81	26.29
13.39	27.91
14.52	25.41
14.51	27.69
13.31	28.17
14.11	26.34
13.76	19.29
9.35	21.69
9.1	21.36
9.44	23.01
11.51	21.97
11.37	20.56
12.34	20.35
11.13	24.73
11.41	25.82
11.55	22.75
14.67	22.65
14.3	20.35
9.95	22.85
8.83	21.79
10.59	20.59
11.38	22.8
11.55	24.12
9.75	23.44
12.12	25.62
14.79	27.58
14.64	29.48
14.68	24.65
8.7	16.23
10.15	14.03
11.2	18.3
12.19	22.4
14.54	23.7
15.93	24.71
11.58	24.81
11.61	28.47
13.59	29.82
15.98	29.23
16.37	29.9
15.63	27.14
15.77	23.98
15.6	21.74
12.39	25.32
14.54	28.27
14.2	29.14
14.88	29.75
14.42	29.74
14.85	30.49
15.86	30.89
17.82	30.77
16.92	27.6
17.11	29.57
17.45	25.88
15.09	27.81
17.5	27.88
16.81	28.98
14.81	29.84
15.69	30.61
16.27	29.48
15.85	26.75
12.09	28.12
11.63	29.84
15.26	30.83
18.06	26.35
17.69	22.22
15.94	28.2
13.72	29.33
13.74	30.55
14.8	26.74
11.14	27.38
11.8	28.47
13	28.62
13.51	28.96
15.71	29.71
15.38	28.38
15.77	20.97
14.27	25.3
9.23	27.65
10.92	26.9
9.61	27.61
9.51	28.57
12.82	23.89
10.59	22.01
9.29	22.74
12.35	26.63
15.76	24.99
15.09	23.87
13.63	23.12
13.89	27.72
14.3	28.32
15.85	28.3
14.58	27.32
16.2	26.71
10.32	24.96
9.16	17.91
5.41	17.95
6.63	16.96
3.89	18.47
6.11	15.64
10.1	16.81
11.81	21.55
11.98	18.56
5.77	20.45
9.63	22.01
6.96	23.02
12.99	23.22
13.81	23.69
8.82	22.35
9.96	24.09
10.18	25.93
11.95	24.35
13.03	19.48
12.3	16.3
8.81	21.34
10.43	19.84
9.54	20.94
9.47	19.04
12.51	22.75
10.36	21.53
10	17.83
7.6	17.74
5.17	19.34
6.18	19.21
5.39	20.22
6.39	21.34
8.18	15.06
5.9	13.78
0.47	16.05
2.98	13.01
5.12	21.03
7.14	20.31
8.03	21.63
8.05	23.61
10.84	21.1
9.83	21.23
10	22.92
9.66	21.47
9.95	21.78
8.36	22.39
7.88	22.25
6.77	21.82
6.58	18.85
7.45	15.51
9.13	18.14
8.67	16.56
4.52	19.15
5.43	20.34
6.57	20.26
4.87	14.08
1.47	12.47
-2.58	12.8
-2.81	12.9
-3.96	13.36
-2.8	15.02
-2.65	13.08
-0.95	12.92
2.92	16.88
5.27	12.36
7.18	14.06
6.48	16.56
3.89	9.64
-0.46	12.5
-1	7.82
0.21	3.95
-1.23	4.27
1.73	8.44
1.25	6.27
-2.78	5.62
-2.88	7.22
2.41	11.04
1.29	5.79
3.89	5.5
4.91	6.47
4.66	10.93
5.28	14.79
9.64	14.8
0.77	9.68
-3.96	3.41
-1.77	5.02
-3.22	4
-8.2	2.69
-8.15	0.29
-0.86	5.66
-3.19	-0.16
-3.07	2.27
-1.85	8.9
0.07	6.9
3.33	5.48
2.53	4.64
0.65	2.74
1.74	3.7
0.87	3.48
-0.92	2.28
-2.13	-0.15
-1.77	-0.07
-1.56	0.3
-0.62	1.2
-1.03	1.19
-1.47	0.19
-2.09	-0.19
-1.66	2.03
-2.71	-0.12
-2.26	0.57
-0.28	1.16
-0.44	0.76
-0.64	0.44
-0.32	1.38
-0.48	2.79
-0.98	4.1
-1.75	2.19
-2.37	5.24
4.32	12.24
4.92	13.57
2.42	10.44
-0.17	4.59
-3.43	0.23
-11.5	-2.73
-15.66	-5.94
-8.29	-6.27
-7.16	-2.17
-2.59	0.6
-2.45	0.14
-3.28	-0.63
-7.26	-0.95
-7.18	-1.51
-12.3	-2.98
-5.3	-1.11
-1.37	0.66
0.24	1.01
0.78	4.5
2.54	7.29
2.57	9.89
-1.06	5.77
-4.41	0.26
-1.75	2.22
-6.68	-1.28
-6.21	-1.68
-6.63	-3.33
-4.05	-1.68
-3.21	-1.69
-3.67	-1.26
-4.36	-0.93
-7.03	-2.97
-5.66	-3.84
-7.43	-4.99
-7.6	-4.37
-4.68	-1.32
-3.99	-1.55
-3.87	-0.42
-5.61	-0.36
-10.67	-1.14
-16.94	-3
-13.45	-0.01
-4.49	-0.52
-1.99	1.72
-5.23	-0.4
-14.73	-3.24
-8.25	-2.48
-6.88	-3.47
-8.55	-0.38
-18.24	-2.66
-9.77	-0.91
-9	-0.44
-3.46	1.27
-0.66	4.55
-3.41	1.8
-10.46	3.78
-1.47	6.57
-5.67	7.36
2.18	7.56
-1.7	6.1
-3.89	1.02
-4.21	0.67
-9.09	-0.05
-11.5	1.34
-10.9	4.4
-4.86	6.26
-4.78	6.39
-5.88	4.96
-7.58	6.79
-2.56	2.69
-3.27	2.63
-3.99	1.74
-5.75	0
-9.75	4.06
-1.05	5.02
0.21	5.2
-3.57	3.97
-4.72	3.32
-6.51	3.86
-3.69	1.12
-2.76	-0.57
-1.61	1.42
-0.62	9.91
-1.86	5.36
1.51	4.01
2.23	8.19
3.23	6.62
1.95	8.48
-3.81	10.16
-1.4	11.23
1.29	7.96
1.02	10.43
2.35	13.36
7.02	12.25
3.18	12.42
3.41	10.08
0.61	8.48
-4.22	11.3
1.31	8.52
-1.79	8.03
0.17	8.33
1.47	5.63
0.72	4.18
1.8	3.56
3.69	10.03
1.82	17.04
2.9	17.74
2.69	17.51
2.75	16.27
3.13	14.54
3.76	16.01
4.89	15.21
-0.49	4.89
0.18	9.37
0.57	7.21
5.25	10.47
3.47	17.47
1.93	18.69
3.93	20.63
3.34	23.18
7.18	24.02
8.74	25.79
14.11	21.58
12.42	21.66
12.63	19.68
11.72	16.85
8.25	16.93
11.43	21.4
9.68	22.65
11.05	19.18
11.38	18.09
10.67	21.19
10.42	19.33
6.38	20.94
5.3	20.21
11.56	20.54
8.99	24.45
12.2	22.02
12.48	22.41
11.22	19.07
8.52	20.85
12.79	17.86
14.18	18.68
12.62	18.06
14.55	21.72
12.54	23.08
11.72	26
17.11	27.17
13.54	28.41
12.83	25.28
9.88	20.22
9.3	18.26
9.44	19.99
9.34	23.79
12.39	26.51
14.42	23.56
13.53	21.34
11.83	17.46
7.57	17.4
5.88	22.91
8.25	25.58
10.95	26.79
13.6	28.23
12.89	28.86
15.21	25.74
13.19	24.41
11	26.93
12.59	29.21
13.66	30.87
14.08	31.99
15.14	32.19
16.42	32.76
14.93	31.2
16.42	25.46
9.66	21.35
7.72	20.52
6.45	22.57
7.22	24.62
8.14	27.6
13.66	27.91
11.86	27.37
14.31	22.96
12.46	26.79
9.9	15.97
6.63	20.2
7.73	20.43
12.21	17.65
11.08	21.78
12.12	23.96
11.17	27.46
12.65	23.4
10.61	16.95
13.38	19.23
13.57	21.49
10.57	24.14
13.57	26.66
17.98	27.77
13.36	24.16
14.43	28.55
10.24	21.09
7.08	19.5
10.84	20.32
13.01	23.81
11.03	27.25
12.69	29.07
14.26	30.14
17.99	24.12
9.22	22.04
10.14	24.77
9.25	21.66
6.63	21.45
6.57	22.34
6.99	23.38
7.41	25.55
14.34	27.95
15.8	24.03
13.59	24.44
10.89	26.22
16.76	29.17
14.94	28.41
16.96	26.33
15.08	26.42
11.89	28.96
12.86	30.08
14.98	27.66
13.76	21.75
7.56	23.09
8.78	24.76
11.98	24.96
14.63	21.79
10.69	25.89
11.97	26.13
11.32	26.69
15.28	25.07
14.38	24.45
14.26	25.85
14.92	23.46
14.64	24.99
13.05	24.31
14.32	22.64
14.26	25.11
11.96	26.67
10.99	27.41
12.66	27.55
13.32	26.6
12.25	27.28
13.47	21.54
10.35	25.47
13.31	27.13
14.37	26.39
12.89	23.02
13.12	23.9
13.63	21.81
13.13	18.47
12.35	15.99
13.13	17.15
13.74	21.25
11.35	17.16
6.82	16.48
5.26	16.12
9.25	17.07
5.9	17.25
6.56	17.98
7.12	21.03
7.78	19.38
9.39	14.32
4.69	12.69
4.89	17.41
7.36	15.93
3.61	15.06
3.65	14.27
4.41	16.17
9.64	12.38
10.33	15.63
12.56	17.62
10.25	14.56
8.74	12.83
6.37	12.65
5.06	17.14
5.69	17.48
6.47	18.39
7.35	18.79
10.98	21.41
9.08	22.42
9.4	19.68
8.24	14.79
2.18	15.9
9.99	13.36
9.82	12.47
9.59	14.78
8.77	18.28
10.38	16.2
9.76	17.37
7.19	14.77
6.06	17.83
3.16	17.57
6	18.8
9.02	21.88
12.24	19.68
10.56	17.62
7.69	13.53
5.9	17.02
7.17	16.95
8.04	12.26
7.86	15.41
4.49	13.2
2.89	10.74
1.39	11.98
-2.28	12.78
-1.23	14.57
2.17	12.1
6.37	18.37
4.82	15.39
-1.46	13.42
0.33	11.94
5.19	18.3
3.04	17.85
2.39	18.61
6.54	18.63
6.73	16.16
3.44	17.76
8	15.03
4.19	13.13
0.17	11.48
8.15	17.08
12.36	20.52
12.12	19.89
7.67	16.34
3.74	11.43
3.59	11.88
8.62	15.33
9.08	14.64
6.66	11.82
6.39	11.84
2.5	9.42
0.65	4.07
-0.64	4.03
-1.71	2.87
-4.3	4.36
-0.89	2.37
-0.14	4.07
-1.63	1.59
-1.55	3.95
-2.1	1.39
-0.82	5.76
-3.5	4.16
-3.79	7.39
-2.88	5.72
-2.25	0.72
-2.11	-1.04
-2.39	-0.98
-2.08	-0.68
-2.26	-0.27
-1.25	0.65
0.27	1.9
0.13	1.99
-0.32	5.73
1.5	6.7
-1.3	5.71
-2.46	3.09
-1.35	2.98
-1.18	2.21
-1.64	8.28
0.71	4.82
-2.07	2.26
-4.15	-1.37
-3.39	-1.67
-6.22	-2.33
-6.84	-4.55
-10.16	-5.43
-14.84	-8.62
-18.28	-10.21
-13.56	-7.62
-14.27	-7.5
-19.52	-10.48
-12.74	-8.13
-10.27	-5.86
-6.81	-2.3
-3.08	-0.88
-2.71	-0.7
-3.24	-0.7
-4.01	-2.06
-3.85	-1.38
-2.31	-1.06
-2.88	-1.17
-1.78	0.36
-5.06	0.2
-5.89	0.57
-2.51	1.41
-3.31	-0.94
-2.61	-0.81
-3.21	-2.15
-3.6	-2.13
-4.2	-2.56
-2.6	-0.27
-1.05	1.93
-1.19	0.84
-0.85	0.34
-0.63	0.33
-0.74	0.34
-5.04	0.27
-6.74	-1.7
-4.11	-0.29
-8.39	3.83
-8.61	2.27
-2.91	2.49
-5.51	2.86
-8.37	1.31
-10.82	1.47
-10.27	1.89
-5.72	4.79
-1.03	6.89
-6.66	6.94
-2.87	7.43
-5.14	9.37
-5.06	10.33
-4.17	10.58
0.5	11.12
3.07	13.34
0.55	11.36
0.85	8.85
0.49	5.93
-5.55	3.52
-5.85	4.34
-0.29	8.96
-3.7	12.79
-0.15	14.27
0.31	16.19
-1.16	17.01
2.07	14.52
7.02	16.08
8.86	16.07
4.55	11.43
1.82	9.5
-2.05	14.47
-0.77	17.75
1.85	20.33
3.57	8.91
-0.51	13.46
-1.39	13.28
0.31	12.13
-1.63	11.1
-3.43	13.93
-0.9	13.75
-1.78	12.44
-3.91	13.98
-1.79	17.28
2.09	16.29
2.31	16.16
5.51	13.84
2.6	10.45
0.56	4.22
0.6	5.2
2.23	7.59
-0.89	5.34
0.04	6.98
-2.3	5.36
0.9	6.09
0.23	9.31
2.55	9.57
0.32	15.71
2.33	15.09
0.88	11.46
-0.43	8.87
0.12	10.47
4.62	13.81
3.18	18.36
6.14	19.7
5.33	13.42
-1.17	9.58
2.86	13.07
-0.66	6.37
-2.6	8.86
-4.4	12.62
-1.13	19.64
5.41	22.28
0.02	16.14
-0.66	6.99
-5.3	14.01
3.56	11.25
-1.6	6.46
-1.36	10.07
5.23	17.56
0.49	19.16
1.88	11.92
1.19	7.59
2.16	7.45
5.18	12.25
-1.57	15.13
1.05	18.64
4.37	15.98
2.58	18.74
9.07	16.02
6.97	16.03
9.39	18.18
9.02	18.06
8.13	20.83
5.6	27.05
9	27.15
10.89	23.28
13.48	23.62
9.63	20.13
6.06	16.62
4.29	18.32
9.28	21.5
6.68	23.88
11.01	27.87
12.79	29.43
12.65	29.14
9.71	28.33
9.39	28.8
11.82	28
11.11	29.11
11.95	26.93
11.51	28.09
15.18	24.99
10.34	20.14
7.21	21.82
11.83	17.39
8.18	16.75
5.77	16.45
9.54	20.24
9.23	15.96
5.82	17.67
7.54	17.83
7.39	15.3
2.11	18.77
9.78	16.71
10.05	22.25
12.28	21.68
7.89	23.55
14.64	22.67
12.72	22.92
8.1	24.35
11.79	26.66
11.54	27.25
11.48	27.6
14.75	27.69
16.73	25.55
14.36	29.14
14.83	26.39
13.22	26.41
14.62	26.59
13.39	19.5
8.59	21.93
14.97	24.01
12.02	25.93
15.87	28.3
10.04	25.07
9.8	22.69
9.48	22.68
9.59	23.57
14.13	27.46
15.25	29.84
16.18	30.89
17.99	27.45
13.16	23.62
10.87	26.06
14.2	26.51
13.88	29.18
16.3	26.15
14.05	20.68
12.39	16.65
13.57	19.76
15.23	25.28
13.31	26.69
14.24	22.64
15.24	24.67
12.23	25.5
12.6	24.9
15.4	23.84
14.28	24.33
13.07	26.63
16.43	22.9
15.1	22.04
11.86	24.72
11.77	24.24
15.44	25.17
13.38	27.85
17.09	27.32
16.69	26.62
13.13	23.7
12.38	26.45
13.69	27.31
15.72	22.11
12.11	26.51
12.75	27.97
11.62	22.57
9.14	22.4
12.6	24.23
11.5	27.55
14.05	28.41
16.1	23.04
11.91	26.4
12.38	26.71
15.8	24.35
12.83	24.52
11.49	26.62
11.56	27.21
11.46	28.27
12.91	29.15
14.68	30.03
12.81	26.97
12.91	27.5
14.86	25.12
14.61	26.24
14.81	23.19
12.74	27.36
12.09	27.92
11.69	27.54
12.03	27.89
12.29	27.07
11.77	28.02
13.45	27.51
14.05	29.21
13.29	23.35
10.77	22.73
11.27	25.97
11.01	26.7
10.53	27.4
11.69	28.19
12.58	27.55
12.84	27.35
12.97	28.3
14.97	25.13
12.44	23.14
9.74	26.42
10.65	20.77
7.87	20.92
8.42	26.41
16.19	27.24
10.89	20.9
5.76	18.45
3.01	20.31
4.67	20.93
5.11	21.91
5.87	24.03
9.16	17.53
1.44	18.14
1.57	19.25
2.47	20.44
3.48	18.29
3.94	19.04
7.17	20.46
6.2	20.72
7.23	19.26
6.44	19.97
5.48	20.72
11.71	15.29
10.58	22.06
6.85	17.04
3.63	17.9
3.03	21.97
5.07	21.85
12.31	24.21
10.3	22.56
11.22	26.16
11.21	24.02
8.74	19.83
7.8	12.76
2.97	14.76
-0.88	11.99
-0.55	13.52
2.48	11.5
4.28	10.16
0.99	11.52
-0.61	12.98
-2.38	14.73
0.25	9.08
2.59	9.07
-1.62	8.84
-0.43	12.4
-5.06	11.11
-1.79	6.17
-2.68	2.65
-7.23	5.02
-8.53	5.52
-9.75	5.11
-5.73	5.53
0.71	8.05
-4.39	8.2
-4.23	11.94
-3.6	7.22
-3.87	10.24
5.57	19.42
14.28	21.81
12.62	19.03
5.17	15.21
8.43	16.33
4.33	14.79
5.6	17.63
6.56	14.62
5.29	9.17
1.08	11.06
-1.45	4.19
1.96	5.64
0.92	5.78
-3.65	3.05
-6.46	2.65
-7.06	2.53
-2.45	5.39
-2.08	1.54
0.71	2.67
1.21	4.25
2.58	5.09
2.58	5.23
3.72	5.91
3.32	5.56
4.23	6.75
4.89	6.99
4.79	7.01
3.95	6.29
1.17	6.91
-2.56	4.86
-4.45	2.94
-5.54	2.76
-0.71	5.92
-1.26	2.46
0.03	4.47
-0.28	9.91
4.03	9.69
1.02	9.72
-1.99	7.61
-2.66	3.52
-5.34	-2.93
-11.61	-3.82
-6.61	-3.94
-4.68	1
-1.4	2.66
0.12	2.64
1.51	4.79
-0.35	5.99
0.15	4.09
-0.74	7.99
1	10.33
3.6	8.15
-0.46	6.18
-0.94	8.19
-3.52	5.92
-2.91	10.84
-2.11	5.31
-1.22	10.55
3.61	8.6
4.72	12.53
1.07	9.34
0.88	12.82
0.23	11.88
-1.5	13.44
0.32	7.65
-1.62	12.59
-2.56	10.55
-4.33	4.26
-2.07	7.04
-1.48	4.92
0.28	6.64
-0.64	9.17
-0.64	8.81
-4.65	7.74
-0.3	4.71
0.99	5.48
1.1	4.28
0.67	2.66
0.83	2.15
-4.81	1.11
-3.85	-0.08
-7.67	0.5
-7.03	0.55
-8.38	-0.13
-6.43	2.18
-6.76	3.36
-8.16	5.32
-8.88	-1.08
-10.76	-1.77
-10.27	4.37
-9.83	3.53
-10.12	4.84
-10.13	8.39
-7.13	8.72
-5.05	8.25
-7.22	8.58
-0.36	14.34
-3.88	15.63
-2.11	18.56
3.13	21.12
1.8	17.47
3.04	19.89
3.51	19.59
4.79	15.87
-3.54	10.77
-3	16.3
-0.8	13.75
-0.25	16.5
6.19	17.13
1.33	15.13
2.11	15.73
6.75	13.09
1.55	13.89
-1.57	16.82
-1.02	16.24
1.42	10.2
-3.13	8.06
-1.42	13.09
6.7	16.47
7.23	16.66
-0.4	12.86
4.39	16.66
6.25	14.2
0.8	7.22
-1.9	4.83
-5.68	4.13
-8.04	6.48
-1.66	8.92
-3.14	13.48
2.45	9.08
-1.56	7.68
0.74	4.98
2.93	9.64
4.51	10.53
-0.17	10.19
-2.54	4.84
-2.6	4.47
-5.46	6.07
-6.02	7.04
-0.72	6.02
-2.03	7.97
-5.58	11.5
1.63	15.53
7.42	16.28
2.59	15.38
-0.95	17.92
1.46	22.17
5.37	20.02
5.54	21.41
12.93	18.91
10.07	21.05
9.23	17.38
4.83	18.26
8.5	18.14
7.67	14.51
2.06	17.56
6.62	18.29
5.53	14.72
2.53	12.59
1.04	11.51
-0.81	14.2
6.03	11.12
5.65	14.52
3.88	13.68
6.77	15.6
1.94	16.88
0.98	20.51
8.71	15.54
4.59	18.8
4.06	20.57
10.08	20.01
5.1	21.9
9.41	23.64
12.22	21.06
9.68	18.46
8.51	20.59
8.37	19.67
9.91	20.61
5.84	20.69
11.08	16.04
5.85	16.24
3.63	18.88
8.44	21.62
7.15	23.91
7.68	24.88
7.99	26.24
9.16	27.2
9.51	27.27
11.07	28.32
11.9	21.62
5.89	19.85
5.44	18.24
5.83	13.95
7.19	14.97
10.45	15.1
11.68	23.18
9.39	23.28
10.49	16.95
5.49	16.57
8.57	14.13
9.48	14.28
8	21.76
8.28	24.25
9.23	25.28
11.6	24.52
12.99	25.44
11.12	26.27
15	23.04
9.15	26.4
11.65	28.57
14.52	28.24
14.36	29.98
16.97	32.32
17.31	32.84
15.78	29.23
13.27	25.38
13.06	26.78
14.92	23.63
12.07	19.68
10.02	13.06
8.87	17.91
7.29	23.54
11.94	21.06
9.77	17.6
6.63	21.43
10.64	21.95
12.12	25.88
12.78	29.39
15.33	32.09
15.41	21.04
12.4	23.86
14.53	26.38
15.04	28.59
16.79	29.34
14.49	28.76
15.49	24.71
17.16	27.82
15.39	27.53
15.86	24.88
14.89	20.68
14.9	23.86
11.85	22.76
13.56	24.05
14.7	25.42
12.06	18.99
7.83	19.83
13.09	24.34
14.3	25.23
15.4	19.82
14.97	28.6
13.37	26
12.25	21.79
10	24.76
11.87	24.99
14.33	28.01
16.4	29.4
16.08	31.2
18.01	31.09
15.96	31.71
16.96	32.17
18.64	28.72
17.12	29.24
18.55	28.49
16.68	29.75
18.52	26.64
14.06	25.96
13.74	28.25
15.08	28.42
15.9	28.18
17.33	32.48
19.48	32.63
19.66	29.26
18.08	25.2
11.42	25.28
10.45	27.81
11.7	30.29
12.81	32.01
15.9	28.31
12.72	29.96
14.27	31.92
14.16	32.36
17.03	27.29
14.43	29.28
15.39	29
14.95	31.37
14.82	31.24
15.26	25.55
14.15	27.98
15.76	28.22
15.51	24.03
12.93	22.2
10.95	25.22
11.28	22.11
6.92	23.97
10.14	24.12
10.44	18.73
7.07	18.25
6.08	20.16
5.95	21.45
5.95	21.54
12.15	21.05
13.27	20.79
12.85	17.47
12.7	17.08
12.15	22.29
10.32	22.99
13.95	18.95
12.18	22.96
11.52	21.14
11.58	23.02
14.9	21.78
9.78	15.84
8.4	12.99
5.73	17.97
7.21	20.33
10.43	15.96
7.35	18.09
7.17	18.32
10.29	15.2
11.93	18.14
6.01	18.55
5.58	19.32
5.11	20.06
5.66	21.48
12.1	23.6
15.5	22.92
13.8	17.49
11.69	21.8
7.1	21.8
12.59	17.94
11.95	17.96
9.32	14.02
7.02	15.87
7.04	14.24
12.36	19.38
12.74	20.31
13.08	17.09
11.93	18.94
8	20.29
6.51	20.62
8.73	15.81
6.24	14.83
0.77	15.23
7.9	19.43
8.18	19.8
7.53	19.66
9.6	20.39
8.29	11.45
4.31	11.19
0.62	12.07
1.72	15.24
1.96	17.18
2.44	12.86
4.39	10.52
4.74	15.37
0.25	14.4
4.2	16.27
8.54	19.96
1.26	13.93
0.25	12.22
2.68	16.86
0.04	12.78
2.11	17.35
7.97	13.94
3.81	9.2
-0.84	10.23
1.15	9.83
-1.62	10.65
1.28	12.11
5.89	10.73
5.63	11.81
-1.82	8.58
-3.37	8
-3.85	6.68
2.62	8.87
-1.62	9.14
-1.99	5.92
-5.25	4.66
-5.55	4.34
-6.18	1.1
-6.57	-2.49
-4.82	-1.66
-2.41	0.03
-1.04	4.31
-0.37	2.92
0.18	2.1
-0.78	3.97
-1.83	0.82
-0.53	1.39
0.79	3.21
-1.7	1.7
-2.69	-0.68
-2.17	-0.94
-2.46	-0.72
-3.49	0.55
-9.92	-1.06
-10.34	2.5
-11.85	-2.07
-10.71	-1.01
-14.64	-1.81
-6.75	-2.83
-5.94	-0.18
-7.29	2.33
-3.56	6.16
0.57	4.25
-2	5.56
-2.09	5.27
-4.47	4.52
-5.86	-0.44
-3.35	1.69
-0.67	1.72
-5.88	2.97
-5.28	0.75
-9.19	-1.57
-8.06	-5.51
-8.59	-6.12
-9.83	-0.93
-8.46	2.21
-5.65	-0.41
-1.42	0.08
-2.96	-0.17
-4.99	-2.81
-5.57	-0.49
-3	0.49
-1.75	3.23
-0.95	7.77
-3.01	8.57
-4.84	4.84
-3.76	2.71
-1.86	2.97
-4.06	1.84
-1.59	1.35
-0.68	6.27
-0.72	4.15
-5.39	5.92
-2.99	7.53
-1.96	9.07
-1.84	9.38
-3.26	3.81
-1.55	1.09
-1.91	-0.12
-2.55	-0.93
-3.32	-2.26
-3.4	-2.11
-3.2	-1.99
-3.29	-1.7
-3.44	-1.32
-2.59	1.66
-1.71	5.91
-3.49	1.28
-7.62	-3.86
-6.63	-2.67
-7.58	-0.41
-3.12	1.52
-0.22	7.41
1.22	8.82
-1.54	14.09
-2.72	8.7
-5.34	7.57
-1.14	5.16
-6.23	3.05
-2.92	0.29
-5.02	-1.68
-5.65	-1.06
-4.74	-0.58
-3.89	-0.26
-9.54	1.04
-13.93	3.32
-6.82	5.9
-9.97	5.23
-6.68	4.86
1.48	10.09
0.28	5.54
0.19	4.91
-2.83	6.77
-4.45	7.96
-3.6	8.11
-4.5	8.9
-1.31	16.38
-1.23	15.13
-0.4	14.07
4.92	13.46
6.36	16.03
9.01	17.45
7.92	14.16
1.37	11.51
1.62	10.18
2.24	9.8
1.88	13.1
3.82	17.77
4.54	12.35
2.06	11.91
-0.79	12.82
-0.46	10.95
1.08	11.48
0.42	7.55
0.36	4.54
-1.74	7.25
-2.27	8.67
0.56	10.06
-0.76	11.33
-0.4	12.64
2.61	11.43
1.59	15.57
2.5	20.05
8.86	18.78
5.86	19.71
6.23	12.2
8.18	12.36
8.26	13.4
4.92	17.1
7.25	18.01
2.3	18.33
9.67	19.24
3.83	21.11
8.02	18.87
2.98	21.57
7.76	22.95
8.36	15.13
6.8	15.28
3.74	17.56
8.15	16.61
7.71	14.57
8.38	12.8
5.16	15.81
7.58	19.47
8.44	15.21
8.17	11.86
4.28	11.4
0.99	11.32
0.26	13.36
1.02	15.3
9.24	17.75
7.37	14.8
9.58	15.63
9.09	17.92
6.56	19.68
8.66	21.26
8.38	19.63
8.33	22.58
10.37	20
9.39	22.49
8.7	22.95
9.67	22.91
10.71	19.45
7.9	15.98
5.36	15.02
7.54	14.59
8.26	21.68
12.12	19.87
7.93	22.9
10.41	21.55
11.46	17.88
12.4	22.83
12.65	18.23
11.29	20.16
8.83	17.24
3.93	19.03
10.42	15.63
4.27	20.78
8.22	20.97
11.99	18.76
8.94	21.44
12.03	19.53
7.23	21.28
7.7	23.79
13	25.27
10.95	26.72
13.53	27.72
12.79	27.47
14.65	28.64
15.85	31.03
16.99	26.3
13.06	28.23
17.98	27.26
13.06	25.63
12.44	24.37
11.8	27.71
13.93	28.69
15.33	25.7
9.57	22.87
9.29	24.43
11.62	25.4
14.62	22.82
10.31	21.08
10.48	23.34
14	22.02
15.05	23.43
14.23	22.49
15.71	23.32
11.76	21.41
11.19	24.69
11.63	20.28
9.5	12.92
9.41	19.99
6.37	20.09
6.89	23.2
8.67	24.75
12.16	26.72
14.35	27.2
15.5	26.96
13.68	27.54
16.78	26.89
14.27	28.54
15.41	29.35
16.67	30.45
16.82	30.44
18.81	32.07
16.17	28.18
14.78	22.01
15.35	19.44
17.65	24.09
17.65	25.71
17.06	26.93
16.27	28.05
17.35	26.58
13.42	25.68
13.3	25.76
13.55	25.92
12.28	27.13
12.62	27.89
13.94	29.11
16.62	30.06
17.63	24.73
13.13	21.43
11.99	21.27
15.35	23.7
17	24.83
16.34	26.68
16.9	26.57
16.79	25.94
14.23	25.43
11.89	26.05
10.55	26.97
10.97	26.5
11.12	27.12
15.17	26.32
15.82	28.17
15.95	30.19
16.66	31.22
13.63	30.98
16.87	32.73
17.13	31.94
13.41	26.29
13.92	23.79
12.53	20.58
7.09	23.53
11.11	27.42
13.05	23.71
13.72	22.7
15.15	25.03
14.76	25.44
15	23.32
13.52	21.44
11.7	22.76
9.71	22.65
8.67	23.31
9.35	24.67
9.85	24.35
13.77	20.93
12.61	25
13.82	22.77
14.51	18.92
12.81	23.69
11.96	22.43
9.81	16.29
11.87	16.51
14.12	18.67
12.81	17.09
10.5	22.42
10.4	23.92
12.24	24.48
12.51	25.52
14.08	25.66
11.88	25.45
10.15	25.94
9.66	25.85
8.82	25.93
10.27	25.92
11.03	26.6
10.55	25.95
12.53	20.99
14.95	24.75
14.81	26.15
15.86	20.86
11.28	24.16
10.64	25.11
11.91	24.8
11.62	25.73
14.35	27.9
14.03	22.7
10.86	21.8
9.27	22.62
10.24	24.02
11.31	19.74
8.49	21.99
12.58	24.12
8.43	19.1
6.55	16.49
6.95	14.9
1.18	16.12
0.43	16.7
2.89	17.78
8.42	20.98
5.55	21.03
8.11	18.66
8.12	16.42
8.14	17.31
4.15	13.67
-0.93	13.06
-1.61	10.64
-3.55	10.53
1.33	7.78
-0.25	10.24
3.51	10.1
5.29	9.1
6.69	14.63
8.67	19.8
12.52	24.21
11.5	20.11
9.9	20.49
5.57	16.65
7.35	14.03
4.31	13.6
7.76	18.11
6.77	17.53
4.67	19.38
5.72	14.72
8.48	11.82
7.9	13.61
6.58	18.04
7.21	13.08
6.77	9.91
4.09	6.85
3.72	5.56
4.44	7.07
3.71	9.23
5.37	7.63
3.59	6.53
0.84	5.38
-4.44	1.78
-0.12	1.39
-1.27	4.54
-1.56	0.53
-7.78	1.81
-9.11	-2.17
-3.2	-0.15
-9.8	0.53
-4.33	0.54
-0.84	6.05
-0.5	6.96
-3.28	0.37
-3.87	-0.88
-4.35	-2.87
-4.83	-3.32
-6.46	-2.36
-3.93	5.36
-2.3	7.26
2.27	9.87
1.23	6.63
-4.75	5.56
-4.22	3.39
-4.31	9.09
0.34	11.45
5.36	11.76
2.12	7.8
-0.21	6.75
3.67	8.18
-2.47	5.82
1.66	5.31
-0.88	2.23
-4.5	1.76
-4.37	5.38
1.16	7.1
-2.17	1.89
-3.48	1.96
-7.45	-0.18
-12.39	-2.86
-10.38	-5.81
-8.31	-5.66
-7.8	1.99
-1.84	5.36
-1.49	2.52
-1.01	4.6
-4.06	4.48
-8.75	1.65
-9	0.24
-2.12	-0.44
-5	1.04
-7.88	-0.31
-7.4	0.66
-7.96	2.04
-6.18	-1.85
-4.53	-0.6
-3.59	-1.41
-2.39	-1.02
-2.16	1.79
-3.62	1.4
-6.16	-1.26
-3.58	-0.65
-3.06	-0.69
-5.68	1.8
-7.93	3.63
-2.03	8.88
-3.84	4.02
-4.02	4.44
-1.12	8.4
-5.22	-0.21
-5.29	-1.71
-8.63	-3.01
-11.54	-2.85
-13.38	0.42
-10.46	3.77
-11.07	3.83
-7.79	7.08
2.79	9.8
-0.17	13.13
-0.62	13.5
-0.53	12.82
1.36	11.49
-2.8	8.27
-1.41	12.59
0.59	16.79
0.58	13.9
0.39	13.12
5.28	10.66
-2.27	9.99
-3.59	9.68
0.36	9.39
-2.54	10.35
-0.91	9.62
-1.05	7.52
-1.01	10.12
0.3	7.36
-4.7	7.5
0.03	10.44
-2.7	9.01
-1.54	4.57
-5.87	4.3
-5.8	5.6
-1.79	7.12
1.16	11.49
-1.57	10.59
-0.71	9.71
-3	11.68
0.32	13.91
7.93	11.05
4.28	9.5
-3	9.94
3.46	11.58
-2.22	7.31
-2.65	10.05
-3.04	15.33
-0.61	17.31
5.71	21.55
6.04	16.6
2.68	12.88
0.94	11.23
-0.5	12.58
-1.28	12.09
3.56	10.26
-2.97	9.76
-0.27	2.59
-2.32	5.33
-1.57	5.02
0.21	8.95
0.27	8.62
1.77	16.52
0.98	18.33
4.28	15.39
6.23	14.11
4.46	17.73
7.55	14.47
4.93	15.35
5.53	13.23
5.28	12.91
4.84	15.45
1.11	11.86
6.13	16.26
6.5	14.59
9.18	17.65
9.3	14.65
5.62	12.4
1.93	11.58
3.98	11.36
-0.41	12.87
4.06	15.49
6.97	16.06
9.17	19.03
6.11	18.17
10.25	20.52
9.24	22.68
7.94	19.52
8.22	24.75
9.17	21.77
9.3	24.84
11.62	23.18
11.45	26.48
9.21	27.6
9	27.6
10.89	26
11.15	19.62
9.78	23.07
8.17	24.73
9.98	25.4
12.45	24.27
11.46	24.96
11.32	22.02
11.9	23.21
6.85	20.44
7.1	21.83
9.47	21.78
5.07	24.09
8.61	26.09
12.16	22.35
13.86	25.73
10.82	28.18
12.6	29.28
13.55	27.93
10.53	18.5
6.28	23.44
7.63	25.25
9.28	26.99
10.31	27.94
10.96	27.83
11.33	22.98
6.26	12.47
3.35	19.28
7.52	16.41
5.64	19.05
6.29	22.96
9.52	25.25
10.45	26.99
13.01	28.45
12.43	27.14
12.11	22.87
9.96	19.8
10.73	20.39
8.52	20.93
6.33	23.41
10.04	27.44
11	29.53
13.04	30.34
16.53	29.42
13.52	22.67
7.92	23.54
9.61	28.11
14.07	30.75
13.75	31.42
16.87	32.62
18.67	33.49
17.78	32.87
16.71	28.79
13.51	23.52
8.49	19.85
4.97	24.03
7.94	27.01
10.75	30.44
13.84	33.62
15.6	34.73
13.79	32.24
12.35	24.94
11.73	21.62
7.06	21.36
7.38	22.31
11.3	24.83
10.85	23.96
10.76	24.51
13.06	29.44
16.2	31.53
19.09	33.18
17.1	33.27
15.83	29.13
16.52	29.26
14.58	31.76
16.21	26.59
11.12	21.35
10.51	26.91
14.28	23.59
11.37	20.88
11.39	20.4
7.96	23.61
12.02	18.22
11.24	19.41
10.75	23.1
8.97	20.25
11.25	23.72
9.88	20.54
8.85	23.42
11.1	25.68
12.44	28.07
16.72	27.55
18.09	29.03
17.18	30.28
15.84	28.36
13.51	26.19
12.78	24.25
11.83	23.42
11.99	24.08
10.29	27.09
12.48	29.7
15.47	29.15
16.11	26.73
14.47	22.18
15.5	26.12
13.46	25.05
10.9	24.77
10.32	26.85
11.93	28.94
12.65	31.13
13.01	32.91
14.98	31.91
15.01	32.2
14.55	31.77
14.06	33.13
14.5	33.66
15.33	34.22
15.55	36.55
16.49	36.84
16.9	36.26
17.79	30.44
15.67	29.84
13.71	28.68
12.75	29.47
8.85	23.92
7.58	24.93
8.49	23.46
10.13	26.34
9.03	28.92
15.09	26.16
15.19	23.12
10.1	24.16
11.44	23.46
9.48	21.48
7.19	18.57
7.79	19.93
9.28	18.07
7.61	20.33
5.5	22.39
4.82	24.57
5.86	25.21
8.61	26.73
9.18	27.3
14.28	27.28
11.93	22.68
12.03	25.6
9.45	21.58
10.91	19.95
10.78	17.95
10.01	24.6
13.55	21.02
11.99	16.19
9.51	15.26
9.47	15.68
6.46	18.64
6.25	20.75
6.63	20.85
6.1	20.09
7.23	22.22
6.73	23.02
14.01	20.39
14.34	20.43
13.8	17.42
12.25	20.74
9.36	20.75
9.55	18.02
9.18	14.77
8.2	13.06
8.08	11.43
7.69	14.38
10.69	18.78
13	23.16
10.7	25
9.24	23.85
7.5	21.1
8.96	21.1
9.96	21.95
8.53	18.59
9.1	14.96
5.57	15
-0.52	13.86
-1.33	14.37
-2.24	14.87
-2.07	16.86
2.58	17.61
2.43	19.82
5.57	13.95
3.88	15.59
2.26	15.85
3.01	18.98
12.51	21.06
5.66	16.71
1.72	10.92
6.78	15.06
8.89	14.47
4	8.98
2.75	13.16
9.83	13.07
7.8	14.85
5.84	14.92
4.74	13.56
1.06	12.57
-0.1	11.85
8.48	18.16
12.52	21.97
7.81	18.16
7.28	10.01
4.13	10.86
5.29	8.48
0.11	5.81
4.89	10.3
5.23	15.45
3.57	15.04
3.25	14.21
7.01	14.32
7.16	9.71
5.52	11.75
1.6	10.95
-1.69	9.87
0.6	11.67
-1.22	6.02
-0.74	1.66
0.26	2.65
1.69	5.9
3.78	5.19
3.54	4.61
1.52	3.78
0.97	2.26
2.05	14.08
4.28	12.18
4.43	8.38
4.08	11.14
0.22	11.49
1.46	11.53
0.18	9.01
3.65	7.47
0.95	8.88
-3.05	6.97
-1.89	5.48
-1.19	1.97
-3.26	1.88
-4.76	-1.45
-4.99	-2.1
-7.48	-1.57
-11.32	3.14
-0.48	8.54
0.52	8.57
0.13	6.09
1.23	6.5
1.92	4.49
-1.75	3.76
-5.82	0.18
-7.78	-0.51
-3.73	3.08
-2.02	4.55
-2.68	6.94
0.57	7.48
6.32	14.12
5.26	12.93
3.37	6.09
0.11	7.25
-2.38	9.67
-1.32	7.89
-1.82	3.49
-4.16	0.32
-6.99	-0.13
-9.39	-0.56
-9.12	-2.96
-3.62	-0.23
-3.3	1.82
-4.14	2
-2.39	-0.34
-1.72	-0.47
-2.19	-0.65
-1.09	0.92
-0.01	3.36
1.42	4.64
1.96	4.8
2.65	9.61
0.96	5.92
2.07	3.73
0.55	3.16
1.17	3.39
-0.54	2.04
-5.66	2.93
-6.76	3.3
0.07	10.31
5.04	14.16
1.24	14.79
8.14	15.23
10.7	16.35
6.82	14.66
3.26	10.45
-1.82	10.13
-4.24	11.64
-0.68	10.61
1.5	8.65
-3.45	10.04
-4.19	12.81
-3.95	11.79
-2.47	10.97
0.67	8.31
-0.26	8.84
-1.6	11.11
-1.9	11.4
-2.43	6.52
-2.72	2.15
-5.72	2.82
-2.7	2.06
-7.09	5.81
-3.42	4.63
-0.03	6
-2.37	9.16
4.5	14.32
6.92	18.8
6.46	14.74
-0.9	7.24
-0.36	9.23
1.21	12.69
7.52	17.41
4.6	16.26
4.04	19.05
4.43	19.97
7.86	14
2.13	13.46
1.88	15.79
3.48	18.28
9.96	17.56
8.34	19.2
8.36	16.02
3.76	9.94
2.37	6.34
4.12	6.22
4.48	15.84
7.12	20.24
10.2	19.68
7.22	17.46
0.72	6.61
0.27	5.71
3.29	10.47
5.31	10.35
8.13	13.56
5.58	16.2
1.66	18.09
2.32	19.38
3.51	20.68
7.9	16.02
1.63	16.21
4.61	17.41
7.35	11.76
5.14	12.06
2.82	13.82
6.86	11.17
8.72	14.04
2.36	10.11
-1.59	7.44
-3.64	10.31
-1	14.72
6.09	11.74
-0.05	14.49
3.74	15.29
4.53	10.44
6.99	10.58
5.46	11.83
3.75	16.14
3.69	19.63
3.32	22.97
9.77	17.81
2.45	18.54
4.12	21.89
6.03	24.04
8.17	25.42
11.36	27.02
11.37	27.29
9.24	26.3
10.15	26.35
11.64	24.26
12.69	21.21
12.33	17.81
11.17	19.5
12.56	21.77
8.74	22.01
7.61	21.88
8.82	18
6.23	18.36
4.37	20.41
8	23.31
11.81	25.18
14.06	25.6
12.77	26.43
9.2	19.77
5.5	21.5
7.79	20.99
11.49	22.26
11.17	21.51
5.3	24.46
8.3	25.4
12.18	24.12
8.2	28.1
15.02	29.92
17	30.72
15.44	27.25
12.83	23.69
12.21	20.75
4.4	20.47
7.1	20.82
7.07	15.96
5.2	20.21
5.78	23.08
11.5	23.36
9.51	25.78
12.66	24.64
12.77	26.97
10.6	24.27
4.72	20.23
6.91	22.28
9.08	21.41
9.3	25.97
11.76	27.45
13.74	24.27
12.81	22.1
14.34	18.74
13.74	18.86
13.04	26.24
12.88	25.6
11.02	23.44
9.49	26.31
10.37	26.44
11.53	27.74
11.6	29.9
14.79	29.99
17.04	26.6
13.43	28.62
14.78	23.71
13.35	24.8
14.58	23.51
12.99	20.96
10.72	24.17
13.74	27.02
18.65	31.31
15.6	28.49
15.77	25.11
13.35	26.93
13.8	29.91
15.92	25.81
11.27	27.13
15.14	30.43
17.27	33.31
18.42	32.27
13.66	25.2
11.73	26.6
15.71	28.86
16.42	25.99
14.81	17.75
14.62	21.95
15.56	21.54
15.61	23.14
15.71	25.51
16.84	28.52
15.32	29.64
15.27	30.34
14.92	30.6
16.33	29.35
14.84	31.54
14.8	32.4
16	30.65
17.35	33.39
18.37	34.38
17.18	29.15
14.94	27.05
11.09	30.28
12.77	31.43
14	31.37
14.55	29.7
12.72	18.05
8.18	23.01
7.41	26.89
11.42	29.97
13.41	30.51
14.09	31.52
14.59	31.74
14.17	31.93
13.75	32.78
15.69	32.63
16.23	27.88
14.64	26.48
15.26	28.02
14.8	27.12
14.04	30.43
14.07	32.91
13.78	32.67
15.8	25.2
9.7	25.11
5.81	23.67
10.44	18.55
11.32	21.74
11.1	20.92
8.26	23.91
8.58	25.88
11.38	16.59
11.22	14.16
10.31	20.57
9.36	20.16
8.25	17.15
2.76	17.23
8.62	16.9
5.92	19.57
6.68	21.43
12.44	20.05
9.67	13.72
8.45	15.99
8.41	11.36
7.9	17.27
4.87	17.27
6.66	21.04
6.92	20.44
6.26	20.26
11.29	15.36
13.56	23.52
13.58	18.17
11.53	15.58
4.93	19.91
5.35	23.1
5.77	21.07
9.79	18.9
13.08	21.22
11.12	23.61
12.95	24.94
10.19	23.37
11.56	18.83
7.71	22.72
8.85	24.02
13.66	25.55
12.82	24.7
11.46	20.51
9.46	23.21
7.23	21.72
5.13	21.76
5.94	21.13
5.88	19.96
4.55	20.35
7	17.87
7.53	15.23
9.89	13.03
10.75	15.57
10.14	21.54
10.23	19.74
6	18.99
7.91	11.61
7.92	10.61
4.03	11.8
-1.08	11.18
1.7	14.3
6.13	14.24
8.56	16.73
6.05	23.75
5.72	18
2.58	11.44
-1.04	10.92
-1.32	11.23
-2.42	12.92
4.71	10.97
2.32	11.84
4.81	14.08
3.32	12.39
2.01	5.43
2.04	4.43
2.99	5.35
1.52	4.8
2.59	4.7
-2.11	6.23
-6.1	8.08
-3.31	7.81
-5.08	2.33
-1.3	1.99
-0.01	7.96
-1.04	10.49
-3.96	9.78
-0.22	7.67
-2.81	5.04
-0.94	5.73
-6.12	3.25
-0.66	3.32
0.77	3.5
-1.54	5.8
0.69	3.43
-4.16	3.17
-6.33	-0.75
-4.39	-1.09
-2.21	0.09
-1.37	2.29
-1.88	2.73
-0.24	3.24
-4.69	0.91
-8.72	-1.15
-11.16	0.5
-4.35	-1.24
-2.22	0.35
-12.66	-0.72
-15.27	-7.42
-17.68	-4.73
-9.08	-2.03
-7.47	-3.32
-5.4	1.25
-10.45	2.02
-12.33	0.4
-14.46	-1.27
-7.79	4.59
-4.92	1
-18.96	-3.74
-16.99	-2.58
-7.71	1.11
-5	1.06
-13.13	0.75
-4.19	6.92
-0.01	8.11
-3.97	1.45
-8.57	0.63
-6.6	4.59
-7.02	1.6
-14.39	-4.34
-13.07	0.09
-7.96	5.75
-6.69	4.48
-5.16	3.06
-3.98	3.55
-6.17	-1.84
-3.54	-2.4
-4.61	-2.29
-4.96	-2.22
-4.64	-2.52
-4.63	-3.37
-4.9	-3.84
-5.29	-2.87
-3.42	-1.09
-6.5	1.05
-4.3	6.29
-1.81	5.21
-0.7	11.31
-2.46	10.71
6.34	9.74
1.02	10.24
0.28	6.64
1.79	10.04
3.48	16.07
1.08	17.56
0.4	14.9
2.24	12.43
0.29	12.07
-1.6	14.64
-0.97	12.51
-1.29	6.97
-4.24	12.77
-0.75	12.89
1.81	7.51
2.38	9.94
-0.51	10.77
3.49	11.06
-1.72	13.92
3.6	15.08
1.12	16.79
4.03	7.81
-0.4	4.94
-2.78	5.34
1.43	6.55
2.63	6.78
2.35	9.73
-0.81	9.11
3.76	9.1
-3.12	4.44
-0.38	9.55
-0.9	9.06
-3.5	11.7
0.12	14.18
7.56	15.29
5.47	12.02
4.48	7.98
3.94	8.48
3.67	5.88
-0.64	10.94
-1.17	13.33
4.71	19.07
9.84	18.14
4.42	14.71
-1.27	14.3
0.75	14.68
-2.72	14.1
-2.85	15.04
-0.71	17.61
1.32	20.17
9.25	18.53
5.67	15.2
1.94	16.59
3.04	16.69
2.29	16.45
7.7	16.19
8.3	15.79
7.26	16.05
0.07	7.52
1.4	6.57
2.04	4.9
1.44	6.41
1.51	8.26
-0.7	10.9
-2.82	15.28
-1.45	18.64
0.09	19.5
1.54	19.66
3.37	20.31
5.97	17.63
2.14	13.05
5.18	13.08
-1.31	8.82
-2.78	9.41
-3.74	12.47
4.4	11.72
3.7	9.56
4.32	8.13
6.37	9.05
7.75	13.58
9.37	16.25
7.64	12.17
6.13	13.11
7.69	13.39
8.53	13.29
8.64	16.35
9.7	14.31
8.55	18.72
10.14	18.91
8.61	19.39
9.46	15.9
5.59	18.08
5.64	21.29
8.83	16.52
2.5	17.01
6.95	20.99
9.12	18.82
6.67	23.77
12.26	25.23
9.84	26.45
10.41	27.14
12.53	20.72
8.75	21.31
7.34	22.34
8.37	23.89
10.52	20.28
10.63	23.7
11.15	24.41
10.12	25.32
13.25	23.68
10.24	25.21
11.92	23.89
9.33	24.75
11.11	27.48
13.44	28.33
14.53	23.66
13.27	20.18
12.5	22.76
11.79	24.46
15.65	26.16
15.14	26.19
14.49	23.49
14.27	20.12
12.45	23.41
11.98	21.68
12.56	23.21
11.17	23.07
8.39	23.98
8.63	23.22
11.1	21.05
6.4	24.05
9.37	26.46
12.97	22.74
15.96	24.08
12.63	20.45
13.1	24.66
11.64	21.37
13.63	19.11
11.96	23.78
8.47	25.37
10.88	28.41
13.73	30.79
13.81	31.93
16.15	31.05
15.18	29.73
16.35	31.51
15.13	32.02
15.63	32.28
16.49	33.1
17.8	32.6
16.68	34.68
17.81	33.04
15.07	26.17
9.74	26.26
10.02	28.03
13.68	24.86
11.13	22.79
9.29	23.99
10.2	26.97
14.51	28.75
17.06	31.06
15.68	27.75
9.22	24.44
10.77	28.31
16.43	25.35
12.78	29.84
13.51	31.24
16.36	32.62
18.98	29.93
16.83	29.29
18.01	31.44
16.73	29.85
18.24	29.59
20.24	29.16
16.42	28.1
16.25	24.46
15.54	25.05
13.38	27.9
13.48	31.07
15.72	26.85
12.17	25.98
13.71	29.12
15.42	23.69
11.52	23.07
12.15	26.27
15.89	28.85
16.79	30.27
15.93	30.46
17.69	25.93
15.85	27.3
15.97	28.33
15.89	30.26
16.59	26.51
15.73	28.03
15.88	24.07
15.33	21.87
15.23	23.54
13.32	26.34
13.24	25.79
16.4	21.43
13.86	20.37
14.29	24.3
13.06	23.21
15.37	24.17
15.59	26.27
14.94	27.21
14.5	27.63
13.93	28.69
13.42	27.4
13.35	25.15
15.13	22.91
13.86	26.19
12.85	27.86
13.14	28.87
13.87	29.4
14.32	23.04
14.1	25.99
14.36	23.32
12.58	27.57
12.44	28.4
14.57	26.1
14.53	22.46
11.02	25.77
11.19	26.9
11.44	26.1
14.24	24.2
13.18	25.04
11.01	26.52
11.25	26.92
11.53	25.95
13.46	21.83
10.58	18.46
4.27	17.53
2.99	20.57
6.89	17.4
4.95	18
6.25	20.17
4.81	22.6
7.09	23.05
13.22	21.73
11.7	18.84
10.62	13.83
9.89	13.06
7.89	11.41
6.62	9.46
3.7	14.4
7.53	16.64
3.69	11.97
7.29	15.55
2.91	16.77
0.77	18.21
2.32	18.05
3.4	18.25
6.45	19.93
8.38	18.68
3.61	14.45
3.61	12.66
-0.91	16.15
0.57	9.88
5.15	11.66
8.78	11.07
4.93	9.22
2.49	8.5
3.39	14.19
5.25	16.99
7.36	21.73
14.45	22.17
6.62	18.9
3.45	13.2
0.95	13.94
2.79	18.21
11.75	18.9
11.16	21.86
5.81	15.56
1.47	15.15
9.84	21.78
2.68	16.45
7.88	16.2
-0.97	14.62
2.63	16.57
6.21	10.17
7.25	12.25
7.03	11.98
5.49	10.03
5.01	6.91
1.9	5.23
-0.35	2.58
0	2.99
-1.6	5.97
-1.79	7.64
0.14	10.37
-1.76	13.44
1.81	15.11
5	15.02
10.08	18.7
12.32	22.58
15.4	20.55
12.47	19.34
10.11	16.34
7.26	16.33
3.35	13.44
2.67	16.25
7.1	13.58
5.16	14.3
2.41	14.47
4.76	16.88
6.37	15.77
3.97	9.82
4.68	7.25
5.11	8.62
4.48	8.79
1.21	6.53
1.84	4.59
1.28	5.64
5.66	7.08
4.96	5.96
1.83	4.76
-0.26	2.16
-2.34	-0.34
-5.07	-1.73
-8.74	-3.73
-6.37	-3.97
-5.08	-3.55
-3.77	-2.31
-3.51	-2.29
-2.47	-1.52
-3.23	-1.37
-2.49	0.11
-0.83	1.84
-3.78	2.31
-7.51	0.96
-6.03	4.25
-1.59	3.27
-0.29	4.29
-3.69	-0.2
-5.42	-3.55
-4.4	-1.99
-2.33	2.78
0.71	9.32
1.43	8.17
1.37	10.68
-0.14	10.11
-4.91	0.21
-2.78	6.69
0.61	13.16
0.36	9.03
-2.93	5.8
-5.31	-1.69
-7.11	-3.37
-14.8	-4.08
-15.08	-8.57
-10.57	-5.19
-7.62	-3.3
-19.05	-6.31
-17.5	-3.31
-5.72	1.24
-6.82	5.98
-9.56	2.39
-7.97	4.55
-9.79	-3.08
-7.62	-4.14
-7.02	-3.11
-5.02	-0.16
-1.42	1.94
-0.87	3.21
-3.12	4.62
0.66	3.31
-1.61	2.36
-3.2	3.24
-0.03	6.19
-1.3	6.04
-4.46	4.46
-1.94	-0.38
-4.52	0.41
-13.28	-1.12
-10.24	1.15
-3.95	2.07
-2.74	2.33
-2.51	2.15
-6.92	2.85
-8.23	-0.43
-12.75	0.33
-4.89	0.34
-3.37	-1.24
-6.96	-1.26
-14.23	-2.45
-14.3	-0.01
-12.6	-0.06
-3.77	-0.64
-6.93	-0.31
-11.9	-0.49
-6.12	0.11
-8.39	0.53
-8.52	2.67
-2.34	3.39
-8.38	0.72
-9.56	5.15
-9.22	5.83
-9.44	4.12
-7.18	9.53
-5.05	9.67
-3.21	13.19
-2.21	10.68
1.77	6.31
1.64	9.94
-0.2	8.1
1.06	3.4
-0.21	3.53
-0.34	10.54
-0.93	13.23
4.83	16.14
0.71	18.19
8.09	16.82
2.1	9.87
0.86	3.4
0.06	5.87
2.4	5.51
-2.83	12.51
0.99	9.45
1.52	13.53
0.92	11.34
1.73	7.53
-5.62	4.89
-7.08	10.33
-3.61	17.9
-0.43	20.4
1.08	20.53
1.57	20.71
3.01	20.68
3.14	20.24
5.24	21.33
7.51	15.36
-1.44	14.2
1.1	17.37
5.52	9.97
5.28	11.17
-2.47	13.29
-1.17	9.47
-3.65	2.26
-0.25	6.58
-4.7	10.18
0.24	14
3.91	8.92
1.12	9.24
6.2	16.03
4.45	16.14
8.04	16.62
3.95	19.88
4.27	17.59
6.18	17.01
4.7	17.12
2.89	18.93
3.32	19.21
4.57	20.17
4.34	19.78
4.84	17.8
3.73	20.58
5.09	24.53
11.84	20.62
5.77	22.16
11.82	24.78
9.77	23.56
14.41	22.57
11.73	26.1
13.68	23.33
3.16	22.93
6.63	26.25
9.34	30.99
11.09	30.91
9.63	30.56
16.77	30.03
13.5	25.76
15.53	25.67
12.19	28.94
14.24	27.5
10.56	21.47
6.32	17.34
1.48	19
3.06	21.75
6.56	25.07
9.28	27.97
11.7	24.23
10.22	15.35
10.02	18.61
10.68	23.38
7.4	26.15
11.28	28.74
13.34	28.81
13.4	25.87
16.27	26.7
15.86	26.24
13.66	26.49
12.5	28.35
14.09	24.83
11.52	25.22
12.44	26.43
13.28	29.01
14.07	30.85
14.58	31.74
15.64	30.1
16.79	32.1
16.69	30.73
16.95	32.07
17.07	34.46
17.88	33.14
18.18	32.77
18.18	29.96
16.36	26.61
14.06	26.52
13.35	27.99
13.75	24.56
13.57	26.05
13.36	28.75
13.18	25.33
11.97	28.29
13.92	34.14
17.37	32.28
15.6	31.2
13.09	27.18
15.09	26.39
16.06	27.5
16.19	25.28
13.28	32.02
17.67	33.35
14.63	28.07
14.56	25.82
13.68	22.02
13.52	24.66
14.24	25.77
12.01	26.12
12.41	26
11.2	26.91
13.27	26.75
15.06	26.95
12.46	30.5
16.37	25.05
10.34	25.91
10.43	29.01
13.86	31.4
19.55	32.19
17.55	28.48
15.45	28.72
14.3	31.43
15.67	34.07
19.16	34.85
18.47	30.06
14.79	29.91
16.48	25.55
13.88	30.13
16.2	32.84
18.89	30.21
17.78	25.52
14.26	22.63
17.47	22.03
16.65	27.99
16.27	30.61
15.57	33.23
17.32	33.93
18.22	33.57
17.27	31.7
16.03	30.14
12.32	32.8
14.92	31.92
13.1	33.06
16.46	30.24
10.35	32.61
14.69	37.18
17.7	36.41
17.73	30.09
16.41	28.6
15.42	31.92
16.49	36.29
15.85	31.14
15.25	30.35
14.42	31.91
14.65	33.5
18.86	33.62
16.99	31.21
16.22	25.21
9.66	28.74
11.45	32
15.65	30.21
19.8	32.96
13.63	27.34
12.06	19.91
7.05	21.5
11.36	19.2
5.93	18.16
3.21	21.58
6.17	23.14
7.3	23.76
8.87	24.02
8.88	23.52
13.23	19.55
13.99	16.04
9.65	22.99
9.28	19.15
12.16	15.4
10.73	19.39
6.91	20.93
4.76	22.62
6.1	24.95
7.68	26.13
8.27	26.53
9.01	27.38
8.44	28.31
8.96	28.53
12.96	27.44
11.63	21.74
5.11	17.92
1.71	19.27
2.65	21.71
4.65	21.83
10.63	17.19
5.79	19.04
5.37	19.92
9.73	24.85
10.66	24.07
13.7	20.74
12.13	20.43
6.89	15.41
3.43	14.38
5.67	14
4.28	15.69
4.32	19.81
4.81	20.95
6.08	15.48
6.35	14.6
0.61	12.58
-0.42	12.51
-0.44	10.28
-0.81	10.13
-0.51	10.3
2.42	8.1
0.78	15.29
7.65	17.83
4.65	8.3
0.9	6.65
-1.4	2.77
-5.76	4.99
-5.44	8.83
-1.33	8.99
-3.72	9.16
-2.46	7.28
3.71	10.35
1.6	13.52
11.45	20.92
8.65	15.31
2.81	13.87
2.7	16.73
2.13	12.9
-1.1	7.48
4.27	7.96
4.94	9.26
5.83	7.79
2.8	6.5
2.02	6.92
1.26	6.81
-1.76	7.39
-2.07	5.55
-1.71	9.04
0.37	7.91
3.79	12.46
1.22	9.07
2.88	17.18
3.12	15.83
0.31	13.19
1.14	14.96
9.62	16.19
10.96	17.46
8.35	17.44
7.13	12.15
7.63	15.67
7.12	12.46
4.3	9.64
5.49	8.67
3.32	6.31
2.93	6.79
2.31	4.16
1.57	3.47
1.8	3.61
2	8.18
-1.41	3.69
-6.1	1.66
-7.76	3.36
-6.14	1.65
-5.1	2.05
-1.68	5.53
-4.87	7.02
-0.3	4.64
-1.78	4.16
-4.71	2.9
-3.16	1.56
-3.13	6.29
-5.2	6.8
-5.33	7.29
-1.75	9.77
1	8.32
-2.67	1.88
-5.88	-0.84
-11.36	-0.61
-10.11	1.54
-8.4	3.6
-4.25	9.35
1.59	7.65
1.45	4.54
1.98	3.84
-0.19	2.76
-2.18	-0.06
-4.95	-1.35
-8.97	-3.59
-8.85	1.28
-11.44	-3.3
-9.67	-1.52
-6.66	2.78
-2.9	-1.08
-3.53	0.39
-4.45	3.44
-0.18	6.13
1.38	8.36
1.29	11.79
0.66	5.54
-3.26	6.38
1.8	9.63
-2.46	2.43
-1.61	3.42
-2.8	4.17
-3.18	2.11
-5.81	-1.61
-9.97	-2.33
-11.27	-0.72
-12.11	-0.81
-3.82	2.23
-3.57	-1
-6.71	-0.54
-13.38	0.91
-12.98	3.11
-8.23	5.32
-3.07	9.04
-2.91	8.93
1.76	9.79
1.77	12.67
1.86	19.28
2.93	13.38
1.63	13.78
-0.01	10.69
-1.13	8.15
-2.11	4.12
-1.36	7.45
-5.07	1.34
-7.26	-1.23
-2.39	4.94
-1.96	5.38
0	5.46
-4.42	7.38
-4.93	7.68
-1.51	4.84
-1.33	4.41
-5.77	1.05
-0.96	0.99
0.28	1.61
-2.19	0.94
-4.52	3.42
-1.61	1.5
-1.51	2.3
-2.73	2.35
-2.6	2.71
-10.16	0.78
-10.35	3.34
-2	7.78
-2.34	3.87
-4.43	1.06
-10.03	1.72
-3.06	1.39
-1.59	-0.1
-0.86	2.37
-3.35	5.28
-6.42	4.56
0.84	6.2
0.6	9.1
4.89	12.03
-0.2	15.93
0.85	18.96
3.42	22.21
3.04	23.36
5.93	23.73
7.6	20.15
11.28	18.64
6.41	13.84
4.7	7
4.69	6.46
3.85	5.96
1.5	5.79
0.48	4.77
1.32	7.06
1.26	11.83
-0.36	10.67
-1	13.51
4.88	14.7
6.94	16.85
5.4	19.83
6.2	21.42
8.41	14.62
5.89	9.01
5.06	8.6
0.13	13.87
1.31	12.19
6.15	8.98
4.28	14.93
5.66	11.12
6.74	10.31
6.69	10.23
4.09	14.15
5.28	17.48
9.74	14.17
9.83	18.51
10.75	18.87
8.96	12.61
9.2	20.21
6.34	22.99
10.34	23.25
10.85	17.9
6.78	13.9
8.67	17.01
5.05	18.06
5.61	20.98
8.48	23.84
9.66	20.85
10.65	21.91
9.47	22.61
7.15	22.14
9.54	20.34
9.87	19.81
10.9	17.49
4.98	15.67
4.84	13.42
3.34	17.49
8.23	17.75
7.08	20.03
6.32	22.5
11.22	17.21
9.28	15.65
3.62	19.32
9.3	16.01
5.37	15.24
4.88	21.79
9.21	23.7
9.93	26.67
10.95	26.71
9.9	18.38
7.64	14.15
1.97	16.44
5.69	19.64
5.24	22.85
9.31	21.32
9.99	15.94
9.9	15.7
9.87	21.97
7.58	24.91
9.74	21.16
11.74	17.63
8.61	18.65
12.33	16.86
11.82	15.7
11.76	20.18
10.17	24.37
11.62	27.39
12.5	30.25
14.85	29.33
16.89	29.31
14.6	24.64
11.93	17.32
13.07	22.79
9.75	25.37
12.34	22
6.95	22.23
9.47	24.93
13.32	24.43
13.24	21.66
11.74	21.04
11.58	24.93
11.73	25.85
15.46	26.05
11.78	22.47
9	23.71
10.65	26.12
15.89	29.18
13.27	20.45
10.59	24.36
13.3	27.76
14.37	23.04
11.21	23.94
12.53	25.08
13.29	29.13
15.54	27.59
14.11	23.05
14.38	28.79
17.07	27.78
11.85	23.68
11.34	18.76
7.4	21.48
9.32	21.64
11.15	19.73
10.57	22.25
15.04	27.62
14.66	28.88
15.45	30.7
15.98	29.51
15.48	30.73
18.16	31.43
16.79	32.75
16.57	29.87
16.57	27.97
19.22	25.8
14.57	25.32
15.45	21.8
13.79	20.16
13.85	18.18
11.54	24.49
12.86	28.45
12.13	29.56
13.13	27.72
13.88	28.13
13.96	28.84
13.03	29.1
14.7	28.21
16.18	23.53
13.77	26.11
13.7	26.99
12.27	27.62
12.7	27.91
14.47	29.47
18.41	25.38
13.78	25.03
13.18	25.08
10.86	26.1
11.44	27.5
17.28	30.63
17.26	33.07
15.82	31.09
13.57	25.18
12.55	22.8
9.81	24.78
10.57	26.4
15.32	25.28
13.73	20.23
9.99	22.76
8	25.44
10.46	26.22
11.57	26.51
12.36	20.94
12.27	18.97
7.89	19.97
12.42	23.51
10.67	25.73
10.48	22.99
9.5	25.64
8.59	25.27
8.74	25.32
7.06	18.97
2.28	19.1
3.16	21.33
6.55	25.43
11.14	23.17
9.48	26.36
13.39	23.39
12.36	17.85
9.1	19.7
2.98	20.31
3.61	20.23
7.77	22.82
8.36	22.73
9.75	18.13
8.51	20.23
9.11	16.11
8.18	14.99
7.38	15.97
6.94	17.43
10.15	18.85
9.96	20.56
10.29	19.4
8.67	17.55
9.6	17.98
9.83	20.13
6.8	20.81
6.93	21.84
6.91	21.98
8.83	20.74
8.91	22.09
9.04	16.09
7.74	10.59
5.55	10.97
3.03	10.65
4.02	6.85
3.83	6.37
5.71	9.64
7.92	13.71
3.76	10.85
-0.51	17.12
3.05	15.3
4.49	17.17
10.91	18.26
12.03	15.17
10.72	16.1
8.33	19.93
5.06	19.74
5.84	21.93
6.72	21.17
8.5	21.12
11.29	20.25
13.39	19.6
10.64	16.41
9.52	14.55
10.39	14.88
12.48	13.53
8.5	13.13
6.07	12.17
7.05	12.56
1.9	9.76
-0.24	6.9
0.54	5.36
-0.87	5.75
5.09	8.22
6.77	10.61
5.06	9.17
3.67	5.63
1.22	3.79
-2.13	5.96
1.08	12.21
1.61	14.72
3.99	13.9
-1.13	6.31
-3.12	5.93
-4.59	4.92
1.95	13.09
-2.29	6.85
-4.89	4.17
-5.75	8.67
-4.01	4.89
-2.6	8.85
1.97	9.53
2.48	3.94
2.67	4.77
3.54	11.89
0.97	11.41
-1.9	6.24
-1.23	4.6
-0.67	4.33
-2.79	3.5
0.84	1.86
0.36	1.44
-1.26	0.34
-2.76	0.43
-3.58	-2.39
-3.3	-2.84
-3.43	-2.96
-4.03	-3.19
-4.65	-3.69
-3.74	-0.78
-1.1	2.53
-5.71	4.01
-3.69	2.13
-8.17	2.21
-9.31	-0.82
-9.41	1.3
-4.17	7.23
-1.13	9.6
3.39	8.47
0.14	4.72
1.22	2.77
0.49	5.99
-0.71	4.44
-4.56	5.14
-2.35	4.86
-1.6	8.21
-1.85	6.99
-0.09	7.5
-2.18	10.77
-1.48	10.2
-1.01	10.13
-2	12.78
-1.88	7.28
-2.78	10.59
-2.7	6.75
-3.73	8.81
-3.61	2.07
-3.41	5.41
-1.69	5.31
-5.27	3.73
-6.93	2.45
-7.09	-1.86
-4.24	-0.02
-7.83	2.67
0.92	7.45
-3.52	6.52
-4.12	6.03
-6.11	0.81
-2.81	-0.56
-4.32	-2.7
-6.21	-3.52
-13.1	-4.08
-7.58	-3.32
-9.11	-1.53
-12.82	0.58
-2.05	5.32
-3.65	3.86
-1.62	1.15
-6.44	1.7
-14.01	-1.2
-15.95	-1.87
-17	-4.77
-18.89	-3.91
-21.31	-3.34
-20.54	-0.12
-8	5.04
-0.15	6.18
1.26	8.84
-1.45	7.02
-1.25	1.8
-1.63	1.82
0.17	3.34
-0.85	3.2
-3.8	1.05
-4.34	4.18
-2.62	-0.07
-4.27	1.64
-1.1	2.7
-0.21	5.21
-6.43	0.98
-2.43	2.68
-5.81	-0.43
-12.22	-3.3
-16.15	-1.64
-16.57	-1.55
-13.86	-0.07
-4.98	-1.1
-6.49	-0.02
-10.92	1.8
-13.53	2.62
-4.59	3.98
-1.75	5.36
-6.06	-0.44
-12.92	3.88
-1.85	9.65
-0.82	9.59
-3.42	10.88
-1.45	12.38
-0.68	18.61
0.92	22.07
7.22	21.88
4.19	16.21
-1.89	7.03
-3.41	9.81
-1.5	12.05
0.2	14.28
2.73	18.26
3.53	15.68
8.75	18.32
9.16	18.78
10.41	17.65
7.2	16.85
7.8	12.38
5.04	12.96
1.37	11.51
-1.69	13.91
-1.52	16.12
-0.11	17.91
1.68	19.54
2.62	20.51
3.64	19.22
11.67	20.08
8.14	15.95
6.19	8.97
5.46	7.86
6.47	11.19
7.7	14.31
7.42	19.1
6.87	21.93
7.71	21.29
9.46	17.35
6.44	14.9
10.24	13.24
5.96	12.26
4.18	9.48
-1.46	13.71
-0.04	18.36
6.94	19.35
10.68	19.9
9.54	18.51
6.36	23.19
9.08	19.91
5	19.2
7.91	20.77
6.98	24.93
9.94	28.78
11.78	28.62
13.82	23.22
11.51	16.92
9.31	17.37
4.72	17.62
7.68	14.55
3.1	13.5
1.41	13.73
7.98	16.93
2.32	17.76
2.71	19.71
5.79	22.41
13.29	20.23
12.04	21.92
11.71	22.44
11.17	17.8
8.7	12.16
4.69	18.79
4.38	23.2
8.77	24.7
12.15	26.56
13.14	22.14
10.52	23.2
9.92	26.01
11.37	28.66
13.35	30.23
14.84	31
15.12	31.41
16.07	26.08
8.76	21.29
8.42	22.83
8.51	25.03
11.27	27.57
13.45	19.99
9.99	22.1
8.33	17.14
5.98	14.41
7.99	13.02
8.21	16.55
6.81	21.41
10.38	22.42
9.36	25.93
12.41	26.52
15.34	26.47
15.38	26.24
12.75	28.02
15.83	27.03
12.5	23.37
9.77	25.68
11.01	27.12
11.75	29.51
15.78	27.03
12.44	27.46
14.16	30.06
17.1	27.86
15.36	27.77
15.63	30.28
13.65	29.54
16.21	26.92
15.15	20.59
13.27	19.41
14.4	25.6
11.7	26.49
12.21	23
8.82	22.91
10.33	24.97
14.92	21.68
12.96	17.52
11.59	22.96
15.23	21.86
15.72	18.19
15.38	25.61
13.42	27.33
13.01	29.11
17.09	29.43
16.09	29.65
16.2	30.86
19.72	26.63
14.71	25.89
14.44	22.35
11.24	25.48
14.94	21.29
13.6	24.77
15.15	28.19
16.48	28.51
17.67	30.17
18.37	32.55
19.48	33.1
20.51	32.62
19.94	27.67
15.78	28.36
13.4	29.42
15.89	23.21
14.21	19.22
13.83	21.45
8.26	24.57
11.3	17.37
7.64	20.18
5.98	22.7
8.24	25.82
10.87	23.43
15.6	20.93
9.18	25.7
14.3	24.52
11.9	19.01
12.4	18.76
14.02	18.74
14.27	24.98
13.29	26.05
13.47	25.93
16.55	20.96
14.5	21.66
12.04	22.96
14.18	23.88
11.53	26.09
15.34	22.52
14.03	20.25
14.58	21.51
13.52	25.89
13.61	26.55
14.85	26.91
14.34	27.82
14.87	26.56
12.76	24.22
12.14	21.83
8.24	24.05
8.68	24.04
9.05	24.87
11.86	26.59
14	26.4
17.19	23.95
14.53	24.95
14.4	26.31
10.99	25.02
12.13	23.25
9.76	24.22
11.6	25.13
11.84	19.62
8.75	12.08
8.24	10.95
8.77	11.02
9.12	14.32
11.2	16.7
8.96	19.73
7.02	21.4
7.45	22.19
8.44	22.28
7.92	21.77
10.54	19.61
9.06	14.97
7.64	15.9
3.89	16.29
2.88	17.42
11.23	15.82
13.27	18.78
13.01	20
8.15	19.98
6.53	19.2
7.44	15.79
6.06	17.59
4.66	19.37
4.07	15.44
4.17	16.64
2.61	16.25
4.48	16.64
5.03	15.86
2.5	13.89
1.34	11.21
-0.59	13.55
-3.08	12.4
0.65	13.09
8.1	17.88
9.15	20.07
8.61	22.4
9.24	18.26
7.97	19.6
5.41	20.84
5.46	21.13
4.63	18.71
4.04	15.04
0.76	11.06
1.03	9.16
-1.58	9.43
5.99	12.52
4.52	12.11
4.02	12.96
5	12.83
6.86	11.92
5.46	11.33
5.34	13.19
0.41	12.74
2.88	6.6
4.13	7.5
5.32	6.81
4.25	5.38
3.2	4.43
3.45	12.68
2.4	12.49
1.32	9.79
-3.06	7.93
-2.54	4.14
-3.81	4.31
-0.86	4.17
-2.88	1.17
-2.39	-0.17
-3.06	-1.24
-3.62	0.83
-1.02	1.48
0.66	2.58
-1.02	1.96
-2.73	2.41
0.37	2.1
-1.81	1.52
-2.38	2.02
-1.3	10.24
1.07	9.85
4.11	9.65
0.85	5.52
0.31	7.28
-1.73	7.48
-2.5	6.23
-1.39	1.95
-6.34	0.85
-7.59	0.62
-1.52	0.4
-0.4	1.46
-0.95	4.61
-0.93	4.93
-2.37	5.68
-3.29	3.05
-3.88	5.88
-2.91	6.44
-1.71	4.09
-5.9	1.13
-4.93	3.65
-1.42	5.98
-3.49	5.71
-2.48	0.92
-2.52	-0.73
-2.66	-0.32
-6.19	-0.86
-8.36	-0.35
-14.76	2.73
-1.35	2.53
0.36	1.42
0.44	3.19
-0.06	1.95
0.03	0.76
0.28	1.96
-0.53	2.99
-3.78	1.14
-8.79	-0.9
-9.24	-0.74
-9.98	0.31
-9.17	0.46
-8.35	-2.42
-3.94	-1.66
-5.12	0.19
-7.53	-2.13
-9.43	-2.3
-4.46	3.26
-4.54	1.41
-8.79	1.79
-6.25	5.47
-7.52	4.36
-14.02	-7.91
-17.05	-6.27
-16.89	-6.46
-14.88	-5.04
-15.03	-5.43
-10.76	-0.35
-8.98	-0.94
-3.6	1.02
-5.01	0.49
-5.97	-0.96
-4.94	-2.28
-6.71	-3.84
-9.52	-1.81
-9.53	-2.4
-12.93	-2.58
-15.12	-1.22
-3.05	5.75
-3.84	7.75
-5.28	5.37
-3.65	3.68
-4.73	3.63
-4.66	2.06
-6.27	3.4
-4.1	5.52
2.84	9.55
0.69	8.26
-1.39	12.33
-0.03	13.41
3.14	13.75
-0.34	11.9
1.77	6.76
0.15	3.79
0.27	2.72
-1.1	1.5
-2.06	0.54
-3.96	1.68
-9.09	0.72
-6.02	5.4
-3.85	2.47
-5.33	6.15
3.11	9.31
-1.06	2.46
-6.23	3.31
-6.45	4.6
-4.52	4.67
-0.08	8.72
3.01	6.71
1.67	10.22
-2.28	3.29
-2.08	0.57
-2.31	0.7
-0.94	1.51
-0.78	3.01
0.62	4.78
-1.35	5.01
-3.33	10.25
-3.01	14.29
-0.45	15.04
7.42	16.1
3.11	11
-3.78	10.22
1.63	13.96
2.08	15.76
5.44	21.09
7.38	19.47
6.96	14.95
4.34	17.87
8.75	16.81
4.2	20.67
5.96	19.19
5.83	16.57
5.08	15.65
2.92	14.07
3.72	11.52
-0.01	12.54
-2.13	16.07
1.94	19
8.24	20.37
5.06	15.16
4.48	10.42
5.11	13.44
3.64	19.42
2.99	17.8
9.54	16.5
5.98	18.89
7.36	18.17
10.85	19.33
9.55	20.29
4.82	21.1
5.07	22.79
5.77	23.95
7.24	24.48
8.51	25.44
8.95	24.89
12.93	18.67
12.55	16.47
8.55	14
5.14	8.36
5.77	14.97
4.45	17.29
6.13	20.33
5.8	19.07
4.52	21.03
6.21	20.3
6.71	16.67
7.67	19.57
5.07	21.78
9.13	21.27
6.81	20.25
5.76	23.37
8.07	25.41
11.21	22.68
9.92	22.63
10.11	25.88
12.97	22.96
9	25.82
13.75	22.16
12.23	19.76
13.61	19.04
11.98	26.1
16.1	24.49
10.7	18.02
8.41	20.89
9.61	23.73
13.69	24.3
13.74	25.89
10.63	15.66
9.16	10.61
5.73	16.64
3.32	17.08
6.78	12.21
8.83	13.51
8.79	17.31
6.62	17.71
8.07	15.63
7.6	18.13
6.77	19.79
7.13	21.08
10.49	18.23
9.12	19.98
8.67	24.73
11.22	25.45
11.91	25.13
12.03	27.55
13.96	28.94
16.03	28.89
16.45	29.98
17.2	31.08
18.24	31.39
17.42	31.66
18.67	29.53
17.11	26.72
16.44	29.51
16.17	30.6
18.53	33.41
18.99	32.16
15.25	31.15
16.1	26.99
16.09	25.96
16.25	22.26
15.64	20.16
16.6	19.29
14.49	25.05
11.88	26.4
12.79	28.64
15.01	30.23
17.6	29.38
16.06	30.17
16.89	29.87
17.34	31.53
16.97	30.86
16.54	29.44
16.45	30.75
18.85	24.94
12.36	23.79
10.01	25.39
11.01	28.18
12.22	31.29
13.36	32.11
15.22	33.56
17.36	33.75
18.07	32.69
17.79	32.01
18.63	32.14
17.78	33.11
17.9	33.11
16.55	33.24
18.51	31.95
18.37	30.16
16.55	31.52
16.97	27.19
17.34	22.01
12.09	20.92
12.64	19.35
12.22	23.26
12.36	23.82
14.37	19.67
14.58	24.89
11.81	25.02
10.75	24.32
11.17	22.85
11.31	15.22
11.13	19.93
8.78	22.7
11.04	24.77
10.53	26.49
12.73	29.53
17.28	29.75
14.07	27.87
15.9	28.99
12.92	23.97
10.23	25.45
11.46	23.19
9.43	25.22
13.62	19.89
10.7	23.37
11.14	23.92
11.51	22.13
12.96	21.68
10.22	17.35
7.85	20.85
6.21	22.53
8.14	24.33
10.41	26.1
14.53	30.47
15.41	27.52
13.19	25.23
12.83	26.59
13.66	21.06
6.27	21.69
5.51	22.6
5.99	23
6.91	23.69
6.35	23.86
7.29	25.12
12.6	21.94
14.88	18.95
11.23	23.52
14.81	19.55
14.09	20.25
13.93	23.1
8.56	23.83
9.57	22.78
6.39	21.66
7.41	23.06
7.84	23.47
9.22	24.14
10.84	22.86
10.1	23.87
8.84	23.72
9.14	23.66
9.17	24.52
10.54	23.53
14.91	25.48
12.12	21.36
9.69	18.27
4.56	19.44
3.9	19.92
7.96	18.31
1.75	19.64
3.27	20.51
3.49	20.5
3.45	19.94
5.6	19.44
6.28	19.05
3.54	18.35
5.01	15.01
-1.93	14.58
-2.44	15.15
-0.07	16.94
7.39	16.61
7.32	21.6
7.43	21.23
9.5	22.23
14.22	21.43
9.38	19.47
7.19	21.18
6.9	18.41
8.07	18.49
10.58	19.9
2.37	14.77
-3.26	11.73
3.75	7.42
-1.78	5.75
-5.66	4.3
-4.83	5.61
1.54	11.77
5.74	11.59
-1.04	14.27
-1.35	14.65
0.51	17.5
1.9	11.7
-2.83	8.48
2.29	8.66
-0.65	10.16
4.67	14.34
4.16	16.61
3.59	19.47
9.94	19.11
4.59	17.62
5.27	14.12
2.52	9.57
3.25	9.36
5.78	8.25
4.12	10.54
0.35	12.24
6.45	17.58
5.68	14.42
7.25	9.41
6.87	8.96
6.65	8.4
6.78	9.65
5.52	8.29
3.43	7.8
-0.82	6.21
-0.98	5.3
0.99	10.7
5.05	16.69
7.03	13.71
5.22	15.73
8	14.94
4.74	10.76
-0.14	6.11
-2.28	3.72
-2.18	2.82
-1.96	2.6
-2.02	0.38
-1.05	0.47
-0.57	1.86
1.56	4.3
1.36	3.21
-1.87	5.12
1.36	5.37
0.59	6.32
-1.98	4.69
-1.52	1.75
0.21	6.47
-2.14	4.7
-6.18	3.82
-5.95	-0.4
-4.59	3.75
-5.31	3.99
-2	1.52
-1.69	11.42
0.88	9.23
-1.55	8.22
-0.84	6.56
-0.62	9.62
1.66	10.65
2.76	12.99
-1.72	10.64
-0.56	12.15
3.43	13.71
6.64	15.4
3.42	12.5
1.75	16.05
-1.46	13.28
-1.02	11.83
-1.92	9.39
-1.17	11.71
1.23	12.41
7.09	12.23
2.79	9.74
0.28	12.22
3.76	8.26
1.88	4.07
-0.85	6.46
-6.16	1
-6.96	0.35
-9.17	3.48
-3.97	6.38
-1.14	10.16
-0.92	11.22
-1.58	9.65
-0.81	12.01
-1.36	9.78
0.73	10
-0.72	8.55
-4.56	12.44
-0.96	10.79
3.09	7.57
4.34	12.95
5.28	11.25
-0.4	12.19
0.27	8.22
0.72	12.42
5.37	11.68
0.36	13.55
3.32	9.03
2.2	6.15
1.68	7.69
-0.59	6.38
-2.57	8.07
-0.03	11.91
-1.09	8.55
4.04	11.48
3.93	12.17
3.17	8.73
-1.11	5.62
0.44	6.04
-0.87	10.89
3.41	10.88
4.9	15.52
6.69	12.76
1.3	8.99
2.48	12.27
-1.23	14.98
2.74	16.87
4.52	16.72
7.99	12.25
7.16	10.18
5.03	12.65
5.5	12.07
-0.94	16.12
1.28	18.07
2.46	19.1
5.54	15.01
0	16.16
0.53	19.34
3.34	19.61
1.31	14.72
0.92	4.7
-0.86	5.97
-2.11	8.19
2.09	9.4
3.52	6.06
3.06	14.22
3.13	14.23
2.41	13.35
0.17	13.5
5.43	10.36
0.17	13.67
6.74	15.62
3.04	17.03
3.42	17.55
2.19	19.14
7.44	12.19
1.73	14.66
1.53	19.87
6.73	19.77
8.09	17.09
1.63	20.81
4.3	22.54
7.35	19.43
4.65	22.66
5.49	24.4
6.93	23.99
6.8	22.36
6.5	19.43
2.92	22.2
5.54	20.7
3.63	16.94
2.63	22.5
6.62	18.15
3.85	19.74
3.95	23.51
9.28	21.22
7.52	21.28
5.42	22.55
5.44	23.61
4.48	24.76
5.92	25.3
9.54	18.22
3.04	17.81
6.34	17.67
5.64	21.09
12.02	19.28
12.15	20.94
12.03	21.28
9.57	24.14
10.71	23.49
11.7	17.86
11.62	24.32
11.46	28.13
13.29	22.45
11.31	26.8
15.99	29.68
12.89	24.59
7.01	16.99
6.49	20.55
7.9	17.09
6.77	21
11.49	24.94
11.27	26.88
13.11	29.4
15.53	28.16
17.5	28.7
15.63	30.38
15.51	29.72
16.23	28.23
14.21	22.82
10.38	20.56
10.18	14.17
7.39	21.53
7.25	24.71
13.23	23.42
12.03	25.4
13.5	24.13
15.38	24.72
14.4	24.97
12.63	25.41
12.41	27.13
13.31	28.56
13.61	29.03
15.55	28.19
15.97	27.75
13.56	28.68
14.75	29.42
16.37	29.89
17.05	27.21
14.36	28.41
16.05	29.4
17.38	30.13
15.04	32.87
18.94	33.93
15.68	31.35
14.34	27.89
15.25	29.3
14.04	32.4
17.13	28.97
11.7	20.57
12.19	23
10.4	25.38
13.66	25.84
11.88	29.07
14.76	31.56
14.33	28.19
12.97	23.64
11.61	23.12
12.48	26.39
13.51	28.65
16.84	29.19
16.15	31.75
11.67	25.96
9.02	21.42
8.87	23.17
11.8	26.76
12.63	31.12
15.64	33.19
15.92	34.37
16.64	37.22
16.78	36.52
20.99	36.18
18.47	38.35
17.84	35.51
17.98	34.8
12.97	31.98
15.69	30.89
11.75	27.19
11.03	29.16
12.26	32.64
17.62	32.53
17.84	28.12
13.38	23.46
8.47	22.35
8.1	24.12
7.4	27.76
12.17	22.89
11.87	24.13
10.04	25.58
11.47	29.65
12.7	31.8
15.29	30.09
15.71	30.48
14.26	23.33
14.4	20.92
14.77	25.5
13.99	28.61
13.16	29.34
14.73	30.81
15.69	32.68
18.01	28.16
12.18	26.78
15.29	26.18
14.26	24.89
13.08	26.48
15.8	27.91
16.63	30.01
14.52	28.66
16.71	28.27
14.22	29.35
14.16	30.58
14.76	25.07
13.68	19.49
11.82	16.27
9.03	19.61
9.37	22.61
9.6	22.36
11.05	24.25
10.48	18.18
7.34	13.56
7.24	10.41
7.95	12.38
10.97	18.79
10.36	20.66
5.98	19.99
11.51	18.26
6.25	18.72
8.6	20.41
6.97	22.13
10.3	23.33
8.21	23.17
9.54	25.85
13.71	22.05
7.58	16.41
2.58	16.95
2.08	18.85
2.63	19.83
3.75	20.97
4.92	21.38
5.36	21.45
10.66	16.51
10.83	15.45
9.17	17.94
8.41	20.38
5.35	21.97
5.24	22.27
5.8	22.36
9.2	23.19
9.96	18.57
10.79	18.22
10.52	15.83
7.34	16.32
2.8	18.68
3.34	17.59
4.88	14.2
9.1	15.33
5.24	17.33
5.69	14.02
-1.39	12.69
-2.81	13.92
-1.63	16.72
-0.67	18.72
1.58	12.97
2.93	11.39
-2.45	6.56
1.39	7.51
2.76	5.98
3.62	5.68
3.51	6.75
5.06	9.94
4.8	8.09
5.55	9.76
6.84	8.51
7.35	11.53
7.05	9.74
7.12	12.48
3.45	11.78
-0.14	12.69
8.38	14.67
7.08	11.26
2.56	10.05
-2.14	6.02
-0.58	10
2.7	12.6
3.13	7.47
-1.04	9.41
-0.04	10.39
1.12	8.95
-0.83	7.47
-0.61	5.06
0.87	3.5
-0.18	2.07
-0.49	1.56
-0.13	0.99
0.42	2.22
-1.45	1.19
-0.72	7.57
1.17	14.33
9.67	15.09
6.11	12.62
4.16	7.51
1.02	7.91
-2.73	6.56
-3.6	4.69
-4.95	4.02
-5.08	4.17
-2.13	7.77
-2.14	7.37
2.45	10.59
-1.86	5.7
-2.5	8.53
-1.52	8.04
-0.73	8
3.93	8.38
-1.46	6.29
2.42	5.68
1.45	6.17
3.18	4.66
1.4	5.46
-2.31	1.68
-3.92	-0.41
-1.56	-0.26
-2.97	-1.4
-7	-0.88
-10.28	-2.05
-4.5	-2.39
-5.59	-4.33
-5.61	-4.74
-5.1	-4.17
-4.78	-3.18
-6.98	-2.72
-4.42	-1.97
-3.25	-2
-3.96	-2.91
-4.69	-3.62
-5.44	-4.59
-4.78	-0.95
-4.88	0.03
-4	-0.27
-3.4	-1.5
-6.26	-3.46
-7.18	-3.45
-4.25	2.03
-4.06	3.14
-2.52	7.42
-4.58	0.7
-2.4	-0.83
-2.07	4.69
2.2	12.11
2.51	6.78
1.13	6.63
1.06	8.26
1.76	9.85
3.99	8.02
1.47	8.62
2.47	8.13
2.76	14.41
1.07	11.97
-0.51	7.96
-1.35	5.52
-4.31	6.76
-2.8	8.28
-5.18	8.26
-0.95	11.58
3.5	10.41
0.01	9.25
-2.02	6.74
-0.69	7.07
-1.97	9.52
3.22	9.62
-0.09	6.2
0.09	11.5
3.55	8.85
-1.23	10.16
0.27	9.06
0.09	8.22
-2.42	8.23
-2.79	7.16
-2.51	6.3
-4.95	5.47
-7.25	6.87
-4.81	4.32
-1.34	3.61
-5.06	0.33
-11.49	0.76
-6.7	10.69
-3.8	11.97
-5.25	12.5
-2.6	13.61
0.62	16.38
1.97	16.88
-0.63	18.1
0.36	19.8
-0.23	18.71
1.95	16.9
3.85	11.83
-0.33	15.37
6.52	15.29
5.15	19.56
3.4	18.08
4.2	12.99
2.58	5.53
-1.41	4.16
1.44	5.55
2.89	6.06
1.4	12.87
2.68	15.4
6.19	11.38
2.03	16.84
3.44	13.97
0.19	13.28
4.78	14.62
8	19.14
4.1	17.26
1.81	7.66
-3.16	9.12
-2.2	8.66
-2.24	9.51
1.15	7.88
0.81	6.78
0.87	6.98
-0.84	8
-2.64	10.12
0.64	11.64
5.66	13.19
5.63	14.1
0.29	16.65
3.79	17.95
2.78	18.7
6.6	15.42
2.51	12.66
6.22	12.75
4.1	14.06
0.16	16.53
4.34	17.16
3.73	11.05
3.92	19.68
10.8	21.14
12.76	20.92
9.45	16.68
6.91	16.53
2.77	17.64
6.06	14.15
5.59	14.62
2.66	15.21
4.7	18.09
9.73	20.28
4.82	22.61
7.15	23.48
6.92	18.68
9.03	14.86
4.67	17
2.39	17.59
7.17	18.06
4.9	20.08
2.55	21.55
6.96	18.71
8.66	19.25
9.79	19.73
6.44	20.22
6.16	19.77
5.69	19.38
5.13	17.79
9.72	19.74
7.68	20.02
4.66	21.5
7.58	21.64
6.04	21.17
7.91	20.49
4.27	22.98
5.24	24.39
6.89	25.23
7.75	27.05
13.52	25.47
13.74	24.51
15.26	22.48
10.47	22.98
9	13.77
9.38	16.69
10.88	19.68
11.82	20.58
12.27	24.7
11.07	24.26
13.63	27.68
12.9	32.62
14.61	32.81
16.18	27.37
14.23	27.99
13.35	27.5
11.34	29.4
15.77	27.5
12.55	27.16
15.35	23.23
15.86	20.48
14.57	23.94
13.57	20.58
13.98	22.51
13.33	25.29
12.24	26.89
12.92	27.33
13.52	21.1
12.13	20.11
9.35	19.11
9.75	20.74
8.71	22.62
12.65	23.14
14.37	23.74
11.28	27.25
14.29	28.88
14.51	29.79
15.18	31.6
15.79	32.39
17.37	31.57
15.08	30.29
17.67	30.04
16.13	27.43
15.07	27.49
14.81	29.36
16.13	26.87
15.06	29.57
15.27	30.73
16.53	30.76
18.29	28.75
15.46	27.18
11.96	28.5
17.82	31.12
13.89	24.35
10.48	25.29
15.46	27.03
14.02	30.9
15.55	31.65
16.09	30.75
14.04	20.74
12.8	22.92
14.14	27.51
14	27.79
14.65	21.75
12.86	26.47
14.48	28.56
15.31	22.67
13.45	20.24
11.24	16.45
14.24	20
16.69	24.55
17.06	26.45
17.71	28.77
16.47	28.67
15.31	29.81
15.57	28.3
15.98	30.41
16.48	30.82
16.17	30.83
14.7	30.23
15.41	31.43
17.23	25.12
13.38	27.76
13.18	28.63
14.11	27.68
14.34	24.44
9.64	25.39
11.03	26.64
11.91	29.61
18.47	29.03
15.83	29.17
16	32.32
12.66	25.39
8.03	23.06
9.73	26.34
11.13	28.3
11.64	27.09
14.52	27.79
13.14	29.58
13.52	25.16
12.67	22.31
8.06	23.65
10.86	26.49
11.93	27.53
12.11	28.48
13.7	26.88
13.5	22.8
7.57	24.59
7.81	24.56
9.47	26.98
12.31	28.98
16.18	29.4
16.52	29.24
18.36	30.66
16.24	30.85
14.51	24.41
9.58	25.9
9.89	27.61
14.53	28.9
14.23	27.08
12.17	19.2
8.47	12.87
7.24	10.13
7.27	9.56
6.69	13.82
3.54	15.44
1.88	15.05
9.17	12.23
8.15	12.25
8.17	13.63
7.28	15.17
6.22	16.71
8.4	15.41
8	14.7
9.09	15.15
7.46	16.61
1.74	17.94
3.16	19.22
8.81	20.08
7.19	21.79
8.23	16.05
6.76	11.46
0.95	16.02
1.96	20.44
6.24	20.3
4.54	20.22
7.23	21.86
9.23	19.69
6.67	20.36
4.99	21.5
6.13	22.37
5.25	22.46
6.78	22.99
8.18	22.66
5.5	16.99
-0.04	14.07
-0.19	15.38
0.29	17.94
2.48	18.06
3.82	19.9
6.9	15.13
0.66	13.02
2.31	10.88
5.73	10.9
0.24	12.99
4.26	20.61
10.11	23.05
10.01	19.69
4.61	18.91
9.35	16.6
7.64	13.64
8.65	20.72
7.55	19.43
9.21	19.35
9.11	18.54
11.67	13.96
9.89	12.87
8.41	14.39
6.37	11.5
4.87	8.85
6.34	7.95
7.23	8.83
7.52	9.14
4.01	11.31
-0.23	8.76
2.97	9.92
-3.66	6.96
-3.96	7.99
1.12	13.39
4.31	9.03
-2.19	5.48
-3.36	5.34
-3.9	5.42
0.05	2.95
-2.97	5.09
-2.89	6.01
-5.23	3.57
0.15	2.49
-0.56	9.27
2.43	12.16
-0.54	9.23
3.2	5.66
-0.49	4.06
0.9	10.76
1.16	9.42
0.67	7.09
-1.44	5.08
-4.5	6.2
-0.51	7.86
3.25	5.44
2.13	4.32
2	4.8
2.77	5.17
2.57	4.79
3.61	4.96
4.47	5.16
0.93	5.18
2.29	4.17
-1.48	4.83
0.04	8.17
-0.64	8.98
-1.5	8.77
0.54	5.36
-1.49	3.37
-4.48	0.04
-1.79	-0.65
-5.7	-1.06
-7.08	-2.18
-8.93	-4.21
-5.28	-4.49
-5.59	-3.87
-4.37	-1.78
-7.7	-0.56
-11.83	-1.01
-9.63	-1.86
-9.85	-2.71
-6.28	-3.68
-8.68	-0.23
-12.64	-1.39
-13.74	-6.59
-9.3	-6.6
-7.54	-6.19
-7.56	-6.37
-7.4	-2.94
-3.2	1
-4.67	2.36
-6.51	0.4
-5.75	2.84
-1.47	8.42
3.92	13.29
2.53	8.23
0.23	5.84
-0.78	3.49
-0.46	3.6
-0.06	5.31
-1.47	6.02
-0.37	2.09
0.15	1.51
-0.23	1.38
-0.5	0.85
-1.26	0.81
-2.51	0.19
-0.9	1.87
0.2	1.76
0.16	4.26
-2.13	10.43
2.75	14.4
2.38	12.5
3.1	8.88
-0.25	6.21
-2.73	8.74
1.13	8.29
-3.85	5.12
-3.66	3.05
-1.66	3.25
-2.75	1.58
-4.74	3.56
-2.93	4.79
-5.27	1.01
-4.04	0.73
-6.4	4.16
-1.79	4.19
-3.06	0.29
-1.77	5.84
-1.42	4.12
-1.04	5.6
-2.74	9.02
-1.69	10.54
1.06	14.6
0.57	14.38
2.45	8.03
4.47	8.99
5.62	10.03
6.61	9.09
5.69	9.79
2.4	8.44
1.82	12.47
2.39	9.12
-0.97	11.87
3.44	11.74
-0.68	10.11
2.36	12.58
3.52	13.24
1.36	13.28
4.61	12.81
1.53	10.37
1.33	10.59
0.49	5.73
-0.95	5.19
0.33	6.59
-3.36	12.48
1.67	15.36
4.7	10.51
-1.35	7.46
-0.68	11.5
1.59	15.21
6.67	17.23
9.3	13.42
5.77	10.54
5.32	10.94
8.27	14.18
9.97	19.19
7.1	19.39
5.95	22.17
6.5	22.68
7.12	22.96
5.63	24
6.49	24.38
6.25	24.48
5.92	24.38
5.9	24.33
6.14	23.98
6.29	20.41
4.98	20.92
4.3	22.79
5.64	23.42
8.81	19.84
4.64	21.34
6.4	18.93
10.82	20.9
11.32	20.4
6.77	21.06
7.08	14.34
6.42	19.45
3.93	21.27
6.32	20.08
9.75	20.63
10.13	19.71
9.75	19.01
9.41	20.02
9.89	22.81
7.1	17.27
7.5	21.13
6.03	21.55
9.02	17.78
7.63	19.64
11.79	22.07
8.12	25.62
9.69	25.38
10.76	27.14
10.98	27.78
12.07	22.74
10.51	15.01
10.93	17.28
9.99	20.79
12.2	24.43
9.88	25.88
13.23	28.07
14.63	24.91
14.93	25.38
10.04	27.23
13.53	27.81
12.41	23.75
15.73	23.85
14.77	28.77
16.51	28.86
14.95	23.62
11.27	21.4
8.56	18.02
7.53	11.42
4.67	19.25
8.51	19.34
6.67	19.98
9.88	24.6
8.38	18.83
6.69	17.33
12.66	27.27
13.08	24.04
8.79	25.18
12.58	27.37
12.74	27.37
10.41	25.79
9.04	23.65
9.71	24.01
9.38	27.53
15.88	28.64
15.69	28.58
13.34	23.96
10.15	27.85
13.57	30.9
11.62	24.43
9.03	20.81
10.72	17.35
11.57	15.65
13.38	19.72
12.58	25.22
12.65	24.63
13.64	25.16
16.09	22.28
15.36	25.04
14.43	27.89
17.58	27.98
16.21	28.28
15.82	28.45
17.92	27.88
15.71	27.55
15.72	28.45
14.94	26.22
15.15	20.13
11.55	23.4
14.33	18.37
9.86	23.14
10.9	25.5
14.22	28.99
16.38	30.75
17.46	31.83
17.92	30.3
16.74	31.21
14.92	27.92
10.72	24.47
10.82	26.48
13.54	29.18
15.46	31.12
17.68	33.15
16.67	30.68
15.44	26.33
9.74	25.38
10.43	26.95
12.64	27.38
14.82	29.29
14.01	31.54
18.84	27.47
13.84	30.07
16.22	33.03
14.76	29.32
16.12	21
16.31	24.35
16.33	26.07
15.02	26.99
14.22	28.05
16.72	24.85
14.94	28.69
15.5	26.53
13.59	27.79
14.16	28.19
16.11	23.65
11.98	26.75
13.83	28.89
15.05	31.27
15.14	30.81
14.66	28.25
15.98	29.14
14.04	30.21
16.26	26.35
15.17	23.55
10.98	24.8
10.6	27.14
11.55	29.6
14.79	30.23
15.64	31.24
14.49	23.49
12.86	23.14
7.16	25.04
8.73	27.11
10.89	27.86
13.78	29.72
14.58	24.36
11.16	20.27
7.5	20.27
6.69	21.65
7.46	22.43
10.6	23.07
13.19	25.52
13.69	21.56
15.16	23.04
11.88	22.45
12.34	20.01
12.46	22.72
12.24	25.81
15.73	23.83
14.86	21.45
12.92	23.2
11.63	24.89
10.39	25.58
9.47	25.89
8.98	25.99
8.92	25.83
12.82	22.38
9.03	22.14
6.54	23.61
8.13	24.79
9.25	23.79
8.21	23.31
9.32	23.92
10.71	18.29
4.39	18.06
3.2	21.36
4.77	21.64
10.31	26.39
13.17	26.46
10.74	26.15
10.29	19.09
9.95	18.44
10.09	19.82
7.99	12.08
4.64	10.59
0.61	8.42
1.96	9.64
-0.44	9.5
1.49	10.94
1.28	9.4
-0.92	9.12
2.95	10.76
-2.53	15.96
9.78	19.87
8.97	16.19
8.57	11.57
5.19	16.89
7.66	14.58
6.73	17.54
2.87	16.46
3.11	13.05
1.61	9.9
-3.38	9.69
-2.21	7
-2.32	6.42
1.09	4.35
0.5	4.36
3.06	10.37
4.67	5.52
4.05	8.04
3.25	7.5
5.21	10.11
4.14	8.04
4.63	8.75
0.45	12.29
0.69	13.99
2.83	15.77
5.43	15.91
5.63	16.09
3.75	18.11
5.6	14
2.43	16.43
1.29	15.5
1.64	6.51
2.75	7.27
3.52	8.3
3.24	14.33
2.7	14.67
3.77	11.96
3.68	13.33
3.11	10.71
0.78	11.65
8.5	15.56
6.08	15.23
1.48	6.89
0.84	4.55
2.45	4.93
-0.82	6.65
-1.37	3.45
-1.66	5.52
1.71	6.74
4.63	8.24
2.43	9.46
2.25	6.81
0.74	5.01
-1.9	0.89
-3.66	-1.91
-4.05	-2.03
-4.49	-2.06
-8.65	-2.18
-11.18	-3.36
-13.75	-7.61
-18.68	-7.96
-18.79	-0.68
-2.07	6.38
4.89	15.1
2.72	13.73
7.14	16.91
0.45	8.79
0.01	3.82
-2.59	6.1
-3.88	2.21
-0.46	9.36
-1.27	9.41
2.29	5.58
1.35	5.39
-4.33	2.68
-8.22	1.35
-3	-0.24
-3.4	-0.51
-2.56	-0.18
-1.85	-0.05
-0.26	0.89
0.05	1.06
-1.02	1.39
-2.59	-0.03
-3.28	-0.81
-1.49	-0.38
-1.4	1.03
-2.81	2.15
-3.61	-0.8
-2.39	1.88
-0.82	3.18
-1.4	2.99
-5.4	0.21
-6.13	-4.21
-7.14	-3.98
-6.41	-3.32
-6.58	-2.37
-9.28	-4.8
-13.17	-3.47
-12.55	-3.6
-9.6	1.89
-1.58	2.18
-2.76	0.87
-10.22	3.16
-8.86	3.39
-5.82	6.68
-2.37	7.12
-1.68	4.99
-1.5	2.03
-5.86	-0.42
-7.71	-2.12
-10.42	-2.99
-4.72	-0.12
-3.13	-0.75
-3.64	-0.21
-3.9	3.91
-9.75	2.85
-3.97	0.94
-10.72	2.67
-1.44	5.96
-1.74	9.04
-3.21	9.05
1.38	6.33
-2.48	8.6
-0.25	10.31
2.93	12.66
1.58	13.36
-0.44	14.9
4.31	10.98
2.48	13.04
0.94	14.33
6.16	15.79
4.3	9.99
0.91	8.73
1.64	3.8
-0.69	3.66
-6.46	3.28
-3.1	0.48
-7.03	1.31
-2.51	2.74
-2.92	0.46
-1.71	0.67
-3.98	6.26
-0.97	9.06
-1.02	10.63
-1.19	6.08
-0.62	10.58
1.67	11.54
-0.48	15.73
2.95	17.65
5.71	18.36
8.8	19.53
7.71	13.48
4.14	16.42
3.62	16.67
8.06	17.52
10.86	19.38
6.77	16.03
2.03	16.94
3.72	20.13
10.4	19.21
6.91	14.21
2.91	16.48
4.19	12.1
-0.17	16.26
7.79	14.73
6.92	12.87
6.01	13.94
0.64	15.64
1.14	18.09
3.41	19.65
7.62	14.72
2.77	10.54
4.66	6.75
5.92	10.85
7.56	14.04
6.87	15.56
7.35	16.7
4.82	15.16
1.66	16.9
6.35	19.17
5.26	22.02
9.11	21.29
6.48	11.9
5.94	16.46
7.35	20.88
7.89	22.61
6.79	23.84
10.94	21.03
8.48	19.91
3.84	22.07
6.76	26.6
10.86	24.29
12.91	22.16
13.11	22.12
10.96	21.81
12.37	16.11
11.71	19.98
5.96	20.92
5.73	18.25
9.99	21.24
11	21.6
7.37	22.44
11.57	20.49
9.14	16.51
9.54	19.69
8.97	13.28
7.19	10.66
8.67	15.7
8.86	17.01
5.2	17.69
8.58	14.87
11.3	19.34
12.91	22.49
11.2	22.5
10.29	25.95
12.11	28.48
13.13	26.58
11.66	26.71
12.01	24.68
14.18	23.56
14.09	23.47
11.34	16.54
8.74	15.32
9.85	13.53
10.77	17.52
12.48	19.78
9.98	24.33
9.55	25.67
11.73	27.23
14.42	28.93
15.2	29.57
17.29	29.97
19.79	32.2
17.46	32.31
19.27	28.73
16.6	27.96
11.96	26.89
15.02	22.28
14.71	21.94
15.1	25.94
13.34	21.4
12.35	17.45
11.08	14.68
13.11	18.99
13.63	21.83
9.81	23.32
11.48	23.47
12.54	21.14
13.32	25.16
12.71	26.46
14.99	28.3
14.33	29.37
15.06	30.02
15.54	30.63
16.38	31.55
15.77	28.59
16.51	28.27
17.45	28.1
14.46	23.77
10.49	26.35
11.13	29.15
13.15	30.93
15.01	31.95
16.43	32.6
17.5	32.58
17.77	33.06
19.67	33.75
20.59	33.24
20.62	33.88
17.44	28.36
15.83	24.74
15.1	28.48
17.56	31.05
17.71	33.03
18.14	31.49
17.01	25.07
14.08	18.26
12.21	19.56
13.93	24.32
16.48	26.35
15.74	26.19
13.91	19.29
14.94	23.63
12.27	27.94
13.27	29.4
16.34	27.45
14.65	24.49
12.05	25.71
15.47	22.31
14.04	21.7
13.89	26.78
14.7	23.72
12.09	27.25
13.82	28.16
13.56	28.3
15.44	28.87
15.49	27.62
18.57	27.4
14.27	25.8
12.76	25.36
14	24.07
15.53	26.59
16.04	26.23
15.5	27.85
14.48	27.89
12.82	28.21
15.24	25.07
15.76	19.82
12.25	27.09
16.16	30.62
14.25	20.52
7.94	20.47
8.59	17.01
6.43	14.14
11.23	19.73
6.92	20.59
10.45	18.9
11.04	18.71
7.41	18.49
8.15	15.62
5.51	12.52
11.83	16.39
14.34	20.8
12.04	18.23
14.7	18.65
11.69	20.56
9.75	22.12
12.21	21.81
11.52	22.98
13.42	19.79
13.27	15.44
10.74	14.23
9.5	16.85
4.04	18.95
4.73	20.71
5.83	21.58
6.73	21.49
7.96	22.49
11.29	17.97
10.46	15.21
9.27	15.53
9.3	18.86
8.04	17.17
7.4	13.4
8.09	13.13
8.9	14.72
9.52	13.74
9.63	17.58
10.35	17.47
9.34	11.57
5.84	16.67
3.37	14.24
0.86	14.44
0.36	15.08
0.35	15.56
0.99	15.37
1.87	14.29
2.79	14.57
0.46	13.4
3.01	13.19
3.15	9.46
6.04	7.96
6.11	8.41
2.79	7.79
0.19	12.16
-2.05	13.29
-0.31	14.89
7.37	16.57
4.7	10.63
3.51	7.85
-1.63	9.29
-4.37	9.99
-3.04	13.18
-0.88	16.42
7.1	17.16
6.09	18.46
7.54	15.27
7.27	12.27
4.76	17.97
4.49	20.46
3.15	16.44
3.07	16.56
7.65	14.34
6.91	13.81
5.99	11.35
4.71	13.16
4.24	14.94
7.26	18.67
8.68	18.84
11.11	19.55
6.44	16.66
8.16	11.26
7.94	12.09
4.34	9.84
4.61	8.26
5.14	7.6
7.46	10.24
2.5	8.69
-0.47	8.73
-2.53	8
-3.41	2.8
-1.15	4.76
-1.8	1.31
-0.39	4.63
-2.61	1.35
-2.58	-0.96
-2.46	0.15
-2.11	-0.45
-8.29	-1.34
-9.59	-1.36
-2.13	6.16
5.48	12.35
7.98	14.66
-0.93	13.8
-5.78	0.89
-8.28	1.32
-3.59	4.86
-4.07	2.11
-8.93	-0.49
-5.28	0
-8.57	-3.34
-11	-4.29
-11.87	-5.02
-18.13	-1.73
-5.24	6.97
-5.96	6.88
1.21	7.13
2.29	11.54
2.4	13.75
0.8	5.9
-3.1	0.99
-6.08	0.08
-7.75	0.73
-9.25	-2.08
-10.39	-3.36
-6.53	-5.2
-6.03	-4.04
-4.64	-1.68
-7.65	-0.21
-10.7	-3.67
-4.96	-3.39
-7.92	3.08
0.4	11.68
5.22	10.69
1.04	13.51
-0.16	9.37
1.82	3.39
0.41	6.32
-1.07	7.43
3.78	12.65
0.29	12.3
0.15	11.65
-2.15	7.53
-1.76	2.81
-2.6	2.33
0.93	3.07
-1.08	1.53
-2.45	0.17
-6.82	1.97
-4.02	1.06
-6.7	0.24
-5.03	4.14
-1.54	0.66
-4.82	-0.92
-7.37	-1.01
-7.32	-2
-3.38	-2.29
-5.28	-1.58
-6.28	-1.41
-8.6	1.76
-5.49	6.43
-2.38	13.03
-3.32	12.19
-3.92	16.66
-4.17	13.25
-2.97	10.08
-3.98	9.55
-2.87	12.63
1.19	8.61
-1.45	3.88
-0.91	0.17
-2.23	-0.45
-2.25	2.01
-0.54	1.5
1	2.84
-1.14	6.31
-2.1	2.98
-4.99	-0.17
-6.41	-2.27
-8.92	-0.94
-9.78	1.36
-8.76	0.61
-4.82	2.06
-7.24	-0.89
-2.63	3.03
-3.99	0.77
-5.51	2.61
-1.84	0.14
-3.36	4.99
-5.14	5.17
-4.33	6.72
-2.75	3.42
-8.2	5.56
-6.32	8.38
-3.12	12.45
-2.97	14.48
-2.4	15.65
7.46	16.41
8.88	19.52
7.77	19.94
5.55	13.63
9.86	16.28
6.29	12.4
4.58	7.04
3.02	9.14
1.2	9.82
-2.43	14.06
0.14	16.02
2.04	19.12
1.13	21.76
4.33	21.5
5.55	10.64
3.85	10.49
2.01	16.58
0.4	18.41
1.29	19.71
5.7	19.36
4.91	20.93
5.69	21.5
6.59	23.66
7.53	16.67
2.74	18.5
8.66	26.21
11.25	20.88
7.25	20.85
4.76	18.95
9.14	18.55
7.2	21.58
5.14	12.56
5.45	12.27
3.02	12.89
6.42	13.87
1.18	16.81
1.34	18.55
1.99	20.14
3.05	22.55
4.69	24.15
4.99	24.27
5.69	24.34
11.2	24.12
9.74	21.33
10.86	15.18
7.96	18.23
8.05	17.18
9.92	17.42
8.63	18.7
8.17	17.85
6.09	19.12
8.46	22.22
3.75	13.39
1.32	15.12
-0.05	18.24
2.71	21.34
4.93	16.25
3.76	19.83
6.57	24.24
7.74	24.83
7.87	26.89
13.27	23.37
9.2	24.92
10.55	19.83
9.58	17.62
7.82	20.53
8.03	23.96
9.16	26.34
10.05	27.32
11.51	27.93
11.2	26.74
12.42	26.47
12.83	29.1
13.92	23.73
7.64	26.44
10.87	29.61
10.89	21.48
6.86	22.97
8.27	25.4
10.88	28.72
12.59	24.36
15.81	23.09
15.15	26.48
14.2	27.58
13.35	27.28
13.39	27.08
14.1	28.15
14.49	25.55
13.84	19.79
10.77	22.57
10.05	24.3
11.09	24.74
12.58	26.39
13.53	25.03
13.77	27.3
12.36	29.09
13.67	26.37
17.58	28.97
10.65	23.99
7.52	23.65
11.49	28.51
13.49	30.33
16.49	28.11
14.56	23.21
9.52	21.66
11.92	22.15
12.11	25.7
14.55	25.8
14.38	28.74
13.73	29.73
14.2	22.92
11.65	20.33
7.38	21.7
13.39	26.13
13.88	23.37
13.74	28.67
14.78	32.18
18.57	32.58
15.3	34.8
17.58	33.71
17.64	30.47
15.45	30.92
16.57	34.05
19.81	31.12
16.1	23.79
11.84	27.03
12.96	30.59
16.78	27.62
13.87	28.63
15.19	24.39
14.07	25.58
13.4	26.96
14.88	19.44
12.77	16.75
12.05	16.07
13.51	18.64
13.46	26
15.67	20.89
15.17	23.41
12.71	24.94
14.78	23.94
13.64	23.78
15.03	26.81
13.26	28.34
16.97	23.47
15.45	27.06
13.89	26.95
16.6	30.54
15.02	26.52
13.21	22.72
10.43	20.99
6.08	24.18
9.31	26.75
13.84	27.47
12.89	29.3
13.78	30.46
14.36	25.93
13.43	28.01
14.11	30.21
15.09	31.74
15.68	28.35
15.71	30.16
17.18	32.95
17.52	34.03
16.51	35.24
16.18	32.62
16.24	35.11
17.09	32.99
12.56	23.29
9.61	26.39
13.54	25.77
12.96	26.48
12.52	29.22
14.06	27.89
13.91	28.39
14	30.27
16.51	28.93
14.7	24.36
8.9	26.04
14.1	21.41
13.27	22.58
12.15	29.16
12.82	30.93
14.68	28.88
12.7	28.78
13.89	29.67
11.04	21.64
10.47	25.36
10.14	27.07
10.89	29.2
10.49	21.5
9.35	16.21
12.26	21.53
10.32	23.04
9.83	22.65
9.99	22.42
7.73	23.75
6.82	24.53
7.73	25.19
7.59	24.08
5.96	22.63
8.15	24.26
6.97	25.78
7.33	24.95
6.51	25.45
6.35	26.41
7.18	25.87
8.54	24.4
5.62	16.91
0.45	14.22
-0.07	11.67
-1.07	10.94
7.16	21.94
7.26	20.31
6.85	13.05
0.97	11.39
-1.92	12.14
0.04	10.82
-4.74	12.47
-4.06	14.34
-1	20.62
4.73	14.15
2.59	10.64
-2.69	9.11
4.57	7.52
6.34	9.09
6.69	10.27
7.44	11.47
7.18	9.98
7.94	12.2
8.46	12.36
4.35	14.64
1.04	14.56
2.78	8.25
6.02	8.43
5.63	9.93
5.6	17.1
12.12	19.17
5.7	14.22
2.82	11.78
4.16	11.93
2.87	7.77
6.23	8.03
-0.36	7.22
-2.46	8.45
-3.75	8.7
-4.49	7.77
-3.98	6.72
-4.77	1.18
-3.18	0.16
-1.63	-0.4
-2.31	-1.17
-2.54	-2.01
-3.66	-2.81
-3.79	-2.85
-3.16	-1.14
-1.18	-0.56
-1.15	0.26
-0.28	1.63
-0.54	2.11
-1.81	9.22
-2.61	2.52
-1.36	-0.13
-2	-0.02
-1.93	1.83
0.22	2.41
0.09	11.82
5.02	12.87
-0.43	6.98
-2.29	5.34
-1.11	9.12
-2.77	9.07
2.7	10.42
0.67	6.62
4.15	9.68
-0.05	8.16
-0.07	11.61
4.43	10.26
-1.22	10.15
1.14	11.21
-2.97	6.68
-2.87	1.67
-4.44	2.89
-6.77	2.48
-3.53	5.54
-2.47	3.29
-2.44	5.78
-1.87	7.17
0.05	5.03
1.6	5.6
-0.74	3.04
-1.74	0.58
-1.28	2.48
-3.85	6.66
-1.33	5.22
-1.52	11.52
3.57	8.71
0.79	10.54
-0.82	6.53
-0.74	8.06
-2.14	7
-1.38	7.83
-0.13	7.56
-0.29	7.73
-2.13	8.37
-1.87	9.51
-1.83	9.05
-2.23	5.38
-4.35	2.89
-4.24	2.06
-4.76	3.21
-1.46	7.33
-3.48	6.89
0.77	6.27
-3.7	5.58
0.6	11.3
-0.73	10.25
0.49	5.76
-2.18	3.32
-3.5	1.8
-8.69	2.24
-8.43	2.2
-3.78	-0.62
-9.03	0.2
-11.69	-2.09
-9.65	-2.18
-12.1	-4.76
-13.23	-8.1
-10.47	-8.48
-10.82	-6.53
-12.06	-8.88
-11.17	-7.84
-14.1	-3.35
-17.4	-3.26
-12.64	-6.47
-13.6	-8.74
-10.79	-6.57
-10.91	-0.42
-14.68	1.08
-8.6	5.27
-3.03	4.4
-6.75	7.37
0.34	8.89
-4.11	10.7
0.99	5.96
-4.9	7.11
-6.35	9.18
-4.86	9.05
1.63	18.61
0.67	15.53
-0.39	9.43
-1.72	6.91
-1.74	6.73
3.01	15.18
7.75	13.78
2.52	17.62
2.71	11.58
-4.19	9.13
-0.93	9.81
-4.41	8.12
-6.85	6.28
-2.86	9.55
-0.33	10.11
-4.26	11.05
-2.59	9.79
6.24	9.36
6.93	13.4
0.14	13.78
1.71	14.33
-1.85	19.5
0.94	23.01
9.32	18.16
8.18	15.84
4.67	15.97
0.44	19.02
1.26	20.3
1.51	22.04
3.41	21.61
7.32	21.09
8.42	16.76
-0.32	19.08
7.63	20.84
4.94	19.35
5.27	15.19
2.77	21.44
2.95	13.96
-3.91	18.05
6.78	20.77
10.02	23.17
7.53	23.67
8.29	16.7
8.21	13.61
3.11	8.41
-1.67	9.77
-2.97	15.12
7.18	17.01
6.08	14.6
1.52	17.16
8.63	12.95
9.14	14.53
7.46	12.73
5.68	11.79
4.57	12.63
4.87	17.68
6.26	19.12
4.93	17.23
6.6	16.89
3.38	15.07
6.43	17.97
6.96	18.77
9.73	23.46
5.95	25.08
7.86	28.24
10.6	29.4
9.67	29
11.24	29.61
11.61	29.67
13.21	23.37
11.62	19.1
9.66	23.11
10.48	22.53
11.64	17.55
6.78	21.92
7.84	23.96
8.58	25.5
8.91	27
11.16	27.57
7.2	14.03
7.3	12.53
8.27	18.33
5.63	14.27
8.6	15.65
0.68	17.85
2.33	22.49
6.35	25.36
11.4	20.75
13.51	18.32
13.06	26.21
14.99	26.23
13.86	22.45
9.4	21.05
8.87	22.62
6.73	23.56
11.21	23.97
11.37	26.87
11.36	24.37
12.66	24.23
12.14	20.96
13.23	28.09
14.62	24.74
11.97	21.79
4.06	22.03
10.89	27.13
14.14	30.21
15.06	25.6
13.94	24.6
13.02	21.86
13.42	18.89
11.71	21.45
11.32	24.02
10.74	26.75
12.24	29.53
13.19	30.88
14.51	31.78
15.25	32.86
16.57	33.18
18.05	32.83
17.76	28.2
13.93	27.54
13	30.05
15.38	25.33
11.86	25.06
10.99	26.77
12.57	31.01
15.72	33.31
17.3	35.25
19.02	35.34
20.6	35.53
19.43	35.4
19.11	33.09
18.98	35.01
17.18	34.97
16.36	33.63
18.97	33.61
18.43	32
17.38	30.67
16.67	31.93
17	24.96
15.45	21.81
11.66	30.25
13.7	19.67
11.94	23.51
8.86	25.73
11.67	27.52
14.46	32.1
16.47	27.69
15.22	22.78
12.75	18.9
14.64	24.94
14.66	27.94
17.17	25.75
17.09	28.01
16.17	30.23
17.04	32.3
17.35	31
15.05	25.89
15.43	27.14
13.37	30.23
13.89	32.3
15.53	31.02
16.16	31.84
16.57	34.65
17.47	34.95
18.26	30.25
15.08	26.34
13.37	26.39
11.43	25.35
12.07	20.52
7.62	23.59
9.35	25.25
11.47	26.2
11.45	29.48
13.03	30.42
16.45	29.69
14.24	30.3
12.83	32.28
12.35	34.56
13.26	34.29
15.99	36.65
17.79	32.27
15.96	36.54
17.08	33.72
13.88	26.69
10.74	24.79
7.8	27.64
11.5	29.73
11.59	31.39
13.78	24.51
13.38	17.62
14.47	26.71
13.34	28.58
17.37	26.2
14.87	27.93
16.96	23.83
6.18	24.49
7.87	28.45
9.22	29.66
9.72	30.15
10.08	31.14
11.44	27.98
8.22	19.13
10.23	15.19
11.19	21.56
8.34	20.95
6.06	23.09
9	24.68
9.76	22.78
8.57	17.32
1.21	18.85
5.69	23.38
9.57	20.91
10.57	25.57
11.86	24.19
14.09	25.56
13.34	25.56
9.2	20.11
11.68	22.39
13.08	19.85
12.36	24.31
12.93	17.38
9.22	21.75
6	22.8
8.57	20.01
6.44	22.97
9.5	22.44
3.95	15.8
2.89	17.44
7.07	11.65
4.03	14.56
7	13.06
8.76	13.5
8.32	13.53
10.22	21.09
6.55	15.42
3.37	17.75
8.51	20.4
4.51	22.43
2.83	18.03
3.94	18.26
4.44	19.03
3.96	12.34
7.91	10.49
5.87	9.9
5.41	9.78
6.78	16.88
0.04	7.35
-0.46	3.43
-3.37	7.27
-2.5	12.5
4.58	8.21
2.49	10.26
1.87	16.08
10.37	18.68
7.34	17.07
1.38	9.46
0.24	11.87
1.85	13.5
1.92	12.63
0.38	11.93
3.57	13.84
7.36	10.79
8.84	12.71
2.11	9.97
0.61	9.39
5.35	8.22
5.42	9.6
4.76	10
7.06	8.63
4.19	7.77
6.29	8.72
7.07	8.43
6.24	8.68
7.52	11.05
4.42	9.31
4.2	13.07
9.84	15.08
9.32	17.46
8.05	13.28
3.32	8.12
0.35	4.76
0.24	2.56
-1.05	5.27
-2.85	4.11
-0.58	5.69
-2.82	1.17
-5.05	1.38
-4.63	-1.16
-7.94	1.96
-9.3	0.03
-9.87	0.37
-8.99	0.26
-13.31	-0.65
-6.89	4.69
2.18	8.73
1.09	5.94
2.35	3.45
1.63	2.85
0.78	4.77
0.47	4.5
-2.25	0.95
-0.55	1.16
-0.54	1.42
-0.33	10.03
2	12.5
4.39	11.95
0.4	9.07
2.48	7.53
-4.3	4.38
-5.23	2.92
-4.53	4.35
-3.15	2.58
-3.24	-0.64
-1.64	7.17
-0.01	9.09
3.51	11.15
2.85	7.43
-0.29	5.29
-0.92	0.46
0.2	5.03
1.54	4.17
-0.83	3.74
-5.43	2.31
-2.95	-0.78
-3.1	-1.22
-2.27	0.55
-1.46	0.43
-1.28	-0.01
-3.52	-0.84
-4.26	-0.65
-4.33	5.25
-0.03	5.6
-0.89	1.33
-0.97	1.3
-1.35	0.23
-4.95	-0.34
-10.12	-3
-12.87	-1.02
-3.29	-0.1
-6.06	2.98
0.3	9.17
0.19	12.85
-1.74	7.86
3.03	7.59
0.37	5.5
-3.41	5.07
0.02	6.64
-0.46	4.65
-1.69	5.79
-3.92	3.29
-1.72	0.6
-3.05	-0.58
-8.45	1.57
-2.73	0.57
-1.36	-0.11
-1.04	1
-0.89	4.23
-0.98	5.6
-1.6	5.13
-1.07	4.4
-1.99	5.57
-1.19	3.49
-4.12	1.39
-4.83	-1.3
-3.59	2.02
-0.59	3.91
0.79	4.73
1.21	3.71
1.57	4.68
1.93	8.21
-0.64	4.8
0.62	7.15
-3.53	10.12
-1.73	8.43
-2.46	11.07
4.41	13.62
8.42	17.01
8.23	18.41
5.39	14.48
8.3	10.78
1.81	14.21
2.7	8.92
3.06	9.87
-2.1	7.55
-2.06	1.38
-3.22	3.23
-4.4	5.27
0.97	4.32
2.18	13.55
-1.02	14.19
5.67	10.58
-0.72	8.06
-2	2.55
-3.09	0.78
-3.65	-2.34
-3.55	-2.12
-4.48	3.54
-7.27	6.77
2.26	3.93
2.04	5.28
1.31	4.52
0.47	4.9
0.86	3.35
0.58	2.64
1.14	9.57
3.13	7.09
4	8.07
3.2	7.99
-0.43	10.56
2.64	14.33
6.94	16.43
2.74	18.24
10.32	19.01
6.71	18.33
5.65	19.63
6.12	18.84
3.89	19.82
4.83	22.32
7.59	24.52
9.24	23.31
10.61	18.71
7.96	21.42
9.92	21.59
9.25	21.36
6.51	23.87
6.72	26.17
9.13	27.18
14.39	23.81
12.91	24.82
11.47	25.71
11.83	27.71
12.25	27.79
15.86	21.96
13.7	24.02
10.02	22.37
13.08	17.87
13.42	21.01
14.66	23.4
12.02	23.32
11.37	25.21
9.54	25.2
12.74	18.29
10.95	19.07
8.49	18.72
7.88	21.25
7.43	23.88
11.13	24.48
11.77	21.22
11.25	22.47
10.08	26.61
10.88	21.8
9.86	21.69
7.42	20.41
9.81	16.72
7.73	16.57
8.75	14.43
8.2	17.07
7.72	16.67
9.07	20.55
10.56	23.91
10.22	18.7
8.72	13.98
7.98	17
8.06	16.2
8.34	18.74
9.83	16.93
12.01	18.72
10.3	21.47
11.68	23.43
12.04	26.3
11.87	27.4
14.6	24.73
13.08	19.33
9.83	22.99
10.51	25.79
10.88	26.29
12.32	28.62
15.95	29.75
16.66	31.85
17.33	32.92
18.08	33.67
19.26	33.75
19.53	32.9
16.4	30.58
16.88	28.25
12.2	22.23
11.74	18.97
7.66	20.19
5.63	19.45
6.02	20.82
8.52	22.7
9.41	22.96
7.63	24.54
10.59	27.44
11.65	28.41
13.88	28.96
15.19	28.61
18.33	27.19
17.68	27.88
17.68	27.56
15.73	28.82
14.97	29.44
15.54	24.63
10.58	25.12
11.84	25.99
13.16	26.71
13.46	27.18
12.17	25.95
11.36	28.52
12.71	29.81
14.1	30.62
15.96	30.09
15.07	27.71
11.53	30.27
13.56	32.47
15.3	32.41
16.29	30.46
16.27	33.53
18.14	34.61
18.82	35.88
21.49	38.09
18.61	28.66
12.96	30.01
13.6	31.23
13.8	34.06
15.9	36.19
17.5	36.68
16.98	33.68
17.48	36.47
18.94	36.17
17.58	38.96
18.17	34.99
16.31	27.16
11.79	28.86
14.75	30.22
13.39	30.27
15.29	18.36
11.83	25.1
8.6	27.37
9.82	29.54
11.67	31.44
13.96	32.15
16.83	23.58
16.03	24.51
12.93	25.83
11.72	27.43
14.94	20.96
11.55	18.33
13.7	21.57
14.41	23.33
14.92	21.8
12.32	24.03
9.35	24.45
8.75	26.29
10.5	24.38
9.63	20.34
13.36	25.11
13.02	24.61
13.5	25.39
12.7	25.74
9.91	25.81
8.96	26.16
12.25	18.86
13.45	21.75
10.47	17.45
10.34	18.71
7.15	18.17
9.45	22.06
8.16	22.69
9.5	23.68
8.27	16.55
3.69	16.63
9.91	18.3
5.88	20.38
9.56	19.91
8.55	19.22
6.29	23.2
6.19	22.21
6.79	21.53
9.52	23.24
9.37	15.88
8.06	13.98
8.02	11.58
7.22	8.71
6.81	15.84
4.74	12.23
-1.19	11.42
-2.68	11.99
-2.19	10.33
6.76	12.36
8.47	17.27
5.32	19.26
7.56	16.66
10.57	18.83
9.9	20.23
7.74	18.29
9.41	19.36
4.85	17.97
6.58	18.28
7.79	13.99
3.9	17.46
2.36	18.32
1.76	17.13
8.14	21.47
11.17	22.67
7.75	22.7
13.72	24.22
11.99	21.29
7.65	22.46
8.12	21.51
6.19	21.29
10.8	23.06
8.92	20.4
7.81	13.44
2.35	14.5
4.82	16.48
4.91	17.28
9.43	19.02
8.33	10.96
7.65	10.83
2.52	10.27
5.16	16.24
3.84	16.87
8.09	16.21
4.49	9.79
5.38	8.62
5.56	8.3
6.44	7.58
4.04	7.21
4.94	7.25
1.8	10.45
0.71	8.97
3.97	7.69
5.1	7.68
6.64	7.97
4.51	8.29
5.29	6.97
6.32	9.09
6.64	8.24
1.03	6.44
0.25	2.83
-1.05	2.44
-4.86	4.35
-4.06	7.37
-0.71	5.67
-3.69	6.79
-3.93	7.44
-4.83	5.31
-5.58	4.25
-5.09	4.94
-1.39	6.5
-3.14	5.13
-1.41	7.39
-2.74	6.89
3.8	9.75
-0.17	5.48
-0.37	4.37
-2.62	0.68
-1.3	-0.24
-1.86	-0.39
-3.29	-0.48
-3.41	-2.12
-3.23	-2.31
-4.52	1.85
-2.69	6.63
-1.07	4.77
-0.22	7.66
-0.06	3.15
-0.38	12.1
7.31	13
7.54	11.27
4.97	8.36
0.35	10.74
2.63	7.9
3.46	7.26
3.02	5.06
3.51	5.11
2.9	9.09
1.32	12.21
-0.46	10.06
7.95	11.68
3.64	10.23
1.81	7.18
2.1	4.54
0.83	4.28
1.82	7.31
1.48	6.16
-0.53	9.18
-1.99	8.98
-0.16	10.14
2.03	7.7
-0.52	8.78
5.79	13.24
5.36	13.97
5.11	12.23
5.53	12.09
3.46	9.05
2.49	5.44
1.14	4
-1.49	1.51
-5.11	0.04
-10.63	-4.25
-7.76	-3.52
-4.6	-1.69
-3.96	-1.09
-6.59	-0.65
-2.88	-0.86
-4.93	-2.05
-2.54	-0.3
-3.46	-0.35
-1.94	-0.65
-2.2	0.5
-0.96	1.74
-2.09	10.01
3.08	8.47
0.79	10.81
-1.39	8.8
4.76	8.08
1.36	5.52
-2.61	9.31
3.17	10.01
0.64	12.18
5.36	14.29
2.63	7.04
0.4	6.05
4.63	10.3
4.55	10.94
4.61	9.08
4.8	7.75
3.33	8.47
2.43	11.7
-0.69	8.66
-0.23	12.88
3.26	13.78
3.43	11.66
0.53	14.13
3.52	10.19
2.51	7.98
4.98	9.74
6.11	11.71
6.3	10.21
4.17	10.31
2.25	12.52
1.71	12.46
1.97	11.4
-0.67	14.86
0.87	15.78
0.16	16.5
0.32	19.04
2.23	17.62
6.84	19.96
4.95	22.52
3.59	19.89
8.51	17.7
2.91	19.9
4.63	21.38
9.65	19.37
10.69	16.01
4.33	13.63
-0.18	10.7
1.11	12.74
2.61	13.9
6.42	17.49
3.17	19.87
3.12	21.16
3.9	21.11
6.47	19.9
5.85	20.79
5.88	20.4
7.98	21.39
11.41	18.43
10.43	19.65
8.03	20.87
7.33	24.01
8.31	18.03
2.62	13.61
2.17	15.33
2.27	15.2
2.27	17.36
3.97	20.46
4.49	11.01
3.89	11.98
5.07	11.65
2.94	18.84
9.73	19.29
8.87	14.63
8.99	18.45
11.06	19.9
9.53	20.02
12.75	20.47
13.02	16.99
11.84	17.1
7.56	21
9.07	20.99
9.49	19.69
9.34	22.25
8.8	22.5
7.4	22.74
8.72	14.48
7.09	15.46
4.68	16.51
3.21	20.48
7.67	21.51
10.04	21.18
7.77	23.58
12.28	22.99
9.39	21.18
5.9	18.83
8.8	12.99
6.45	15.27
8.82	12.33
9.18	11.33
8.22	15.58
10.22	19.62
8.22	23.21
9.07	24.51
10.1	26.01
12.93	27.56
14.43	28.68
15.84	26.98
14.21	25.86
12.69	25.94
13.37	24.88
11.46	19.83
11.13	20.71
10.25	16.95
6.35	17.62
9.14	20.6
8.76	21.9
8.98	21.91
7.34	23.87
10.72	22.73
9.54	26.55
11.02	28.98
13.42	30.82
14.42	31.68
14.66	32.77
15.69	33.9
18.04	29.9
15.26	26.53
14.62	24.05
10.47	23.49
10.69	22.83
13.29	19.46
11.68	25.35
10.53	26.62
12.16	22.14
9.23	22.78
9.73	27.32
13.62	27.47
15.39	23.82
12.96	18.42
9.97	22.65
11.37	24.64
11.63	27.31
15.07	29.69
12.53	24.66
9.36	23.5
11.43	26.71
13.96	25.88
11.61	26.37
14.54	27.78
15.17	29.97
15.85	31.5
18.11	27.16
15.53	22.34
13.52	17.51
13.59	20.69
13.48	26.88
14.29	25.85
14.3	25.67
15.58	28.33
17.23	29.42
16.95	29.67
15.18	29.37
16.44	30.5
16.8	31.1
18.88	29.26
15.08	22.37
18.02	27.2
13.9	27.55
16.83	27.67
16.26	29.22
16.12	26.03
17.88	24.45
17.54	27.51
16.7	28.16
16.78	25.62
17.36	26.71
16.49	28.92
16.65	29.68
14.38	27.52
16.38	25.49
16.54	23.46
16.81	25.7
13.7	28.59
14.52	30.32
15.97	29.45
16.57	30.59
16.4	24.06
14.21	26.97
13.12	23.27
12.67	21.82
10.33	22.59
9.52	23.66
9.8	24.83
11.32	24.67
14.51	20.92
11.87	21.88
10.75	22.58
12.06	21.47
12.89	22.4
9.74	21.03
10.33	21.91
14.39	24.38
7.4	22.73
8.32	23.62
10.26	25.35
13.69	23.83
11.6	19.41
12.69	15.48
13.43	20.45
15.28	22.08
15.45	24.67
15.71	20.55
14.47	21.14
12.64	24.78
12.49	26.48
14.82	18.74
12.45	15.36
11.8	15.47
12.56	20.43
13.14	18.33
13.14	20.28
13.11	20.99
10.5	21.54
7.94	21.41
10.57	24.46
13.06	24.14
15.25	26.03
12.14	19.38
6.86	17.31
5.61	18.6
7.34	16.28
7.37	14.02
10.96	18.24
7.55	21.72
7.16	21.55
7.52	16.46
10.65	18.62
12.87	17.65
10.07	18.09
8.95	15.58
10.15	18.33
5.61	18.17
7.72	18.8
11.01	22.58
13.46	24.97
12.68	25.19
10.69	25.51
10.65	23.41
12.07	25.91
13.57	24.76
11.54	18.69
12.29	22.1
12.63	21.62
7.48	20.8
7.14	21
7.39	23.11
11.29	18.17
5.16	14.93
5.61	9.38
6.83	9.46
4.76	8
2.6	8.1
2.62	9.27
-0.99	8.85
-0.98	9.25
2.31	10.15
4.42	12.11
4.56	14.82
2.76	13.84
3.05	12.2
8.42	17.88
8.95	20.32
11.15	16.75
10.45	17.58
9.64	14.41
8.56	12.46
8.05	17.97
9.34	18.53
8.88	14.98
8.69	11.42
10.33	13.42
9.65	13.36
8.67	15.28
8.47	11.45
8.08	14.19
5.7	12.66
4.44	11.98
2.9	9.03
0.33	9.39
-0.21	6.39
2.43	4.93
1.17	5.01
0.95	5.44
1.02	3.08
1.23	2.87
2.64	3.25
2.7	3.49
2.09	3
0.73	2.19
1.4	3.58
3.49	4.14
3.9	5.1
4.41	5.25
4.58	5.52
3.34	6.33
2.41	4.12
-1.74	4.78
-2.84	6
-2.28	7.69
1.1	12.98
2.25	11.08
-0.68	9.95
-0.98	6.95
2.27	8.25
1.23	9.53
3.26	13.72
2.24	12.32
0.93	10.1
-2.29	9.64
2.41	13.31
-2.16	10.29
-2.16	8.62
-0.63	6.26
-3.27	1.25
-5.03	0.65
-6.78	-0.27
-8.5	-2.21
-14.68	-4.05
-10.99	-2.06
-3.88	3.83
-2.59	4.93
-1.04	6.69
-2.76	3.8
-1.5	4.25
-5.32	-0.52
-5.89	0.21
-2.95	5.76
3.13	13.8
0.67	7.93
-0.93	8.26
-2.08	11.07
1.8	10.75
-1.36	7.98
3.39	13.57
6.05	11.23
1.66	9.48
0.4	5.42
-0.55	4.97
3.12	4.76
3.68	6.56
4.36	6.12
0.8	4.67
0.92	2.88
-1.64	3.93
-4.37	0.62
-4.17	5.13
-2.43	2.09
-0.66	3.6
-2.04	5.4
-3.06	2.35
-2.85	4.54
-4.47	1.94
-0.72	1.32
-1.54	1.07
-2.35	0.44
-5.89	0.64
-10.15	2.56
-3.59	0.15
-1.49	5.11
-0.86	4.55
-0.76	5.86
-4	5.47
-3.05	6.55
0.48	10.65
-1.89	10.47
-2.5	5.48
-2.06	5.45
-3.98	7.43
-3.97	10.69
0.22	11.66
0.96	7.91
3.19	6.31
4.1	5.94
3.86	6.96
3.2	9.56
-2.01	8.35
0.75	9.71
0.35	10.82
3.52	11.84
0.38	11.39
-0.06	10.74
3.57	7.69
1.01	7.37
-1.55	9.58
-3.38	10.17
-2.23	10.52
-2.14	13.83
0.37	10.8
3.35	7.6
4.3	6.28
2.49	8.27
0.98	9.32
0.58	13.12
2.51	13.89
-0.77	12.93
-1.68	12.03
-2.19	12.8
-0.58	17.3
2.51	13.66
-0.37	13.5
0.4	16.43
3.21	14.71
7.59	19.91
7.94	11.86
7.12	12.15
-0.14	16.29
8.12	17.27
1.09	19.24
2.55	14.26
-0.53	13.71
-0.62	11.47
-1.58	9.92
3.24	9.86
0.18	9.09
2.62	9.31
3.43	10.2
6.81	14.35
1.31	19.3
3.79	22.05
8.48	21.02
4.57	23.71
7.53	17.55
5.17	24.74
6.03	27.15
10.83	21.21
6.7	12.78
-0.29	13.4
0.63	18.5
8.37	20.61
6.74	20.63
5.47	23.28
8.37	19.92
5.85	22.84
11.36	23.64
11.57	23.43
10	17.16
8.7	17.06
2.12	18.4
4.8	18.3
11.8	19.97
10.73	19.79
12.1	25.08
13.26	28.23
14.66	27.8
9.72	22.91
9.61	24.46
9.25	24.45
11.79	22.82
10.06	20.74
5.14	24.07
10.7	25.78
14.2	24.05
11.87	17.06
12.24	20.06
10.75	21.66
10.06	23.43
10.91	28.24
12.01	26.48
10.01	15.3
10.86	12.27
10.73	13.43
8.5	19.32
11.75	17.19
13.19	17.28
11.72	16.18
7.35	18.04
5.84	23.5
9.59	25.06
14.28	22.48
11.24	26.45
13.06	28.54
13.34	29.94
16.22	28.26
14.04	26.55
11.59	28.74
14.13	29.24
13.15	29.23
14.31	26.59
13.89	26.72
13.74	28.86
15.15	30.49
17.68	31.48
16.25	31.31
15.59	26.52
14.7	22.31
14.15	20.47
7.88	23.56
13.26	21.22
9.51	20.48
6.72	20.82
8.68	25.52
11.4	21.49
10.89	20.12
8.68	23.63
11.46	25.17
13.04	24.97
15.3	24.6
10.78	24.58
11.22	27.35
14.7	29.8
16.66	30.75
17.13	30.19
14.94	31.17
14.43	31.83
15.6	34.36
19.45	35.33
19.7	33.58
15.89	23.28
11.38	24.66
11.72	27.64
15.55	31.14
18.26	25.22
17.15	28.25
17.74	30.32
18.33	31.69
20.07	34.35
19.39	31.87
18.86	34.51
19.5	32.3
19.08	33.67
19.57	35.12
19.57	34.61
20.52	33.06
19.31	32.55
15.53	22.35
13.63	19.64
16.28	23.68
14.39	20.98
14.72	19.14
14.91	24.63
9.19	26.17
15.91	27.8
15.37	29.27
16.43	31.06
17.61	32.45
16.67	33.74
17.92	34.15
17.99	34.58
15.89	33.82
14.82	33.83
14.9	34.54
14.98	35.64
16.33	36.18
16.45	35.15
17.51	34.1
17.33	29.59
17.38	23
16.22	25.86
14.77	23.97
15.35	20.04
11.85	22.78
11.26	24.34
12.24	24.13
13.23	27.58
15.34	22.81
12.92	26.81
12.45	27.29
15.26	31.81
14.66	32.84
14.77	33.93
16.1	32.62
14.29	33.22
14.07	27.38
12.92	25.28
14.22	23.1
13.68	17.84
10.9	20.69
4.96	20.21
10.54	19.88
5.43	20.59
8.45	19.56
11.91	19.72
7.32	23.31
9.26	24.32
12.39	27.43
14.45	27.21
16.2	28.08
18.63	31.14
15.42	27.81
14.84	22.53
13.59	21.96
7.04	20.7
3.75	21.23
7.37	24.33
11.1	18.29
11.66	15.98
11.93	17.08
11.24	16.82
8.46	16.69
8.57	16.21
7.05	14.99
5.49	17.18
5.44	18.91
5.63	20.37
10.52	22.96
9.88	21.2
7.98	20.31
13.15	16.19
11.65	16.64
10.96	16.2
8.87	13.6
5.11	10.96
1.34	9.12
4.41	8.87
8.01	9.66
8.06	11.98
10.69	16.42
5.56	11.98
4.47	13.48
6.55	9.96
5	11.93
2.03	13.13
4.89	12.82
1.37	14.87
2.35	15.65
0.91	14.44
3.38	16.03
3.51	14.28
4.64	9.82
7.07	11.51
3.45	15.41
-0.09	14.82
-0.83	12.57
-3.04	11.81
-1.91	13.54
0.5	12.75
-0.54	14.57
0.92	15.83
2.95	16.99
5.97	22.33
4.93	19.69
10.72	20.86
8.25	22.3
4.86	19.64
3.01	15.87
3.93	13.65
4.78	13.37
6.84	20.65
2.28	13.6
7.17	18.59
1.64	16.46
4.84	15.07
3.91	14.23
1.99	6.78
-1.59	5.61
-0.83	4.2
-1.08	2.44
-0.65	3.69
2.42	5.17
-0.71	5.3
-2.41	8.86
1.4	12.05
3.13	14.81
4.17	12.49
-0.05	8.86
1.01	6.69
0.22	6.99
2.07	5.04
0.86	4.11
0.42	1.97
1.65	3.13
1.94	8.84
-3.51	6.84
-2.09	2.18
-2.77	4.39
-2.53	6.79
-0.22	3.28
1.24	6.02
1.22	3.22
-0.14	1.91
-0.25	8.25
0.3	3.33
0.84	4.56
-0.88	9.3
-0.45	10.76
-0.45	10.65
-0.52	6.87
-2.03	10.07
-2.5	3.36
-3.62	7.79
-1.18	2.97
-2.84	3.42
-8.29	-1.18
-6.42	0.15
-6.21	-1.18
-6.15	-2.7
-9.14	-5.8
-11.73	-3.24
-3.69	-1.57
-5.93	2.07
-4.12	1.09
-0.01	2.83
-0.17	3.32
-0.34	14.07
3.16	11.17
-0.83	8.96
-1.1	7.66
-0.78	4.56
-4.22	3
-4.2	0.56
-5.4	-0.12
-9.69	-1.4
-8.18	1.11
-7.03	1.74
-9.12	0.91
-9.72	-2.16
-6.57	7.36
-2.25	5.12
-0.92	12.46
-1.92	12.01
1.16	15.38
0.33	11.75
-0.93	11.24
4.49	10.37
3.15	15.3
4.85	12.28
1.05	10.95
-0.47	8.44
-0.31	7.59
-1.95	11.69
4.19	11.43
6.04	13.76
5.69	14.98
0.27	11.89
-0.91	10.17
-2.24	5.23
1.05	6.38
0.33	10.04
4.36	8.52
4.22	6.38
2.67	5.41
3.47	6.27
3.81	6.2
0.82	8.33
3.55	13.89
5.14	16.63
9.05	15.05
2.82	11.07
-1.26	7.41
2.23	6.15
-2.9	8.25
0.92	10.03
5.06	8.88
4.99	9.29
-0.77	11.5
3.42	8.28
2.77	9.54
1.25	11.79
6.09	13.65
2.18	7.02
1.47	7.87
0.43	9.68
1.25	13.33
6.15	8.7
4.93	8.68
3.95	8.94
3.16	9.46
-0.44	5.44
1.45	7.75
0.6	11.97
-1.85	14.65
1.53	13.47
0.12	15.13
3.52	11.03
4.5	12.05
1.58	8.62
2.63	10.74
0.25	11.24
4.77	10.93
0.66	14.82
3.3	15.35
4.59	17.81
2.71	19.25
8.13	22.33
10.14	22.68
5.84	16
3.49	22.13
10.38	25.36
12.71	25.49
10.3	22.08
7.63	21.76
9.53	16.9
7.22	13.59
6.01	15.52
3.89	18.1
4.2	23.14
5.95	22.44
8.48	18.3
2.28	21.51
8.24	23.52
13.26	24.12
10.42	20.36
9.13	16.25
5.56	16.95
0.77	19.87
3.7	21.52
5.83	20.73
5.9	14.1
3.93	10.87
-2.34	15.93
2.79	12.68
0.73	9.06
2.1	15.94
0.85	18.22
5.1	13.99
10.76	14.21
9.47	18.77
10.23	15.07
8.9	18.92
8.82	22.37
6.49	23.1
7.69	21.08
8.84	22.58
9.87	19.11
12.51	18.48
14.02	16.33
10.26	20.16
11.87	18.79
8.4	15.3
2.05	15.55
5.96	16.63
6.77	20.33
6.49	21.1
10.22	21.05
7.62	24.19
9.19	25.62
11.52	26.42
11.36	16.87
11.35	24.11
13.07	25.08
11.63	27.04
15.04	28.49
16.21	28.87
13.02	25.07
12.41	24.91
12.17	23.69
10.44	23.84
11.49	25.03
11.84	25.46
12.84	24.68
13.43	26.19
11.89	23.88
9.48	25.37
13.16	23.95
14.31	22.85
10.95	26.16
14.49	21.27
12.89	23.59
11.83	25.1
13.92	22.2
13.25	28.8
17.14	27.03
10.78	26.16
12.7	21.02
14.1	22.01
11.38	27.38
14.07	28.58
15.94	30.7
17.49	32.68
19.48	31.76
17.66	26.97
16.2	22.91
10.86	25.63
11.66	29.27
14.75	29.37
16.25	29.59
16.39	30.95
17.76	25.79
10.97	26.33
12.3	28.48
18.35	26.94
11.65	25.54
12.49	27.84
16.61	28.88
16.34	30.94
17.04	32.85
18.39	32.58
18.85	27.81
14.11	23.3
12.16	20.62
13.75	18.52
13.77	23.19
15.21	27.99
15.63	27.87
15.56	28.19
16.19	30.32
17.95	29.27
18.75	30.21
19.27	29.83
19.25	26.04
17.38	27.73
17.5	28.73
18.31	26.7
16.96	29.16
16.68	30.92
18.71	31.5
16.39	25.88
13.19	26.59
14.55	28.13
14.35	29.89
16.06	31.45
14.71	24.38
14.44	25.42
11.03	27.36
11.46	28.3
12.36	20.13
9.28	19.45
6.2	21.96
12.94	24.84
11.76	28.08
14.14	28.22
13.51	26.12
14.58	23.61
12.02	24.59
15.08	22.44
13.31	27.22
16.28	22.16
13.37	19.86
13.75	24.94
13.13	26.46
12.09	26.76
11.5	27.7
12.02	28.76
12.88	28.94
13.24	29.25
16.28	26.93
11	25.65
9.19	27.31
12.24	28.33
12.33	28.49
12.65	28.75
14.91	22.54
12.36	17.87
13.93	24.73
13.55	27.15
13.14	28.58
13.53	28.04
13.92	28.85
14.72	29.96
13.75	29.21
13.54	26.75
12.35	27.02
15.4	28.16
15.89	24.09
11.55	21.42
13.89	21.83
12.02	19.18
4.99	17.67
6.59	18.43
3.18	21.1
6.11	22.83
5.26	22.75
7.3	21.26
7.55	21.66
5.09	22.78
7.22	24.76
7.95	24.51
7.67	25.51
9.6	18.87
10.38	16.39
6.48	13.06
4.15	12.17
3.46	12.46
4.17	9.99
-0.74	14.37
5.46	13.98
0.16	10.25
5.5	8.44
2.17	11.85
-0.97	13.49
4.46	15.44
6.19	14.24
8.79	18.66
8.67	17.65
6.98	12.8
4.94	12.45
7.09	9.72
5.94	9.22
1.58	12.54
1.02	13.89
6.48	20.08
13.13	21.75
9.19	16.04
5.66	12.18
1.1	12.33
3.25	15.97
3.3	12.74
0.21	12.39
0.6	14.78
2.58	17.36
4.11	10.71
-0.61	8.99
0.46	13.19
7.62	15.85
3.03	7.84
1.05	5.59
-0.62	6.64
-0.24	9.26
-0.83	9.41
0.86	5.39
-1.45	4.75
-3.96	4.36
-4.34	4.1
-1.79	4.73
1.87	10.9
1.69	16.26
10.3	16.51
7.26	15.64
7.06	16.1
5.78	16.67
4.44	15.1
3.73	14.18
5.33	8.69
3.71	7.92
5.49	8.31
0.18	6.44
-2.58	2.74
-5.85	4.36
-2.99	6.52
-4.45	8.13
-4.66	5.41
-5.49	3.29
-3.05	3.15
-5.95	-1.61
-5.09	-0.12
-2.92	-1.28
-3.86	3.01
-4.75	8.9
-4.06	7.76
-1.23	10.75
-3.35	6.52
-3.06	3.14
-0.2	4.21
-1.44	2.59
-5.31	3.12
-5.06	-1.35
-2.55	-0.84
-4.14	-1.83
-4.38	-3.32
-3.95	-3.11
-4.28	-2.79
-2.9	-1.56
-2.48	1.63
-1.5	8.5
-1.34	8.69
0.5	6.16
-2.13	3.03
-6.77	1.96
-8.92	2.95
-8.47	4.21
-9.59	0.84
-5.97	3.55
-4.88	1.43
-5.46	1.69
-7.06	-2.78
-10.64	-4.76
-11.26	-5.49
-10.04	-2.09
-13.38	-3.63
-16.11	-3.44
-7.81	3.42
-0.04	4.94
-2.93	2.32
-6.93	2.57
-8.53	-0.35
-3.5	-0.62
-3.3	-1.49
-8.43	-1.85
-13.37	-0.4
-13.14	-0.44
-12.28	-0.84
-13.15	-5.43
-7.91	-5.11
-5.67	-2.38
-4.19	-0.99
-9.53	-2.26
-10.35	-5.19
-6.89	-5.52
-8.6	-6.26
-8.67	-3.11
-3.62	-0.51
-1.58	5.88
1.74	11
-0.64	9.82
-0.23	10.67
3.2	6.54
0.52	5.09
-2.74	1.02
-2.29	-0.32
-1.03	1.09
-1.19	2.62
-0.46	4.66
-1.64	4.38
-5.31	6.62
-4.49	10.5
-3.74	8.54
-3.92	3.63
-0.46	8.92
-2.02	9.47
-2.32	9.95
0.19	10.69
1.97	14.43
5.48	15.91
4.98	13.13
-1.15	9.7
-3.01	10.26
0.28	14.87
6.59	14.61
3.99	13.34
0.74	13.81
1.61	13.66
6.55	17.87
7.43	14.35
3.46	9.94
3.07	11.12
5.09	12.34
1.24	15.56
4.58	11.02
4.76	10.74
1.3	8.91
-2.24	11.95
-1.06	13.78
0.36	14.25
1.08	16.33
0.39	18.74
7.92	15.07
7.65	14.67
4.45	19.75
4.6	20.24
6.76	20.7
3.03	21.49
4.91	16.7
3.39	15.09
2.66	12.15
-1.74	14.32
-0.42	20.32
2.33	22.92
6.14	19.8
3.45	21.82
6	24.02
5.43	23.94
4.72	23.5
8.51	19.48
9.75	15.5
8.04	12.65
4	12.53
7.94	17.08
4.68	19.16
4.88	23.35
7.91	17.06
0.77	17.57
8.08	20.33
4.49	19.49
9.7	17.43
9.08	16.75
2.8	14.45
5.28	10.66
1.76	6.94
1.54	5.89
-1.49	12.96
-0.04	18.19
5.38	13.74
3.1	18.12
9.93	21.76
11.29	20.78
8.12	17.15
6.11	8.46
1.61	13.5
0.12	16.45
9.13	18.9
9.67	20.73
8.19	15.89
6.78	21.17
8.22	15.07
7.94	22.32
11.53	19.57
8.84	21.25
8.45	16.12
1.65	16.04
6.09	23.04
12.99	25.81
12.59	22.51
9.81	25.43
13.78	20.44
10.44	24.1
12.49	23.99
8.09	25.73
10.44	27.29
11.68	22.47
12.28	20.91
11.01	25.32
13.79	25.36
11.64	20.76
10.08	19.58
10.17	22.44
10.99	25.06
9.93	25.49
9.42	27.59
12.07	29.84
16.26	29.63
16.22	27.11
16.04	27.78
14.8	28.51
14.71	30.03
12.6	25.9
12.99	27.92
12.5	20.58
7.54	23.22
7.4	26.24
11.22	24.83
9.96	26.14
10.5	30.78
17.9	28.8
16.04	25.64
11.61	28.6
14.21	25.73
14.54	22.65
14.46	25.09
11.63	29.12
12.37	31.93
16.49	32.19
15.29	34.69
18.08	34.48
15.76	32.75
18.21	28.81
15.45	29.45
15.13	30.12
17.01	31.64
15.39	26.88
14.15	28.26
16.03	26.53
12.34	25.18
14.88	25.03
10.54	28.35
13.79	30.68
15.25	32.16
16.76	32.8
17.33	32.89
18.41	33.19
18.94	34.68
18.9	30.61
17.63	29.53
17.22	26.79
10.16	21.92
12.82	22.79
10.73	24.38
10.09	27.94
12.04	29.83
14.54	32.66
14.82	32.89
17.46	31.57
18.18	33.38
17.84	30.44
18.16	26.37
14.79	25.45
13.29	24.29
14.9	22.93
14.48	29.48
15.82	29.09
16.54	32.8
16.56	33.03
16.67	34.97
19.18	35.09
18.64	35.85
19.14	37.63
19	32.4
16.96	28.24
14.69	25.76
14.22	27.86
17.06	32.53
18.44	33.97
17.03	30.29
13.31	24.67
12.66	24.96
11.67	28.17
11.69	30.03
12.72	30.82
15.33	31.22
14.78	32.93
15.16	27.27
13.53	23.77
8.2	23.1
7.65	23.96
8.67	25.48
9.86	29.95
13.83	31.53
14.92	34.2
16.67	34.27
16.47	26.37
11.48	25.99
9.74	28.39
12.3	31.68
16.4	26.94
12.64	19.12
11.16	17.67
6.71	22.53
8.33	23.86
8.85	24.92
12.71	19.78
9.43	21.41
10.4	24.73
12.48	25.79
13.23	21.27
13.06	18.65
8.67	20.96
12.47	25.29
9.47	19.65
10.35	16.72
10.93	15.09
7.91	18.41
10.34	14.5
9.09	13.46
9.02	16.94
7.33	19.99
6.52	20.6
8.92	19.24
9.51	17.07
10.79	19.99
11.15	19.14
7.59	20.42
5.89	19.07
3.25	17.86
1.51	17.57
1.39	17.95
5.67	17.17
6.91	18.79
8.79	22.95
7.27	17.42
2.79	16.14
2.94	16.18
6	14.16
6.8	17.76
6.91	19.89
4.94	22.61
6.77	20.99
6.07	20.61
5.89	22.2
6.11	23.21
5.81	23.07
7.16	22.81
4.29	17.91
5.24	18.58
5.6	17.2
5.92	12.53
7.49	10.54
9.11	14.72
2.36	16.25
3.24	18.69
5.81	13.42
1.81	13.48
4.62	17.81
0.25	11.88
1.04	11.95
-1.86	12.74
1.53	14.28
4.76	13.96
1.74	13.88
5.91	17.25
6.69	10.35
6.61	10.2
7.31	8.85
5.19	9.63
6.29	11.34
1.85	11.46
4.87	10.49
3.23	11.35
2.68	7.65
-2.23	5.83
3.87	5.7
3.97	5.01
2.33	8.54
-1.29	6.06
-1.67	9.96
1.71	9.95
4.18	15.53
2.13	15.46
1.37	7.98
1.36	13.73
3.71	12.38
-2.19	7.31
-3.37	5.66
1.27	4.27
0.7	3.75
-0.3	3.76
-2.3	2.88
-1.74	2.74
-5.93	1.98
-2.9	5
-1.99	6.85
-4.57	0.19
-3.86	10.27
-1.11	6.56
-6.31	2.3
1.98	12.78
7	14.79
0.63	7.09
0.84	7.67
2.49	9.53
0.65	6.33
-1.65	4.52
-2.67	3.06
-5.72	2.76
-2.63	0.28
-1.01	3.86
-2.04	5.07
-1.72	7.92
0.4	13.79
-2.53	7.73
-1.2	11.24
1.61	11.75
1.02	10.41
-1.54	4.7
-3.12	4.49
1.03	10.97
3.73	9.04
0.96	6.07
-2.64	6.49
-1.51	6.95
2.12	11.66
5.99	14.53
3.67	12.96
2.77	6.9
4.62	6.43
3.66	5.66
3.26	6.57
1.58	5.7
1.43	4.21
-0.75	1.61
-2.75	-0.46
-2.17	7.64
0.73	6.5
-2.61	6.35
0	6.21
-1.93	6.74
-0.07	5.7
-2.52	2.89
-1.09	6.26
-1.87	8.85
-0.87	8.01
-0.44	7.67
0.46	4.44
1.1	5.13
-0.75	13.74
0.05	11.97
-1.85	6.75
3.22	12.9
0.4	9.89
-0.17	1.74
-1.42	6.36
-4.06	3.51
-1.63	0.88
-1.14	0.84
-0.29	2.79
-0.45	2.37
-0.91	1.49
-3.85	4.14
-2.79	1.81
-0.1	2.17
-0.43	3.17
-4.36	4.47
-2.77	4.13
-1.92	3.98
-0.1	3.66
-1.79	3.04
-0.9	1.15
-1.24	0.52
-1.98	-0.37
-2.24	0.01
-4.08	-0.52
-9.63	-3.51
-12.22	-7.1
-10.51	-7.31
-13.1	-5.57
-16.87	-5.52
-7.45	-3.62
-5	0.33
-2.15	2.49
-2.23	0.35
-1.86	3.35
-1.37	10.69
1.66	10.66
0.49	13.19
4.63	15.01
3.19	16.4
8.91	16.56
3.8	16.83
5.16	13.54
4.77	14.43
7.46	11.92
2.85	7.67
-3.43	3.09
-3.77	-1.26
-3.32	2.36
-2.01	4.27
-4.62	5.01
-3.34	6.86
1.43	8.57
-0.95	5.42
0.62	10.21
3.15	10.43
-0.07	13.31
8.26	10.85
5.67	14.48
8.25	13.76
5.83	14.31
1.59	16.32
9.38	19.8
10.99	17.88
10.21	17.8
7.08	14.18
1.6	14.48
5.94	20.88
6.93	25.03
8.9	18.74
9.41	20.55
7.96	22.16
11.04	20.6
4.87	22.51
10.3	21.96
13.82	20.69
13.56	20.23
10.01	21.28
7.87	24.55
10.09	24.79
7.34	26.15
8.06	27.68
11.08	27.66
13.61	24.15
10.53	26.98
9.97	21.71
9.63	19.48
8.14	26.09
11.46	28.7
12.19	26.2
11.46	23.78
12.45	27.27
11.89	26.18
15.81	24.64
15.16	22.84
12.17	22.53
11.55	23.73
9.6	22.99
9.12	24.84
11.38	25.78
14.74	22.8
12.3	26.12
12.3	25.82
12.52	19.13
11.85	17.15
7.2	20.35
9.44	21.36
11.85	22.41
10.82	22.07
11.61	22.94
11.42	23.41
9.8	24.55
12.26	25.48
14.99	25.62
15.31	22.42
12.43	26.15
13.49	28.16
15.36	29.14
16.42	28.85
16.71	27.59
13.82	29.16
14.91	29.62
14.06	27.99
14.9	27.27
14.46	28.46
15.85	28.96
14.49	28.9
16.44	27.65
15.41	28.94
15.92	25.07
15.49	28.68
16.13	30.44
17.68	30.77
14.86	23.84
13.59	19.41
13.68	21.71
15.64	26.06
17	27.29
15.44	27.05
16.85	27.59
16.38	29.56
15.94	30.81
12.14	25.81
6.58	20.52
10.63	20.81
11.51	19.89
9.91	23.59
11	21.72
13.74	22.27
16.16	25.4
16.51	25.83
9.29	22.1
8.73	23.28
15.24	26.83
17.68	26.86
14.3	29.84
16.35	24.07
17.07	26.26
12.7	26.07
13.94	27.36
13.76	28.31
15.7	22.88
15.42	24.09
13.96	27.58
14.61	29.09
14.48	27.06
13.47	27.8
15.7	27.67
16.21	29.3
17.24	28.89
14.34	29.8
15.8	30.18
17.6	27.16
17.32	24.83
16.12	28.9
15.93	29.33
17.74	28.85
17.06	29.15
17.99	30.39
18.05	32.3
18.9	32.34
18.45	32.15
18.62	31.71
18.99	28.95
18.13	31.31
17.67	31.56
15.79	32.12
17.09	31.69
17.21	32.17
16.23	32.89
17.7	33.39
18.44	31.98
16.36	26.65
15.14	28.99
15.1	31.34
16.5	26.38
15.1	27.05
13.83	28.17
12.7	29.5
14.76	30.98
15.3	31.99
15.14	32.6
15.72	31.65
15.83	31.7
15.83	32.8
16.58	31.37
15.6	21.45
11.4	17.98
9.28	22.85
9.65	27.4
11.88	27.63
11.69	27.48
13.32	25.58
14.89	21.76
15.62	20.32
15.6	23.03
14.76	19.6
14.78	25.4
11.23	25.89
12.59	25.44
14.76	25.52
11.29	26.32
12.39	27.04
12.31	28.71
11.83	29.63
12.33	28.27
14.02	26.59
13.39	25.38
12.68	25.96
11.38	26.75
10.77	26.55
10.92	27.05
12.27	27.56
11.4	27.95
10.66	19.63
10.98	19.19
8.42	17.79
2.35	14.2
0.35	15.85
1.14	20.52
3.94	21.74
6.67	16.17
0.15	16.97
0.51	18
6.79	14.66
2.23	18.97
4.45	18.78
2.94	19.41
4.58	22.28
10.29	20.24
12.75	19.91
7.47	22.56
7.48	22.89
5.72	22.87
5.11	21.52
5.23	21.72
4.24	20.55
4.03	17.99
7.06	17.69
8.27	21.41
8.66	20.84
7.46	20.18
5.01	18.83
6.86	13.25
6.47	14.44
4.62	16.01
7.34	19.12
5.73	17.1
3.59	17.43
8.54	19.33
7.76	17.29
12.2	21.63
13.14	20.12
5.63	18.91
5.62	18.64
8.9	19.47
12.06	15.45
11.82	14
9.34	14.07
6.01	16.92
6	16.97
5.92	14.09
6.2	11.29
7.62	14.93
7.35	19.78
5.61	19.37
6.57	15.47
6.11	14.06
1.44	11.47
0.28	9.93
-0.43	6.73
0.91	4.73
0.37	2.52
0.51	2.14
1.72	5.08
4.53	6.16
4.94	6.82
4.89	7.18
5.69	6.69
4.7	7.14
0.35	4.75
-1.62	3.48
-6.33	1.66
-5.8	-1.13
-3.81	1.66
-4.77	4.33
-0.47	9.36
0.91	14
-1.3	8.99
-3.49	4.31
-0.26	9.64
2.59	9.55
0.09	9.75
0.41	9.12
-2.53	5.43
-1.01	5.39
-4.18	1.06
-1.96	-0.45
-2.02	-0.32
-5.02	0.61
-6.38	-0.45
-2.97	2.65
-2.45	2.31
-3.22	0.47
-2.67	4.37
3.73	11.39
1.98	9.05
2.74	9.01
-2.05	4.72
-3.07	4.1
-3.58	7.14
-2.37	5.3
-2.91	6.95
-2.02	4.66
0.39	7.05
-2.84	6.2
-1.03	6.1
-2.28	1.95
-3.4	0.88
-2.53	2.21
0.15	4.14
-2.03	1.78
-3.67	1.18
-2.65	5.82
-0.86	2.05
-4.01	2.11
-5.17	5.73
-2.32	9.15
0.81	9.36
-5.08	6.42
-0.39	9.72
1.34	12.52
-0.46	8.26
-3	0.57
-1.91	2.95
-2.91	1.5
-3.9	-0.03
-4.79	-2.61
-3.54	0.16
-6.25	1.02
-8.92	0.01
-6.84	3.97
-0.28	3.21
-1.52	3.85
-3.22	1.62
-3.12	0.75
-1.32	7.54
6.28	15.62
3.27	11.97
-0.37	5.84
-2.37	1.66
-4.75	5.19
-5.82	5.99
-3.63	6.78
-2.93	7.09
-1.2	11.27
3.16	10.2
-1.09	7.47
-0.48	7.9
-0.73	12.21
-0.91	9.22
-3.07	13.03
-2.85	15.03
-3.06	14.9
-2.19	14.14
-0.89	12.18
-1.33	14.31
2.37	10.88
-4.88	2.6
-7.02	4.32
-1.22	11.23
0.23	18.55
4.3	14.19
-2.08	21.95
4.74	17.59
3.13	10.71
0.51	17.22
5.29	19.18
1.64	14.84
2.18	14.97
10.49	20.65
7.83	17
6.18	15.86
3.87	16.53
2.71	13.04
-1.82	10.42
-0.38	9.94
-0.83	13.28
1.54	13.88
6.57	13.64
2.92	21.29
4.54	14.57
2.52	9.37
0.22	11.06
-2.64	13.2
-1.64	17.48
0.89	19.75
2.16	21.78
6.38	14.15
3.87	11.51
0.76	9.92
-0.6	12.91
4.71	15.91
-0.05	18.85
0.71	20.48
5.35	18.19
3.08	19.06
5.84	20.7
4.61	19.88
7.74	16.21
3.92	13.88
3.14	19.21
6.5	19.93
10.3	19.91
8.2	15.91
5.33	11.05
4.57	9.11
4.98	8.65
4.92	8.09
5.21	15.45
0.01	17.56
1.6	16.35
4.56	18.16
3.18	21.68
3.77	21.48
2.61	22.54
3.4	23.65
8.28	17.43
8.51	23.08
13.04	25.75
12.07	26.07
10.24	20
5.75	17.56
4.96	13.22
7.86	14.01
8.94	21.06
5.98	24.44
11.5	19.69
9.95	14.22
4.62	12.51
3.91	8.89
4.01	14.69
2.41	18.13
10.22	15.17
5.71	21.16
7.68	22.09
10.05	18.59
7.37	11.47
6.4	10.48
6	8.44
6.6	12.23
4.2	14.68
6.14	21
11.75	20.44
12.02	20.3
10.57	19.77
11.99	22.65
12.27	20.07
9.55	23.05
9.16	25.32
11.67	26.37
15.25	20.73
14.36	20.68
11.92	16.06
10.14	14.52
9.79	21.49
10.57	24.97
13.32	26.18
12.3	27.33
13.33	27.77
13.91	28.67
14.64	28.32
14.14	28.13
17.13	26.47
12.72	28.44
14.94	30.4
16.89	31.23
16.84	30.87
17.8	31.81
14.3	32.07
16.81	30.93
18.19	28.73
16.93	26.25
16.72	26.55
16.88	28.38
14.55	29.76
15.9	28.75
16.39	26.24
16.14	22.61
16.86	27.89
17.19	30.45
18.23	32.1
19.09	34.58
15.91	27.24
12.95	27.93
13.17	30.1
15.72	34.56
17.12	30.97
16.98	28.73
16.08	25.96
13.95	29.89
16.24	31.31
16.97	30.5
14.92	21.26
13.08	22.3
12.48	22.55
9.17	25.77
15.49	25.41
14.29	22.61
14.77	25.65
12.59	25.26
11.06	27.55
12.92	27.71
15.59	27.3
13.02	29.46
15.16	30.99
17.04	31.96
16.72	30.05
16.58	32.04
17.03	32.21
16.93	33.83
19.18	29.13
18.76	31.44
17.82	24.89
17.43	26.57
17	30.7
19.85	31.27
15.78	28.34
16.43	24.62
15.41	25.8
12.3	25.85
12.29	28.05
15.64	29.71
17.88	31.36
18.54	26.23
15.16	29.85
17.97	32.22
20.04	29.08
16.7	32.25
18.5	27.1
14.03	23.54
9.48	24.93
11.7	24.22
10.86	26.61
15.49	30.03
15.36	30.57
16.77	31.58
17.3	25.01
14.8	24.64
16.5	27.34
17.21	29.71
16.36	27.93
16.46	27.67
15.9	29.95
16.05	31.64
17.62	29.85
16.97	31.32
16.22	31.84
15.33	31.95
15.66	26.21
13.01	22.54
7.57	24.41
8.19	26.1
13.57	19.45
13.5	19.79
12.74	20.36
12.59	20.75
7.31	22.26
7.52	23.37
11.93	24.86
10.12	26.19
14.08	23.87
10.54	25.22
10.08	28.13
15.17	25.72
10.39	19.61
6.75	17.85
2.77	17.28
2.05	19.56
3	20.18
10.57	21.78
12.47	21.83
9.37	20.56
11.5	22.56
8.77	23.6
11.92	20.22
12.68	21.21
12.02	27.34
11.63	24.22
11.73	23.83
7.6	14.7
3.13	16.32
7.18	18.39
6.11	14.06
4.07	10.44
-0.58	15.18
6.34	21.38
9.56	16.21
5.26	16.85
6.21	20.31
7.46	20.51
7.18	21.08
8.04	22.73
8.9	17.05
4.44	19.5
6.38	19.82
6.47	22.17
12.18	23.54
13.41	25.71
7.82	21.55
7.71	23.28
7.76	24.3
4.83	21.95
4.37	21.74
5.07	21.51
4.79	16.5
6.03	8.96
4.37	7.59
3.42	7.36
0.94	10.05
5.17	13.73
9.79	20.5
10.13	17.5
8.39	18.03
7.52	13.4
7.07	12.42
3.93	9.02
8.09	13.45
5.14	8.68
0.74	8.78
6.55	8.39
4.79	7.4
1.73	9.59
5.89	11.63
8.14	12.62
8.2	14.81
6.75	14.18
3.64	12.49
3.67	9.28
7.26	12.96
4.18	10.77
4.53	9.96
1.32	8.02
2.07	5.04
4.44	7.52
5.47	10.87
7.69	11.47
5.63	12.7
0.8	8.31
-1.25	6.19
0.81	4.7
-1.55	5.18
-4.47	2.66
-1.93	-0.2
-0.7	0.75
-0.93	1.75
-2.26	4.91
-0.63	6.87
1.68	7.59
-4.64	3.58
-3.31	0.29
-1.09	2.45
0.34	8.06
-1.66	10.34
2.88	13.45
10.76	16.94
10.74	17.45
7.13	15.49
5.81	14.13
9.3	12.91
3.15	10.44
4.25	10.3
1.41	10.73
-0.09	10.79
0.76	8.72
-0.85	4.14
-0.52	4.05
-0.92	1.68
-6.32	2.3
-2.31	7.61
-2.84	5.43
-4.67	6.36
-4.54	2.8
-3.57	3.12
-0.47	5.81
-4.49	3.45
-5.86	3.35
-4.19	6.11
-2.38	6.58
-3.48	4.93
-1.85	8.82
-3.95	6.47
-3.78	1.1
-2.36	-0.3
-2.23	2.47
-2.18	1.4
-1.59	0.82
-1.71	-0.66
-0.97	3.01
0.31	4.72
-3.85	4.8
-5.33	-1.03
-4.31	3.63
-3.38	-0.65
-2.65	-0.54
-2.28	-0.08
-1.51	0.51
-0.42	10.72
-0.08	8.18
-2.49	8.94
3.08	13.12
1.1	16.26
3.99	15.84
6.65	13.71
4.02	11.71
1.41	6.58
-2.28	7.72
-2.25	8.61
-2.54	7.78
-3.56	11.15
5.94	16.1
4.45	13
-1.37	11.03
-2.33	10.59
4.29	13.05
1.52	12.52
-0.22	13.11
5.22	16.58
5.08	12.49
-0.32	11.65
-2.39	10.96
-0.83	12.03
-3.14	12.47
4.18	13.68
5.88	12.96
0.33	16.4
0.69	11.57
-1.6	9.45
2.51	9.01
-3.22	11.44
7.94	12.69
6.71	14.76
6.13	14.49
4.08	11.07
-2.22	11.4
4.62	8.45
2.72	12.29
2.72	10.5
-1.73	10.92
4.42	14.43
5.75	21.11
4.94	20.78
5.69	15.1
2	11.33
-0.99	9.75
-3.17	13.37
-1.33	17.78
5.42	18.59
2.58	20.16
2.41	21.38
4	13.58
1.07	6.06
-2.58	3.56
-1.45	5.14
-0.88	4.62
0.4	8.16
3.79	15.67
1.61	18.24
4.03	16.22
2.99	11.37
-3.11	7.73
-2.61	8.88
-5.16	11.91
-3.13	16.97
2.54	15.77
1.91	17.66
0.83	18.82
0.19	19.6
-1.28	20.31
0.29	23.04
4.93	21.72
6.29	21.63
3.79	24.13
7.42	24.8
2.73	16.86
-2.12	15.12
0.47	21.99
4.84	26.32
7.55	23.61
11.88	21.31
8.1	16.59
4.63	17.07
4.33	18.46
1.18	19.58
1.79	22.46
6	25.26
5.27	18.92
5.71	22.3
7.48	25.14
10.75	19.6
10.58	21.28
10.57	18.72
9.29	20.26
6.4	17.03
3.29	20.22
9.26	16.29
4.18	16.65
4.79	22.21
5.43	24.96
9.6	25.83
10.81	24.85
14.44	22.94
5.71	19.17
5.23	19.45
10.92	18.81
10.29	17.27
9.02	17.97
10.38	20.38
8.62	24.43
12.5	20.43
13.63	21.38
8.12	21.1
7.26	22.07
11.71	23.53
11.65	20.82
9.22	18.27
8.88	17.95
7.83	20.93
7.16	21.39
10.24	19.88
9.03	16.8
9.07	16.54
9.68	23.23
9.25	22
10.02	23.72
10.97	24.86
12.45	21.27
10.26	24.35
12.16	27.57
12.47	23.54
12.4	21.52
14.16	22.97
9.33	25.17
9.76	28.12
11.24	29.72
13.06	28.34
15.62	20.05
13.92	21.64
15.58	23.35
16.03	24.33
13.81	26.04
14.21	21.46
13.07	18.39
15.66	25.39
16.34	24.97
10.84	24.74
12.6	24.04
12.91	27.29
15.28	30.71
16.02	31.65
15.48	28.55
13.1	26.14
14.87	30.39
16.68	30.21
17.88	24.69
13.08	26.47
12.65	29.52
15.85	31.05
13.06	25.49
8.79	25.85
13.16	28.66
14.35	31.86
15.05	28.07
11.37	22.79
9.06	24.16
9.38	24.64
9.31	26.43
13.77	24.5
13.67	22.83
11.09	21.26
11.82	24.5
14.03	28.7
14.14	31.03
17.17	27.48
16.09	28.98
16.9	25.65
16.2	22.53
14.23	26.85
14.55	28.72
16.83	31.59
18.52	30.43
19.07	31.05
18.49	32.31
16.88	29.89
14.5	29.01
17.64	24.72
15.84	25.38
13.34	18.73
15.13	25.77
16.12	30.05
15.9	31.54
16.83	31.79
16.45	31.72
16.77	30.67
15.47	29.36
15.91	30.12
17.03	28.01
16.21	26.48
17.92	26.4
16.51	29.09
15.84	23.89
13.42	27.05
12.61	28.29
15.32	29.62
16.65	30.49
18.22	25.72
16.65	25.18
13.4	25.75
12.51	28.41
12.25	26.83
12.15	27.95
16.33	31.12
15.49	29.8
13.64	21.29
12.94	20.36
7.09	21.67
9.73	22.59
8.31	25.38
11.16	26.57
12.89	25.8
13.9	22.74
9.57	23.88
8.03	25.73
10.56	27.13
13.46	25.78
11.79	27.78
12.15	28.37
11.7	28.19
12.69	28.84
13.02	27.47
14.21	26.43
10.24	20.43
5.3	21.32
5.03	22.96
8.02	24.77
9.52	25.34
11.85	24.86
11.18	25.86
13.31	22.15
7.21	14.58
3.8	16.54
9.41	15.87
7.33	17.82
10.26	21.24
9.32	20.68
7.34	21.8
12.18	24.18
12.07	22.15
8.16	19.66
7.99	20.3
10.5	15.16
5.59	18.16
4.88	20.73
7.56	18.82
6.88	14.41
4.98	9.88
5.89	9.2
3.37	16.44
3.21	9.85
6.14	10.01
5.35	12.01
4.73	14.56
4.72	15.22
2.37	15.21
6.19	19.17
7.16	17.68
4.42	17.28
8.42	15.1
8.31	16.03
6.85	19.8
7.16	16.4
5.53	16.44
5.08	12.97
6.99	13.68
8.2	19.78
7.29	13.84
9.42	18.03
10.88	21.11
10.07	14.53
8.84	12.15
1.19	12.8
-0.9	13.23
0.69	9.42
4.33	7.66
6.12	7.61
5.68	6.76
5.17	6.58
4.74	7.13
5.7	7.97
5.56	8.24
5.97	9.6
4.43	12.78
1.68	13.02
2.85	6.01
3.68	8.01
-1.32	6.3
-4.77	6.29
-2.48	5.78
-0.18	9.67
-0.15	2.53
0.44	1.76
-0.12	1.08
-1.41	0.53
-1.44	5.83
-2.1	5.9
-4.78	-0.1
-2.08	-0.69
-1.96	-0.14
-0.45	1.58
0.24	5.33
-0.03	9.86
5.16	10.6
1.25	5.41
1.25	4.06
0.25	2.9
0.66	3.04
1.53	2.73
1.35	3.45
0.38	3.66
1.08	3.46
1.62	3.03
1.54	2.99
0.29	2.21
0.62	1.82
1.32	2.5
2.18	3.52
2.39	5.88
2.09	12.6
6.35	12.85
2.43	7.34
-0.95	3.51
-5.62	0.06
-1.42	5.86
1.61	9.08
3.11	7.42
-0.75	5.51
