19710101	
-5.81	-1.08
-9.32	-6.13
-8.12	-4.55
-16.42	-7.15
-17.44	-6.37
-8.02	-2.44
-12.19	-4.48
-11.97	-0.77
-13.59	-5.33
-9.25	-4
-11.81	-2.03
-7.71	0.07
-14.74	-1.73
-12.57	-1.73
-3.21	-1.61
-4.86	-1.37
-2.1	0.41
-1.31	0.3
-1.57	2.61
0.34	6.45
0.25	4.93
1.84	9.02
-1.71	8.05
2.82	9.46
-1.55	9.09
-0.32	11.23
5.11	10.58
-0.5	10.08
-1.18	9.31
-1.81	10.55
2.04	12.41
1.85	13.4
-1.34	5.84
-7.24	2.7
-0.43	3.19
-2.61	6.36
-3.37	6.65
-0.09	6.08
-0.25	8.44
3.67	11.87
-0.52	9.49
-2.17	8.94
-4.57	9.06
-4.78	12.88
-0.13	11.23
0.68	7.57
1.55	10.1
3.88	6.64
2.45	11.33
-0.84	9.35
0.15	8.87
-1.98	9.34
-3.61	10.34
-2.65	8.03
-1.53	6.9
-3.61	8.3
-4.19	3.95
-7.89	-1.68
-8.42	-0.7
-6.75	-1.53
-5.49	-0.94
-8.44	-0.93
-9.03	-3.38
-11.05	-6.6
-9.32	-6.22
-6.11	-1.6
-11.99	0.21
-9.79	-0.12
-1.83	4.99
-7.02	6.42
-3.44	1.93
-5.75	9.1
-2.15	10.8
4.04	10.95
0.82	9.78
4.85	8.27
4.32	12.65
8.83	15.58
8.73	18.69
6.09	19.69
6.4	11.86
6.28	9.35
0.59	9.05
-2.04	12.66
4.25	8.69
4.23	7.06
5.65	8.91
3.79	8.89
4.05	6.84
5.13	8.62
4.8	9.83
6.82	12.96
6.8	11.72
7.79	15.31
9.8	17.14
3.56	17.91
3.73	19.7
2.86	20.4
6.01	20.91
5.45	19.51
9.76	15.45
2.6	13.85
3.4	13.26
4.77	14.66
-0.96	13.24
0.1	18.5
6.61	20.14
5.48	16.88
1.92	19.91
2.76	20.32
4.71	19.4
3.95	22.73
9.73	23.66
14	20.2
10.92	15.75
6.01	12.31
7.48	18.31
7.9	14
-0.12	14.27
2.73	11.76
7.88	12.5
9.93	12.39
8.11	12.42
7.93	15.57
8.01	14.3
9.1	18.08
6.4	18.03
5.76	17.77
4.15	21.06
5.84	22.2
13.31	24.05
8.48	25.12
8.09	25.51
7.26	25.75
8.49	26.33
11.36	27.06
10.96	26.72
13.28	27.86
13.15	28.36
12.36	27.58
15.97	26.95
11.76	25.68
10.79	22.07
10.13	23.2
13.75	24.29
13.58	24.05
10.5	24.43
9.3	19.69
6.68	22.17
12.57	20.24
14.77	20.65
13.38	18.64
12.6	24.27
11.62	25.32
11.46	24.83
10.69	26.41
12.77	25.53
11.63	24.24
12.29	22.1
13.92	22.46
13.95	23.9
11.02	23.68
10.77	19.72
10.8	21.2
5.62	23.56
14.02	26.21
10.48	22.96
10.16	21.1
10.08	18.58
6.05	19.28
11.29	19.51
12.37	25.31
12.69	23.63
13.18	24.33
13.79	24.14
14.61	21.87
12.19	27.09
13.53	23.69
12.89	23.16
12.73	21.26
6.9	19.7
8.44	16.8
10.7	23.1
9.89	23.49
13.83	25.64
12.35	26.31
14.19	25.07
12.44	27.84
15.59	27.41
11.88	29.94
14.54	30.05
14.95	30.46
14.77	32.08
14.38	29.87
14.01	24.52
10.98	26.37
12.49	28.78
14.64	28.84
16.08	23.91
14.64	21.34
12.42	22.3
11.09	21.88
8.08	22.81
8.72	24.88
11.2	25.78
14.21	27.65
11.74	28.85
12.95	29.61
13.2	30.07
18.32	27.43
16.66	26.46
17.77	25.29
16.92	27.75
15.87	30.52
16.42	31
16.63	30.48
16.7	29.58
16.14	31.56
16.67	34.37
16.65	29.95
12.74	25.15
9.28	26.41
10.13	29.16
15.36	24.91
12.3	25.85
11.56	30.19
13.18	31.8
18.69	29.01
16.89	24.79
8.88	26.29
8.58	28.2
12.46	29.19
10.98	30.03
12.16	28.16
12.35	26.93
13.25	22.75
9.92	20.48
10.82	25.86
15.17	22.19
12.47	23.88
8.07	25.51
10.92	27.48
14.2	20.44
9.21	21.31
7.19	23.02
9.53	22.61
8.81	24.35
9.07	24.4
9.91	20.28
6.05	18.05
7.28	15.21
4.43	16.88
4.74	20.61
8.29	16.1
7.28	14.9
6.69	18.81
11.1	17.84
6.1	13.42
7.7	12.53
2.36	12.13
1.86	16.13
3.16	17.87
2.87	20.45
3.69	21.2
4.6	22.25
4.89	22.89
5.47	22.19
9.02	19.73
8.73	23.97
11.25	21.25
7.21	19.71
11.4	15.91
11.04	14.78
10.1	18.32
4.92	20.22
4.34	21.36
6.25	22.67
6.14	15.11
0.62	11.99
-2.87	17.58
0.23	22.7
0.32	20.06
1.52	19.9
2.37	21.25
2.17	20.98
5.22	21.16
6.8	20.97
5.88	16.93
1.89	6.29
-3.38	9.21
-3.25	10.23
-1.18	17.46
1.1	16.18
2.06	17.04
4.12	19.15
9.44	25.88
3.63	20.65
1.73	23.43
5.39	13.85
2.36	9.78
-3.34	7.88
-6.87	9.45
-4.41	6.71
-7.03	8.05
-4.18	10.94
4.75	9.44
6.11	13.89
1.3	13.11
-1.24	18.28
3.44	18.51
7.96	16.63
2.69	15.36
9.7	18.33
7.71	15.46
7.22	10.56
7.79	9.08
5.59	7.09
4.15	6.86
1.78	11.25
0.81	9.51
0.78	7.69
4.27	8.39
2.22	15.54
0.25	1.65
-8.18	2.6
-1.6	0.25
-2.24	-0.54
-13.76	-2.24
-13.79	-4.23
-10.95	0.23
-8.67	1.69
-7.18	0.16
0.36	1.19
0.38	1.19
0.55	1.48
1.07	2.29
0.79	2.83
-0.3	4.02
-2.52	3.67
-0.47	9.41
4.46	7.78
1.64	8.58
-4.42	1.32
-6.71	1.41
-1.34	7.11
-0.55	10.07
-1.72	9.47
-3.71	6.51
-3.68	7.66
-2.31	8.21
-3.2	7.16
-4.78	6.01
-5.62	-1.28
-2.58	0.07
0.25	4.2
-1.45	9.12
-1.59	8.74
0.04	7.73
-2.78	5.71
-4.44	4.25
-3.6	0.26
-4.11	-0.96
-2.32	-0.69
-0.4	0.67
-0.05	0.65
0.33	1.15
-0.05	1.13
-0.76	0.86
0.71	1.51
0.62	2.52
0.42	1.48
-0.08	0.96
-0.65	2.26
-0.14	1.24
-1.39	0.06
-0.87	1.29
-0.82	0.85
-6.36	-0.57
-9.77	-2.94
-6.24	-3.79
-6.83	-5.13
-10.34	-6.01
-9.47	-6.48
-8.49	-3.42
-7.77	-2.91
-3.35	-0.15
-7.33	0.81
-9.24	-1.16
-9.48	-1.87
-3.97	-1.38
-9.46	-1.72
-5.36	2.69
-2.9	0.63
-2.09	1.03
-6.77	-1.29
-7.58	-1.36
-3.46	-0.97
-4.53	-0.57
-8.64	-1.99
-9.67	-3.11
-6.33	-1.59
-7.21	-0.5
-1.03	7.62
-1.02	8.49
-0.08	5.77
1.09	3.89
1.01	11.2
1.37	6.49
2.9	5.66
0.22	6.6
3.01	5.91
-2.83	8.46
-1.31	10.18
2.74	13.59
0.5	8.98
1.6	12.67
0.09	6.67
3.35	4.59
4.05	8.16
3.29	8.69
4.89	7.13
4.19	7.25
4.97	8.26
5.34	8.99
6.71	8.47
5.97	9.75
3.42	8.81
5.32	7.55
4.47	8.15
3.05	9.43
4.75	7.86
4.71	14.15
9.08	15.6
7.76	15.62
5.04	15.35
4.96	10.64
-2.18	3.77
-5.75	2.66
-6.17	8.01
-3.12	12.89
-0.81	16.37
1.18	16.62
0.84	16.25
0.64	16.29
-0.34	16
1.16	16.41
2.26	17.62
1.74	18.77
1.99	14.97
-2.37	13.51
-0.7	20.72
8.32	16.5
6.45	17.61
3.18	12.54
2.59	14.92
2.31	20.36
5.02	18.45
4.49	13.36
7.81	20.43
8.58	19.81
10.55	16.86
8.6	14.41
4.68	19.5
7.6	22.68
9.89	18.06
6.68	15.77
9.77	16.63
10.73	15.35
10.19	13.27
9.29	11.65
9.13	13.15
9.43	11.62
8.41	14.57
7.71	11.41
8.12	13.37
7.97	12.85
9.7	15.18
11.69	16.77
4.89	18.08
8.78	15
4.01	10.47
3.12	10.19
0.96	12.61
2.88	11.4
-1.01	13.66
1.79	18.03
3.97	20.39
4.65	22
10.07	16.26
8.52	13.34
8.53	16.49
9.67	19.55
9.63	19.39
8.84	20.02
9.04	21.59
9.57	21.34
10.31	14.15
7.4	19.12
8.57	13.59
10.53	18.52
12.69	17.15
12.49	18.83
8.13	20.22
6.13	19.15
12.46	22.92
12.93	20.36
10.11	19.6
7.67	21.86
8.16	23.5
9.56	25.62
11.85	25.07
11.73	26.84
10.8	23.79
9.07	17.13
7.93	20.49
9.14	24.34
13.4	21.44
10.95	16.55
10.82	16.2
11.62	20.08
8.04	23.64
10.97	25.79
13.79	26.48
15.78	27.57
15	26.77
13.39	22.66
11.28	26.58
13.41	26.91
13.25	27.11
13.3	25.07
13.7	23.59
14.78	26.05
16.34	25.2
13.7	20.87
11.81	20.38
8.82	25.43
13	24.42
12.42	24.94
14.26	27.55
15.01	25.47
12.5	18.8
9.69	20.88
8.61	23.92
11.11	25.23
15.57	25.62
15.95	26.43
14.97	24.9
12.65	22.15
13.45	22.77
10.39	22.94
14.81	22.58
12.87	24.03
15.18	25.38
16.7	24.66
13.9	27.53
14.66	31.01
17.61	30.77
15.31	23.35
12.03	15.87
13.54	14.73
14.32	17.85
15.35	25.66
17.63	28.64
17.36	28.43
17.16	28.8
16.48	28.05
18.51	28.15
16.84	29.04
17.92	28.19
18.25	25.31
17.51	28.49
18.14	26.57
18.48	25.33
17.55	23.31
14.33	21.59
16.17	23.17
12.61	24.65
15.06	22.1
15.57	24.06
13.88	24.29
13.84	20.82
12.21	21.17
7.61	23.78
11.83	25.28
11.86	26.72
13.94	28.3
15.27	29.05
14.97	29.92
16.05	29.97
18.3	27.28
15.84	29.88
18.33	30.28
19.59	31.34
19.42	28.55
14.48	24.77
15.29	20.14
10.5	15.54
10.37	15.29
12.86	16.56
12.23	18.5
6.97	21.21
6.98	22.2
10.02	22.13
11.84	20.57
11.44	19.81
13.43	19.15
14.1	17.95
13.43	18.03
10.78	19.82
6.95	19.77
9.23	19.77
8.18	20.82
8	23.19
9.53	23.97
11.02	24.72
12.27	24.39
12.72	25.64
15.35	20.8
16.89	24.17
10.77	19.81
4.13	16.02
3.49	15.9
3.93	16.93
3.06	14.56
9.5	14.6
9.21	13.69
8.52	12.7
8.61	13.85
8.32	17.42
5.6	18.71
4.54	19.96
8.84	14.08
6.57	15.35
0.7	14.23
0.25	14.81
4.05	14.39
4.37	14.3
5.03	14.07
6.6	12.55
5.93	11.02
6.54	9.6
2.67	10.18
1.76	9.92
4.91	12.91
4.93	15.05
7.75	12.27
8.57	11.25
8.2	12.4
8.11	14.59
2.66	17.84
6.87	19.83
5.51	15.68
6.3	13.25
-1.03	13.42
2.51	12.27
0.87	13.84
-1.69	13.89
-0.4	8.37
-5.54	12.31
0.78	7.94
-3.85	8.89
0.83	12.87
4.1	16.68
1.54	15.03
0.63	15.03
4.79	16.06
11.01	18.07
10.58	14.09
7.56	13.51
6.68	14.47
2.2	13.02
1.8	14.2
2.21	15.14
3.38	13.2
3.03	15.64
2.13	16.65
1.88	16.44
1.99	10.81
2.32	14.21
1.74	10.36
4.29	15.04
3.19	12.01
-1.07	11.23
5.32	9.58
4.32	5.82
-2.15	6.38
1.34	12.21
1.25	15.1
-3.98	1.23
-1.14	3.26
1.99	8.46
0.62	7.02
4.56	5.95
3.88	5.16
0.49	4.96
-1.46	5.47
-4.83	4.3
-2.69	5.11
-4.27	5.74
-3.72	9.42
2.15	6.74
4.24	6.77
5.88	13.4
2.13	10.89
1.73	5.92
-0.83	7.32
-3.42	3.41
0.94	2.83
1.59	12.36
0.68	8.2
-1.18	2.69
0.03	2.5
1.89	2.6
1.73	2.2
0.86	1.93
0.28	1.41
-0.91	0.46
-1.69	-0.83
-0.86	3.72
0.29	2.95
-2.99	0.85
-8.65	-0.08
-9.05	-0.88
-6.96	-3.95
-5.08	-4.17
-4.96	-3.01
-2.87	-0.94
-6.02	-1.04
-11.57	-2.41
-12.24	-1.24
-11.48	-2.02
-8.87	-1
-2.16	1.22
-2.89	0.15
-0.81	1.44
-0.63	3.98
-0.2	1.82
-5.68	3.62
-1.26	0.48
-0.88	-0.21
-0.78	-0.1
-1.23	2.25
-3.04	2.93
-6.82	3.4
-8.39	2.43
-7.81	-1.77
-2.31	-0.52
-3.53	-1.36
-2.61	1.09
0.38	1.43
0.43	1.74
0.66	1.69
-0.02	0.7
0.63	1.13
0.45	0.94
-2.65	1.47
-10.22	-1.73
-16.02	-4.37
-9.85	0.95
-6.67	5.25
-1.9	1.57
-1.86	7.55
0.26	1.93
0.19	1.91
-0.59	2.74
-3.14	3.26
-4.61	7.11
-6.04	3.67
-3.2	6.52
-1.58	7.41
-3	6.73
3.22	9.33
-0.65	7.67
-3.89	5.82
-0.03	5.16
1.54	6.87
0.99	4.49
0.5	4.75
-0.64	4.22
-2.87	6.43
-4.85	6.94
-2.46	5.46
-0.23	9.09
1.02	11.14
-0.62	9.19
-3.25	7.16
-5.52	5.04
-2.5	3.4
-2.97	1.51
-3.61	3.51
-1.87	7.11
-3.3	10.24
-0.01	9.73
0.51	5.41
3.25	9.44
-1.81	12.37
1.67	9.88
2.18	6.76
-1.36	2.69
-1.97	3.89
-1.28	4.14
-2.71	6.84
-2.33	5.7
0.64	2.45
0.64	2.83
1.13	4.12
-2.42	10.24
-1.73	10.15
1.34	9.77
-0.25	10.92
-0.94	11.57
1.66	13.3
-0.79	16.29
-0.04	17.68
1.8	18.03
2.19	14.58
5.8	17.51
2.93	17.03
2.75	14.38
5.92	15.69
2.66	18.47
9.17	17.11
6	17.83
5.31	15.39
5.51	10.22
3.82	12.63
0.18	17.55
6.3	15.88
5.7	9.6
5.76	10.83
5.94	17.62
3.56	10.61
3.89	9.9
2.61	6.18
2.09	5.16
2.72	9.54
5.93	12.27
1.82	15.25
5.58	11.13
0.31	13.2
1.62	6.67
4.34	7.58
1.22	13
0.85	15.38
7.31	11.23
8.46	12.23
6.25	14.22
4.08	15.85
5.21	19.68
12.81	19.89
8.65	22.45
9.74	23.15
12.78	25.82
15.66	25.06
12.6	25.72
12.03	28.1
18.17	28.98
13.25	20.88
7.96	22.13
5.26	16.59
4.07	17.53
6.17	21.42
8.81	16.58
2.06	19.04
2.88	21.36
7.98	23.16
8.52	13.27
2.29	16.2
1.2	15.09
7.9	23.16
11.63	24.43
11.89	25.61
12.75	26.6
9.79	25.1
14.96	23.39
11.98	21.36
9.53	20.32
9.22	19.94
9.84	22.84
8.2	24.54
11.6	24.23
11.63	23.24
11.85	27
14.92	28.82
16.16	25.27
15.3	22.04
11.39	24.92
13.64	22.18
13.16	18.22
10.65	21.58
10.84	21.16
13.02	24.51
14.69	24.7
13.23	23.68
13.89	25.18
13.76	25.57
10.79	20.49
12.05	18.07
10.9	20.74
8.35	20.9
7.61	21.78
6.62	23.57
13.97	21.13
13.88	15.71
15.14	23.16
11.5	20.88
13.92	21.79
12.24	26.3
12.33	27.27
14.96	28.27
17.2	26.58
15.35	22.6
15.5	22.49
14.68	25.28
16.48	26.96
16.02	27.51
14.42	27.22
14.42	28.02
16.97	25.96
17.21	27.36
16.78	25.28
17.87	23.98
11.52	25.38
12.28	26.32
14.51	21.67
12.15	25.54
17.53	27.37
21.43	28.61
19.38	30.06
17.09	27.03
13.06	24.83
13.28	25.75
13.39	27.83
15.07	23.46
13.16	23.38
11.97	21.54
10.07	20.9
10.47	22.05
12.69	22.35
9.68	21.87
13.86	23.4
13.22	24.11
12.73	25.07
9.93	26.48
10.8	27.29
15.03	23.52
13.06	25.73
12.26	26.97
12.5	27.75
14.65	29.56
15.88	25.58
8.73	24.18
8.35	25.61
8.67	26.98
12.36	28.31
13.77	26.93
11.53	25.08
8.27	24.92
8.76	25.47
8.71	27.68
10.36	30.27
12.82	31.24
12.5	30.87
14.74	27.52
15.86	22.35
15.38	21.41
15.17	27.4
13.56	26.28
15.31	22.28
9.5	24.36
13.47	19.43
14.59	15.95
14.86	21.47
11.55	20.2
13.95	21.96
10.46	25.4
10.82	28.08
11.86	29.67
11.95	29.79
12.35	30.21
12.25	30.06
11.93	30.35
11.13	29.85
12.58	25.03
9.01	19.68
6.89	19.2
5.32	18.31
9.74	19.39
5.84	19.09
7.29	22.3
12.66	21.24
13.47	23.25
12.48	18.04
11.87	21.31
12.93	24.11
12.48	19.55
7.12	19.33
11.8	17.81
10.14	14.71
9.48	12.81
9.33	11.78
8.43	17.89
4.44	19.49
7.1	14.12
9.24	13.81
10.16	17.78
11.35	19.14
8.36	18.5
5.83	19.25
4.6	19.12
2.64	18.71
5.01	18.3
9.39	17.69
3.29	19.13
2.53	18.96
5.52	10.09
0.15	5.9
4.46	15.68
9.16	18.75
6.31	15.79
10.69	22.19
4.63	14.95
0.89	11.75
-0.22	12.85
1.58	9.91
4.44	12.25
-1.28	10.36
2.64	6.17
-4.04	5.99
-6.28	8.08
-5.24	8.97
-5.07	11.12
-4.89	12.65
-2.83	11.2
4.14	10.29
-3.21	5.77
-7.4	7.29
-6.64	8.5
-5.89	8.62
-2.99	16.97
6.81	17.27
1.12	8.09
-1.78	8.57
2.26	8.31
1.21	11.94
-1.29	10.22
-1.04	10.39
-1.21	7.95
4.54	8.34
-0.89	6.85
2.41	11.05
0.46	10.15
-2.68	6.35
-2.76	11
0.38	12.27
-3.16	9.61
-3.75	7.41
-3.97	8.8
-0.96	8.93
3.9	11.32
0.75	4.91
-2.31	1.63
-7.78	-0.86
-8.13	-1.46
-8.68	-1.03
-12.01	-2.92
-14.63	-5.01
-14.56	-4.16
-15.06	-1.37
-7.29	3.17
-4.13	6.16
-2.6	6.28
-2.76	9.08
-0.31	8.74
-5.41	-0.16
-9.81	-1.17
-10.63	-1.63
-9.26	0.82
-3.5	5.96
-0.26	3.64
-5.26	3
-0.62	4.96
0.01	3.38
-1.41	0.99
-0.5	12.2
5.62	11.9
3.93	14.05
0.31	10.45
7.35	13.05
5.16	12.6
3.43	8.56
-1.81	4.08
1.82	2.76
0.5	2.34
1.04	2.56
0.75	1.88
0.1	0.8
0.33	0.91
0.5	1.3
0.66	2.22
0.76	1.79
0.66	1.65
0.81	2.66
1.08	1.83
0.57	1.59
-1.12	0.4
-1.45	0.27
-1.25	2.58
-2.08	0.34
-0.98	0.01
-2.49	0.1
0	1.23
0.2	4.44
0.1	3.86
2.07	7.41
5.99	12.54
-1.37	8.21
-4.18	6.62
-1.79	5.41
-0.42	7.28
-0.54	8.24
-1.74	6.06
-1.51	1.77
-0.91	6.68
-1.49	2.97
1.66	3.34
2.05	10.77
3.45	11.22
0.97	7.86
1.03	12.54
3.12	8.05
2.4	7.02
1.96	9.88
0.36	8.83
-0.88	8.01
-1.87	10.63
1.17	14
0.07	14.42
6.09	15.97
2.39	13.94
0.07	10.35
4.12	8.37
0.41	7.74
5.9	11.72
3.14	11.6
4.03	9.52
1.09	8.61
1.4	6.8
0.44	8.26
-2.17	4.5
2.59	6.63
2.6	5.96
-0.07	3.54
0.18	5.13
-2.82	5.52
-3.04	5.02
-1.65	4.37
-1.81	4.23
0.04	5.61
4.39	6.1
3.95	5.21
2.63	5.08
1.96	3.3
0.59	3.12
1.64	2.64
1.79	4.96
2.05	5.09
2.17	9.91
-1.3	12.58
0.1	10.55
2.06	13.59
2.14	16.24
5.38	18.15
10.14	17.79
11.55	19.02
7.05	23.09
4	23.71
4.04	21.11
5.77	20.98
7.85	15.78
3	17.98
4.68	20.67
6.45	20.46
5.15	19.89
4.89	15.19
3.97	14.72
6.39	10.74
6.54	13.95
0.57	15.05
-0.5	15.81
0.03	17.04
2.84	16.65
2.51	16.09
5.06	15.89
1.61	19.85
2.49	21.32
5.28	16.84
8.21	19.23
10.79	15.41
3.45	10.26
2.54	12.3
0.28	11.21
3.86	10.97
5.15	10.77
5.04	12.91
-0.79	16.78
6.12	12.78
0.93	12.92
2.28	16.73
2.82	17.49
3.24	11.61
8.14	11.91
2.95	15.04
9.73	19.4
11.1	20.29
8.77	19.46
12.54	16.2
11.02	16.59
10.34	18.97
9.95	16.36
9.3	11.57
10.3	14.29
7.39	15.58
5.47	14.78
3.07	16.9
2.71	19.64
6.47	18.97
10.33	16.98
10.51	21.29
8.08	23.06
6.23	16.19
7.33	16.67
3.71	16.12
6.46	20.04
7.18	22.28
9.6	24.56
11.3	22.47
10.54	19.39
7.82	17.71
6.07	16.14
8.94	16.37
5.04	21.21
6.26	24.47
9.85	23.82
12.53	23.19
11.19	24.58
14.48	25.06
15.51	21.22
14.89	19.4
7.84	23.57
8.5	26.06
13.93	22.64
14.01	24.54
10.92	19.21
4.85	18.94
7.97	21.75
8.68	14.48
8.53	16.99
5.34	16.67
7.67	13.35
9.46	20.17
7.98	22.73
9.89	22.24
9.24	24.26
9.6	25.03
13.99	21.31
8.31	21.05
11.55	21.24
8.01	20.57
10.11	25.5
14.94	21
14.16	23.76
10.52	26.84
16.1	25.6
12.02	24.72
13.81	21.61
14.63	22.7
11.68	26.39
14.81	23.95
9.19	25.41
12.43	22.56
13.67	24.44
13.08	27.57
13.96	20.6
11.6	20.52
10.58	22
12.1	23.74
12.71	24.55
14.59	27.67
16.96	30
17.11	30.43
17.46	26.11
10.99	27.42
17.38	30.4
15.57	26.75
14.15	19.2
10.5	18.84
12.01	19.46
14.28	20.74
14.97	23.22
12.21	28.12
14.48	23.39
9.79	22.28
10.01	25.49
10.68	28.5
13.39	29.38
13.7	29.87
18.22	30.91
15.82	30.29
15.81	31.26
16.89	30.51
16.46	32.23
17.05	29.85
15.51	25.58
12.57	24.06
9.8	26.68
13.95	24.4
9.44	24.33
13.71	21.55
10.21	19.92
7.02	24.75
10.35	28.81
14.95	32.5
16.86	32.93
16.57	32.43
14.1	31.54
15.36	30.96
16.28	29.71
16.34	28
17.09	24.85
17.01	24.56
16.91	24.45
16.05	24.18
16.44	21.6
16.5	23.75
14.53	19.92
13.26	24.62
10.61	23.7
10.21	23.59
14.82	21.94
13.38	22.77
13.25	27.26
13.24	22.1
7.16	21.44
8.63	23.48
14.8	19.22
7.04	23.7
7.71	24.53
11.81	22.72
7.31	20.07
8.55	21.95
9.95	23.81
10.15	27.16
13.74	23.63
14.65	20.94
12.56	22.76
11.24	21.26
12.03	22.28
9.92	19.33
12.44	15.9
11.55	14.83
10.31	14.89
8.86	18.34
8.98	11.92
6.77	13.91
4.05	17.27
2.38	21.17
8	16.26
7.96	9.37
7.15	11.54
3.69	9.66
3.64	13.88
7.17	10.35
6.03	8.69
6.33	9.94
0.24	12.15
5.24	9.27
1.49	8.38
2.6	14.26
0.97	12.6
4.25	10.69
6.07	10.18
4.9	8.99
1.87	9.07
4.79	8.62
1.08	13.2
1.45	13.51
-0.71	14.39
7.48	12.91
4.24	7.94
3.7	12.9
0.03	12.89
2.09	9.26
3.74	14.84
4.34	10.49
-0.23	9.8
4.64	8.19
1.54	7.65
-2	8.54
-2.42	7.17
1.57	8.97
-0.37	9.58
1.62	10.85
-1.44	10.78
4.49	5.79
4.39	5.85
3.31	4.37
1.51	7.78
-2.61	9.88
-2.89	10
2.06	10.3
1.76	13.6
1.04	10.69
4.29	15.81
10.62	16.85
12.94	17.48
6.39	16.32
5.39	14.92
6.36	14
0.58	10.29
0.55	6.13
3.13	5.53
4.96	7.81
5.63	7.46
6.43	8.02
4.67	9.51
1.06	8.29
2.41	5.63
0.18	4.76
-0.51	7.87
-0.4	9.36
1.46	10.02
4.42	15.04
3.34	12.79
-0.45	5.65
-0.72	3.99
1.32	6.33
4.72	11.39
6.46	9.31
4.44	7.2
4.3	5.59
0.34	5.42
-3.08	1.61
-0.95	2.36
-6.14	4.13
-4.33	3.68
-3.22	5.72
0.91	9.08
-2.38	6.65
-1.08	7.9
-1.75	9.18
-4.86	5.47
-5.25	6.04
-2.78	-0.92
-1.26	0.36
-1.4	2.48
-1.73	11.06
0.07	11.41
3.49	17.36
1.86	8.8
-0.43	2.65
-2.81	3.66
1.34	6.24
-0.38	5.4
-3.61	2.78
-1.51	4.31
-0.5	13.98
-1.35	7.48
0.47	5.04
-2.89	2.83
-5.26	5.69
-5.71	6.45
-2.08	6.39
-4.01	6.96
-3.5	9.69
-2.95	6.87
0.48	9.73
6.57	13.15
7.6	12.43
6.35	13.73
2.51	9.27
-0.74	4.33
0.87	6.38
0.08	5.53
-0.08	8.44
1.21	10.26
1.2	10.65
-0.32	9.1
3.15	7.63
-0.84	9.68
-0.37	4.3
-2.07	7.19
-1.3	3.29
1.97	7.7
1.62	5.75
-0.65	2.98
-4.61	4.64
-5.7	5.8
-5.43	8.73
-1.08	3.27
-6.79	4.31
-7.37	7.2
-5.04	11.28
-1.52	8.3
-0.71	8.04
0.3	8.32
-0.58	6.36
-1.25	3.02
-7.94	1.36
-9.01	4.6
-2.41	3.72
-0.36	3.22
-0.7	4.32
-4.49	6.8
-5.98	9.42
-4.9	8.37
-4.98	7.74
-0.84	4.4
-4.83	7.22
-7.29	12.13
-4.26	14.1
-1.96	15.94
3.83	16.81
4.55	15.35
4.93	13.95
1.85	15.6
0.97	15.5
5.6	16.4
3.56	16.81
2.29	16.94
5.47	16.76
3.87	13.05
6.11	14.2
6.48	9.27
2.46	12.5
1.3	11.25
4.38	7.2
2.39	6.05
2.89	11.78
5.48	11.73
4.31	8.81
-0.67	5.13
-0.12	3.51
-0.22	6.37
-1.7	8.26
-1.99	12.66
2.59	12.9
8.8	15.19
1.43	11.33
1.82	3.78
3.43	5.75
4.37	7.28
4.77	7.99
4.86	11.15
7.84	15.21
7.19	19.9
8.4	20.94
7.82	15.95
4.64	14.11
3.7	15.26
2.68	8.85
5.34	11.11
-0.95	12.28
4.91	13.98
5.77	16.32
6.37	20.49
7.48	14.66
4.6	14.46
5.36	13.82
2.62	14.77
0.8	18.53
5.39	16.11
9.11	18.36
5.98	16.63
8.29	18.44
9.32	15.29
4.05	11.75
2.41	14.01
1.73	18.2
2.15	20.96
3.02	22.63
7.8	18.38
6.6	19.71
5.85	21.01
8.85	18.1
9.14	18
9.41	19.43
10.76	24.89
13.85	20.19
7.4	19.09
5.86	22.04
6.43	22.73
9.62	22.38
10.92	18.93
10.72	23.94
13.36	23.9
11.12	26.13
12.47	26.04
11.38	27.28
12.82	27.99
12.81	26.43
13.04	24.62
13.64	25.14
11.32	17.03
9.82	17.93
12.47	14.48
11.01	19.88
12.06	19.5
13.96	21.01
9.8	24.73
15.84	23.97
10.67	22.39
9.83	19.37
6.72	14.04
9.7	15.97
10	17.26
5.42	16.24
5.83	17.12
6.66	17.81
11.91	16.77
10.74	19.4
11.56	20.28
12.71	22.7
10.41	25.29
12.31	26.92
14.79	27.95
14.96	29.21
17.63	25.17
13.6	19.86
12.71	17.62
8.06	19.73
14.83	18.41
13.87	24.37
16.05	27.91
16.02	29.08
15.6	27.11
14.5	22.85
13.73	24.85
10.72	27.64
13.39	27.01
13.03	22.74
12.55	17.33
10.83	12.98
11.27	22.19
17.5	25.24
12.33	27
16.6	24.36
15.35	25.39
13.98	26.52
13.01	27.3
15.11	27.72
16.54	28.28
17.91	26.3
16.35	23.05
16.77	25.32
14.91	28.01
16.75	29.75
18.02	27.29
15.56	27.51
16.48	29.24
17.17	25.4
12.48	24.97
14.49	24.57
14.8	25.31
12.9	26.63
14.78	28.1
14.95	23.6
10.06	21.78
10.51	22.9
11.26	25.44
12.94	27.06
16.6	27.01
14.04	26.12
13.13	26.39
13.74	25.64
13.14	24.55
13.23	25
12.63	22.87
12.29	25.2
13.93	25.53
14.91	24.78
14.3	26.54
14.79	28.25
14.01	28.81
15.47	26.16
15.56	23.88
11.68	23.41
12.23	25.71
14.7	23.43
13.92	27.76
15.51	25.86
15.27	22.61
9.83	23.85
9.69	26.17
10.88	25.48
11.47	25.95
14.3	25.53
15.03	20.09
13.87	20.71
13.85	20.96
14.73	20.01
14.91	19.21
13.59	23.93
15.15	24.65
12.29	25.75
13.2	25.98
14.01	25.08
13.13	25.2
13.17	25.19
13.36	23.95
12.91	21.08
13.9	20.51
7.84	20.9
9.52	22.49
9.54	22.95
14.11	18.6
10.66	15.29
5.85	20.87
13.03	24.91
14.41	26.12
13.76	28.06
14.53	26.28
11.43	24.31
9.02	24.84
9.18	24.89
11.56	22.95
9.95	23.99
11.64	23.23
11.68	22.89
14.1	24.07
12.45	20.79
13.49	25.05
11.86	24.39
12.05	24.07
12.77	24.98
12.5	21.99
9.76	23.59
11.99	19.19
5.93	17.31
7.25	16.93
5.36	19
3.28	16.8
4.85	15
4.28	12.11
4.23	9.53
2.77	8.35
6.31	8.7
6.42	10.07
2.73	13.29
3.63	13.61
9.13	11.32
8.33	13.34
6.54	13.1
8.2	11.18
5.51	12.8
5.8	12.55
2.21	14.26
6.49	12.99
1.46	13.55
0.09	16.01
-0.08	17.59
-0.26	17.64
0.8	16.97
2.68	10.52
1.71	10.84
4.14	5.57
5.71	8.31
7.23	8.44
7.52	9.22
7.5	8.64
6.63	7.81
6.49	7.98
5.08	9.57
4.93	7.46
4.78	5.89
5.36	7.05
3.96	6.54
4.68	6.61
4	5.89
2.95	6.95
0.84	4.09
1.71	3.31
3.8	6.83
1.23	9.18
2.97	6.78
0.56	6.15
-2.95	4.56
-0.89	1.2
-3.26	1.18
-8.96	0.51
-9.1	2.48
-4.33	4.84
-1.05	7.9
-0.87	6.26
1.5	6.8
1.06	6.02
2.62	5.54
3.83	5.97
3.8	6.62
0.57	4.89
0.63	7.86
-0.47	6.66
-3.23	5.09
-3.52	3.18
-3.82	2.06
-2.17	2.74
-1.86	1.1
-0.7	0.81
-0.47	1.26
-0.5	0.97
-0.29	1.19
0.81	2.5
-1.08	1.89
-7.97	-1.35
-9.57	0.1
-7.65	0
-6.27	4.65
-6.04	2.99
-7.43	1.03
-4.16	-0.22
-5.48	3.25
-1.72	4.67
-3.92	5.24
-4.86	0.96
-2.1	-0.11
-3.33	-2.11
-3.67	-0.84
-1.92	8.07
0.6	10.34
1.28	6.5
-3.61	3.19
0.09	5.03
-0.8	1.21
-4.03	5.35
-5.36	2.92
-4.79	0.4
-2.66	6.98
-0.36	13.42
3.91	12.46
2.23	8.98
-0.23	7.23
-4.81	1.53
-7.45	0.17
-3.31	1.25
-1.98	6.52
-4.67	6.71
-1.67	7.68
-1.83	7.26
-0.95	12.77
0.23	6.27
-3.61	0.71
-6.83	0.93
-2.94	0.02
-6.13	-1.75
-5.53	-2.28
-11.75	-2.78
-6.05	-3.21
-6.46	-4.46
-5.37	-1.64
-2.83	0.86
-1.44	1.69
-0.34	2.31
-0.32	1.3
-7.14	1.37
-9.78	-1.51
-11.71	-2.41
-6.71	4.59
-2.2	0.97
-2.94	-0.56
-5.01	-2.06
-4.97	0.51
-0.17	3.26
0.7	4.53
0.78	3.56
-0.56	1.42
-1.47	2.15
-0.25	3.22
-2.11	3.36
-3.88	5.41
-4.02	2.26
-3.61	-0.37
-2.02	1.23
-0.97	14.72
-1.12	13.36
-2.71	12.81
-3	14.65
-1.31	18.04
-0.76	16.44
-0.58	9.17
-1.22	4.19
-4.19	-0.03
-5.85	-0.38
-3.6	-1.08
-7.2	0.27
-2.24	-0.62
-2.93	0.79
-13.37	0.74
-15.93	2.78
-10.38	2.97
-6.5	3.24
-1.39	5.48
1.18	3.99
2.43	9.48
-0.23	13.02
3.98	14.56
1.11	8.42
-2.96	1.85
-6.45	4.51
-1.2	3.97
2.48	5.89
-0.71	10.18
2.59	15.49
0	15
-0.11	12.92
2.59	15.47
2.06	19.06
5.76	16.92
2.74	20.81
3.77	22.74
7.16	24.43
3.92	24.22
5.68	22.82
6.05	23.81
7.61	18.69
6.36	10.11
5.12	9.46
3.74	10.3
1.45	11.31
0.94	16.15
4.61	16.3
4.59	17.01
3.12	19.26
6.84	16.23
6.21	17.84
4.38	19.91
4.25	21.45
5.77	21.76
6.15	19.4
5.41	15.18
3.14	6.86
6.73	13.24
9.47	16.83
7.2	13.02
7.49	16.58
4.88	11.94
3.36	7.63
-0.86	10.75
-1.3	14.24
1.54	12.16
4.71	18.8
5.21	22.05
10.67	23.19
8.04	26.07
8.89	25.96
10	24.42
9.2	24.07
10.31	24.63
9.23	23.42
8.43	23.32
11.52	20.56
7.84	17.12
2.33	19.34
5.71	23.79
7.98	23.88
9.54	24.58
9.76	24.76
9.29	24.24
10.29	22.5
11.52	16.58
6.66	14.32
10.23	15.69
8.16	20.2
9.7	22.14
12.07	18.24
8.72	19.18
7.91	21.66
9.96	23.67
13.36	19.33
10.95	19.19
11.55	16.78
8.82	15.61
6.67	16.9
5.43	15.72
7.27	19.09
11.44	21.11
10.78	24.39
10.68	24.54
10.81	22.66
9.66	23.82
14.54	22.97
11.35	27.08
14.98	23.37
10.32	26.11
13.07	22.74
10.69	19.65
8.66	23.72
9.4	26.29
11.01	27.85
12.62	28.33
13.91	28.66
13.78	25.75
11.32	25.66
10.18	26.16
10.47	27.1
11.44	26.71
11.05	27.47
13.15	30.62
15.95	28.99
13.11	29.19
12.51	28.67
12.03	29.43
12.11	30.87
14.41	31.88
16.16	25.01
10.04	26.01
11.1	28.23
12.88	27.99
14.1	25.31
13.51	26.78
11.06	27.9
12.71	30.09
17.68	26.5
14.19	28.67
14.21	30.82
14.91	31.13
16.02	31.25
14.72	31.87
15.97	31.73
17.13	28.42
17.7	23.1
15.84	19.38
16.04	20.29
15.48	18.2
14.33	22.93
15.15	22.55
16.13	24.59
15.43	22.09
8.32	23.93
11.69	26.19
14.16	22.43
8.82	20.96
9.99	23.68
11.63	22.42
11.03	19.73
6.67	20.86
7.42	24.32
10.98	23.23
8.91	21.53
9.83	23.51
14.85	22.6
13.84	24.65
10.99	22.53
10.66	24.03
9.04	24.75
10.72	19.64
14.26	19.31
11.87	22.98
10.63	22.45
9.53	21.9
10.61	17.96
9.79	15.18
9.38	20.98
9.22	21.88
7.14	23.83
7.28	24.47
7.16	24.94
8.81	24.85
9.64	25.63
15.1	20.98
14.07	24.57
14.42	21.93
13.27	22.3
11.08	19.04
9.5	12.21
9.3	16.05
5.92	16.83
7.7	19.5
4.95	21.15
6.35	21.43
10.85	20.13
8.7	16.6
7.77	23.16
12.43	23.52
13.36	23.93
11.2	17.04
10.55	15.66
9.54	18.09
10.08	14.72
10.51	18.51
8.94	16.67
8.68	15.64
7.74	13.46
8.62	15.58
4.39	18.93
7.26	22.79
11.38	17
10.96	19.77
10.97	25.41
15.35	24.71
14.53	19.2
11.24	16.51
13.44	23.18
12.02	24.77
15.21	23.1
12.83	18.65
11.71	19.28
5.2	21.76
5.85	23.8
6.91	23.92
7.52	22.98
9.02	21.47
11.64	23.11
11.59	23.06
12.49	18.43
10.05	17.24
9.8	13.02
5.99	11.09
3.9	6.02
4.65	6.52
4.62	8.32
4.96	8.25
0.88	11.37
-0.97	10.74
-0.86	9.39
1.25	5.51
2.47	5.54
2.27	4.97
-0.04	6.36
4.44	13.09
5.51	11.28
8.78	17.39
6.25	12.93
5.65	9.2
7.09	14.27
9.53	12.7
8.6	14.31
9.4	13.47
8.19	14.15
6.51	16.03
4.82	16.54
8.93	16.33
9.66	15.5
9.63	13.07
9.19	10.37
8.4	10.13
7.02	8.72
3.99	9.8
5.52	8.43
4.7	6.97
1.36	6.38
2.43	5.22
3.04	4.03
3.3	4.28
-0.5	5.28
-3.35	4.74
0.74	4.11
-0.54	2.88
-2.79	1.9
-1.38	5.98
-1.82	4.01
-1.6	8.04
4.01	11.17
3.8	12.78
1.67	9.52
0.66	3.74
0.62	2.54
-1.61	1.87
0.47	6.87
0.63	8.25
-1.2	9.13
0.8	3.22
-1.56	3.88
-3.06	0.8
-4.92	1.36
-6.17	1.4
-5.24	-1.39
-4.65	-1.77
-2.44	-0.22
-0.69	1.57
0.86	3.88
2.15	4.6
-0.25	3.02
1.71	3.2
0.09	1.96
-1.18	-0.13
-1.18	1.26
-3.71	2.87
-8.84	-0.56
-8.79	1.94
-4.09	-1.32
-12.36	-3.18
-18.15	-5.48
-10.59	3.12
-1.41	4.32
0.38	1.41
-0.59	0.41
-1.8	-0.42
-2.08	-0.32
-1.74	-0.72
-2.29	2.73
-2.12	0.27
-2.38	4.21
3.3	7.72
2.53	6.54
-0.08	4.02
-6.18	1.85
-2.29	2.32
-4.49	0.56
-5.09	2.24
-3.49	0.98
-9.61	-2.76
-5.71	0.09
-2.52	0.53
-1.04	0.55
-2.2	8.17
0.24	3.97
-0.76	3.57
1.76	10.92
3.81	7.8
-1.64	9.01
2.96	6.99
2.38	11.05
1.53	5.55
-2.63	2.48
-5.41	-0.08
-10.31	0.52
-9.7	-0.08
-3.4	2.55
-1.13	2.29
-1.19	3.92
-0.45	10.56
0.74	10.75
4.03	11.69
5.84	13.95
2.55	10.74
3.28	12.61
2.63	6.98
-0.01	5.99
-0.75	8.17
-0.97	9.34
0.04	11.92
2.23	14.14
8.55	14.7
10.21	14.33
5.17	12.2
8.04	14.94
2.67	16.04
4.47	15.33
2.64	12.9
0.44	7.18
-2.4	1.61
-4.8	6.78
-2.98	8.42
2.34	13.96
6.67	12.68
5.56	13.71
0.41	14.51
-0.79	11.33
-0.3	13.04
0.62	15.99
1.21	15.39
1.23	15.23
8.87	14.82
6.7	10.08
1.66	16.09
6.32	14.64
0.44	15.69
3.03	16.95
4.73	17.12
4.08	17.53
7.02	17.17
3.56	15.63
7.2	19.65
6.78	22.58
4.3	24.48
4.65	22.69
7.24	19.01
5.62	19.52
8.38	17.82
2.8	13.11
-1.04	2.47
-1.57	3.13
-1.54	9.59
0.35	12.97
2.97	11.9
6.89	10.67
6.65	9.02
0.08	13.24
2.71	17.12
7.07	12.91
3.36	7.64
2.04	7.62
-0.55	7.15
-0.8	7.36
1.81	10.12
4.83	12.84
4.09	9.54
0.63	10.01
0.36	14.51
-0.8	18.7
6.66	13.69
7.09	12.06
-0.89	15.28
4.36	19.98
9.08	19.89
8.26	16.48
3.82	15.33
5.57	19
6.78	24.19
11.65	19.76
9.76	25.7
10.73	26.55
12.18	26.7
11.53	24.11
9.53	26.07
10.89	28.52
15.93	25.08
8.55	19.4
9.15	15.54
6.33	16.92
6.69	16.93
5.63	19.24
6.86	21.68
8.94	24.5
14.26	21.95
11.18	16.44
9.99	17.63
9.24	19.15
8.8	20.21
9.57	19.16
14.67	22.67
15.46	27.04
12.86	26.76
11.99	23.16
10.35	15.59
4.2	20.09
5.76	23.4
11.09	18.89
8.18	16.37
3.24	18.85
3.23	22.68
6.81	24.84
11.12	17.24
6.04	16.43
0.74	18.09
6.89	18.32
7.87	17.52
11.25	21.14
10.55	23.29
8.44	23.54
11.82	27.11
11.55	29.28
12.52	29.67
14.4	29.17
16.4	29.71
14.5	30.44
17.04	31.63
12.45	26.43
14.7	22.51
15.24	26.14
15.27	29.7
17.04	28.34
15.88	26.7
12.27	24.72
14.63	21.05
13.63	23.75
9.89	25.49
11.53	26.5
10.8	24.08
14.67	20.64
9.57	22.47
9.92	25.7
15.25	22.7
14.32	23.38
10.76	26.09
13.31	28.94
15.55	27.41
16.73	26.05
11.31	24.63
13.02	27.82
14.17	27.8
17.4	25.53
16.8	25.03
14.7	25.92
15.4	27.94
11.56	28.57
16.44	27.55
14.34	19.85
10.45	21.4
13.15	23.36
14.54	24.12
16.14	23.19
14.06	25.54
15.1	22.47
13.08	19.92
13.01	24.06
14.33	26.03
14.05	27.62
12.93	23.23
8.87	21.86
9.03	23.32
11.12	25.2
13.56	26.29
16.11	24.65
14.8	20.14
12.27	20.68
13.99	24.05
11.53	26.5
11.47	27.5
13.3	27.55
12.55	26.55
13.26	27.97
13.82	27.91
13.62	26.33
13.17	23.32
11.06	23.78
13.03	21.13
11.5	21.77
12.8	25.04
11.47	23.95
15.14	22.72
15.16	25.92
16.72	24.29
11.59	23.03
16.03	21.72
14.72	22.44
12.06	21.37
9.02	19.43
8.16	21.34
9.99	23.12
11.29	25.67
15.11	21.86
16.06	23.96
16.59	26.07
15.31	26.3
12.06	25.33
11.56	25.35
12.01	26.55
11.26	26.86
12.58	26.17
12.57	26.28
11.56	27.18
12.14	27.3
11.73	21.38
5.45	18.22
11.24	21.6
9.69	25.14
10.48	19.24
4.27	16.51
4.5	21.69
6.66	15.92
4.95	11.68
6.68	8.67
4.29	13.46
6.11	9.93
7.18	13.91
4.25	16.11
5.9	14.77
7	15.44
6.55	15.5
4.94	15.65
7.88	13.22
2.55	12.98
-1.57	14.6
4.45	19.14
3.31	20.91
5.79	15.15
1.02	15.57
-0.44	17.41
3.64	20.8
9.05	21.68
12.9	23.18
13.82	23.58
6.42	22.34
7.82	17.74
12.32	14.81
11.11	14.28
8.99	17.7
8.45	16.96
8	12.74
4.93	14.95
-0.1	15.01
-0.91	16.27
1.29	15.92
1.31	15.24
2.01	10.12
4.41	11.83
8.23	12.57
5.34	16.31
6.23	19
4.68	17.37
4.33	15.23
5.68	11.63
8.34	12.17
8.06	13.65
5.02	11.9
8.65	12.6
7.87	13.5
6.26	15.53
5.08	19.98
9.6	14.08
9.25	13.79
6.75	13.79
3.86	9.45
6.64	10.14
6.91	16.17
3.6	20.01
2.13	16.66
4.42	12.13
1.35	7.55
3.43	8.27
4.84	6.92
0.2	8.95
-0.83	9.12
-1.6	8.26
-3.51	5.14
-0.71	8.14
3.69	8.22
0.9	8.01
-2.15	8.2
0.07	8.12
1.54	4.14
2.3	4.2
-0.17	4.03
-5.1	2.74
-5.51	0.68
-2.53	0.76
-2.47	1.15
-0.98	1.21
-4.95	3.2
-9.45	1.56
-10.24	1.32
-1.08	2.53
-0.09	1.28
0.23	1.48
0.62	2.16
-0.93	0.83
-7.7	-0.43
-6.31	-2.27
-6.29	0.19
-2.21	2.21
0.16	3.94
-1.54	0.92
-2.61	-0.34
-4.36	-2.18
-4.48	-4.05
-4.57	-3.45
-4.84	-1.22
-7.31	-1.97
-5.17	0.91
0.52	9.45
0.86	7.95
0.56	6.86
2.44	7.44
0.45	3.17
-1.44	2.51
-3.24	6.02
-3.96	4.38
-5.64	6.04
-3.29	7.19
0.26	7.64
-4.95	1.03
-9.83	0.88
-0.51	2.43
-2.93	0.49
-5.17	-2.89
-4.82	-3.09
-4.73	-2.76
-4.35	3.6
0.31	4.16
-1.13	3.2
-1.9	1.91
-1.53	0.34
-0.65	0.13
-1.7	1.47
-3.05	0.99
-1.32	0.27
-1.84	0.42
-1.28	0.54
-3.69	1.32
-5.82	3.65
0.1	6.83
-3.52	5.9
-3.46	6.97
-3.72	2.86
1.61	7.74
-0.73	4.71
-1.85	5.11
-2.33	5.2
-0.59	3.36
-2.23	2.83
-0.86	3.66
-0.7	2.11
-0.85	3.66
-2.79	2.15
-2.55	-0.09
-5.62	-0.95
-7.79	0.1
-2.87	1.58
-0.36	2.15
-0.63	2.05
-3.1	3.02
-4.85	3.03
-8.1	2.86
-1.58	2.21
-3.35	2.03
-7.77	-2
-6.99	-1.1
-19.32	-1.55
-14.96	0.2
-11.5	6.33
0.41	10.63
6.27	13.71
5.6	16.21
7.35	11.98
4.29	12.93
5.37	10.39
3.18	16.68
3.72	16.33
3.12	16.79
4.15	12.77
6.76	9.76
1.77	7.11
0.49	9.42
2.53	10.35
2.44	10.74
0.47	15.7
4.62	9.84
-2.95	10.33
5.3	13.31
6.87	10.28
1.27	14.44
5.26	10.58
3.07	6.96
0.49	8.48
-2.18	10.24
3.73	10.4
0.48	9.11
-2.64	10.27
2.71	6.03
2.28	10.98
-0.07	10.25
0.96	11.65
4.79	16.51
2.68	20.32
5.98	20.84
5.85	20.55
3.44	19.3
3.61	18.72
8.68	14.92
7.96	15.17
4.85	13.69
3.81	9.6
-2.69	9.79
1.99	13.2
0.82	13.25
0.82	15.14
9.7	17.19
2.94	13.76
3.03	5.95
1.97	7.42
3.71	7.53
3.53	6.44
3.18	8.33
0.99	11.09
2.55	8.81
5.35	13.9
5.36	14.17
6.83	16.83
4.31	17.99
3.9	18.77
5.4	19.05
4.03	18.8
5.77	15.46
6.43	18.79
6.17	20.75
12.89	22.17
11.81	20.88
8.89	16.95
5.77	19.45
9.43	21.14
6.48	20.77
12.81	18.17
11.88	19.23
9.75	18.85
7.53	16.82
9.58	15.16
4.23	10.29
-1.64	10.69
4.29	12.04
6.42	11.47
2.86	16.66
8.26	17.43
5.41	18.78
10	18.43
12.38	20.49
13.26	19.79
9.13	19.63
14.35	17.79
12.21	20.41
12.01	18.66
13.21	19.3
12.06	19.75
8.7	18.56
10.32	19.64
11.13	19.9
11.8	21.18
11.24	23.27
11.01	26.01
11.59	26.35
10.62	27.41
11.27	27.68
12.34	27.34
13.62	24.77
14.32	27.43
15.02	27.96
13.6	24.96
15.55	26.61
11.64	19.1
11.83	18.61
9.62	16.01
10.43	17.34
6.51	20.27
7.87	21.57
12.77	21.58
13.61	21.2
10.68	21.41
10.14	23.25
12.05	22.66
11.99	24.54
11.97	25.26
15.19	23.06
8.91	20.73
10.48	20.01
7.45	18.41
10.87	18.05
7.87	21.14
8.32	24.08
11.67	25.25
15.85	21
12.46	25.97
13.5	26.64
13.73	23.96
9.12	22.33
12.6	20.4
11.33	20.27
8.92	21.76
12	20.18
12.63	20.85
14.75	27.17
16.79	27.65
15.2	25.56
16.8	23.82
13.05	20.33
11.81	24.69
15.18	26.75
15.81	21.25
10.85	23.65
13.4	20.06
9.59	19.49
7.93	20.92
8.21	22.99
9.86	25.07
11.06	25.9
12.74	26.74
12.32	27.84
13.79	28.82
14.44	24.74
13.52	26.54
13.03	27.31
15.35	28.79
14.86	28.54
15.85	24.07
14.82	28.06
14.2	28.24
15.99	29.58
15.2	25.89
10.52	24.47
12.15	20.84
10.27	22.47
9.83	20.8
8.73	21.24
12.44	19.28
7.63	24.56
11.33	27.22
13.11	23.62
12.97	22.14
8.05	21.37
8.16	24.62
9.08	24.04
9.53	24.72
8.81	25.63
10.27	24.88
11.55	25.45
11.75	18.76
5.03	20.15
7.61	16.52
7.13	20.25
8.14	20
9.42	15.76
3.91	19.46
6.85	20.53
5.98	21.87
9.66	22.43
9.38	22.97
11.81	22.2
10.94	22.79
9.56	22.19
9.14	22.81
11.15	20.38
11.33	29.91
11.82	20.77
7.07	17.57
5	19.01
6.95	22.85
9.16	22.92
6.51	23.6
8.49	20.99
11.51	15.97
7.35	15.86
2.05	15.07
6.17	18.92
11.03	20.01
11.78	21.76
9.62	27.29
9.78	25.21
10.79	16.39
8.74	14.06
1.82	17.62
5.89	16.03
7.16	12.97
8.19	12.47
11.12	15.87
9.47	18.09
7.58	14.74
5.33	17.82
6.52	20
6.51	19.12
6.29	19.98
4.88	19.77
4.95	19.37
4.89	19.66
4.58	20.87
3.39	16.5
5.18	15.33
4.39	14.58
2.13	14.68
4.1	10.85
7.62	12.73
7	12.13
3.14	13.57
2.23	11.65
3.97	14.87
2.41	14.98
0.73	16.7
7.37	11.99
2.26	9.17
-1.84	9.26
4.81	14.5
0.7	13.62
5.25	15.71
-0.07	13.51
0.16	10.58
4.66	6.28
4.93	8.06
2.8	6.5
3.71	5.15
3.72	4.54
3.03	3.94
2.34	3.33
1.26	2.24
0.55	1.29
-0.43	0.52
-1.11	-0.27
-0.82	1.55
-2.14	0.84
-1.59	-0.36
-0.99	4.19
-1.97	3.44
-0.5	0.66
-1.21	0.13
-1.71	0.24
-0.97	1.72
-1.86	3.07
-2.95	3.17
-1.86	-0.41
-1.43	0.15
-0.14	0.89
-4.87	1.58
-0.1	3.01
-2.92	5.75
-9.15	1.67
-7.59	0.05
-7.69	0.66
-5.29	-0.48
-5.32	-0.88
-14.48	-5.62
-13.77	-4.7
-7.36	-4.29
-5.34	-1.53
-6.3	4.55
0.27	5.77
0.07	8.45
3.5	12.28
1.4	8.64
-0.92	8.26
-1.48	9.11
0.77	7.46
-3.07	3.49
-5.8	-3.17
-5.95	0.15
-11.11	-4
-3.97	0.32
-1.5	0.21
-0.73	0.26
-0.26	2.52
-1.14	3.3
-2.11	3.75
-0.54	9.36
0.79	12.07
6.1	12.76
2.63	12.67
-6.86	8.5
-8.72	-4.1
-10.1	-2.56
-12.49	-2.53
-12.96	-2.99
-14.38	-4.38
-14.02	-2.46
-11.42	-2.29
-10.61	0.92
-1.15	2.03
-1.77	2.02
-7.49	-0.1
-11.26	-1.12
-10.72	1.33
-5.97	0.88
-2.41	-1.21
-9.17	-2.64
-9.69	-2.72
-16.95	-3.48
-15.65	-2.82
-7.09	-1.27
-1.85	1.04
-1.35	0.1
-0.51	0.72
0.14	1.67
-1.04	3.11
-2.03	5.04
3.42	13.98
0.81	10.7
-1.11	6.45
-1.43	5.11
-2.83	6.8
-0.26	9.17
2.61	7.75
1.88	4.65
2.98	9.18
1.24	5.91
-4.06	2.61
-1.34	6.02
-0.85	3.75
-0.69	1.77
-1.88	0.12
-1.73	0.53
-0.25	7.51
2.07	7.52
3.56	6.29
3.73	6.54
0.37	5.55
-0.75	1.47
-0.56	2.68
-1.78	3.63
-7.17	3.27
-8.26	3.34
-8.64	3.68
-6.58	4.66
-3.84	1.45
-2.54	-0.43
-5.1	2.08
-4.24	0.01
-2.96	6.94
-1.19	7.91
-1.91	11.63
-0.8	14.18
1.55	11.62
3.81	7.17
2.77	10.71
2.13	7.58
-1.89	10.17
3.95	10.34
-1.18	8.16
4.09	12.44
6.3	15.53
6.73	17.38
10.18	18.07
10.72	17.07
4.75	12.19
3.5	14.34
5.02	16.86
3.37	17.3
6.9	14.27
4.5	10.08
5.1	15.11
3.82	9.93
-1.75	12.6
7.87	16.88
8.41	11.75
5.63	16.26
6.63	11.89
2.25	9.61
4.22	13.18
4.92	10.34
2.05	13.58
0.58	15.01
5.59	14.51
2.28	11.92
5.34	9.6
3.2	10.41
2.37	9.93
0.18	10.19
2.18	13.9
0.75	16.77
3.11	15.13
2.16	17.93
3.71	19.51
4.27	20.91
6.53	20.05
10	15.95
5.3	11.75
0.41	9.6
-1.6	11.75
0.29	14.24
5.68	15.07
2.32	18.86
11.02	17.75
10.3	16.1
6.81	17.45
9.21	14.17
8.26	10.41
5.68	14.3
4.56	16.84
6.88	12.63
6.74	16.61
3.75	13.87
-0.46	12.84
2.03	10.39
0.23	14.4
3.84	14.39
3.1	17.09
5.82	18.65
3.95	20.36
6.92	19.45
7.57	17.31
10.66	19.06
10.03	20.28
7.23	22.4
6.73	24.16
8.05	25
11.51	25.45
12.45	27.77
11.97	29.29
14.26	27.62
10.01	25.57
10.06	27.64
12.93	28.72
14.44	26.9
10.9	26.19
13.93	28.05
17.49	23.99
10.51	26.08
13.95	25.86
11.77	28.26
14.04	30.01
13.8	30.3
14.51	30.45
15.07	30.4
14.76	30.55
13.78	30.05
12.11	30.47
16.28	26.01
15.73	27.05
13.5	28.32
14.35	28.28
16.31	26.78
16.15	27.92
16.06	23.87
12.68	23.73
13.98	21.04
11.2	20.32
11.16	18.97
11.1	19.9
13.93	17.44
13.87	16.63
11.31	22.77
13.37	20.93
13.86	25.88
14.01	27.96
16.51	26.8
15.67	29.33
16.39	26.38
17.47	24.96
14.53	25.82
14.15	21.82
11.69	17.45
10.95	11.71
12.07	19.22
12.48	20.32
10.19	23.8
12.21	22.38
14.71	19.11
9.26	22.08
15.12	24.11
10.11	22.19
13.22	23.98
16.84	25.21
17.44	24.55
15.83	24.62
12.41	21.17
13.77	19.64
13.41	24.38
15.56	27.98
16.21	27.34
16.01	25.54
16.1	21.65
12.97	20.53
9.74	20.34
12.32	23.8
13.67	26.06
13.66	24.46
14.78	22.4
12.16	24.94
17.23	27.86
14.36	27.94
18.17	29.83
16.12	29.72
17.53	29.68
14.75	26.3
10.2	24.36
10.57	25.08
13.54	26.21
14.25	27.05
16.92	23.34
14.5	20.13
11.7	20.39
9	21.28
8.18	22.06
11.46	25.24
11.43	27.77
12.73	27.28
13.89	25.65
10.86	23.32
12.36	18.23
13.7	21.8
10.74	23.59
11.35	24.82
11.42	25.75
12.17	24.33
11.45	17.37
5.99	18.52
10.39	20.77
8.38	18.92
8.25	19.53
7.68	19.2
6.89	21.85
6.75	23.68
7.24	24.72
10.08	25.58
12.82	18.65
11.32	17.5
10.16	21.98
7.36	23.9
10.62	25.16
11.34	25.43
11.76	23.6
11.81	23.39
10.85	25.14
11.63	26.5
11.81	25.26
12.79	18.52
7.55	14.99
1.34	17.62
3.36	23.34
5.85	25.23
7.26	24.25
9.82	23.84
10.66	21.81
9.59	16.23
10.01	12.98
9.21	11.78
4.72	17.28
3.73	18.59
6.56	19.17
10.26	14.65
6.64	17.64
4.96	15.75
6.2	13.58
3.89	12.74
-2.04	14.14
1.55	16.27
6.75	11.39
5.06	10.46
2.13	9.92
4.65	13.35
1.13	11.28
4.25	15.47
6.59	20.02
8.99	20.06
14.41	22.41
8.61	20.28
11.21	23.81
11.2	22.6
9.9	17.15
5.02	11.76
0.56	16.07
-1.64	16.01
-0.03	13.34
5.05	9.14
-2.29	10.7
-1.27	6.79
-6.85	7.24
-6.42	5.3
-1.41	8.02
4.4	6.13
4.39	5.3
4.89	9.69
0.19	6.38
3.06	12.21
1.69	9.2
-1.3	7.21
2.15	6.58
-0.7	10.07
2.29	12
3.35	18.33
6.37	18.07
5.53	10.54
4.42	5.56
1.49	5.04
-2.48	7.68
1.88	9.51
3.6	11.58
7.48	12.08
6.19	8.38
6.2	7.99
5.28	7.88
4.37	5.44
1.76	6.85
2.69	7.4
0.66	6.41
0.92	5.5
-0.45	6.05
-3.58	6.19
0.16	6.12
3.58	5.31
4.06	8.96
0.75	15.07
-0.95	10.74
2.2	11.5
-1.54	10.26
-0.66	12.55
-0.8	12.34
-0.23	7.91
2.11	10.6
0.38	11.8
-0.05	9.36
-0.01	10.31
6.09	12.75
1.51	9.42
-3.04	1.77
-1.62	4.75
0.96	5.94
1.21	8.62
-1.81	7.03
-1.17	4.31
-1.94	2.72
-0.26	2.73
0.55	1.97
1.57	3.85
2.4	7.59
3.24	5.27
4.2	5.82
3.37	4.21
0.78	3.49
-0.34	1.56
-0.69	1.27
-3.62	1.02
-2.62	-0.83
-3.95	2.48
-5.2	2.55
-7.42	-0.28
-9.99	-0.96
-12.61	-1.9
-4.34	-2.73
-5.3	-2.99
-6.63	-0.94
-3.85	-0.3
-3.03	0.17
-5.95	-1.75
-9.23	-4.1
-17.05	-5.45
-19.07	-9.66
-13.57	-7.83
-8.36	-2.55
-3.1	-1.85
-2.97	-0.98
-3.91	-1.78
-4.1	-1.85
-2.89	-0.42
-1.91	0.74
0.68	4.79
-1.11	4.11
0.19	2.61
-4.62	0.83
-5.27	0.09
-11.12	-0.92
-7.78	-1.46
-7.41	6.15
0.91	11.31
4.34	10.63
-0.94	6.51
2.24	10.33
1.75	12.65
1.03	6.79
0.9	10.47
-0.43	6.9
0.66	10.84
-1.6	10.75
2.14	6.94
0.41	6.88
-0.53	9.05
-0.38	8.22
-0.98	4.5
-2.19	2.47
-3.43	4
-1.34	6.55
0.1	3.57
-0.15	2.93
-2.09	5.63
-3.4	6.42
-5.3	7.27
-4.25	1.15
-2.89	4.44
-6.08	10.28
-5.16	6.09
-4.61	2.08
-5.66	1.99
-5.88	3.96
-0.19	10.73
-2.27	11.18
0.55	6.45
-4.39	4.24
-4.71	7.8
-0.49	8.54
2.41	8.77
2.42	7.33
2.58	8.1
1.35	7.91
1.11	8.72
2.42	5.36
-0.03	10.64
1.02	10.19
1.21	7.02
1.66	7.33
0.45	10.56
-1.34	10.25
-1.49	11.59
2.4	8.93
0.43	2.73
0.08	6.78
3.54	4.63
4.23	6.1
5.03	10.12
1.64	14.42
2.26	16.27
8.33	19.72
5.66	19.08
8.85	14.72
0.15	14.16
4.75	14.91
6.74	18.1
4.73	11.46
3.46	7.03
3.36	5.96
3.57	8.15
5.06	9.7
1.41	10.38
1.63	10.49
0.49	11.19
2.97	11.02
2.85	12.24
-0.25	15.13
1.76	18.36
3.08	20.34
2.79	20.29
3.71	21.28
6.23	21.63
9.12	18.13
4.04	11.43
3.72	7.4
4.43	6.43
4.37	9.83
4.29	10.08
5.15	9.97
-0.12	12.62
5.32	12.49
4.11	14.21
6.84	15.71
3.81	17.82
7.87	17.51
7.85	18.84
8.09	14.67
7.16	13.67
5.23	7.63
7.22	10.7
5.44	19.43
10.54	21.85
9.51	19.82
9.01	11.58
9.32	17.87
3.68	17.54
3.47	17.29
3.8	14.17
2.94	12.88
7.78	12.44
8.28	15.5
5.69	14.84
9.99	17.64
10.09	20.43
7.32	19.62
7.54	18.28
8.48	15.15
6.33	17.57
6.48	18.83
5.53	22.69
8.23	23.32
12.67	20.66
10.03	21.35
11.63	20.28
11	16.97
5.4	18.31
4.6	19.19
7.59	20.91
11.17	20.93
13.9	24.03
11.24	21.42
13.08	23.07
10.9	22.73
14.18	22.71
15.03	22.41
11.8	24.24
11.12	27.42
12.62	28.96
13.98	30.14
17.2	29.92
14.11	25.15
12.26	25.44
13.2	19.14
12.85	21.19
8.49	24.32
11.83	19.19
13.33	22.7
10.12	23.29
13.24	22.56
13.57	21.94
10.08	20.02
11.46	17.14
8.08	20.68
11.95	21.12
11.19	19.75
9.79	22.44
13.28	18.61
9.22	21.79
12.32	21.68
8.34	22.63
12.74	25.12
15.45	22.64
13.77	26.04
15.73	27.17
15.05	24.09
10.49	21.23
11.73	19.8
9.81	21.06
13.12	23.03
13.04	26.8
15.53	27.22
14.38	17.4
14.2	20.72
11.22	23.64
14.61	25.83
12.76	22.21
11.57	18.89
12.51	24.45
11.79	26.69
13.92	27.32
12.22	27.72
15.28	25.72
15.67	27.65
16.79	26.49
17.63	24.99
13.79	26.84
13.64	26.99
13.11	28.31
15.34	29.89
18.27	27.86
14.56	29.64
19.12	26.31
14.68	28.06
15.27	30.54
15.62	27.06
15.84	25.16
14.27	25.54
13.91	23.83
13.61	20.98
11.73	21.41
11.52	25.01
12.37	26.65
16.06	25.06
11.65	23.48
9.12	25.58
10.74	23.45
14.95	28.71
14.76	24.84
12.44	19.91
9.54	18.17
4.58	20.68
4.76	22.26
8.05	24.86
11.74	26.6
14.88	24.87
14.53	27.01
13.4	22.54
10.94	19.52
8.86	17.39
5.53	19.92
6.31	21.7
7.13	23.79
9.95	21.56
11.26	22.11
12.98	17.58
8.79	19.34
11.86	17.06
5.53	16.82
9.29	22.19
10.04	23.25
12.15	18.71
7.7	22.52
8.78	18.25
9.63	20.09
9.74	19.59
13.65	20.19
14.36	21.51
12.64	24.13
11.22	21.41
11.44	23.01
13.69	18.98
11.7	20.34
9.87	19.85
5.96	16.7
6.27	17.8
5.34	18.39
5.36	19.88
9.55	17.62
3.67	17.1
5.52	17.43
5.33	17.29
4.7	15.62
8.21	16.03
11.14	21.61
8.56	18.03
6.49	9.85
5.31	8.69
0.74	13.44
7.38	12.61
7.82	12.03
5.01	13.12
5.41	14.25
8.02	19.26
8.93	19.98
10.57	16.38
8.73	12.5
3.12	13.67
-1.12	11.56
-2.76	9.73
2.03	15.02
1.37	17.15
7.06	14.2
6	11.39
-1.86	11.53
-0.08	17.05
1.15	17.83
4.83	11.63
-1.25	10.86
0.59	5.83
-1.16	1
-1.97	-0.61
-1.3	0.46
0.61	1.38
0.79	2.19
1.31	4.52
1.08	3.95
2.78	5.31
1.75	3.48
-4.05	4.06
-4.32	3.23
-0.22	3.1
-4.97	4
-4.74	4.29
2.16	10.55
1.84	14.98
3.21	11.44
3.37	11.74
1.63	9.74
0.24	10.98
-0.48	11.28
-0.24	12.67
-0.42	14.41
-0.17	13.72
-0.51	14.73
1.43	8.78
-0.06	1.91
-0.79	2.38
-1.46	1.49
-5.65	-1.95
-6.94	-3.44
-12.53	-1.95
-9.94	-2.57
-12.54	0.13
-5.85	4.36
-5.96	-0.82
-5.72	-2.58
-13.72	-0.03
-9.02	-0.1
-1.83	4.83
-2.95	5.35
-6	3.95
-1.15	8.22
-1.18	9.9
0.85	5.73
-0.37	4.41
-1.91	1.87
0.08	0.9
0.58	1.71
0.02	1.82
-0.31	6.5
-2.88	4.79
0.73	6.44
-3.16	5.08
-2.16	2.75
0.88	3.41
0.05	3.12
-6.13	4.03
-6.72	4.36
-6.95	3.82
-5.1	1.62
-3.08	5.59
0.44	8.29
0.61	8.09
-0.5	4.06
-4.43	2.26
-5.22	-0.7
-7.46	-3.48
-11.85	-1.98
-15.28	-1.53
-12.72	-2.73
-8.11	1.4
-6.62	-0.85
-6.37	1.4
-11.09	2.17
-12.52	3.41
-11.66	2.3
-9.91	2.56
-7.24	3.87
-6.04	1.91
-6.45	2.75
-1.09	1.11
-7.5	2.27
-10.93	0.6
-9.11	0.23
-2.51	4.92
-5.46	1
-9.08	0.21
-12.29	3.6
-6.12	4.35
-8.62	5.52
-6.38	11.17
-5.92	12.88
-4.3	12.72
2.66	9.44
-0.34	7.72
-5.43	5.76
-2.56	8.46
-0.13	14.66
-2.87	11.6
-1.22	8.29
0.51	6.55
-3.72	2.94
-9.54	2.84
-3.98	0.22
-7.94	2.2
-7.89	4.17
-3.68	2.58
-3.67	0.68
-3.69	-0.24
-3.13	0.62
-1.91	1.15
-1.38	0.68
-0.54	3.36
0.27	2.26
-1.11	4.61
-7	3.86
-8.09	3.05
-3.74	2.51
-0.26	3.23
-0.18	3.17
1.67	2.93
1.42	4.63
-1.92	5.44
-1.18	10.67
0.68	14.68
1.13	14.19
5.16	18.57
4.77	16.77
6.58	12.58
6.59	20.59
8.04	13.8
2.23	15.67
2.08	14.37
3.33	12.24
-0.19	13.42
3.1	9.37
4.18	7.6
-0.45	14.11
-1.04	17.3
-0.03	17.33
1.54	18.05
6.39	18.99
9.16	18.83
6.52	21.44
7.52	18.13
2.06	16.94
5.79	17.06
5.55	15.34
5.29	18.2
6.09	18.17
5.23	18.95
5.1	13.34
0.03	14.52
6.67	12.75
8.47	16.77
5.15	19.58
4.26	21.78
10.48	20.17
8.59	18.17
6.91	16.54
1.54	18.73
4.07	23.14
5.76	20.06
4.1	20.17
3	18.99
1.89	9.41
0.37	7.73
2.07	9.77
-1.13	13.74
5.1	13.74
-0.29	18.84
1.67	15.23
5.3	11.39
6.35	10.97
6.32	20.2
11.37	17.39
5.34	14.65
0.84	14.2
5.02	19.19
8.21	18.78
7	14.55
6.46	8.58
2.71	8.18
4.38	15.22
2.41	16.65
4.55	19.22
3.72	20.27
5.66	23.28
8.38	23.38
7.39	22.58
12.86	16.1
10.09	17.33
6.63	21.53
8.83	21.98
11	20.81
9.96	21.77
9	22.2
8.1	24.62
12.54	25.41
11.51	23.63
14.09	21.64
13.33	18.71
11.28	21.42
13.89	23.84
15.6	25.18
15.09	23.62
11.4	19.21
6.81	22.55
11.11	24.6
11.48	27.38
11.22	28.54
12.09	29.69
14.12	30.04
18.45	29.1
14.27	24.3
14.51	21.13
12.11	24.88
11.46	26.56
17.2	26.29
16.4	23.72
12.43	25.85
10.9	28.86
16.95	25.27
8.13	25.27
13.24	29.36
15.73	28.91
12.92	22.31
9.85	14.79
9.71	18.31
7.13	17.93
8.26	20.5
11.12	19.44
13.38	17.95
12.87	17.73
9.61	23.51
11.75	21.23
11.48	25.39
12.8	26.88
17.5	28.86
15.04	25.65
13.01	22.18
10.64	25
16.97	28.79
16.16	24.99
9.51	23.62
10.38	24.53
13.26	25.55
12.55	25.5
14.04	26.89
14.34	27.88
14.41	29.25
16.69	28.1
16.6	26.21
17.31	22.09
13.89	24.7
12.9	23.97
14.97	27.64
15.89	28.59
14.54	24.83
9.15	19.05
10.76	22.16
13.38	26.78
15.11	27.97
15.06	28.17
13.56	23.62
10.68	20.77
7.75	22.43
11.07	21.45
11.53	24.08
13.63	26.91
13.57	28.2
15.8	30.03
17.29	31.76
17.68	32.74
17.04	27.94
16.17	27.38
13.82	28.8
16.04	29.47
14.18	31.28
16.99	30.86
13.82	26.9
16.13	26.05
13.35	25.25
14.31	26.11
11.46	27.72
11.4	29.17
11.95	29.26
15.71	24.23
9.4	23.06
5.8	24.83
7.71	26.15
13.75	22.02
8.66	22.72
10.57	17.32
7.74	19.39
7.98	20.2
10.76	21.57
12.33	22.84
10.57	16.79
6.38	20.25
10.51	21.26
8.22	23.8
13.29	20.49
11.83	20.1
6.99	20.69
11.32	19.75
10.86	20.05
11.87	22.92
8.09	22.89
7.37	23.84
8.99	23.88
14.53	18.28
12.39	19.4
11.11	23.25
10.3	24.18
12.62	18.32
6.56	18.14
6.18	20.47
11.14	15.8
10	17.98
10.71	19.67
12.14	24.22
13.85	26.62
13.78	27.86
17.26	27.4
14.37	20.74
14.91	22.22
10.51	23.78
13.4	23.88
11.53	20.84
14.2	18.22
10.25	14.35
9.8	19.08
9.61	18.79
12.64	19.79
12.6	21.14
8.96	23.68
10.17	23.72
13.62	22.67
11.65	19.54
5.4	20.28
8.3	15.88
9.3	19.14
3.54	11.58
4.61	14.23
-0.11	14.05
6.92	17.57
6.96	15.06
7.3	16.52
6.14	22.65
9.39	19.56
8.02	18.27
9.89	20.14
9.74	15.63
4.66	11.1
3.92	8.87
1.05	10.79
2.85	13.3
4.95	10.08
4.5	13.09
0.72	13.55
0.31	15.11
4.26	17.38
6.55	16.41
4.74	18.75
6.44	16.05
4.82	16.16
1.36	15.27
3.53	11.88
-0.71	6.17
-3.18	5.55
-3.33	3.78
-1.64	3.06
-3.72	5.88
-1.14	9.77
2.1	10.16
1.11	7.57
-1.94	4.13
2.9	4.7
-2.7	5.05
-5.45	4.54
-2.98	5.86
1.1	14.9
0.19	15.51
5.22	14.7
-0.42	13.09
1.5	15.25
3.05	8.06
-2.31	5.68
0.82	6.77
-0.22	2.84
0.61	5.48
-0.25	7.55
1.98	5.02
-1.27	5.25
-0.65	2.25
-3.78	2.29
-1.84	4.67
-2.97	5.38
0.09	5.16
-0.43	11.55
3.22	11.2
1.73	5.86
0.29	2.66
1.36	4.99
-3.28	2.47
-7.55	2.49
-3.94	4
-2.99	1.68
-4.38	-0.21
-2.52	-0.33
-1.97	0.34
-12.39	-2.12
-18.78	-4.56
-8.81	-2.78
-2.71	-0.35
-6.74	-1.04
-1.84	1.71
-2.9	2.94
-11.81	-0.7
-7.09	0.63
-3.15	6
1.73	6.9
4.63	13.87
1.91	7.51
2.82	7.94
-0.1	7.67
0.23	9.3
-0.63	6.38
-0.14	12.45
-5.01	6.37
-11.77	-4.28
-6.71	-4.75
-8.81	-4.65
-9.85	-3.94
-4.99	-1.94
-14.95	-3.82
-16.38	-6.3
-10.07	-7.48
-8.28	-7.34
-8.83	-7.22
-7.19	-5.92
-7.54	-6.31
-8.54	-6.01
-6.55	-4.23
-9.44	-2.72
-7.84	-1.39
-5.71	-0.75
-3.32	-0.98
-4.56	-1.88
-5.97	-1.69
-4.8	4.14
-3.55	3.5
-3.03	4.88
0.33	11.46
-2.48	4.34
-3.89	0.78
-8.18	1.26
-9.8	1.23
-9.16	2.19
-9.05	4.09
-4.43	8.14
-4.21	9.64
0.12	8.67
-4.39	7.78
-2.91	1.96
-3.07	-0.49
-3.18	-1.48
-3.2	-1.66
-3.49	-1.2
-2.73	3.32
-1.01	6.02
-3.08	3.05
-1.12	1.56
-4.74	0.08
-9.21	-1.17
-7.79	-3.97
-10.37	-2.16
-8.54	-0.34
-5.24	0.4
-0.98	3.2
-2.54	4.01
-7.11	7.23
0.62	13.15
0.81	6.31
-0.96	11.23
2.08	14.03
3.4	9.02
2.32	6.16
0.2	3.02
1.25	6.81
-2.03	7.39
-2.54	11.97
5.59	8.81
-0.74	9.42
2.79	7.08
1.5	7.45
-2.92	10.24
-2.58	10.42
0.67	13.06
2.39	10.65
3.16	9.17
-1	9.58
2.67	7.43
0.41	6.24
-0.33	8
-2.82	10.44
-3.12	11.54
-0.82	15.25
0.4	18.43
4.83	17.11
9.27	18.37
7.68	12.88
8.36	10.65
7.6	14.44
4.14	14.77
7.67	18.22
8.56	16.01
2.16	17.89
6.39	21.3
9.16	18.41
6.24	20.45
4.84	16.11
0.61	8.94
-0.33	13.26
4.34	9.58
2.07	7.09
2.97	7.1
3.94	10.12
4.24	13.12
4.15	15.65
3	13.86
0.31	11.27
-0.22	12.3
-0.07	12.94
1.29	10.56
1.89	9.34
-2.02	13.91
3.17	14.87
4.35	16.63
2.88	12.23
5.6	14.13
5.79	14.03
1.23	13.38
0.7	10.11
1.65	16.62
2.6	20.34
8.88	22.69
11.89	20.43
9.43	22.93
11.03	22.65
7.87	10.61
8.99	16.63
12.42	15.72
10.63	16.93
6.42	18.49
5.92	18.52
6.46	21
7.23	21.19
6.94	23.42
8.83	25.25
11	26.21
10.91	25.18
13.55	25.7
12.42	21.38
11.13	25.08
13.54	22.22
12.56	17.01
7.73	19.14
10.12	22.35
11.03	24.72
12.51	26.74
14.08	23.39
12.49	19.65
11.7	24.41
9.62	26.23
10.67	27.72
12.99	28.61
11.4	28.7
14.27	27.23
12.77	28.73
13.69	27
14.55	23.59
11.53	26.74
15.26	24.82
13.15	26.41
17.97	24.62
12.38	18.59
11.03	19.62
6.17	19.04
9.22	20.88
10.13	19.07
11.73	22.15
14.74	19.59
10.51	22.99
10.21	25.84
14.73	26.52
17.6	28.78
15.1	25.24
14.01	27.33
19.5	30.44
14.05	25.16
12.97	24.17
10.56	19.92
12.83	21.86
10.87	22.47
13.44	23.78
15.25	27.95
15.56	28.06
12.42	25.44
13.57	26.32
15.35	22.56
11.8	22.97
12.43	24.68
11.72	25.67
15.98	25.11
17.24	22.19
15.44	25.64
14.64	25.75
16.44	28.28
17.87	29.18
16.87	28.92
16.9	24.63
18.18	27.57
17.01	29.7
17.55	29.82
17.16	30.07
17.86	25.75
18.48	25.51
17.08	23.64
17	21.04
16.64	21.16
14.56	22.83
14.11	26.06
14.42	25.16
15.7	25.96
13.62	26.22
13.72	25.87
15.68	25.81
16.78	26.73
15.2	23.74
14.13	25.96
15.46	25.66
15.03	21.4
14.46	25.84
15.71	25.36
14.98	26.96
14.46	27.24
16.34	29.55
16.19	29.45
16.65	27.83
17.19	29.03
15.35	27.1
12.58	25.58
13.57	27.49
14.45	26.39
11.79	22.61
12.23	21.54
8.78	23.91
9.2	23.66
11.75	23.62
11.04	24.82
13.82	27
13.87	22.63
14.3	19.18
12.49	19.38
8.93	21.89
12.11	21.48
10.34	23.3
10.92	23.34
9.56	24.46
12.04	26.41
15.31	29.17
14.55	27.44
15.05	24.43
15.58	22.07
14.57	21.92
12.3	24.44
13.01	25.08
10.91	24.34
11.9	25.12
11.56	25.31
10.91	25.49
10.11	25.1
9.51	24.57
9.16	24.22
9.27	23.93
11.77	23.63
15.77	25.11
12.12	21.39
10.71	17.79
11.3	16.43
13.64	24.43
12.89	23.7
11.83	21.19
10.04	22.03
8.23	21.31
12.47	16.72
14.3	16.79
9.69	16.14
7.16	12.9
9.61	11.29
10.08	14.77
9.62	18.12
8.79	15.18
4.9	10.69
6.91	16.32
3.61	17.56
8.33	11.03
4.43	15.34
7.61	16.15
6.5	13.05
3.32	15.42
1.49	14.33
1.84	17.26
5.38	12.42
8.9	16.69
6.04	13.46
8.3	17.11
9.41	16.61
9.16	20.46
9.91	15.22
8.26	15.42
3.93	16.24
4.48	11.61
8.62	13.25
6.4	13.24
1.99	7.79
4.93	6.61
4.7	6.33
4.08	5.41
3.8	5.04
3.88	8.78
-2.4	4.88
-4.78	3.9
-3.37	6.6
4.55	17.89
9.74	13.61
7.68	12.6
0.82	8.81
2.72	15.25
5.73	13.96
1.1	9.36
0.95	4.92
1.5	4.67
-2.62	8.69
2.68	11.4
2.71	9.41
-0.52	8.33
-0.27	9.06
0.93	7.08
-0.15	14.95
3.11	14.07
9.57	14.89
6.03	11.47
3.36	6.49
4.53	8.09
5.66	6.91
3.09	5.03
3.32	5.72
-0.76	5.5
0.27	3.61
-0.46	1.18
-1.26	1.19
-0.75	2.91
-0.13	12.85
9.14	15.3
7.22	13.98
0.49	12.14
-2.55	2.31
-0.44	3.69
1.54	3.89
-1.07	4.48
1.93	9.36
7.38	12.91
2.67	12.65
1.38	3.39
-3.02	6.06
1.82	9.72
0.39	2.55
0.35	2.06
1.05	2.76
2.03	6.06
2.65	5.92
-3.27	5.16
-0.3	6.19
-1.71	4.56
-1.72	3
-5.3	3.06
-4.45	1.51
-2.05	4.65
-0.58	3.45
1.24	5.42
0.61	5.89
1.74	10.78
-0.38	6.5
1.46	4.83
-2.69	6.01
-1.98	5.22
-3.62	9.16
-2.52	8.12
-4.24	3.66
-4.27	0.34
-2.67	2.53
-2.17	3.81
2.59	9.93
-0.11	12.92
-0.08	6.29
-2.01	2.98
-4.84	3.57
0.28	9.51
-2.72	6
-1.52	5.22
-4.98	5.21
-1.07	7.47
1.45	11.5
2.91	11.65
3.25	10.47
1.4	10.31
0.86	8.04
-2.59	8.68
0.76	7.83
-3.34	5.23
-3.59	5.28
-5.92	3.39
-1.05	1.64
-0.91	2.63
-1.91	1.48
-1.56	0.17
-2.19	0.71
-1.14	0.15
-1.65	4.4
-4.09	1.95
-1.58	0.29
-4.28	-0.99
-10.85	-3.4
-10.2	-0.48
-8.95	2.93
-4.51	1.66
-6.58	2.79
-9.04	4.42
-9.18	-1.33
-14.61	-0.21
-13.28	2.73
-12.05	3.04
-6.51	5.93
0.1	7.61
1.31	9.96
-0.5	8.14
0.41	4.24
2.7	6.78
1.31	4.78
-3.94	9.15
-0.98	10.74
3.71	15.55
2.38	16.41
2.89	20.18
4.47	20.38
1.78	20.78
2.21	11.78
-4.52	6.43
-1.85	9.9
1.72	13.74
4.38	13.75
-0.67	15.41
1.24	16.83
6.19	17.88
7.69	16.16
3.55	19.12
5.43	13.41
1.58	11.59
1.6	15.3
8.96	16.21
1.27	11.29
1.05	8.95
-1.46	13.33
3.38	9.02
4.72	11.35
2.71	12.74
5.94	11.16
6.15	13.13
5.4	12.67
3.37	12.17
0.93	9.74
0.58	13.27
5.7	11.39
4.01	19.15
9.03	21.29
8.89	20.88
7.54	22.45
7.34	18.63
4.64	12.5
1.3	11.04
4.76	12.61
5.85	13.47
3.32	16.68
6.12	18.85
10.87	21.24
13.05	22.61
12.29	24.97
13.15	19.95
10.08	20.94
9.88	22.95
8.46	22.39
9.21	23.84
12.23	23.61
12.06	23.38
11.27	23.88
11.28	22.05
13.77	24.28
11.3	20.84
4.43	20.84
7.2	19.56
7.52	18.88
7.68	18.18
4.28	17.72
9.4	14.49
10.66	14.21
7.47	20.89
10.68	20.11
12.56	22.86
13.96	25.02
13.36	26.24
17.95	29.46
15.05	28.39
14.92	27.56
11.37	26.42
10.16	24.6
9.76	23.29
13.9	26.28
15.86	28.44
16.39	23.77
12.93	17.55
8.52	16.52
10.44	17.25
9.88	15.04
10.41	18.11
6.96	21.4
8.57	21.64
10.54	25.42
10.62	27.09
12.43	28.35
14.94	26.15
12.39	28.19
13.22	29.46
14.32	25.8
9.46	19.1
5.49	22.86
8.64	27.3
15.39	28.79
14.18	22.64
10.72	23.41
10.85	23.89
11.47	22.54
12.5	21.48
10.51	15.84
9.52	17.2
8.9	16.69
11.15	15.46
12.71	19.25
14.6	22.59
11.74	22.78
13.43	23.69
11.76	24.51
12.74	26.55
13.41	27.68
14.31	27.75
15.45	23.66
12.76	20.83
8.31	24.09
11.05	25.31
14.99	24.64
15.06	26.34
13.51	28.15
14.31	29.26
15.23	29.93
16.45	29.69
17.18	26.79
16.85	29.46
14.3	30.45
16.08	30.54
15.24	24.95
18.07	28.59
16.8	25.81
14.46	27.01
14.13	29.28
15.14	30.8
15.5	31.63
18.9	34.41
19.05	30.26
14.73	22.76
9.21	26.6
13.34	31.32
16.77	30.59
16.34	27.66
15.3	30.47
16.47	34.25
20.34	35.63
19.17	26.9
16.35	29.95
16.38	31.15
16.96	32.84
17.64	29.78
15.47	20.79
10.99	20.42
11.3	23.5
9.99	20.54
10.56	21.91
13.75	24
13.47	27.46
14.51	28.65
15.5	28.3
14.59	27.89
15.24	23.42
8.76	23.99
9.51	24.81
10.16	26.18
13.89	26.6
15.72	26.72
13.57	28.4
13.54	29.44
12.36	29.66
12.79	30.21
16.2	29.81
14.73	28.39
17.03	23.46
16.61	26.96
14.23	29.3
14.11	29.08
14.17	28.01
16	22.11
15.72	25.37
12.13	26.52
12.62	25.95
16.1	25.76
9.63	20.61
6.55	23.54
11.94	23.88
13.37	19.36
7.34	19.98
8.75	25.37
15.27	27.56
15.33	26.43
12	17.06
8.75	20.27
6.47	22
10.37	23.61
12.69	24.21
9.62	19.85
9.85	17.41
7.04	21.09
7.96	24.4
9.21	22.37
11.62	24.3
10.88	19.43
5.19	20.01
8.64	17.96
7.75	17.13
2.35	20.03
4.15	20.82
6.39	20.11
8.35	23.55
9.44	16.72
-1.22	14.4
4.62	20.9
7.06	25.16
8.07	24.93
6.85	24.39
7.42	19.34
4.68	20.05
6.02	18.15
5.41	19.16
7.63	18.45
6.2	14.97
0.15	17.25
5.36	19.11
8.35	20.79
11.47	21.79
7.42	17.07
5.69	14.1
1.21	15.94
5.55	17.41
7.09	12.46
0.36	9.54
-1.25	11.5
-2.52	11.6
-2.02	11.02
-0.87	12.6
2.19	17.15
1.1	16.13
2.24	11.12
5.01	10.06
4.86	8.9
3.28	11.92
-1.05	12.72
-0.08	10.64
3.42	9
7.35	8.88
5.82	12.29
2.07	9.68
4.06	6.48
4.29	9.5
-0.66	7.91
3.53	6.76
-1.04	6.17
-6.29	4.07
-4.72	0.33
-10.65	-0.12
-4.19	5.26
-6.86	5.34
-6.53	4.06
-8.18	1.61
-7.75	1.66
-6.44	1.4
-5.75	4.76
-5.84	2.4
-7.97	2.34
-6.53	-0.78
-3.31	7.46
4.12	12.98
2.87	11.32
1.16	9.69
-0.23	6.48
-3.79	-0.2
-4.32	-1.12
-7.69	-3.48
-4.81	1.28
-7.09	3.41
-6.82	2.91
-2.35	4.94
-5.24	1.42
-8.7	2.05
-5.78	1.46
-4.03	1.78
-9.81	-1.09
-10.49	-2.87
-9.49	-3.81
-5.27	-2.53
-4.48	-2.9
-4.81	-0.13
-0.65	6.14
3.44	13.46
4.75	10.66
-0.34	10.42
3.73	7.96
-0.36	9.21
2.39	8.57
1.44	11.06
0.86	12.26
1.49	9.38
-1.76	12.16
-0.99	12.76
-0.82	7.69
-0.96	7.39
0.42	10.5
-1.83	11.94
-0.12	11.47
0.43	10.03
-2.63	2.23
-6.23	2.53
-3.23	3.53
-4.08	0.27
-1.31	2.74
-5.19	2.08
-9.4	1.69
-12.99	-3.34
-6.5	0.26
-4.23	4.97
0.79	6.6
-2.91	4.35
-2.61	5.41
-0.11	6.04
-4.8	0.16
-1.79	0.73
-5.07	0.04
-3.19	-0.91
-2.62	1.23
-1.16	0.65
-3.11	4.2
-7.08	3.34
-10	2.04
-2.06	4.07
-0.16	1.24
-1.84	0.14
-1.5	1.8
-3.28	1.64
0.22	2.1
0.37	2.7
-0.69	6.47
-5.03	6.84
-1.66	5.3
-0.14	8.66
-2.16	4.41
-0.78	5.59
1.19	3.08
-0.57	2.07
-2.59	0.93
-4.15	0.07
-5.64	-0.85
-6.6	-2.39
-5.4	-1.91
-6.02	-0.96
-5.87	0.96
-2.77	-0.14
-3.24	-0.02
-3.84	1.37
-5.46	0.27
-0.62	0.72
-0.27	1.88
0.07	4.29
0.85	4.23
-0.61	7.79
0.02	3.69
-0.7	3.36
1.63	4.96
1.7	3.29
0.61	4.35
1.9	5.19
2.2	4.79
1.1	8.18
3.06	9.57
3.15	6.96
-0.06	5.61
-0.05	6.08
0.8	5.49
0.14	4.64
1.14	7.74
2.77	8.19
2.17	6.95
1.06	7.4
0.43	9.14
0.5	9.49
-1.31	5.42
-4.74	4.65
-4.06	7.31
-3.02	9.81
-1.9	10.73
-2.67	12.9
2.56	15.49
5.33	15.8
2.07	16.74
7.64	18.11
10.3	18.23
5.6	13.72
2.65	11.96
1.84	13.31
7.28	11.01
5.23	10.72
4.45	8.18
1.63	10.72
3.04	14.68
9.07	16
8.68	15.12
7.42	11.35
6.64	13.09
3.92	13.43
4.33	13.55
7.44	12.26
8.05	17.9
4.7	19.55
6.21	20.57
8.09	15.81
6.92	12.99
5.04	13.84
1.64	15.7
2.05	16.78
4.9	18.41
9.66	20.18
8.62	14.98
5.29	17.2
3.64	19.93
3.13	15.71
-0.06	10.46
1.22	11.89
-1.08	12.7
6.64	12.84
5.09	22.25
9.83	21.72
12.15	25.92
10.8	25.44
10.23	24.46
9.89	24.54
7.12	17.95
5.54	11.27
7.04	9.67
6.57	9.75
7.53	12.86
9.63	12.57
9.44	17.28
6.25	19.57
7.76	21.86
10.37	20.91
8.8	22.49
10.92	23.62
10.92	25.98
14.07	22.55
11.68	19.57
10.88	16.22
9.83	20.22
8.06	20.02
8.39	20.22
11.48	21.41
12.17	17.41
8.54	18.59
7.74	17.12
5.54	21.08
9.47	22.01
9.04	24.7
11.3	25.3
11.41	22.58
12.68	22.34
13.54	21.52
8.48	17.62
7.95	21.05
10.6	22.17
10.37	23.84
11.5	22.77
9.24	18.65
4.96	21.58
10.43	27.55
13.92	23.9
7.85	19.53
8.95	21.15
11.69	23.66
10.02	25.09
11.9	27.89
15.71	29.16
16.34	24.78
13.48	26
10.92	15.06
8.29	19.26
11.21	21.54
9.23	23.19
12.8	27.15
13.33	22.14
10.97	19.48
13.07	21.5
16.2	25.94
13.41	19.31
7.53	19.05
10.98	20.17
11.78	19.13
12.26	17.89
6.9	21.98
9.54	24.25
12.4	28.67
16.26	30.38
20	31.95
19.32	29.08
18.38	26.87
13.87	26.73
13.73	19.33
10.2	21.15
12.67	21.52
12.04	22.42
13.12	22.92
12.4	25.2
13.2	26.89
13.17	25.46
13.19	23.21
12.33	25.21
15.92	21.16
13.02	21.34
12.37	19.36
14.26	22.75
12.86	27.86
15.6	29.49
15.59	29.35
14.04	25.63
11.89	27.49
12.09	28.2
13.57	29.4
16.42	25.08
15.67	23.47
14.94	23.57
12.45	24.3
15.45	24.77
14.72	24.65
14.1	25.1
14.52	22.41
13.18	22.74
12.95	24.32
10.85	23.58
10.83	23.74
9.55	24.11
12.24	22.15
8.36	22.5
6.99	24.63
7.39	24.62
9.19	25.46
13.63	25.61
15.19	24.05
14.63	22.72
13.23	22.09
7.09	22.06
6.04	23.66
8.46	25.69
10.67	26.32
12.8	27.68
11.19	29.47
11.16	28.67
13.31	27.52
17.48	27.95
14.21	23.95
11.59	20.45
8.94	19.68
10.14	18.26
9.49	20.05
7.11	20.75
9.34	22.6
11.96	23.45
10.66	21.82
11.72	21.9
12.51	19.03
8.67	19.2
9.76	19.03
8.98	21.35
10.65	20.7
13.97	16.37
10.9	14.27
7.32	19.88
9.45	16.85
7.29	11.18
6.29	17.7
5.23	18.76
4.23	18.2
6.99	20.27
7.91	21.94
10.64	21.77
12.07	21
6.43	18.12
10.61	18.3
9.66	20.54
10.43	20.23
8.59	14.3
6.91	17.79
2.79	18.23
2.59	19.25
5.82	19.86
9.01	17.41
7.41	15.47
3.25	18.15
5	19.18
7.29	15.16
1.22	13.12
2	18.4
7.26	19.76
10.83	19.65
10.66	14.42
8.25	13.59
4.05	17.33
3.97	17.52
4.08	18.3
8.18	20.23
9.26	14.08
7.34	10.1
2.54	14.17
-0.38	13.97
1.79	12.4
4.87	7.38
2.09	9.48
2.72	8.58
0.15	5.97
0.9	6.12
4.17	11.55
5.11	17.11
3.11	16.96
6.83	17.24
4.03	13.64
4.78	8.27
0.1	6.9
-4.44	4.41
-2.31	1.8
-1.73	-0.59
-0.26	0.67
1.26	3.49
2.75	4.55
3.71	4.36
4.28	6.21
1.22	7.18
0.76	10.55
8.26	15.9
6.46	19.05
6.03	14.17
4.45	10.54
5.97	9.22
-1.95	7.55
-3.02	2.06
-0.54	0.85
-0.47	2.22
1.06	5.15
0.36	3.12
-2.46	1.91
0.31	2.45
-0.06	1.43
-0.48	1.28
0.13	1.43
-1.35	0.35
-2.08	1.58
-2.04	9.6
-0.62	7.37
-4.03	1.42
-0.74	0.47
-0.98	0.73
-1.36	0.4
-1.21	0.31
0.42	5.88
1.39	4.96
0.82	6.68
-1.28	2.86
-0.85	6.67
-3.52	4.76
-1.61	1.8
-1.36	-0.22
-1.77	-0.14
-4.4	-0.87
-6.22	-0.53
-2.94	-0.3
-2.52	-1.57
-5.09	-2.2
-11.15	-4.25
-12.49	-3.61
-10.71	-4.61
-14.08	-3.56
-9.76	-6.88
-18.36	-8.47
-20.08	-9.85
-23.42	-11.44
-17.4	-9.38
-10.5	-4.59
-17.15	-4.79
-19.54	-5.22
-11.1	-7.78
-14.44	-8.59
-8.78	-3.35
-4.93	-2.73
-13.06	-2.09
-13.2	-5.81
-15.75	-6.2
-10.68	-1.61
-4.89	-1.6
-5.45	8.07
5.99	13.65
0.04	10.91
-3.82	2.03
-4.67	6.35
2.76	8.24
-1.8	4.84
-2.53	4.01
-5.98	2.08
-4.06	6.99
-0.63	9.04
0.77	12.71
-0.67	9.42
-5.7	4.16
-4.3	5.48
-3.78	8.3
-1.14	4
-4.15	-0.14
-5.03	-1.1
-6.41	-0.81
-11.54	-5.75
-17.03	-9.2
-21.61	-6.92
-19.04	-5.3
-10.87	-4.22
-16.61	-2.02
-17.13	-0.01
-13.64	-3.08
-12.44	-1.45
-11.26	0.62
-15.3	0
-10.64	3.69
-6.26	-0.59
-8.83	1.95
-0.18	7.98
-2.7	3.14
-0.35	2.43
-3.52	0.52
-1.26	3.42
0.21	2.77
1.52	2.39
1.3	5.13
1.78	10.08
2.77	13.83
2.2	8.58
2.59	5.62
3.26	6.83
0.89	5.29
0.56	1.51
0.73	3.64
0.88	5.44
0.03	3.89
1.13	6.54
-1.19	7.61
1.66	6.36
1.49	5.58
1.14	3
1.22	6.76
2.13	5.38
4.12	8.77
4.33	7.95
5.07	7.86
2.17	13.41
4.35	15.72
3.48	17.07
4.83	12.53
-1.86	11.29
1.29	16.9
1.44	17.5
8.12	19.27
6.61	22.89
7.96	18.27
3.72	21.11
9.8	22.82
11.61	19.76
9.55	16.25
8.43	21.2
9.81	21.88
9.46	17.62
5.95	16.82
7.12	12.73
4.02	16.22
5.89	12.08
3.84	13.55
4.83	12.07
5.33	11.34
7.13	10.14
7.59	16.03
2.18	17.09
4.98	18.92
5.05	21.18
6.77	21.32
5.69	13.34
0.14	13.19
1.27	12.46
5.06	9.54
2.93	7.97
2.21	11.63
-0.82	15.2
5.09	19.06
7.49	15.19
3.91	12.46
0.33	14.45
5.57	11.38
6.91	13.96
11.35	14.93
7.08	17.73
6.58	19.33
6.79	20.68
8.2	22.43
9.16	23.88
11.85	26.94
14.46	27.56
13.24	27.98
14.72	25.3
15.03	18.86
14.13	24.42
12.88	23.98
10.07	21.31
14.58	24.9
13.81	22.22
10.52	21.75
11.16	22.45
10.85	24.15
11.23	24.22
12.61	26.01
11.87	26.64
14.64	25.94
12.01	22.42
11.81	20.57
12.2	24.13
12.29	21.26
13.74	20.09
13.5	24.18
12.31	27.14
15.07	28.94
14.94	28.88
14.91	22.9
9.07	17.53
6.89	20.71
10.19	18.39
6.11	19.57
11.43	18.52
11.32	21.25
14.32	20.11
6.09	18.86
10.44	16.12
7.73	18.35
4.61	19.93
11.89	16.12
11.83	20.17
9.66	23.38
12.89	20.62
10.26	22.47
10.87	22.93
8.73	23.41
13.95	20.69
12.11	20.37
9.09	23.07
10.82	25.14
13.94	25.52
13.49	20.71
10.91	21.54
10.65	23.4
10.74	24.19
12.41	23.32
11.08	24.89
13.19	23.08
12.13	22.53
14.8	21.08
11.36	23.31
11.44	25.23
12.8	27.03
14.14	27.24
16.15	28.47
17.18	28.91
18.15	25.5
16.44	26.96
15.72	28.68
18.46	28.9
14.62	25.67
9.2	22.81
11.99	27.2
16.77	25.25
15.35	27.1
15.44	29.21
17.38	29.91
16.74	29.22
19.48	31.69
19.19	28.92
14.56	23.8
12.33	25.16
12.32	23.01
9.83	24.91
13.59	22.99
13.7	25.74
15.82	27.91
11.51	21
10.34	19.36
13.22	21.52
8.66	26.98
16.27	24.79
13.31	29.23
15.45	30.37
14.7	31.23
14.86	31.69
14.71	31.24
15.15	29.26
13.39	23.4
8.17	24.31
15.1	28.55
11.39	25.45
12.69	29.31
14.43	27.26
13.85	29.77
17.38	31.1
14.21	25.71
10.01	18.13
13.01	16.72
13.17	20.88
14.41	24.17
12.18	26.73
10.81	27.34
15.14	24.14
11.48	25.58
11.93	22.36
8.74	22.57
11.31	18.93
8.56	18.7
7.35	15.59
9.16	15.42
3.38	18.56
4.69	21.89
7.44	21.18
7.7	19.33
5.42	20.22
5.23	21.03
9.52	19.59
7.23	22.72
13.28	25.06
11.43	27.6
11.2	26.87
10.84	27.57
12.58	28.55
11.89	29.22
12.81	25.82
11.8	24.61
13.47	20.24
8.51	19.88
5.55	23.46
9.74	21.34
5.01	19.76
4.8	21.68
7.22	23.69
7.33	24.34
8.01	23.2
8.75	24
9.46	23.16
9.65	22.78
8.67	21.61
10.53	18.6
8.19	19.34
9.35	20.21
6.49	17.79
6.53	13.88
3.63	13.87
6.58	16.07
5.11	10.57
-1.98	15.8
0.07	15.78
1.36	10.72
3.17	12.49
-1.67	12.14
5.97	11.43
5.58	10.82
-0.24	10.8
-3.81	12.16
-2.93	11.95
-3.7	8.59
-0.89	3.27
-0.07	1.94
0.84	2.87
2.27	4.51
3.82	10.5
6.37	8.9
0.1	11.45
0.09	10.89
1.52	12.5
5.16	11.84
-1.07	10.82
-1.61	10.37
3.3	14.51
9.4	19.11
2.82	14.28
0.97	2.59
1.26	2.02
0.29	5.9
-1.92	5.79
-2.66	3.05
-0.73	2.2
-3	-1.03
-2.79	0.17
0.2	0.55
0.38	0.89
0.05	1.03
0.67	1.97
1.04	1.76
0.48	1.47
-0.28	1.28
-1.63	0.35
-4.3	0.28
-5.53	3.25
-5.03	1.12
-2.81	5.73
-1.78	6.51
-0.58	11.49
-0.13	12.74
0.81	12.75
7.89	14.58
4.25	12.65
5.22	12.71
3.01	13.22
0.08	9.23
2.59	3.82
1.39	3.19
1.67	4.64
2.39	4.32
-0.69	7.74
0.91	12.98
0.02	12.3
1.58	7.78
0.58	7.97
-0.45	7.81
2.71	9.68
-2.52	8.17
-1.61	1.95
-1.8	-0.04
-2.25	5.46
0.47	8.41
-0.76	7.87
-1.07	10.22
6.25	15.6
-2.87	6.05
-3.67	-1.86
-5.59	-1.97
-7.16	0.53
-1.93	2.42
-1.72	2.05
-4.84	1.43
-5.31	0.81
-4.23	1.19
-8.15	-0.43
-2.54	-0.66
-5.7	-2.05
-8.3	-0.41
-2.75	1.72
-4.59	2.73
-0.17	8.7
-0.55	8.22
-1.24	5.93
-5.22	3.37
-6.48	0.39
-0.04	9.51
3.38	12.07
-3.01	9.48
0.87	9.64
0.29	10.78
1.32	9.09
-0.91	5.6
-3.71	3.21
-6.46	2.54
-5.73	2.35
-4.11	-0.36
-1.53	0.73
-0.13	1.09
0.77	3.6
0.67	2.61
-1.74	1.6
-4.61	-0.75
-10.13	-2.76
-5.57	-2.85
-6.02	-2.59
-11.61	-5.86
-9.82	-7.83
-8.32	-4.91
-6.16	-2.95
-7.39	-2.52
-8.39	-1.46
-16.23	-0.96
-8.43	-0.73
-4	-0.53
-3.13	1.65
-0.95	5.36
-1.11	2.28
-1.44	1.75
-5.78	-1.26
-4.57	-0.48
-4.09	-1.37
-8.17	-2.91
-16.4	-2.66
-11.66	-5.17
-19.13	-2.91
-19.09	-4.74
-8.85	-5.58
-5.84	-2.51
-2.68	1.84
-0.47	1.63
-7.77	6.43
-1.49	6.13
0.88	3.79
1.91	4.69
0.49	4.48
0.56	6.89
1.49	6.11
1.71	3.4
1.69	2.78
1.44	2.81
2.19	4.5
0.84	4.07
-1.82	6.1
-2.82	8.76
-1.99	7.2
-2.06	7.54
0.55	3.88
-1.71	6.94
-1.32	8.26
3.87	11.24
2.09	9.84
0	9.79
1.23	14.17
3.36	17.94
3.72	15.14
4.12	11.84
0.8	17.25
4.99	13.64
6.2	15.5
4.75	17.88
8.03	17.18
5.03	17.32
5.71	17.76
7.75	23.23
8.14	23.82
9.25	23.6
6.87	15.2
4.18	9.01
-0.32	4.17
-0.01	0.86
0.23	8.04
-0.76	13.34
5.94	11.47
7.88	17.4
9	15.49
6.85	13.34
3.46	12.52
3.88	18.65
10.19	18.46
11.67	20.54
11.25	24.16
10.02	25.9
9.26	23.46
11.14	22.87
9.49	24.95
12.82	21.49
10.94	23.08
14.27	22.27
11.32	21.94
9.2	23.32
12.31	23.04
13.03	24.38
9.14	23.75
10.17	23.96
11.53	22.32
8.47	18.82
8.16	19.45
10.76	22.06
12.34	22.34
11.1	25.27
13.31	25.45
12.73	26.38
13.8	21.29
12.83	18.13
8.88	22.77
11.91	26.75
16.69	23.82
15.78	26.1
17.89	25.76
12.89	26.07
14.56	25.98
11.46	20.66
9.39	23.03
10.17	25.86
12.06	26.87
15.39	22.81
9.29	17.14
8.45	14.92
7.3	13.28
5.5	18.85
9.79	14.96
6.47	18.88
7.23	15.03
7.65	12.9
4.17	16.47
7.06	18.92
6.96	20.91
9.2	22.75
12.09	26.22
13.29	23.1
10.65	18.7
14.07	25
15.89	27.02
14.37	28.23
16.52	29.01
15.89	30.08
17.22	25.66
15.84	27.73
14.63	27.78
15.87	23.94
16.62	22.29
14.04	22.1
14.36	23.13
11.97	24.04
12.38	26.72
12.94	27.61
15.7	25.41
13.4	21.4
14.07	24.81
14.05	26.9
13.34	28.42
14.17	29.26
15.51	29.35
18.98	29.23
16.52	24.83
10.45	23.41
10.94	21.67
10.24	22.74
11.63	23.41
12.77	22.21
12.63	18.97
10.48	21.36
9.95	23.16
10.17	24.72
11.75	26.75
13.43	28.31
16.26	23.94
13.75	18.58
13.89	21.97
10.49	25.44
11.47	27.09
11.47	27.37
7.63	21.96
11.04	24.15
12.86	24.71
13.91	26.04
12.22	26.64
14.56	28.55
16.19	30.19
16.67	30.46
15	28.85
15.54	30.1
17.13	30.62
17.86	26.81
14.31	25.1
13.92	27.91
15.27	29.58
16.21	28.48
14.9	29.14
16.32	29.93
16.55	31.21
14.07	29
14.7	25.13
11.92	27.53
13.04	28.59
14.31	31.28
15.27	31.59
15.13	27.99
14.73	23.7
13.33	22.65
9.6	25.33
13.73	28.78
9.11	20.65
11.2	21.28
9.14	23.96
13.48	24.36
12.83	21.83
11.91	18.17
8.8	19.53
5.46	19.56
6.76	20.05
8.76	21.24
8.44	23.71
11.74	18.9
4.99	19.82
5.18	21.01
6.49	23.38
8.81	23.99
12.07	20.97
11.06	17.14
9.24	18.85
8.42	20.73
13.29	23.87
11.1	25.22
11.7	26.09
16.15	27.68
13.94	25.49
14.78	23.7
9.01	16.54
1.9	18.16
2.27	21.17
5.83	23.79
5.96	23.93
6.18	23.61
11.72	16.51
9.36	12.88
7.81	16.65
8.56	17.94
3.77	18.61
5.48	20.64
2.98	19.31
4.49	21.46
4.45	23.87
7.74	18.86
6.57	17.31
3.12	18.42
4.9	21.31
6.82	19.29
9.07	17.8
2.39	18.67
2.81	19.45
4.42	18.11
1.26	17.32
1.16	16.51
-0.33	16.47
-1.49	16.4
-2.48	16.88
-1.49	16.65
-0.96	16.73
8.1	13.18
6.11	15.68
7.05	18.69
8.86	17.77
4.45	13.16
-1.34	11.02
4.97	8.8
4.81	7.56
6.04	11.3
-0.23	12.72
2.05	11.19
3.6	11.35
1.48	12.27
4.82	11.99
4.77	9.48
-3.32	7.4
-1.83	10.99
1.52	15.13
1.71	12.45
-0.8	11.92
-1.15	11.64
-0.93	11.51
-1.24	7.52
0.68	7.67
-1.64	5.42
1.35	13.45
7.64	18.47
3.6	12.46
3.33	5.55
4.53	7.02
5.53	6.75
5.4	6.45
4.66	6.21
3.41	5.19
3.86	10.17
4.96	9.21
0.23	11.86
-0.25	6.8
2.94	8.65
1.86	7.37
0.38	6.57
-3.14	1.17
-1.59	0.08
-1.35	0.57
-2.55	3.75
-2.88	0.05
-4.65	0.75
-3.26	-1.64
-3.81	-2.23
-3.39	-2.4
-2.82	-2.06
-2.59	-1.31
-2.7	-1.46
-1.66	3.13
-3.69	0
-2.78	-0.65
-1.7	-0.23
-2.61	1.09
-2.95	1.9
-5.85	1.66
-1.86	7.36
-0.44	6.63
-4.5	7.18
-5.1	4.35
-5.94	2.54
-6.17	0.15
-7.62	-2.35
-13.28	-3.91
-7.28	0.88
-5.53	2.92
-1.08	9.37
3.97	10.62
0.99	8.63
-1.35	7.77
1.9	6.24
-2.79	2.8
-6.96	1.05
-8.02	2.37
-4.13	5.65
-5.98	-0.28
-10.38	-3.85
-12.21	-1.6
-6.44	-2.44
-11.68	-5.01
-16.02	-10.17
-22.43	-11.6
-15.06	-11.2
-11.13	-4.43
-5.74	-1.82
-2.59	-1.64
-4.71	-1.7
-4.26	-1.43
-9.59	-1.74
-8.06	-2.19
-15.14	-4.83
-5.75	1.75
-1.93	3.85
-7.68	3.43
-6.74	1.93
-7.24	0.54
-7.81	-1.16
-6.11	0.96
-13.67	-4.05
-22.19	-6.33
-14.88	-4.82
-10.73	-3.78
-7.22	-2.19
-15.24	-1.88
-13.75	-0.49
-6.87	0.77
-4.29	2.89
-3.47	3.72
-0.5	9.2
-0.79	9.86
-1.06	8.78
2.81	11.49
2.2	8.12
1.65	5.61
1.94	5.97
1.93	5.44
1.13	3.28
0.61	3.63
-0.51	2.73
2.1	5.94
0.97	9.72
-2.25	7.59
-2.57	6.01
-4.65	0.8
-8.39	2.28
-7.39	4.62
-1.07	3.59
-0.07	7.74
1.6	5.55
-3.86	0.85
-8.08	-4.68
-15.76	-3.86
-16.74	-3.09
-10.53	-3.19
-9.57	-2.74
-11.59	-2.97
-12.28	-1.78
-6.61	-1.88
-8.26	1.48
-9.81	0.35
-10.6	1.15
-10.06	1.67
-7.34	2.58
-4.77	4.21
-2.45	5.91
-0.19	11.18
1.23	6.46
0.8	2.97
-4.07	6.95
-0.75	10.85
0.83	10.3
-1	14.55
5.54	17.92
4.92	17.15
8.52	16.63
9.04	14.94
5.35	10.8
4.1	6.38
1.55	5.17
1.79	6.51
3.35	5.7
3.18	12.82
7.9	18.18
8.79	18.62
7.47	18.4
4.19	20.45
6.08	20.94
11.15	17.89
10.93	16.79
7.2	10.81
5.75	14.31
7.16	11.31
5.98	13.67
4.98	12.88
1.65	12.88
7.27	17.85
4.49	22.87
6.85	19.74
8.91	21.77
9.75	15.27
7.04	13.58
2.91	14.53
2.67	18.77
4.66	22.8
8.14	22.17
6.92	14.8
1.78	14.84
2.33	17.88
3.93	20.52
4.53	24.47
9.32	26.01
11.18	22.94
7.82	19.95
9.02	14.59
10.41	12.36
7.86	14.57
7.74	15.48
8.58	19.53
5.78	24.21
9.88	18.87
8.52	19.6
12.1	16.09
7.29	14.24
4.1	17.7
9.49	17.62
5.7	16.77
12.85	18.1
9.58	23.06
10.72	19.37
8.77	13.23
6.87	11.88
7.95	12.31
8.68	19.07
10.96	21.81
9.78	20.61
9.11	23.54
12.78	20.42
10.43	20.12
11.16	17.76
8.36	17.11
10.65	17.82
8.48	22.16
10.36	21.73
13.03	22.85
11.9	19.71
10.11	24.19
12.15	26.89
17.46	27.13
12.11	23.06
13	24.98
11.59	25.2
10.9	24.94
12.43	27.77
17.21	29.84
17.48	28.08
12.32	24.05
9.7	18.69
5.59	20.08
7.73	19.49
11.99	18.6
12.69	16.32
12.54	16.19
12	23.38
11.64	24.31
14.29	22.87
12.56	25.83
14.5	23.36
13.5	26.02
15.08	28.24
15.06	29.6
16.45	30.11
19.34	29.59
17.8	27.29
17.76	26.37
16.62	24.37
13.38	25.1
11.25	26.13
11.77	27.79
15.76	25.49
12.56	24.35
11.92	25.93
12.95	28.23
15.57	29.45
16.11	27.26
16.27	29.49
17.66	29.46
17.66	29.27
20.1	30.52
19.54	30.9
17.1	28.93
13.44	28.39
14.33	28.68
15.83	32.04
17.2	32.01
18.21	28.21
14.59	19.42
6.71	21.39
12.51	22.91
13.43	23.01
12.7	25.81
16.42	23.32
10.36	23.93
14.18	20.76
11.63	25.09
14.26	19.35
10.66	16.18
6.03	20.01
7.56	16.81
12.02	21.34
9.46	23.12
14.46	22.66
12.25	20.52
11.81	21.2
11.98	19.37
8.69	22.7
13.92	24.37
12.48	23.15
12.28	23.38
12.51	26.34
15.07	26.35
15.23	24.96
11.88	24.7
10.68	24.44
9.6	24.31
11.47	27.08
13.62	26.97
14.45	24.65
13.38	25.26
13.88	23.98
12.32	22.51
14.48	24.96
13.04	25.94
14.65	23.51
14.38	24.02
12.88	26.71
13.02	26.72
13.06	26.63
13.95	21.81
11.89	22.93
10.25	23.44
11.21	19.5
9.48	22.26
9.87	24.03
12.45	25.3
14.23	28.68
13.71	30.24
15.69	27.24
15.67	24.93
12.7	25.82
14.4	29.88
14.65	25.79
14.48	29.22
14.71	24.6
12.75	25.58
13.02	26.57
14.48	21.59
13.83	20.01
15.01	25.19
8.73	22.49
5.75	14.02
3.08	13.89
2.98	12.6
2.48	13.86
0.47	13.54
1.46	14.59
2.57	14.61
3.61	18.77
10.34	18.66
12.64	23.03
11.01	21.73
9.52	17.19
7	18.99
11.75	23.1
13.29	19.6
8.26	15.4
3.8	17.14
7	19.4
13.83	22.17
11.01	19.71
10.15	16
8.43	14.82
7.49	12.35
8.03	12.03
9.17	13.96
9.21	13.63
9.09	12.83
10.74	14.12
7.28	12.56
5.56	12.02
4.13	8.57
0.13	6.23
2.82	5.43
-0.12	10.35
-2.48	8.87
1.58	5.7
5.41	9.8
4.74	9.02
0.94	9.74
-1.19	9.33
-2.37	5.84
0.13	5.07
2.04	3.64
2.98	3.63
3.15	6.62
2.27	10.04
4.58	14.54
5.53	13.08
3.75	6.19
-0.98	5.66
-0.18	6.37
2.01	12.22
2.51	9.29
4.16	8.17
0.22	7.36
1.8	7.82
-1.43	7.64
2.1	6.1
5.05	13.27
2.13	8.78
5.55	8
4.32	6.78
3.58	5.33
3.79	4.77
2.54	4.95
1.02	2.67
0.73	3.25
1.38	3.6
0.37	6.76
1.66	5.18
1.21	5.12
-2.66	1.42
-7.83	-2.73
-7.77	-1.16
-10.93	2.7
-6.07	3.48
-7.04	-0.66
-4.37	-2.14
-3.55	-2.1
-2.54	-0.54
-1.19	1.17
-0.16	2.95
0.63	7.04
-0.55	5.84
1.55	11.65
0.73	6.15
0.13	7.09
-2.78	5.65
-4.13	3.7
-2.48	-0.44
-3.25	3.28
-0.67	12.75
1.83	12.13
-1.6	12.51
-0.37	10.34
-1.62	3.25
-1.81	5.35
2.97	9.05
0.52	8.47
1.3	11.24
5.16	14.43
4.41	11.49
1.77	7.13
-1.1	6.31
-4.02	4.38
-2.9	0.73
-3.76	5.53
-5	3.44
-3.05	-0.43
-3.09	-1.76
-2.52	-0.95
-1.67	-0.29
-1.73	0.24
0.02	2.19
0.39	1.93
0.11	2.05
0.93	3.52
0.74	5.11
-2.1	4.91
-0.69	7.87
3.84	10.34
-0.8	11.75
-0.7	10.62
8.33	15.62
2.4	12.16
-0.9	8.84
-1.59	9.01
3.03	5.91
-1.88	10.22
-1.8	11.02
3.66	11.71
0.12	13.03
8.21	15.94
2.36	11.54
1.63	9.15
1	5.25
-0.67	6
-1.47	9.46
2.95	6.31
0.27	6.43
-1.95	8.09
-2.14	7.39
-3.98	5.19
-2.14	8.16
-0.17	8.62
-0.54	4.96
-5.63	1.95
-4.13	7.27
-3.55	8.33
0.25	4.69
-0.17	4.78
-3.6	3.02
-0.06	1.98
-0.49	4.93
-1.54	4.36
-2.39	7.9
-1.73	4.27
-3.66	7.06
-2.19	9.4
1.88	5.24
1.18	6.01
-0.65	5.5
-0.82	5.84
-0.19	3.5
-0.01	5.95
-2.06	9.89
-0.58	11.96
0.02	5.34
0.79	8.19
0.46	8.81
1.73	13.15
5.45	14.63
1.87	8.22
-1.38	8.87
-2	9.49
2.15	12.27
6.01	10.4
5.64	13.88
2.24	10.26
2.94	10.67
2.68	16.31
1.19	12.32
0.89	10.45
-0.02	12.93
1.31	15.23
6.22	15.26
3.25	13.59
1.19	12.91
2.36	14.8
6.49	13.36
8.53	11.21
9.23	15.11
9.49	14.57
7.11	18.46
7.25	18.91
4.01	11.16
-0.67	12.68
1.36	20.35
9.92	19.03
2.92	12.09
-1.74	11.31
-2.35	14.57
0.92	14.62
0.77	20.34
5.45	21.97
6.29	21.98
11.11	18.3
9.71	20.52
6.36	18.98
1.06	10.18
-1.95	10.9
0.91	14.48
2.16	16.96
3.89	15.22
10	14.68
10.18	15.55
8.21	20.03
11.23	22.07
11.99	20.2
5.98	22.25
11.97	21.83
10.33	22.5
7.65	22.62
10.96	17.94
7.95	20.09
6.88	21.68
8.91	17.04
3.8	19.36
9.7	20.21
12.64	20.48
12.09	17.84
11.07	22.21
9.83	24.66
12.61	24.44
11.52	22.97
11.1	21.59
9.81	13.93
8.7	14.26
5.89	16.55
5.7	20.94
8.5	22.09
9.94	23.21
10.87	22.72
9.56	23.32
11.89	22.69
10.98	23.66
14.57	21.13
11.53	17.33
8.07	20.3
9.72	22.94
9.81	27.36
14.34	22.37
13.82	23.21
10.43	23.14
9.36	23.14
9.53	25.51
11.2	26.09
14.88	24.14
13.37	22.35
13.57	20.48
8.9	25.37
12.72	24.88
13.8	22.99
11.37	21.84
8.56	24.17
12.63	24.46
11.58	20.68
10.52	23.06
11.66	24.88
11.83	21.29
6.6	19.76
9.85	21.23
11.41	21.17
10.32	24.4
13.35	26.53
12.99	27.03
13.06	29
15.49	26.59
15.81	24.38
12.48	26.95
13.33	29.22
18.22	30.24
18.47	32.97
14.62	30.55
15.67	28.08
15.9	26.94
14.09	25.49
13.67	27.11
13.94	24.6
13.14	26.59
15.48	25.55
14.15	17.91
11.88	22.12
11.2	24.23
12.7	25.17
14.69	22.67
12	24.68
12.32	29.07
16.29	30.38
15.92	32.67
17.06	33.66
18.64	29.25
12.85	31.67
15.29	32.59
16.43	27.63
11.45	29.12
16.81	25.53
10.23	26.23
11.19	28.41
13.91	31.42
15.8	32.09
10.37	19.04
10.08	23.11
8.84	24.15
10.21	26.63
12.76	28.53
14.39	27.72
12.72	29.59
13.52	32.42
16.64	32.7
15.35	32.65
15.57	32.34
16.17	34.22
16.92	32.56
14.89	26.88
11.32	27.19
9.87	29.38
12.71	30.99
13.28	26.22
11.51	17.55
12.57	16.91
8.85	21.71
11.81	23.04
9.76	22.57
10.75	21.87
8.63	24.81
11.54	27.16
14.81	23.56
12.97	25.26
11.35	25.95
16.1	24.27
9.42	22.81
10.5	24.52
12.66	24.33
16.08	23.69
12.16	19.11
11.69	19.48
7.29	21.71
7.79	22.88
9.14	24.07
12.29	23.7
11.26	19.18
9.73	12.84
9.7	12.89
9.76	17.37
5.11	16.79
10.94	17.86
10.79	18.54
10.71	16.92
9.9	18.5
9.33	18.77
7.34	20.1
9.6	21.92
9.16	19.7
9.4	22.63
9.9	23.81
9.72	24.62
9.9	24.72
9.75	23.06
10.7	18.78
6.88	17.12
8.81	17.47
3.21	17.5
3.02	17.16
8.36	15.01
7.2	16.92
5.97	12.41
0.47	16.92
8.05	20.72
10.22	20.3
10.56	19.77
9.3	21.78
9.89	21.96
10.96	20.3
7.97	18.62
5.57	18.31
5.77	18.38
8.24	12.59
8.17	12.05
7.65	10.01
6.99	10.68
7.71	10.1
4.42	9.65
6.2	12.06
1.9	8.96
-2.26	7.5
0.3	8.18
-0.85	10.8
2.58	7.81
-1.21	6.25
-1.93	9.77
-2.22	11.89
0.74	6.82
-1.93	3.37
-6.36	4.73
-6.41	4.58
-4.88	6.77
-3.3	7.38
-2.57	3.95
-4.37	2.13
-7.48	-1.5
-2.49	-1.57
-1.66	0.66
-1.2	10.71
2.16	8.15
-0.78	6.16
2.44	9.96
-1.48	8.86
-0.74	10.17
-2.84	5.14
-2	-0.25
-3.68	-1.38
-11.83	-2.48
-14.28	-0.49
-2.96	1.3
0.12	2.45
0.12	6.36
-2.18	4.67
-0.24	7.76
-1.12	4.88
-1.01	0.86
-1.5	0.58
0.78	4.47
0.78	6.5
3.06	11.73
2.16	7.27
-2.76	6.71
-1.72	3
-2.95	2.15
-4.16	3.82
0.55	10.67
0.82	6.16
-0.95	4.92
-0.49	6.81
-2.43	2.17
-7.35	-2.09
-12.31	-2.36
-10.93	2.29
-3.69	6.48
-1.65	5.81
-5.34	1.15
-2.21	6.59
-4.21	6.3
-3.05	9.28
-1.54	7.97
-2.64	9.58
-2.67	8.59
-2.54	9.84
-2.95	6.71
-4	6.32
-3.91	1.41
-2.82	4.85
-0.27	3.83
-7.17	1.4
-7.14	-0.81
-6.58	-3.55
-6.83	-0.26
-3.09	0.97
-2.25	2.79
0.16	10.09
-1.13	6
-0.35	4.9
-0.65	1.46
-0.52	1.72
-2.99	3.94
-2.23	7.55
-2.93	5.96
-3.22	4.1
-3.18	2.04
-3.49	2.66
-4.39	-0.59
-3.36	-1.39
-2.95	-1.51
-2.53	3.75
-2.23	1.19
-1.16	-0.26
-1.91	0.65
-3.67	0.64
-1.53	0.07
-2.61	-1.2
-3.01	0.05
-7.51	5.26
-2.35	4.71
0.9	2.97
0.05	1.98
-0.12	1.33
-0.02	2.07
-0.96	8.07
-2.76	10.24
-3.19	6.74
-0.3	4.87
0.95	5.31
-2.36	4.14
-3.4	-0.4
-1.29	8.94
-6.03	5.4
-3.65	6.22
1.5	9.96
0.17	7.78
-1.45	10.2
3.93	12.27
1.49	17.27
3.45	11.52
2.16	6.95
4.5	12.37
4.73	16.99
7.08	15.19
5.67	11.68
0.55	8.52
-1.28	12.4
1.2	13.08
2.33	13.45
2.2	9.08
4.75	11.89
3.28	12.78
0.36	12.81
-0.19	15.26
-0.25	14.05
5.27	12.85
2.23	13.54
3.18	12.66
4.78	12.72
5.34	12.34
5.54	10.9
-0.48	11.76
5.34	15.35
7.26	16.69
6.9	13.68
4.47	11.04
5.35	9.15
7.02	8.42
5.08	14.21
5.2	17.26
1.79	11.88
3.35	18.03
6.13	16.76
3.06	16.38
3.2	19.59
4.31	24.65
9.99	22.48
8.22	24.51
14.35	21.99
3.49	16.13
2.75	9.48
7.05	20.05
9.3	17.98
5.28	15.54
5.29	16.26
6.06	18.52
8.81	19.79
4.18	20.99
7.16	23.24
10.53	23.05
10.98	20.94
10.84	14.74
9.14	13.35
8.62	19.67
10.46	16.62
6.07	13.49
6.31	14.97
5.36	18.59
8.52	19.88
10.43	20.37
4.9	12.8
3.48	17.94
4.58	15.73
8.35	20.68
9.71	17.16
7.55	10.87
6.55	13.1
5.62	9.09
6.17	8.23
6.93	11.43
10.42	17.67
9.6	18.95
9.66	22.46
8.2	18.7
4.21	13.67
5.41	17.59
4.24	19.61
7.16	24.87
11.94	24.67
12.13	23.9
11.26	23.35
12.17	17.12
10.47	13.82
10.13	13.17
11.21	16.53
11.07	20.89
12.83	20.76
13.13	21.92
11.24	21.6
14.36	20.25
7.56	18.57
5.24	20.87
6.7	21.84
7.92	20.82
7.89	23.29
9.89	23.84
9.88	24.11
10.7	25.46
14.15	22.5
13.08	17.32
14.11	21.61
12.59	20.75
11.08	20.93
8.53	21.73
8.83	18.94
9.93	21.54
9.18	18.46
7.39	22.7
8	25.23
10.35	24.45
11.49	22.24
14.06	19.04
13.13	20.51
8.55	22.55
9.87	17.52
8.05	14.45
11.25	16.57
8.69	23.55
12.53	20.41
12.38	19
12.31	25.29
13.03	22.51
14.59	22.55
14.48	24.41
13.29	25.39
13.84	27.39
13.59	24.66
12.77	23.62
10.56	23.13
13.21	25.88
13.43	26.49
17.29	26.14
17.19	27.89
16.82	27.54
16.5	27.05
15.72	29.02
17.09	29.94
18.54	30.84
17.98	29.64
15.96	30.16
17.64	25.42
17.08	25.32
16.59	24.08
13.67	21.97
11.01	25.04
14.86	22.03
9.08	23.51
12.21	22.32
8.45	25.3
10.88	26.85
12.79	25.5
14.95	27.59
17.62	29.8
16.99	27.88
17.35	22.03
15.81	26.86
14.65	24.07
15.51	25.25
13.08	26.55
14.25	25.15
9.82	20.33
8.22	20.41
9.92	16.83
9.37	24.15
10.72	26.55
13.29	26.78
15.92	28.1
15.7	27.94
16.44	23.37
12.1	25.65
13.54	26.03
15.36	28.81
16.65	25.4
14.44	29.25
16.1	30.67
17.04	31.55
17.55	30.02
17.06	27.37
16.54	23.77
15.75	25.36
15.73	28.26
16.15	27.39
16.63	28.16
16.3	26.94
13.65	26.36
12.32	22.41
13.08	22.92
12.83	19.12
10.39	16.85
8.71	13.63
9.89	19.65
7.47	20.99
8.14	20.54
12.31	16.65
10.43	15.68
11.02	17.34
8.14	19.56
6.62	19.46
7.04	20.28
9.69	18.64
11.61	20.71
10.75	23.54
13.58	19.33
13.36	18.21
11.51	16.1
9.4	20.83
13.23	25.4
10.95	25.47
11.99	25.87
12.45	26.49
12.38	26.07
13.4	25.29
11.42	24.21
8.75	22.99
8.44	22.79
7.21	22.15
8.13	21.46
8.47	18.68
10.73	15.32
11.07	15.94
6.04	16.04
7.99	16.09
7.61	18.8
3.85	13.67
2.86	12.85
-0.36	15.35
0.34	16.67
5.49	12.08
5.44	10.11
7.94	11.77
7.38	13.24
0.38	15.15
5.54	16.55
2.25	18
2.47	17.73
5.49	14.37
0.95	14.58
-0.22	17.26
1.26	19.3
1.86	18.9
5.33	19.04
4.73	20.08
6.37	21.47
6.09	21.95
4.36	21.45
5.25	21.84
5.59	21.9
4.96	21.28
5.01	19.85
8.26	18.57
5.51	15.8
7	15.5
5.66	19.59
8.86	19.43
4.99	19.41
12.19	17.87
7.6	14.36
6.54	11.6
5.8	10.95
1.55	10.96
5.75	10.21
2.61	11.72
-1.19	10.93
-2.98	2.82
-0.05	2.08
-1.68	3.59
-2.07	10.4
3.16	7.18
-2.57	4.59
-6.25	3.17
-5.11	3.21
-1.64	3.63
-2.08	2.98
-1.65	12.54
-1.07	10.67
-5.08	3.26
-5.76	1.69
-8.38	-0.01
-3.02	3.89
-4.96	7.12
-4.49	2.95
-10.82	0.71
-11.53	-0.34
-9.01	5.2
-7.9	3.89
-8.14	1.63
-8.03	3.39
-3.58	1.16
-5	2.07
-7.4	2.28
-9.56	2.24
-6.02	0.75
-10.7	-0.43
-8.89	2.78
-0.4	9.85
3.24	13.21
7	16.39
8.28	17.75
13.16	19.85
7.6	16.35
10.76	18.95
5.07	12.37
6	15.78
7.44	15.68
2.3	11.69
-2	5.96
0.12	6.72
-2	1.67
-2.08	-0.03
-3.45	2
-3.89	1.33
-6.1	-0.57
-5.35	-1.53
-1.94	-0.84
-2.23	-0.83
-2.28	-0.74
-8.1	0.48
-7.53	-3.36
-6.55	-3.84
-9.71	-4.41
-12.6	-6.72
-9.23	-2.34
-10.25	1.02
-8.77	-0.89
-7.36	-3.69
-7.17	-4.72
-7.56	-4.62
-6.38	-4.55
-6.38	2.2
-4.49	10.2
-2.31	3.87
-3.09	6.35
-4.92	5.72
-1.33	7.42
-1.5	13.08
-3.57	10.49
-0.51	9.42
-0.44	12.03
1.19	11.57
-0.11	8.54
0.36	11.76
3.61	11.63
0.99	9.98
3.3	8.97
2.41	12.82
3.26	13.98
4.85	12.46
4.02	14.02
-2.99	12.8
-3.16	11.54
-3.16	8.76
-3.37	11.39
1.81	9.67
-3.47	8.98
-0.44	4.32
-0.92	3.65
-0.91	8.85
-2.19	9.24
1.34	13.28
-0.18	9.03
-1.43	9.53
-1.99	11.92
-0.67	14.54
-0.15	16.85
0.04	17.03
0.96	15.95
-1.12	15.41
-1.33	18
-0.49	19.7
4.19	16.25
5.51	16.57
1.05	11.54
3.76	12.9
-0.92	10.63
-2.4	8.29
-1.19	11.21
0.67	12.68
-1.77	15.3
5.17	19.11
0.65	21.11
5.75	16.01
4.31	11.79
2.87	22.08
3.06	22.48
6.62	15.63
0.16	16.11
2.94	13.68
3.1	14.63
-1.62	13.73
-2.56	17.46
-1.11	19.87
0.71	21.35
3.1	21.5
6.07	24.1
7.85	19.1
7.57	17.67
5.99	13.57
3.94	8.98
4.97	8.79
6.06	14.36
4.06	12.33
7.82	13.56
5.39	17.9
5.54	17.88
5.83	20.73
10.24	19.09
8.73	14.9
6.56	11.11
7.03	16.1
9.99	13.58
5.59	10.31
1.88	9.27
2.04	11.56
0.57	14.26
2.29	13.12
2.09	13.9
0.87	18.08
5.67	17.87
8.3	14.08
7.49	15.36
7.7	11.79
7.13	14.78
4.33	11.4
4.33	10.52
4.5	17.35
9.28	15.09
8.12	18.57
4.91	19.41
5.77	18.13
7.31	19.65
7.77	16.17
3.62	14.5
2.56	18.03
11.59	18.07
8.87	23.86
10.49	19.4
8.19	19.71
5.63	24.14
7.91	25.32
9.5	25.17
10.62	25.08
9.61	24.59
10.85	23.59
10.72	24.97
15.56	20.53
10.03	24.03
10.35	25.85
13.7	24.49
12.46	26.12
12.55	27.36
11.6	23.5
11.39	18.37
11.86	18.39
10.04	21.52
9.99	22.87
13	24.17
14.38	27.05
13.36	23.17
8.62	18.01
6.87	17.46
5.54	19.28
9.08	15.7
3.83	18.13
5.25	19.44
6.44	21.23
7.57	23.87
11.68	20.84
7.65	21.85
12.46	17.29
9.92	19.58
11.93	20.74
13.4	21.74
10.67	21.63
9.65	17.62
7.06	20.08
8	22
11.92	16.94
12.98	21.92
11.17	20.99
12.76	21.46
12.06	21.73
10.26	25.39
12.68	25.98
14.12	28.44
14.95	25.4
12.59	26.12
13.39	23.46
12.07	23.71
11.22	24.3
13.62	26.5
15.98	27.26
15.43	28.62
15.86	29.36
17.31	30.92
18.01	29.53
15.23	19.97
11.12	21.64
15.23	20.45
9.51	25.59
13.8	23.42
8.88	21.06
10.19	20.16
14.47	27.79
14.23	25.04
11.74	21.41
9.67	24.18
10.2	27.35
13.55	24.04
9.32	22.9
10.34	28.32
13.6	29.35
15.2	24.06
10.57	24
10.68	24.27
12.84	28.48
14.44	29.94
16.12	25.61
14.97	24.8
15.32	25.11
11.48	26.45
12.79	26.78
13.2	28.48
13.45	30.7
15.54	31.8
16.76	30.91
18.45	30.47
15.27	29.89
13.01	27.82
11.17	28.43
10.67	29.58
13.15	31.86
14.37	22.5
12.83	22.36
9.9	24.63
9.08	27.53
13.48	25.08
10.73	28.25
12.47	30.34
13.04	31.48
14.83	29.44
14.88	28.78
12.68	29.46
11.15	22.62
7.95	26.2
10.66	29.15
13.28	23.91
11.07	20.14
10.72	23.73
11.34	24.71
9.22	26.64
11.09	28.36
13.6	28.62
13.02	29.04
12.1	28.69
12.11	29.18
11.99	29.53
13.77	26.4
13.35	19.64
8.51	21.5
12.1	20.78
13.39	21.17
8.21	20.54
8.41	21.92
9.46	19.81
7.06	22.01
9.71	16.78
8.95	17.6
8.86	17.18
5.04	18.95
6.66	19.95
6.51	21.81
9.83	17.2
3.86	19.09
8.6	18
5.86	19
9.58	22.76
10.92	17.81
8.97	17.43
8.96	24.6
11.37	20.3
6.56	17.73
8.63	13.42
6.85	16.55
5.67	16.18
3.61	18.97
5.51	22.21
12.09	24.48
11.05	17.99
4.6	17.93
6.12	16.48
9.35	14.33
6.19	17
9.31	22.15
7.88	17.3
3.41	13.67
1.32	16.03
0.75	17.58
1.85	18.9
5.77	21.86
9.2	22.57
7.22	19.39
7.38	20.63
4.99	18.54
7.33	18.91
9.58	21.19
10.15	15.06
5.34	13.19
-1.23	8.49
-4.71	8.77
-4.69	9.12
-4.24	9.37
4.51	10.48
4.8	8.97
5.38	12.13
5.77	11.7
7.67	12.91
3.29	14.13
6.34	12.07
3.01	9
3.42	8.59
2.82	9.22
-0.62	9.52
0.38	6.96
-3.22	6.59
-1.15	8.83
0.41	9.13
-2.11	4.99
-0.31	1.54
1.25	6.22
3.02	8.01
3.18	8.52
4.54	7.44
4.49	11.53
0.25	8.16
2.43	12.49
4.76	10.88
4.94	9.69
5.85	14.14
4.63	10.24
3.12	14.53
5.89	11.74
3.36	11.75
8.41	13.63
6.33	9.04
2.67	6.99
4.16	5.83
1.7	5.38
-2.34	2.59
-6.76	-0.33
-5.73	1.42
-9.78	-0.42
-5.88	2.67
-0.15	1.83
-2.67	-0.01
-5.01	-0.38
-5.58	1.86
-2	4.53
1.09	4.66
1.01	3.16
-0.3	3.51
1.8	4.28
-0.26	2.45
-0.09	1.28
-0.69	0.9
-1.02	0.26
-1.17	1.02
-3.98	-0.96
-7.33	0.33
-3.71	1.93
-0.26	2.38
-3.91	0.87
-5.41	-2.86
-3.24	-0.58
-1.38	4.97
-0.81	4.83
-3.4	1.73
-0.42	11
0.36	7.43
2.84	5.14
-2	5.55
0.02	11.05
1.08	12.34
2.34	7.63
-1.21	5.37
-3	8.39
3.04	8.07
2.32	10.14
-0.49	10.86
3.5	13.96
0.24	7.85
3.61	6.68
0.46	5.23
-3.57	2.59
-7.26	0.05
-9.56	0.13
-10.72	3.04
-8.58	2.32
-8.7	-2.13
-9.2	-4.82
-5.89	-3.5
-4.05	-0.76
-2.61	3.25
-1.47	2.77
-6.37	1.71
-4.76	0.31
-1.67	3.27
-8.39	3.66
-2.98	2.66
-10.98	0.07
-14.08	-5.15
-15.93	-2.42
-14.61	-0.97
-13.31	-0.81
-11.19	-3.86
-15.34	-8.01
-9.81	-4.27
-10.7	-2.53
-10.91	0.51
-2.61	9.46
-1.85	7.17
-4.65	-0.78
-5.8	1.46
-12.09	0.46
-13.78	-0.48
-11.03	2.72
-8.04	2.54
-10.89	4.09
-10.42	4.39
-7.38	5.22
-5.68	5.03
-3.95	6.19
-3.75	9.43
1.74	10.83
-1.45	10.35
-0.5	8.72
0.45	5.76
-1	1.93
0.24	2.84
1.62	6.8
2.72	5.06
2.78	6.42
0.79	10.63
0.75	9.28
3.64	15.86
6.08	15.59
4.54	12.65
4.37	11.51
5.19	8.96
4.39	13.74
0.17	14.3
1.08	15.69
2.37	18.02
1.94	15.43
1.53	16.06
1.76	15.19
3.39	14.13
7.27	18.76
7.4	20.4
11.74	20.84
8.88	15.58
4.28	20.23
7.03	15.56
6.57	12.34
3.07	8.48
1.88	8.23
1.89	4.7
1.44	3.8
3.34	11.26
2.1	11.41
0.4	15.33
6.43	12.07
7.07	15.78
8.25	17.62
8.06	18.85
4.32	16.9
4.05	16.14
4.65	17.02
7.06	15.6
3.72	13.91
6.6	16.49
4.94	17.4
5.52	18.09
4.11	18.89
3.45	20.7
2.15	15.83
1.8	4.54
2.2	10.09
-0.07	11.09
3.05	10.24
-0.03	11.39
-0.91	13.08
5.24	12.46
5.37	11.49
0.47	14.48
3.45	13.86
8.75	16.39
3.61	19.02
6.55	17.95
9.69	21.35
7.96	18.03
9.76	13.75
7.32	11.38
6.63	16.37
4.14	15.47
4.72	14.77
7.5	17.56
5.68	18.58
10.14	18.61
12.32	19.47
7.45	19.43
9.53	17.58
4.82	19.22
10.1	16.11
7.08	11.45
5.55	8.93
5.68	8.62
6.23	13.56
5.47	17.32
6.01	22.94
13.43	25.48
12.91	20.61
6.33	13.76
3.23	14.79
7.27	14.43
5.42	14.93
7.02	17.94
8.4	19.29
6.82	20.34
10.46	23.52
9.13	26.11
11.32	22.08
9.67	24.66
8.78	18.09
8.34	17.65
5.02	19.42
12.6	18.86
11.27	21.15
11.33	23.62
11.54	26.11
13.69	22.24
8.33	24.27
10.86	26.41
14.47	23.54
14.46	25.26
13.96	29.51
15.74	30.04
12.93	24.15
10.08	16.33
7.5	21.61
12.06	23.15
11.46	27.03
13.06	28.57
15.31	29.62
16	25.08
15.17	29.86
16.76	26.47
10.06	24.74
8.79	19.79
7.32	20.44
9.3	23.97
12.98	25.34
17.95	26.34
20.21	27.15
18.75	28.3
18.4	27.44
15.74	28.72
15.1	29.79
16.81	29.41
18.1	29.77
17.1	30.7
18.45	32.53
18.91	32.64
16.56	29.44
16.11	23.71
13.19	27.01
15.03	28
14.97	24.23
14.09	27.6
18.91	26.26
17.37	26.22
14.44	25.4
13.28	26.52
14.95	28.78
17.29	23.37
14.01	21.86
12.73	21.31
15.23	18.81
15.77	24.47
15.18	26.8
16.67	28.39
16.1	25.76
14.97	22.92
16.59	22.37
17.53	26.07
16.39	25.87
15.87	27.83
15.55	29.4
16.52	30.19
14.87	30.83
17.83	28.11
16.51	28.31
17.59	29.72
16.2	26.59
15.66	26.8
15.66	25.58
12.4	26.05
11.65	26.73
14.91	24.66
15.07	22.73
9.48	23.15
13.4	20.46
12.15	23.75
14.29	24.94
13.34	26.11
16.17	26.43
15.23	25.29
12.87	23.22
9.63	22.77
12.42	20.89
9.33	21.9
8.87	22.65
8.15	23.21
8.48	24.55
9.52	25.87
9.77	25.63
10.22	26.21
11.35	24.41
11.56	20.44
9.89	18.62
8.57	21.03
7.88	22.28
8.57	25.43
12.06	20.88
13.16	16.9
14.31	21.35
14.97	21.65
15.63	22.31
12.02	23.31
12.54	21.14
7.14	21.34
9.56	21.69
11.76	19.97
13.87	23.39
13.72	19.82
6.19	20.33
8.07	20.31
10.21	23.56
16.19	22.74
10.15	19.46
11.56	23.04
14.01	26.57
13.8	22.41
9.89	16.42
4.2	16.82
2.65	16.85
1.34	16.19
2.7	18.29
5.7	21.04
9.74	15.33
9.59	14.29
8.51	14.81
7.56	13.03
10.87	17.17
13.14	19.43
8.23	19.99
11.94	20.87
11.58	17.62
6.27	19.42
7.96	14.23
6.65	8.97
5.37	10.68
1.82	8.8
1.19	7.89
-2.25	11.49
1.1	9.66
2.33	7.72
-4.12	6.02
-2.64	5.41
-4.32	4.5
-4.54	6.77
-5.8	5.63
-5.96	3.56
-3.33	6.74
-3.32	6.14
-2.07	10.8
6.33	16.34
5.28	13.2
4.69	8.95
-0.74	8.67
2.25	13.24
-0.35	11.99
1.7	8.84
-3.68	8.15
-0.49	10.48
0.72	13.68
8.94	12.55
1.8	10.57
6.34	9.25
4.37	8.06
-0.48	7.62
-0.34	6.63
4.81	7.23
4.33	6.73
2.94	4.65
2.17	3.48
2.51	4.52
4.62	7.84
4.31	8.57
6.43	7.3
4.55	6.55
3.81	5.96
2.55	4.3
1.25	3.08
0.04	5.24
-3.02	4.09
-3.38	-0.43
-3.22	5.45
-1.2	2.58
-2.84	2.12
-7.89	-0.26
-13.57	-4.75
-15.28	-6.76
-9.42	-0.16
-12.77	-2.27
-11.93	-0.83
-11.43	1.63
-10.85	2.5
-10.82	-1.78
-4.52	-2.35
-4.76	0.2
-4.32	4.25
-0.15	4.07
-3.53	4.63
-0.59	4.19
0.24	3.32
-1.06	4.68
-2.38	4.84
-3.72	1.74
-2.49	3.58
0.77	3.36
-5.19	2.68
-4.65	4.81
-5.93	4.94
-6.08	3.03
-3.31	10.33
-4.35	8.96
-6.32	2.69
-4.54	7.26
1.05	10.31
-0.89	9.95
-2.6	7.54
-1.08	11.34
2.66	9.67
1.27	4.44
-0.86	3.51
-2.42	4.24
-0.77	2.69
0.5	8.82
-3.17	3.08
-2.25	6.67
-3.49	3.84
-1.43	7.1
-3.26	2.75
-7.68	-3.49
-5.25	-2.63
-3.77	0.65
-6.23	2.81
-6.48	-1.01
-3.55	-2.02
-2.66	-0.24
-3.26	-0.2
-5.19	5.73
-1.07	6.69
1.79	8.32
-1.27	6.24
-4.6	5.24
-4.23	5.25
-2.27	7.91
-1.8	7.02
-0.37	6.25
2.54	12.59
-0.85	10.91
-3.67	8.66
-1.85	6.7
0.82	9.78
1.3	12.11
1.07	14.64
4.36	9.78
-0.33	11.2
3.21	8.18
0.27	5.6
-3.51	2.31
-6.02	2.68
-6.27	4.14
-4	4.76
-1.06	3.41
-3.7	7.05
-2.14	11.82
-4	10.46
-3.45	12.15
-3	13.49
-2.64	13.07
-1.89	15.49
-0.74	15.33
-0.05	17.91
3.97	14.43
2.09	18.55
0.68	15.44
0.56	12.64
2.84	9.29
-0.52	8.71
-3.78	10.74
-3.12	9.75
-3.09	9.98
1.21	12.5
3.77	11.37
4.57	10.86
2.71	12.26
-2.6	9.75
-0.63	8.8
-3.78	8.99
-4.11	13.34
0.57	10.52
5.78	9.05
5.16	9.92
4.14	11.38
7.6	16.01
8.49	13.67
1.66	8.75
2.17	11.45
2.27	7.48
-0.21	8.54
-0.37	11.31
4.19	15.18
9.04	14.28
3.9	14.87
1.94	17.7
12.66	18.99
7.63	18.13
6.26	12.44
5.38	12.68
1.72	12.24
6.43	12.58
1.67	13.49
0.28	12.93
2.58	17.12
3.34	19.41
5.1	16.24
4.52	17.62
8.73	14.59
6.7	10.63
2.48	12.46
-0.01	18.11
8.08	15.44
3.59	14.18
3.79	21.78
9.15	18.87
5.57	19.99
6.24	25.77
9.49	26.56
9.35	27.06
11.99	23.07
10.25	20.64
8.04	12.36
9.88	17.18
9.11	20.82
8.88	21.96
10	19.11
8.37	19.89
9.78	20.69
6.86	22.17
12.33	23.37
11.06	19.67
9.94	20.92
12.47	24.42
7.52	19.34
6.31	23.08
8.67	24.21
11.36	24.15
9.4	23.77
8.55	23.56
11.66	17.98
9.78	17.23
9.56	18.12
11.9	18.88
7.38	22.88
12.99	21.39
12.36	21.22
8.76	20.96
6.19	20.56
6.21	21.87
12.16	19.28
7.25	22.86
8.54	22.01
10.82	22.86
14.71	21.17
13.64	25.88
16.05	24.89
14.06	22.62
13.28	23.94
11.22	23.8
8.64	23.33
12.54	20.37
10	17.98
11.64	21.06
9.36	22.79
13.55	17.9
13.73	21.05
13.86	23.88
14.51	24.81
11.63	25.49
14.4	25.85
15.07	22.87
13.29	23.54
14.02	26.87
13.97	27.15
13.51	27.09
17.25	28.11
15.29	28.25
14.45	24.43
13.54	23.57
10.71	22.41
10.76	23.94
9.96	26.31
10.47	27.43
11.94	27.98
12.28	27.39
12.5	28.43
14.08	29.61
15.4	26.31
15.23	25.04
14.02	23.76
13.53	24.89
13.56	24.71
14.25	22.34
11.92	26.05
15.34	20.85
15.93	21.2
13.33	26.84
15.09	25.3
13.38	24.81
17.08	27
13.9	29.32
17.42	26.38
12.47	27.84
13.33	28.55
14.02	31.29
18.51	29.27
15.82	29.16
12.2	29.29
13.32	31.03
16.43	31.8
17.72	28.25
9.38	26.61
11.99	29.14
14.24	33.02
17.51	33.45
18.14	31.2
16.21	34.04
16.91	32.98
15.97	30.89
13.71	32.59
14.86	33.78
16.25	33.31
14.93	33.95
18.09	34.53
17.27	28.48
13.54	29.01
12.75	30.52
13.51	31.02
16.05	25.64
11.04	27.85
11.65	31.17
14.4	33.76
14.5	35.86
14.86	35.76
15.89	35.07
15.65	31.24
14.97	30.04
14.51	28.55
15.28	32.71
15.15	34.39
16.87	34.09
16.28	35.58
17.93	34.82
19.13	31.97
14.09	28.68
10.76	24.47
5.54	22.14
8.83	25.37
9.89	19.72
9.11	17.05
6.46	18.42
3.22	22.85
6.34	25.35
11.94	22.17
9.43	23.94
11.6	26.07
12.21	27.05
11.05	25.2
10.93	26.58
11.12	22.74
7.97	25.57
9.6	23.56
10.34	21.12
4.05	20.79
4.39	21.72
5.93	22.73
6.32	25.34
11.29	26.63
11.59	23.59
9.62	21.85
3.13	22.44
11.23	26.35
11.63	26.57
12.21	25.65
13.01	18.41
10.3	16.06
6.54	19.01
6.4	18.06
11.57	15.42
12.12	20.66
13.59	20.82
9.51	21.23
11.6	16.08
7.72	16.27
7.38	12.89
8.52	10.55
6.68	12.59
-2.26	10.16
-2.86	11.01
-2.17	10.52
3.95	9.65
7.48	17.2
3.53	14.74
-0.47	10.36
3.34	8.73
6.69	8.93
3.94	12.1
0.39	10.77
1.58	12.74
0.87	12.97
6.31	14.62
2.83	11.09
3.24	17.53
5.67	15.68
4.35	6.59
5.86	9.57
5.12	7.73
5.82	9.79
8.48	16
5.41	10.23
5.49	11.7
4.43	15.87
2.25	9.3
0.95	12.47
1.21	8.45
-0.5	9.21
3.55	10.72
4.79	9.77
-1.28	7.3
-1.8	8.68
-3.07	5.11
2.65	15.88
5.65	12.18
1.72	7.08
-2.37	6.63
-0.71	8.44
-2.43	7.6
0.44	9.33
3.62	6.09
4.17	5.45
4.23	7.98
3.9	12.77
3.29	11.96
-0.49	8.13
3.96	6.66
1.97	5.78
-0.71	3.5
1.31	10.18
7.44	14.65
6.69	13.53
6.83	14.33
3.15	8.7
1.71	6.42
1.12	3.14
1.72	3.1
1.54	3.74
0.94	2.97
-1.09	3.36
-1.18	7.12
-1.46	4.36
-3.23	6.37
-3.08	1.04
-0.68	0.84
-0.77	0.7
-0.43	0.78
-1.4	0.43
-1.66	0.15
-0.3	1.34
-3.36	0.95
-8.55	-3.01
-7.21	-2.75
-6.06	-1.8
-10.88	-0.69
-5.47	-1.08
-11.75	-0.73
-12.96	-0.34
-10.02	-4.51
-7.21	-3.31
-10.32	-6.34
-10.41	-5.92
-9.38	-3.35
-14.56	-3.26
-14.53	-3.38
-6.81	0.32
-3.73	4.05
-0.34	4.01
-2.78	5.01
-1.03	10.89
6.74	13.77
2.34	10.02
0.55	13.76
-1.2	9.57
-0.89	12.13
-2.31	11.64
-2.7	9.99
-2.34	7.34
-2.81	7.89
0.47	13.88
-1.91	10.36
2.45	12.03
1.65	10.26
3.34	11.09
-2.14	7.03
-1.74	7.42
-2.68	3.21
-1.11	1.65
-6.79	0.34
-10.58	-0.39
-11.59	0.57
-10.93	4.06
-7.82	7.3
-6.6	8.8
-6.94	4.81
-5.82	6.86
-0.87	5.98
-3.17	7.04
-4.47	5.46
-6.26	5.61
-6.14	5.91
-6.03	4.34
-5.69	5.43
-1.67	1.13
-0.81	1.91
-3.35	1.56
-8.3	-0.21
-1.61	5.46
-3.85	4.57
-2.92	7.9
-2.62	7.15
-3.34	2.01
-6.04	-0.29
-3.56	-0.29
-2.38	0.27
-5.28	2.83
-6.17	5.34
-6.17	7.54
-3.42	4.01
0.49	3.05
-0.35	0.87
-3.94	-0.35
-5.65	-1.5
-9.1	1.1
-1.24	4.17
-0.16	2.62
-1.45	4.58
-5.38	7.56
-2.59	9.53
-2.22	11.84
-1.73	12.1
0.08	13.35
-0.64	14.38
0.24	16.25
2.7	14.11
7.56	21.61
6.46	19.11
1.18	19.92
2.93	23.19
5.43	20.85
10.01	20.62
6.32	13.99
4.35	7.94
2.82	6.22
0.61	5.61
0.69	4.21
0.96	7.74
-3.3	7.53
-1.25	12.75
4.55	12.54
4.53	9.04
1.73	9.47
4.86	10.71
2.95	13.94
0.8	14.99
4.05	15.3
3.21	13.21
2.06	13.23
-0.05	12.41
5.11	9.5
4.94	6.42
4.33	14.8
5.94	16.2
7.2	12.8
6.76	15
1.82	14.57
2.93	16.83
8.63	18.44
9.62	15.64
3.71	21
9.09	23.03
6.76	24.03
7.78	24.16
9.04	24.29
12.87	22.85
12.37	19.43
5.7	24.21
6.7	23.5
10.49	21.51
6.23	22.96
7.19	23.28
8.89	22.98
10.08	21.17
10.75	15.52
7.32	19.39
10.21	20.88
9.73	22.39
10.14	21.6
9.73	21.46
7.52	23.74
7.19	24.59
7	24.58
8.01	23.94
10.2	23.25
11.09	22.18
10.3	23.69
8.55	25.48
11.67	26.39
12.39	26.84
12.44	28.96
10.59	24.33
9.12	19.77
10.27	23.03
9.97	25.98
11.6	29.4
16.98	25.81
17.3	27.74
11.35	23.81
12.08	28.02
15.55	24.47
10.15	25.66
12.27	28.9
15.13	25.58
14.15	22.94
15.12	26.51
13.53	29.22
14.65	30.38
15.28	24.51
14.48	25.88
13.28	28.87
16.48	30.39
14.62	26.23
8.85	21.3
13.01	20.8
8.58	22.86
10.71	22.13
11.72	20.73
8.57	22.88
10.35	27.54
12.86	30.59
15.91	24.99
13.77	25.43
17.24	28.3
14.62	24.52
7.23	21.67
10.73	18.83
8.79	17.66
11.85	19.09
8.23	21.67
7.62	24.41
11.35	23.43
9.79	26.64
13.3	29.24
16.5	31.81
17.83	30.92
14.25	24.02
8.33	21.91
13.33	23.47
10.34	26.36
12.71	28.55
15.9	27.16
10.56	20.96
8.37	20.04
7.2	22.01
12.09	23.26
16.14	29.45
14.61	30.5
17.07	28.42
17.71	27.52
18.18	25.49
14.1	20.27
14.33	22.55
11.1	23.2
11.04	27.39
13.6	29.84
14.32	25.68
10.17	24.2
14.4	24.65
16.79	26.64
15.51	31.02
18.39	33.47
14.37	25.79
11.65	29.12
13.83	32.84
14.39	34.46
15.68	34.06
15.63	29.84
14.3	26.65
13.12	25.96
15.56	21.86
14.01	25.78
11.78	24.73
9.39	26.65
11.86	30.34
13.8	30.25
12.64	31.15
11.99	32.15
13.24	31.85
15.62	25.71
12.49	26.63
11.59	28.96
14.29	31.6
14.45	33.96
19.09	32.65
15.06	29.27
10.92	18.92
10.55	18.02
9.7	18.69
12.7	18.74
11.68	18.83
5.06	20.9
10.04	19.06
7.78	17.12
7.22	19.76
9.74	19.83
8.9	17.84
10.31	17.97
4.77	18.49
6.31	23.51
9.92	25.07
14.39	27.21
18.49	25.54
11.04	21.55
11.49	20.94
11.13	25.06
15.07	23.22
11.33	22.08
9.86	23.44
13.07	17.79
12.38	16.28
8.68	17.49
12.75	18.59
7.84	21.75
9.9	22.66
11.16	26.23
13.89	25.83
10.98	21.87
12.58	18.46
10.82	16.83
6.14	18.71
9.93	12.98
4.31	12.1
7.86	19.17
11.71	19.91
12.43	17.41
10.52	13.1
4.53	20.09
10.41	22.39
14.2	20.71
13.16	23.47
12.07	20.43
6.63	19.89
8.59	22.81
12.54	23.88
13.19	24.29
13.2	26.13
11.9	21.33
5.48	19.06
11.35	18.76
4.97	13.06
5.05	7.65
6.57	8.85
7.27	8.76
5.77	10.1
8.81	14.12
7.21	16.22
5.38	11.97
3.62	9.5
-0.27	8.77
-1.98	10.68
-1.38	11.39
-1.18	5.86
0.78	6.79
1.42	5.19
4.23	6.3
4.42	9.53
7.65	9.51
8.55	9.71
9.75	11.33
9.59	18.1
7.22	13.62
6.9	11.23
6.76	9.15
5.06	8.55
0.24	6.24
-2.19	-0.08
-8.01	0.94
0.34	1.87
0.83	3.75
0.56	2.54
-4.13	0.65
-8.49	-2.23
-8.5	-4.47
-4.92	-2.12
-5.23	-0.85
-7.99	-1.85
-3.65	-1.44
-1.89	-0.49
-6.43	-1.67
-9.14	-3.7
-6.6	-4.96
-6.03	-3.28
-2.87	0.17
-6.5	-1.11
-5.23	-1.24
-8.72	2.12
-7.79	2.31
-8.27	0.51
-4.24	2
-5.16	-0.49
-2.42	2.66
-1.55	10.21
-3.64	4.45
1.03	5.52
-3.03	6.37
-5.35	8.21
4.31	9.11
1.44	4.97
1.59	8.06
-0.65	5.77
-0.38	8.17
-1.91	10.71
7.84	12.68
7.66	14.8
2.48	7.9
0.27	10.32
-0.03	8.77
0.01	7.08
-1.94	0.55
-1.09	0.62
-1.12	1.68
-7.74	-0.06
-9.47	-2.71
-7.81	4.54
-0.23	5.63
0.4	4.61
-3.25	5.68
-2.34	7.67
2.95	8.83
3.85	10.74
6.68	13.77
6.09	11.93
3.3	9.38
2.9	7.27
4.02	10.73
2.79	9.87
0.59	9.53
0.9	6.08
2.18	8.35
0.51	3.46
0.35	4.04
-2.46	2.7
-6.96	3.19
-5.92	-1.05
-1.37	3.04
-7.3	5.04
-5.54	5.99
-2.59	10.48
-2.09	8.8
2.12	9.75
-2.37	8.98
0.09	6.89
-1.88	5.68
-1.06	8.52
-0.16	8.68
-1.14	10.08
-1.9	10.68
4.77	12.62
1.07	11.14
0.85	13.78
5.11	12.42
1.22	7.86
-0.69	8
3.54	6.53
-1.41	6.93
0.35	6.41
-0.82	3.47
-5.48	-0.97
-7.63	-4.95
-13.42	-2.85
-16.71	-2.58
-14.01	-3.91
-8.63	-1.97
-3.3	-0.9
-13.2	1.57
-4.62	4.1
-5.77	6.99
-2.86	10.26
1.89	7.67
-0.38	13.02
-0.58	14.22
4.11	17.92
8.96	14.24
10.19	17.05
7.5	13.81
4.46	15.44
3.25	10.62
-0.02	11.52
-0.51	10.62
3.79	13.16
5.79	12.84
8.35	12.91
5.16	19.22
6.53	15.04
3.05	17.31
5.71	17.96
5.53	17.68
3.76	19.84
4.6	14.16
6.12	12.51
-0.93	11.38
1.95	16.01
4.87	12.77
1.99	8.73
5.13	7.23
5.09	13.85
8.51	18.49
9.46	19.12
7.49	15.04
0.68	8.97
-1.96	9.7
0.56	15.78
7.04	20.33
8.37	22.51
7.99	21.09
6.37	15.62
3.2	11.63
0.71	14.02
6.25	10.78
2.82	8.81
3.79	13.25
0.56	14.18
3.06	14.49
4.05	10.93
5.35	13.76
3.52	9.58
2.71	13.27
6.99	17.81
6	18.72
7.88	15.84
8.76	13.88
8.2	12.06
4.29	11.6
6.68	11.78
6.88	17.04
4.87	19.24
6.18	21.07
6.32	22.46
7.34	22.27
7.92	20.51
8.96	20.66
9.89	20.71
8.69	21.49
7.73	24.66
9.79	21.76
6.31	14.31
3.33	16.98
2.99	20.17
11.55	16.57
7.48	14.04
5.05	17.15
3.53	15.55
2.98	18.65
5.41	17.88
7.15	18.68
6.71	20.31
7.45	21.23
8.06	21.53
11.85	25.52
11.18	26.66
16.32	26.79
13.84	26.95
12.9	21.82
12.9	19.58
11.96	21.99
11.4	24.19
11.97	22.15
12.91	25.23
16.13	23.7
13.64	26.51
13.98	22.99
7.33	21.25
12.91	21.3
10.31	18.22
7.8	19.49
7.54	25.27
11.39	27.49
18.34	27.83
13.71	24.28
11.49	18.22
8.21	17.29
4.8	20.54
13.57	25.01
12.33	25.02
10.15	16.26
9.23	16.77
11.12	15.01
12.54	18.62
13.42	19.67
13.68	23.74
11.87	23.68
12.16	20.74
9.9	24.4
13.94	28.85
13.96	26.46
15.94	24.3
12.43	28.32
14.92	26.5
15.94	25.35
17.44	26.56
17.15	31.08
18.17	31.84
15.69	32.88
18.23	29.71
17.86	29.9
18.86	27.71
13.91	28.52
14.62	30.15
17.06	31.44
18.49	29.63
15.93	28.08
17.17	24.92
14.11	22.62
15.18	23.8
12.86	21.38
13.59	26
14.82	26.95
15.83	27.6
16.18	27.67
14.81	27.59
15.31	29.37
16.23	30.48
18.82	31.2
17.49	26.61
18.24	23.89
17.64	26.13
14.37	28.49
13.84	30.12
14.19	30.2
15	30.58
16.34	31.46
16.5	30.5
17.71	32.06
15.94	31.58
15.81	31.94
14.51	33.3
15.11	33.65
16.59	32.96
16.87	33.04
17.3	31.72
16	32.68
16.52	33.16
16.95	32.14
16.08	32.07
16.14	30.67
17.8	33.91
18.75	31.87
16.22	26.15
14.29	26.21
13.92	23.63
12.1	24.01
10.4	25
11.38	26.79
13.45	22.63
9.93	24.44
13.42	26.77
16.02	27.63
15.87	28.45
14.29	27.53
14.19	24.48
14.6	19.5
13.48	23.97
10.82	26.02
12.27	27.64
15.08	23.16
15.19	21.01
15.74	27.01
15.47	29.24
16.86	28.53
15.56	20.8
13.61	22.79
12.28	24.66
13.62	24.56
13.91	27.18
14.97	26.99
14.17	22.2
8.49	22.81
10.08	25.04
12.26	26.07
14.32	27.97
14.83	27.07
16.54	23.44
9.76	21.21
11.19	15.76
8.59	13.78
7.1	16.44
8.28	17.02
6.19	19.62
9.73	23.75
10.22	20.81
13.86	25.39
13.87	25.51
13.04	23.98
15.8	26.44
13.32	20.7
12.43	22.78
9.86	22.66
12.41	23.53
13.19	22.18
13.84	22.78
7.01	18.5
5.36	13.25
1.66	10.11
2.27	6.02
1.83	6.42
-0.84	11.32
0.79	13.27
-0.78	14.72
-0.66	16.24
0.7	17.12
2.83	16.77
2.06	14.99
2.15	13.51
4.38	10.59
0.52	8.85
-2.26	10.22
-1.61	10.54
-0.46	8.4
3.64	7.68
3.96	9.23
5.97	8.87
5.66	16.76
3.95	17.26
4.82	15.53
4.24	15.32
7.03	13.14
2.25	12.3
4.04	17.91
6.35	18.49
9.05	14.32
9.21	12.59
7.47	14.06
8.69	11.42
4.59	10.27
3.88	6.57
5.39	12.06
6.65	9.67
8.17	12.58
7.8	11.03
1.43	7.8
1.03	4.35
3.36	9.07
5.35	13.89
5.22	13.76
3.65	10.94
3.56	9.52
1.28	8.37
2.06	7.87
2.41	11.87
6.29	10.54
3.07	12.36
3.08	8.71
3.56	10.98
4.27	8.8
3.53	7.36
4.16	10
-0.7	10.19
-0.01	8.64
-2.61	5.97
-6.34	2.38
-5.92	1.07
-5.78	0.63
-1.6	10.18
-1.13	7.38
1.93	9.39
-2.08	4.66
-0.72	4.84
1.6	5.2
1.35	8.19
1.28	13.86
1.05	10.35
0.36	7.96
-1.54	3.7
-6.8	2.87
-3.09	6.57
-6.72	4.15
-2.42	1.66
-1.82	0.6
-1.85	-0.47
-1.84	-0.86
-2.38	-0.64
-2.75	-0.63
-2.12	0.71
-1.01	0.79
-4.63	1.65
-2.14	3.88
0.77	8.5
4.75	10.32
0.53	8.66
-0.65	2.9
-2.9	4.75
-5.58	2.14
-3.64	0.08
-4.74	-2.86
-4.32	-1.48
-4.31	0.39
-8.12	-1.58
-6.36	-0.6
-7.22	1.98
-3.41	4.02
-4.8	4.72
-1.58	2.07
-4.77	0.04
-10.85	0.64
-2.61	4.84
-6.65	3.28
-5.43	-1.55
-4.55	-1.29
-4.95	-2.88
-3.75	-2.24
-3.54	1.58
1.62	11.05
1	9.15
-1.79	9.42
4.6	14.51
2.22	12.36
-2.27	6.53
1.22	10.63
2.12	11.1
-0.48	7.82
-5.16	7.1
-1.86	10.05
-1.17	6.34
-3.62	5.68
-2.19	8.04
-0.92	12.09
0.38	17.99
1.23	13.5
2.96	11.76
-0.02	5.27
-2.01	8.49
1.81	15.22
-0.93	14.06
6.17	9.37
1.28	12.72
4.56	10.2
-0.8	12.24
4.14	8.05
-0.24	10.71
0.18	13.51
0.82	13.71
0.18	9.04
1.38	10.55
0.29	7.69
1.73	12.75
0.77	10.43
0.74	8.06
-2.04	10.82
-0.49	13.63
4.61	8.88
3.18	8.11
2.58	7.01
2.67	7.46
0.18	7.93
2.06	7.6
-1.53	10.79
2.12	10.14
0.15	11.69
-1.79	11.99
-0.53	12.57
-0.1	8.68
-0.21	5.11
-1.95	2.65
-0.39	2.32
-0.89	9.6
4.66	15.03
6.52	16.15
1.66	12.39
-0.48	8.31
0	7.35
1.05	7.03
2.44	14.99
1.9	19.79
5.69	13.94
5.75	15.27
0.46	12.05
-2.31	7.77
1.69	6.22
0.78	7.12
-0.14	8.49
5.9	15.62
8.62	24.26
7.41	24.58
8.93	16.84
6.09	20.47
7.53	21.34
8.26	15.93
1.23	9.46
0.29	10.01
4.09	8.51
1.65	10.41
4.96	8.21
1.85	7.94
1.95	7.91
2.97	11.03
5.88	14.54
5.15	18.33
6.83	19.7
10.25	21.15
6.67	23.26
6.9	26.05
7.69	26.94
10.01	23.08
11.13	16.17
8.57	14.82
8.65	18.33
7.73	19.93
8.56	20.91
8.93	22.13
9.62	20.31
10.09	16.41
3.89	15.01
2.75	19.46
7.66	21.32
6.37	23.82
9.69	26.78
8.61	25.05
12.69	20.92
10.31	15.59
8.49	15.22
11.52	16.14
13.1	18.12
9.3	15.33
3.43	14.29
4.65	19.37
11.55	15.74
8.75	19.58
11.79	17.06
9.26	12.58
7.63	12.57
8.14	16.64
5.68	20.93
7.1	24.42
9.88	25.51
12.31	26.14
14	27.69
14.63	25.3
14.92	27.46
13.86	28.02
14.47	26.06
14.1	18.93
9.65	21.36
9.39	21.1
9.71	22.82
12	21.75
11.72	20.24
12.69	20.13
11.42	24.45
11.91	25.58
11.86	22.47
15.1	22.32
14.69	20.07
10.25	22.63
9.23	21.53
10.99	20.3
11.66	22.49
12.01	23.85
10.21	23.23
12.46	25.28
15.22	27.32
15.16	29.27
14.93	24.26
8.94	16.02
10.48	13.76
11.5	18.07
12.51	22.2
14.87	23.5
16.3	24.57
11.97	24.63
12.15	28.29
14.24	29.57
16.57	29.02
16.68	29.68
15.85	26.98
16.32	23.7
16	21.49
12.77	25.15
14.91	28.16
14.73	28.98
15.36	29.6
15.04	29.47
15.43	30.34
16.54	30.6
18.42	30.52
17.31	27.41
17.53	29.38
17.79	25.42
15.48	27.57
17.84	27.77
17.32	28.9
15.49	29.59
16.32	30.44
16.94	29.37
16.25	26.63
12.68	28.01
12.32	29.62
15.84	30.6
18.65	26.05
17.99	21.98
16.35	27.89
14.17	29
14.35	30.31
15.26	26.51
11.69	27.25
12.41	28.23
13.55	28.41
14.15	28.72
16.43	29.38
15.83	28.2
16.07	20.71
14.66	25.17
9.88	27.51
11.54	26.67
10.28	27.35
10.12	28.38
13.27	23.75
11.11	21.63
9.7	22.43
12.82	26.4
16.23	24.7
15.52	23.55
14.14	22.7
14.4	27.44
14.81	28.05
16.46	27.98
15.08	26.94
16.53	26.63
10.83	24.72
9.49	17.6
5.78	17.83
7.19	16.91
4.37	18.38
6.72	15.23
10.46	16.6
11.96	21.35
12.37	18.47
6.18	20.24
10.06	21.63
7.6	22.77
13.68	22.57
14.28	23.48
9.39	22.03
10.48	23.9
10.85	25.69
12.7	24
13.64	19.12
12.69	16
9.26	21.08
11.1	19.41
10.02	20.69
10.1	18.79
13.04	22.5
10.88	21.39
10.38	17.75
8.45	17.58
6.06	19.18
6.57	18.93
6.11	19.98
6.97	21.16
8.62	14.88
6.37	13.57
0.93	15.76
3.33	12.71
5.41	20.86
7.61	20.06
8.63	21.47
8.42	23.46
11.12	20.55
10.43	20.95
10.69	22.79
10.35	21.34
10.48	21.52
8.75	22.14
8.33	22.08
7.35	21.66
7.11	18.57
8.27	15.25
9.63	17.94
8.99	16.34
5.2	18.91
6.06	20.16
7.16	20.19
5.66	13.84
2.23	12.28
-1.96	12.67
-2.2	12.71
-3.32	13.21
-1.96	14.94
-2.03	12.89
-0.05	12.84
3.47	16.72
5.81	12.22
7.59	13.81
6.87	16.28
4.11	9.61
-0.11	12.31
-0.63	7.64
0.42	3.81
-1.06	4.26
2.17	8.39
1.76	6.06
-2.58	5.52
-2.57	7.3
2.66	10.45
1.7	5.38
4.17	5.22
5.23	6.25
4.81	11.01
5.49	14.71
9.99	14.7
1	9.51
-3.69	3.24
-1.55	4.79
-2.84	3.87
-7.77	2.52
-7.75	0.22
-0.63	5.69
-2.91	-0.45
-2.78	1.97
-1.56	9.17
0.15	6.64
3.62	5.18
2.79	4.46
0.73	2.45
1.76	3.4
0.78	3.2
-0.82	1.86
-2.04	-0.41
-1.71	-0.34
-1.53	0.09
-0.63	0.72
-1.01	0.77
-1.46	-0.07
-2.1	-0.51
-1.76	1.73
-2.91	-0.31
-2.24	0.34
-0.25	0.85
-0.33	0.52
-0.53	0.22
-0.24	1.07
-0.21	2.06
-0.73	4.07
-1.77	1.6
-2.39	5.37
4.55	12.09
4.95	13.47
2.36	10.64
-0.15	4.44
-3.4	0.09
-11.03	-2.9
-15.25	-6.28
-8.23	-6.54
-7.21	-2.73
-2.61	0.52
-2.3	0.08
-3.19	-0.98
-7.45	-1.03
-6.69	-1.95
-11.56	-3.2
-5.29	-1.4
-1.32	0.5
0.39	0.79
0.84	4.65
2.76	7.53
2.87	9.91
-1.02	5.71
-4.23	0.1
-1.52	2.03
-6.57	-1.45
-6.18	-1.81
-6.43	-3.57
-3.94	-1.92
-3.13	-1.92
-3.61	-1.48
-4.03	-1.18
-6.63	-3.01
-5.52	-4.01
-7.3	-5.15
-7.51	-4.57
-4.63	-1.49
-3.85	-1.61
-3.79	-0.59
-5.45	-0.37
-10.06	-1.02
-16.07	-3.02
-13.38	0.03
-4.49	-0.83
-2.11	1.36
-5.51	-0.59
-14.87	-3.35
-8.15	-2.82
-7.01	-3.5
-8.9	-0.1
-17.98	-2.8
-9.49	-0.85
-9.21	-0.8
-3.38	0.93
-0.56	4.48
-3.38	1.75
-10.29	3.66
-1.55	6.73
-5.22	7.12
2	7.44
-1.69	5.89
-3.95	0.94
-4.12	0.4
-9.21	-0.18
-11.56	1.19
-10.86	4.17
-4.86	6.33
-4.67	6.44
-5.39	4.95
-7.33	6.89
-2.42	2.54
-3.29	2.65
-3.77	1.61
-5.72	-0.13
-9.37	4.06
-0.78	4.94
0.49	5.06
-3.12	3.82
-4.21	3.06
-6.24	3.79
-3.36	0.93
-2.51	-0.74
-1.4	1.27
-0.45	9.76
-1.39	5.04
1.85	3.67
2.52	7.97
3.58	6.43
2.14	8.28
-3.36	9.9
-1.07	11.15
1.44	7.77
1.19	10.2
2.84	13.11
7.36	12.21
3.56	12.42
3.72	9.85
0.76	8.34
-3.68	11.14
1.72	8.35
-1.39	8.07
0.54	8.02
1.85	5.26
1.16	4.1
2.15	3.47
4.11	9.87
2.38	16.98
3.46	17.6
3.29	17.33
3.42	16.05
3.72	14.39
4.05	15.8
5.15	15.06
-0.12	4.58
0.65	9.29
1.06	7.32
5.91	10.34
3.87	17.33
2.75	18.58
4.6	20.49
4.09	23
7.84	23.86
9.44	25.63
14.7	21.36
12.64	21.49
12.91	19.36
12.13	16.66
8.8	16.73
11.74	21.32
10.2	22.38
11.63	18.91
11.64	17.81
10.78	20.95
10.87	19.09
6.67	20.67
5.67	19.95
11.83	20.44
9.53	24.24
12.6	21.71
12.85	22.15
11.54	18.83
8.73	20.6
13.18	17.59
14.51	18.3
12.84	17.91
14.77	21.7
13.02	22.97
12.29	25.81
17.52	26.93
14.27	28.08
13.1	25
10.14	19.95
9.62	18.08
9.79	19.8
9.77	23.62
12.81	26.31
14.72	23.4
13.83	21.06
12.13	17.37
7.78	17.33
6.38	22.7
8.76	25.46
11.5	26.58
14.09	28.01
13.25	28.62
15.59	25.49
13.52	24.22
11.44	26.7
13.16	28.98
14.26	30.66
14.69	31.75
15.61	31.94
16.85	32.48
15.27	30.99
16.86	25.11
9.97	21.17
8.21	20.31
6.99	22.35
7.7	24.42
8.67	27.41
14.05	27.7
12.07	27.13
14.63	22.57
12.61	26.51
10.18	15.69
6.96	19.98
8.18	20.2
12.52	17.42
11.44	21.61
12.49	23.74
11.6	27.2
12.95	23.15
11.08	16.79
13.76	18.93
13.94	21.19
10.98	24.06
13.98	26.42
18.4	27.36
13.88	23.85
14.8	28.13
10.48	20.99
7.56	19.12
11.31	20.07
13.39	23.75
11.6	27.03
13.32	28.89
14.9	29.93
18.3	23.87
9.73	21.81
10.64	24.6
9.55	21.48
7.23	21.27
7.03	22.03
7.66	23.1
8.03	25.31
14.9	27.72
16.25	23.81
14.09	24.37
11.42	26
17.3	28.99
15.47	28.15
17.53	25.92
15.27	26.32
12.5	28.81
13.49	29.95
15.47	27.43
14.07	21.75
7.93	23.05
9.23	24.61
12.41	24.67
14.99	21.48
11.18	25.73
12.59	26.03
12.02	26.49
15.73	24.8
14.75	24.21
14.68	25.67
15.43	23.17
15.01	24.84
13.56	24.21
14.59	22.45
14.65	24.88
12.36	26.47
11.55	27.08
13.24	27.27
13.72	26.46
12.79	27.15
14.13	21.23
10.99	25.2
13.83	26.89
14.95	26.09
13.29	22.8
13.59	23.8
13.96	21.59
13.6	18.37
12.8	15.97
13.6	16.93
14.15	21.21
11.67	16.82
7.28	16.36
5.73	15.96
9.74	17.12
6.25	17.15
7.05	17.76
7.72	21
8.33	19.11
9.72	14.09
5.31	12.32
5.4	17.26
7.78	15.9
3.95	15
4.4	13.96
4.97	15.9
10.13	12.13
10.76	15.44
13.04	17.5
10.76	14.44
9.28	12.7
7.11	12.45
5.39	16.94
6.39	17.38
7.15	18.23
7.74	18.63
11.61	21.27
9.65	22.23
9.64	19.36
8.55	14.65
2.67	15.63
10.27	13.08
10.1	12.26
9.83	14.56
9.24	18.09
10.74	16.02
10.09	17.25
7.45	14.59
6.69	17.64
3.83	17.45
6.81	18.48
9.59	21.63
12.64	19.45
11.18	17.41
8.16	13.31
5.95	16.75
7.51	16.79
8.36	12.06
8.05	15.42
4.79	13.2
3.38	10.57
1.92	11.77
-1.69	12.6
-0.57	14.52
2.79	12.04
6.55	18.29
5.32	15.33
-0.86	13.27
0.8	11.67
5.37	18.32
3.57	17.85
3.01	18.62
7.07	18.47
7.23	15.95
3.89	17.52
8.29	15.04
4.53	13.02
0.62	11.51
8.55	16.82
12.72	20.18
12.39	19.7
7.98	16.13
3.88	11.51
3.93	11.99
8.86	15.26
9.44	14.37
6.93	11.55
6.57	11.61
2.81	9.23
0.9	3.94
-0.44	3.78
-1.49	2.52
-4.05	4.1
-0.76	2.03
0.15	3.49
-1.27	1.34
-1.28	3.6
-1.88	1.23
-0.78	5.62
-3.37	3.76
-3.53	7.66
-2.43	5.64
-2.19	0.25
-2.09	-1.32
-2.31	-1.26
-2.09	-0.96
-2.32	-0.61
-1.31	0.44
0.29	1.62
0.19	1.68
-0.09	5.37
1.42	6.62
-1.25	5.34
-2.09	2.79
-1.29	2.54
-1.13	1.97
-1.63	8.74
0.7	4.22
-2	2.24
-4.11	-1.63
-3.37	-1.76
-6.02	-2.61
-6.65	-4.69
-10.03	-5.52
-14.81	-8.64
-18.18	-10.45
-13.54	-7.71
-14.13	-7.71
-19.12	-10.44
-12.34	-8.49
-10.11	-6.2
-6.74	-2.78
-3.1	-1.2
-2.9	-1
-3.14	-0.96
-3.86	-2.15
-3.8	-1.57
-2.21	-1.3
-2.7	-1.42
-1.72	0.12
-4.74	-0.14
-5.41	0.32
-2.32	1.13
-3.27	-1.25
-2.54	-1.09
-3.11	-2.45
-3.54	-2.44
-4.12	-2.85
-2.52	-0.5
-0.91	1.65
-0.97	0.63
-0.64	0.2
-0.45	0.08
-0.58	0.13
-4.86	0.06
-6.75	-2.09
-4.01	-0.46
-8.27	4.04
-8.44	2.15
-2.72	2.14
-5.46	2.63
-8.41	1.28
-10.65	1.33
-10.28	1.79
-5.58	4.89
-1.01	6.98
-6.43	6.71
-2.99	7.82
-4.8	9.71
-4.81	10.35
-3.87	10.51
0.55	11.11
2.91	13.08
0.3	11.1
1.07	8.47
0.41	5.95
-5.38	3.4
-5.74	4.3
-0.37	9.1
-3.54	12.68
0.48	14.13
0.64	16.11
-0.92	16.86
1.96	14.19
7.06	15.76
8.7	15.71
4.54	11.19
1.95	9.44
-1.7	14.44
-0.15	17.63
2.58	20.38
3.73	8.64
-0.11	13.39
-0.88	13.1
0.78	11.9
-1.35	11.04
-3.03	13.94
-0.39	13.63
-1.31	12.34
-3.33	13.85
-1.16	17.44
2.51	16.24
2.76	16.03
5.77	14.06
3.02	10.78
0.83	4.1
0.89	5.14
2.42	7.6
-0.45	5.12
0.38	6.89
-1.87	5.21
1.22	5.83
0.4	9.2
2.91	9.38
0.77	15.6
2.83	14.79
0.95	11.44
-0.13	8.7
0.31	10.35
5.45	13.6
3.7	18.22
6.97	19.56
5.82	13.21
-0.61	9.43
3.34	12.99
-0.25	6.21
-2.08	8.84
-3.67	12.47
-0.32	19.56
6.3	22.19
0.8	16.12
-0.25	6.83
-4.45	13.82
3.92	11.14
-0.9	6.35
-0.99	10.08
5.59	17.43
1.19	18.99
2.33	11.74
1.5	7.44
2.59	7.29
5.72	12.13
-0.98	14.95
1.65	18.57
5.06	15.72
3.26	18.4
9.43	15.75
7.32	15.77
9.79	17.99
9.09	18.01
8.13	20.78
6.3	26.91
9.73	26.94
11.26	22.94
13.81	23.25
9.96	19.77
6.35	16.16
4.38	18.12
9.72	21.19
7.11	23.63
11.67	27.65
13.52	29.23
13.43	28.98
10.39	28.16
10	28.65
12.41	27.84
11.66	28.91
12.31	26.85
11.89	27.84
15.49	24.79
10.61	19.96
7.62	21.64
12.11	17.17
8.37	16.57
6.2	16.23
9.8	20.15
9.62	16
6	17.65
8.03	17.83
7.63	15.42
2.48	18.51
10.17	16.46
10.26	22
12.65	21.43
8.42	23.34
14.92	22.51
13.01	22.72
8.61	24.13
12.29	26.44
12.14	27
11.95	27.39
15.17	27.41
17.03	25.32
14.8	28.94
15.22	26.24
13.75	26.17
15.02	26.38
13.7	19.29
9.05	21.7
15.23	23.81
12.27	25.7
16.24	28.06
10.39	24.82
10.16	22.44
9.8	22.44
10.08	23.36
14.54	27.22
15.68	29.51
16.46	30.69
18.41	27.17
13.37	23.39
11.36	25.84
14.75	26.31
14.26	28.93
16.64	25.92
14.34	20.34
12.65	16.57
13.97	19.64
15.33	25.18
13.7	26.42
14.51	22.46
15.6	24.31
12.76	25.3
13.22	24.67
15.74	23.45
14.66	24.09
13.57	26.42
16.74	22.64
15.46	22
12.36	24.51
12.21	24.02
15.71	24.92
13.91	27.59
17.38	27.02
17.04	26.46
13.51	23.47
12.71	26.34
14.29	27.1
16.19	21.48
12.57	26.33
13.43	27.7
12.06	22.38
9.61	22.33
12.94	24.27
12.03	27.44
14.68	28.11
16.54	22.72
12.39	26.2
13.07	26.35
16.26	24.11
13.14	24.23
11.93	26.31
11.98	26.99
12.01	28.09
13.54	28.9
15.22	29.85
13.26	26.88
13.48	27.17
15.32	24.52
15.21	26.04
15.19	22.68
13.22	27.12
12.68	27.54
12.22	27.26
12.54	27.78
12.72	26.86
12.27	27.82
14.14	27.09
14.57	28.92
13.7	23.15
11.05	22.6
11.44	25.94
11.66	26.53
11.37	27.13
12.48	27.88
13.28	27.29
13.63	27.07
13.7	28.07
15.49	24.95
12.63	22.8
10.42	26.21
11.2	20.58
8.41	20.67
8.9	26.2
16.96	26.96
11.27	20.92
6.26	18.24
3.74	20.1
5.24	20.66
5.9	21.64
6.81	23.83
9.57	17.25
2.23	17.82
2.39	18.89
3.4	20.15
4.4	18.09
4.74	18.89
8	20.25
6.99	20.71
7.96	19.04
7.06	19.78
6.35	20.39
12.07	15.16
10.98	22.04
7.14	16.92
4.01	17.66
3.75	21.79
5.82	21.64
12.85	23.92
10.92	22.27
11.81	25.97
11.78	23.75
9.08	19.62
8.21	12.66
3.34	14.57
-0.39	11.92
-0.27	13.29
2.99	11.3
4.6	10.05
1.26	11.03
0.13	12.79
-1.69	14.41
0.77	8.86
2.92	8.8
-1.31	8.41
0.18	12.25
-4.26	10.9
-1.15	5.99
-2.25	2.45
-6.86	4.77
-7.92	5.32
-9.13	4.89
-5.16	5.35
0.91	7.95
-3.93	8.47
-3.66	11.78
-3.07	6.93
-3.36	10.2
6.07	19.11
14.73	21.48
12.75	18.73
5.52	14.97
8.63	16.05
4.84	14.76
6.11	17.35
6.78	14.4
5.5	9.08
1.27	11.06
-1.06	3.89
2.15	5.46
1.25	5.55
-3.34	3.1
-6.11	2.45
-6.74	2.69
-2.12	5.39
-1.86	1.33
0.93	2.4
1.46	3.99
2.66	4.82
2.78	4.89
3.86	5.58
3.35	4.95
4.32	6.55
4.94	6.72
4.76	6.69
4.01	5.97
0.97	6.81
-2.46	4.88
-4.5	2.64
-5.25	2.59
-0.52	5.75
-1.05	2.37
0.15	4.28
-0.31	9.71
4.08	9.42
1.1	9.56
-2.06	7.57
-2.61	3.17
-5.26	-3.09
-11.57	-4.13
-6.57	-4.24
-4.67	1.69
-1.01	3.43
0.28	2.55
1.56	4.48
-0.27	5.26
0.34	3.79
-0.83	8.29
1	10.57
3.64	7.45
-0.32	5.93
-0.9	8.18
-3.33	5.81
-2.63	11.19
-2	5.18
-1.19	10.35
3.74	8.56
4.77	12.46
1.1	9.2
0.93	12.61
0.49	11.91
-1.28	13.48
0.63	7.47
-1.51	12.63
-2.37	10.42
-4.14	4.35
-1.98	6.21
-1.3	4.39
0.31	6.29
-0.5	9.52
-0.49	8.61
-4.45	7.59
-0.16	4.57
1	5.39
1.21	4.11
0.77	2.59
0.95	2.08
-4.83	0.88
-3.83	-0.27
-7.67	0.39
-6.9	0.46
-8.51	-0.28
-6.32	2.13
-6.41	3.47
-8.04	5.25
-8.69	-1.32
-11.03	-2
-10.5	4.25
-9.83	3.39
-10.24	4.79
-9.89	8.26
-6.9	8.5
-4.76	8.14
-6.88	8.14
-0.47	14.55
-3.55	15.57
-1.29	19.43
4.26	21.04
2.31	17.52
3.42	19.73
4.07	19.26
4.8	15.77
-3.42	10.45
-2.92	16.3
-0.51	13.52
-0.02	16.35
6.49	16.8
1.38	15.02
1.57	15.58
6.57	12.93
1.97	13.7
-1.42	16.71
-0.77	16.04
1.7	10.23
-2.87	7.95
-0.94	12.95
6.84	16.16
7.56	16.76
-0.13	12.8
4.51	16.51
6.51	14.2
1.18	7.17
-1.61	4.68
-5.38	4.11
-7.37	6.42
-1.22	9.07
-2.61	13.59
2.66	9.01
-0.91	7.8
1.11	4.98
3.36	9.7
4.74	10.46
0.29	10.07
-2.37	4.82
-2.16	4.35
-5.07	5.94
-5.54	6.99
-0.37	5.8
-1.7	7.83
-4.94	11.31
2.32	15.55
7.92	16.2
3.48	15.01
-0.29	17.81
2.27	21.99
6.21	19.79
6.08	21.17
13.41	18.66
11.08	20.79
9.6	17.13
5.34	18.04
8.76	18.07
8	14.47
2.67	17.32
7.26	18.08
6.08	14.48
2.86	12.43
1.28	11.29
-0.29	13.91
6.65	10.93
6.22	14.27
4.17	13.43
7.16	15.55
2.37	16.8
1.61	20.34
9.28	15.23
5.04	18.53
4.63	20.36
10.55	19.86
5.75	21.71
10.1	23.42
12.72	20.79
10.23	18.21
8.73	20.4
8.76	19.45
10.43	20.46
6.37	20.55
11.46	15.86
6.17	16.12
4.18	18.74
8.96	21.36
7.7	23.69
8.38	24.66
8.62	26.09
9.8	26.98
10.09	27.07
11.76	28.2
12.15	21.43
6.36	19.67
5.78	18.2
6.07	13.76
7.52	14.75
10.71	14.97
12.05	23.12
9.93	23.12
10.84	16.89
5.88	16.41
8.87	13.8
9.81	14.17
8.41	21.5
8.78	24.08
9.83	25.04
12.27	24.35
13.36	25.25
11.47	26.14
15.39	22.78
9.63	26.17
12.11	28.37
14.92	27.99
14.86	29.74
17.39	32.11
17.66	32.64
16.17	29.04
13.64	25.16
13.55	26.56
15.32	23.45
12.4	19.51
10.35	12.82
9.2	17.76
7.79	23.31
12.3	20.89
10.19	17.3
7.05	21.25
11.11	21.78
12.74	25.68
13.29	29.23
15.86	31.96
15.82	20.81
12.77	23.62
14.89	26.16
15.61	28.33
17.14	29.15
14.84	28.54
15.88	24.41
17.49	27.56
15.77	27.32
16.23	24.63
15.26	20.54
15.35	23.75
12.37	22.66
14.01	23.9
15.22	25.11
12.39	18.83
8.33	19.63
13.46	24.15
14.71	25.05
15.81	19.71
15.56	28.38
13.8	25.87
12.64	21.52
10.47	24.5
12.21	24.84
14.77	27.76
16.96	29.22
16.49	30.94
18.58	30.86
16.58	31.46
17.6	31.95
19.2	28.44
17.57	28.93
18.89	28.19
17.13	29.5
18.94	26.45
14.5	25.74
14.2	28.02
15.6	28.08
16.4	27.76
17.78	32.16
20.08	32.26
20.05	29.01
18.44	24.86
11.75	25.01
11.13	27.5
12.46	30.08
13.41	31.79
16.37	28.11
13.38	29.77
14.88	31.65
14.78	32.01
17.38	26.96
15.01	28.94
15.99	28.52
15.63	30.99
15.36	30.91
15.67	25.1
14.49	27.73
16.07	27.91
15.87	23.82
13.35	21.95
11.45	24.89
11.71	21.84
7.32	23.61
10.7	23.89
10.8	18.38
7.48	17.87
6.67	19.81
6.57	21.17
6.58	21.28
12.85	20.85
13.55	20.44
13.28	17.04
13.37	16.65
12.51	22.11
10.86	22.78
14.48	18.63
12.72	22.93
12.27	20.9
12.32	22.62
15.4	21.48
10.12	15.7
8.86	12.83
6.1	17.65
7.82	20.1
10.99	15.77
7.88	18
7.52	18.16
10.51	14.99
12.36	18.04
6.55	18.36
6.15	19.19
5.82	19.82
6.32	21.27
12.67	23.35
16.1	22.65
14.16	17.25
12.08	21.76
7.64	21.6
12.93	17.69
12.29	17.94
9.69	13.69
7.49	15.64
7.32	13.99
12.71	18.81
13.32	19.85
13.43	16.83
12.36	18.77
8.44	20.06
6.93	20.43
9.2	15.56
6.59	14.75
1.12	14.94
8.17	19.37
8.72	19.6
8.11	19.49
9.97	20.17
8.66	11.29
4.64	11.03
1.04	11.86
1.97	15.1
2.47	17.01
2.96	12.52
4.65	10.34
5.04	15.25
0.86	14.26
4.48	16.18
8.64	19.78
1.39	13.74
0.6	12.13
3	16.55
0.42	12.44
2.45	17.17
8.2	13.5
4	8.95
-0.66	10.18
1.44	9.66
-1.19	10.25
1.65	12.01
6.07	10.56
5.77	11.82
-1.64	8.46
-2.98	7.91
-3.43	6.48
2.82	8.88
-1.34	9.16
-1.72	5.64
-4.97	4.61
-5.26	4.05
-5.97	1.04
-6.32	-2.62
-4.59	-1.99
-2.26	-0.18
-0.56	4.09
-0.06	2.84
0.43	1.86
-0.5	4.06
-1.47	0.66
-0.27	1.25
0.99	2.97
-1.72	1.45
-2.69	-1.05
-2.17	-1.22
-2.42	-1.04
-3.38	0.28
-9.6	-0.55
-9.82	2.54
-11.4	-2.39
-10.79	-0.94
-14.1	-1.73
-6.44	-2.94
-5.83	-0.45
-7.31	2.24
-2.88	6.27
0.7	4.4
-1.74	6.02
-1.78	5.34
-4.23	5.14
-5.65	-0.19
-3.28	2.34
-0.63	1.49
-5.77	3.01
-4.93	0.5
-8.76	-1.68
-8.03	-5.81
-8.54	-6.36
-9.85	-0.96
-8.34	1.91
-5.45	-0.8
-1.37	-0.17
-2.76	-0.36
-4.77	-2.85
-5.64	-0.75
-2.67	0.3
-1.47	3.65
-0.8	7.76
-2.7	8.74
-4.72	5.1
-3.52	2.61
-1.61	2.7
-3.86	2.57
-1.6	1
-0.66	6.02
-0.62	3.6
-5.23	5.75
-2.92	7.39
-1.92	9.01
-1.98	9.05
-3.35	3.15
-1.38	0.87
-1.92	-0.36
-2.5	-1.24
-3.31	-2.49
-3.43	-2.35
-3.16	-2.23
-3.23	-1.91
-3.38	-1.51
-2.55	1.26
-1.65	5.82
-3.35	1.12
-7.54	-3.99
-6.58	-2.52
-7.7	-0.84
-3.2	1.44
-0.26	7.25
1.16	8.87
-1.6	14.2
-2.64	8.51
-5.23	7.51
-1.21	4.94
-6.14	2.9
-3.08	0.11
-4.84	-1.69
-5.69	-0.9
-4.83	-0.41
-3.94	-0.3
-8.98	0.92
-13.41	3.19
-6.55	6.04
-9.52	5.24
-5.89	4.97
1.33	10.18
0.24	5.34
-0.01	4.63
-2.92	6.69
-4.25	7.73
-3.57	8.09
-4.39	8.66
-1.22	16.33
-1.07	15.19
0.12	13.87
5.09	13.29
6.44	15.91
9.49	17.23
8.31	13.9
1.59	11.45
2.06	10.09
2.51	9.69
2.31	12.8
4.21	17.73
4.87	12.02
2.59	12.02
-0.44	12.8
-0.03	10.95
1.35	11.66
0.91	7.49
0.62	4.38
-1.45	7.1
-1.89	8.64
1.19	10.05
-0.51	11.37
0.04	12.57
3.2	11.4
2.25	15.63
3.06	19.85
9.26	18.55
6.5	19.51
6.48	11.82
8.47	12.34
8.57	13.46
4.99	16.95
7.77	17.82
2.87	18.24
10.14	19.06
4.61	20.99
8.95	18.64
3.87	21.41
8.42	22.78
8.72	14.79
6.99	15.1
4.05	17.36
8.63	16.41
8.08	14.28
8.95	12.58
5.54	15.54
8.34	19.23
9.11	14.96
8.44	11.6
4.77	11.24
1.37	11.1
0.92	13.14
1.37	15.13
9.79	17.56
7.82	14.77
9.85	15.65
9.59	17.77
7.22	19.54
9.23	21.06
8.9	19.48
8.91	22.4
10.69	19.75
9.84	22.22
9.17	22.8
10	22.65
11.07	19
8.28	15.67
5.59	14.88
7.83	14.42
8.53	21.56
12.42	19.71
8.44	22.73
10.8	21.38
11.75	17.53
12.82	22.71
13.04	17.71
11.67	20.07
9.1	17.19
4.27	18.9
10.68	15.44
4.64	20.62
8.57	20.76
12.29	18.43
9.32	21.21
12.34	19.47
7.6	21.16
8.14	23.58
13.51	25.01
11.44	26.51
13.85	27.47
13.08	27.2
15.01	28.46
16.46	30.87
17.3	26.08
13.43	27.96
18.32	27.02
13.45	25.28
12.79	24.12
12.23	27.44
14.37	28.38
15.67	25.44
9.88	22.65
9.72	24.16
11.97	25.08
14.95	22.57
10.59	20.95
10.87	23.12
14.26	21.83
15.44	23.12
14.55	22.35
16.03	23.09
12.15	21.05
11.51	24.45
11.96	19.97
9.87	12.74
9.59	19.81
6.8	19.87
7.3	22.99
9.08	24.53
12.71	26.48
14.67	26.88
15.91	26.7
14.06	27.3
17.31	26.66
14.71	28.39
15.91	29.11
17.18	30.23
17.4	30.18
19.16	31.72
16.52	27.94
15.23	21.86
15.66	19.15
18.02	23.91
18.04	25.47
17.29	26.8
16.68	27.84
17.73	26.28
13.88	25.52
13.77	25.62
14.04	25.66
12.8	26.9
13.18	27.66
14.43	28.92
17.14	29.84
17.89	24.49
13.44	21.23
12.4	21.16
15.79	23.36
17.31	24.68
16.88	26.52
17.23	26.37
17.17	25.75
14.45	25.24
12.29	25.87
10.99	26.71
11.4	26.2
11.55	26.86
15.69	26.06
16.38	27.89
16.44	29.91
17.14	30.98
14.03	30.68
17.38	32.44
17.58	31.74
13.74	26.09
14.31	23.51
12.88	20.26
7.52	23.22
11.64	27.19
13.52	23.44
14.1	22.59
15.61	24.61
15.11	25.03
15.51	22.95
13.99	21.13
12.16	22.61
10.3	22.47
9.24	23.07
9.85	24.32
10.47	24.1
14.18	20.65
13.13	24.79
14.47	22.09
14.96	18.64
13.25	23.53
12.51	22.19
10.19	15.96
12.07	16.36
14.54	18.6
13.27	16.77
11.04	22.15
10.91	23.7
12.86	24.33
13.08	25.37
14.51	25.45
12.29	25.29
11.03	25.83
10.48	25.6
9.65	25.74
11.12	25.77
11.83	26.36
11.45	25.82
13.26	20.67
15.5	24.47
15.28	25.79
16.3	20.55
11.5	23.99
11.11	24.95
12.44	24.66
12.33	25.53
14.82	27.64
14.52	22.56
11.32	21.54
9.75	22.32
10.68	23.82
11.65	19.62
8.99	21.72
13.38	23.88
8.74	18.93
6.89	16.35
7.28	14.81
1.71	15.99
1	16.58
3.5	17.77
8.94	20.9
6.05	20.83
8.72	18.33
8.67	16.18
8.76	17.17
4.71	13.41
-0.29	13
-1.16	10.46
-3.15	10.4
1.74	7.51
0.28	10.13
3.73	9.7
5.61	8.95
7	14.54
9.14	19.61
12.99	23.93
12.03	19.81
10.26	20.52
5.95	16.38
7.82	13.77
5.13	13.63
8.18	18.08
7.3	17.35
5.06	19.21
6	14.63
8.71	11.6
8.12	13.43
6.8	17.88
7.37	13.08
7.03	9.7
4.27	6.77
3.9	5.23
4.64	6.79
4.16	8.95
5.67	7.24
3.77	6.13
1.12	5.06
-4.28	1.4
0.06	1.16
-1.12	4.36
-1.41	0.19
-7.63	1.78
-8.67	-2.42
-3.07	-0.35
-9.44	0.93
-4.26	0.36
-0.87	6.03
-0.35	7.18
-2.95	0.26
-3.74	-0.52
-4.28	-3.2
-4.65	-3.62
-6.46	-2.36
-3.73	5.66
-2.06	7.08
2.3	9.76
1.03	6.19
-4.61	5.57
-3.96	3.65
-4.12	9.4
0.42	11.25
5.65	11.5
2.12	7.64
-0.24	7.19
3.77	8.12
-2.4	5.69
1.64	5.22
-0.86	1.82
-4.5	1.74
-4.55	5.18
1.19	7.27
-2.34	1.61
-3.88	1.94
-7.33	-0.26
-12.2	-2.9
-10.65	-6.32
-8.17	-5.59
-7.78	1.84
-1.7	5.95
-1.21	2.27
-1.07	4.87
-4.01	4.51
-8.43	1.81
-8.68	0.09
-1.94	-0.67
-4.86	0.94
-7.62	0.12
-7.1	0.83
-7.77	2.33
-5.97	-1.86
-4.58	-0.75
-3.61	-1.74
-2.34	-1.36
-1.85	1.79
-3.49	1.06
-5.94	-1.64
-3.52	-0.99
-2.92	-1.06
-5.58	1.77
-7.82	3.93
-1.88	8.72
-4.13	3.94
-3.92	4.26
-0.87	8.31
-5.15	-0.37
-5.31	-1.93
-8.55	-3.14
-11.7	-2.83
-13.44	0.45
-10.36	3.9
-10.97	3.94
-7.62	6.95
2.69	9.75
-0.3	13.22
-0.32	13.3
-0.55	12.71
1.41	11.36
-3	8.01
-1.52	12.97
1.32	16.72
0.73	13.69
0.54	12.91
5.12	10.47
-2.25	10
-3.44	9.65
0.53	9.24
-2.61	10.08
-1.07	9.54
-1.02	7.28
-1	10
0.26	7.27
-4.6	7.39
-0.17	10.5
-2.67	9.03
-1.74	4.47
-5.98	4.13
-5.79	5.65
-1.8	6.97
1	11.49
-1.71	10.46
-0.46	9.54
-2.7	11.58
0.17	13.69
8.24	10.82
4.45	9.41
-2.67	9.72
3.46	11.4
-2.02	7.34
-2.6	9.91
-2.69	15.3
-0.17	17.17
5.93	21.71
6.49	16.51
2.91	12.65
1.61	11.26
-0.12	12.43
-0.84	11.84
4.09	10.27
-2.56	9.78
0.19	2.43
-2.09	5.3
-1.19	5.09
0.52	9.13
0.68	8.7
1.74	16.43
1.39	18.22
4.9	15.21
6.8	14.02
4.89	17.53
8.05	14.2
5.32	15.24
5.93	12.61
5.66	12.56
4.98	15.34
1.62	11.75
6.27	16.06
7.24	14.41
9.71	17.38
9.72	14.47
6.13	12.26
2.17	11.42
4.42	11.18
0.51	12.68
4.58	15.39
7.41	15.87
9.6	18.74
6.49	17.88
11.02	20.29
10.07	22.43
8.33	19.3
9.25	24.49
9.86	21.54
9.7	24.64
11.55	23.06
11.88	26.28
9.93	27.43
9.78	27.45
11.69	25.79
11.77	19.57
10.44	22.91
8.96	24.57
10.77	25.22
13.02	23.78
11.86	24.66
11.83	21.81
12.24	22.94
7.27	20.29
7.75	21.63
10.18	21.5
5.76	23.81
9.24	25.79
12.65	21.99
14.49	25.52
11.4	27.91
13.19	29.09
14.11	27.52
10.64	18.07
6.91	23.26
8.16	25
9.75	26.74
10.86	27.74
11.53	27.6
11.7	22.65
6.59	12.17
3.79	19.04
7.95	16.19
6.03	18.94
6.75	22.76
9.95	25
11.04	26.78
13.55	28.19
12.84	26.79
12.48	22.64
10.16	19.57
11.13	20.26
8.79	20.69
6.8	23.16
10.5	27.22
11.5	29.3
13.56	30.06
17.06	29.18
13.77	22.27
8.33	23.25
10.09	27.86
14.65	30.51
14.21	31.19
17.42	32.39
18.93	33.24
18.22	32.62
17.02	28.5
13.73	23.31
8.94	19.63
5.51	23.78
8.39	26.81
11.2	30.23
14.25	33.39
16.15	34.51
14.23	31.97
12.79	24.66
12.09	21.38
7.42	21.13
7.84	22.09
11.71	24.5
11.32	23.69
11.31	24.26
13.52	29.21
16.72	31.4
19.51	32.94
17.45	33.03
16.3	29.06
16.83	29.01
15.1	31.5
16.58	26.04
11.5	21.28
11.06	26.67
14.66	23.29
11.73	20.61
11.58	20.23
8.57	23.41
12.38	17.47
11.52	19.43
10.9	22.86
9.48	19.93
11.71	23.47
10.26	20.36
9.45	23.24
11.68	25.45
12.94	27.87
17.15	27.41
18.63	28.76
17.75	30.02
16.09	28.22
14.06	25.6
13.08	24
12.37	23.39
12.46	23.98
10.85	26.89
12.98	29.55
16.12	28.99
16.56	26.55
14.89	21.95
15.9	25.84
13.85	24.97
11.39	24.57
10.85	26.59
12.52	28.63
13.13	30.97
13.62	32.72
15.4	31.56
15.55	31.92
15.07	31.6
14.67	32.93
15.12	33.45
15.95	33.96
16.19	36.36
16.98	36.66
17.34	36.03
18.36	30.25
16.06	29.66
14.1	28.49
13.19	29.33
9.44	23.82
8.23	24.81
8.98	23.21
10.87	26.05
9.71	28.73
15.55	25.97
15.55	22.98
10.87	24.01
11.65	23.2
9.79	21.3
7.45	18.36
8.47	19.83
9.93	18.07
8.23	20.15
6.47	22.13
5.6	24.28
6.69	24.98
9.5	26.5
10.03	27.06
14.85	27.12
12.45	22.4
12.56	25.37
9.84	21.45
11.52	19.71
11.2	17.51
10.38	24.16
13.98	20.68
12.34	16
10.1	15.13
10.02	15.62
7.28	18.44
6.99	20.43
7.44	20.59
6.93	19.79
7.91	22.03
7.64	22.8
14.32	20.09
14.66	20.09
14.12	17
12.55	20.49
9.8	20.54
10.13	17.83
9.51	14.58
8.47	12.78
8.38	11.14
8.02	14.32
11.1	18.45
13.49	22.95
11.4	24.8
9.89	23.71
8.1	20.88
9.57	20.86
10.38	21.64
9.17	18.42
9.73	14.6
6.15	14.84
0.09	13.68
-0.52	14.07
-1.5	14.62
-1.45	16.84
3.29	17.44
3.14	19.59
5.95	13.69
4.39	15.45
2.8	15.67
3.57	18.8
12.91	20.73
5.95	16.23
1.97	10.79
7.08	14.73
9.07	14.29
4.29	8.64
3.15	12.8
10.04	12.88
8.16	14.53
6.18	14.63
5.05	13.51
1.48	12.59
0.28	11.72
8.82	17.87
12.87	21.78
7.93	17.89
7.49	9.6
4.43	10.33
5.53	8.29
0.26	5.61
5.15	10.17
5.41	15.23
3.77	14.78
3.39	13.94
7.48	14.44
7.43	9.55
5.62	11.34
1.87	10.87
-1.34	9.69
0.67	11.57
-0.89	5.41
-0.83	1.22
0.47	2.38
1.81	5.39
3.88	4.79
3.68	4.38
1.76	3.62
1.2	2.14
2.23	14.59
4.33	12.85
4.62	8.72
4.34	11.04
0.56	12.09
1.69	11.35
0.37	8.75
3.73	6.92
1.08	8.81
-3.01	7.16
-1.73	5.27
-0.91	1.88
-3.22	1.77
-4.91	-1.81
-4.91	-2.42
-7.59	-1.66
-11.25	3.05
-0.81	7.97
0.61	8.83
0.23	5.84
1.32	6.18
2.01	4.45
-1.48	3.95
-5.64	0.43
-7.66	-0.44
-3.67	2.5
-2.16	3.91
-2.51	6.6
0.56	7.61
6.55	14.04
5.46	12.99
3.57	5.75
0.16	7.18
-2.28	9.82
-1.27	7.52
-1.79	3.52
-3.94	0.04
-6.98	-0.37
-9.37	-0.81
-9.05	-3.23
-3.61	-0.4
-3.47	1.47
-3.96	1.84
-2.17	-0.4
-1.63	-0.77
-2.14	-0.96
-0.99	0.7
0.12	3.21
1.57	4.17
2.09	4.64
2.81	9.51
1.07	5.67
2.23	3.54
0.7	3.04
1.3	3.39
-0.69	1.79
-5.84	2.94
-6.69	3.13
-0.27	10.15
4.73	14.02
1.34	14.51
7.98	14.84
10.68	16.05
7.07	14.13
3.21	10.3
-2.06	10.06
-3.96	11.64
-0.58	10.54
0.92	8.79
-3.43	10.04
-3.94	12.84
-3.69	11.76
-2.57	11.13
0.49	8.24
-0.35	8.74
-1.93	10.9
-1.89	11.37
-2.57	6.23
-2.81	1.97
-5.73	2.67
-2.69	1.91
-6.82	5.63
-3.37	4.48
0.27	5.85
-1.99	9.05
4.75	14.04
6.97	18.53
6.77	14.73
-0.48	7.12
-0.12	8.94
1.5	12.6
8.05	17.23
4.7	16.08
4.35	18.84
4.95	19.76
8.17	13.72
2.24	13.31
2.11	15.69
4.03	18.15
10.36	17.29
8.5	19.13
8.69	15.81
4.18	9.86
2.64	6.11
4.43	6.14
4.79	15.69
7.35	20.13
11.06	19.5
7.45	17.48
1.01	6.27
0.75	5.46
3.61	10.12
5.68	10.17
8.53	13.3
5.98	16.01
2.31	17.84
3.1	19.27
4.38	20.5
8.17	15.77
2.21	16.08
5.36	17.09
7.77	11.51
5.62	11.97
3.02	13.71
7.19	10.84
9.03	13.86
2.9	9.93
-1.2	7.32
-2.98	10.14
-0.45	14.46
6.52	11.6
0.62	14.33
4.35	14.98
4.95	10.24
7.5	10.34
5.8	11.76
3.96	16.1
4.04	19.54
4.01	22.75
10.08	17.55
3.18	18.3
4.71	21.65
6.66	23.81
8.92	25.23
12.02	26.94
11.87	27.15
9.8	26.1
10.63	26.12
11.87	24.08
13.02	21.09
12.7	17.68
11.61	19.46
12.89	21.5
9.25	21.83
8.07	21.79
9.2	17.87
6.58	18.2
5.03	20.21
8.28	23.08
12.34	24.89
14.41	25.24
12.95	26.24
9.55	19.6
6.06	21.23
8.2	20.63
11.76	22.05
11.6	21.33
5.98	24.24
8.78	25.21
12.67	23.96
8.83	27.89
15.55	29.77
17.3	30.6
15.83	27.04
13.33	23.43
12.53	20.55
4.83	20.23
7.45	20.61
7.41	15.81
5.52	20
6.25	22.85
11.79	23.06
9.85	25.54
13.02	24.41
13.17	26.66
10.91	23.99
5.15	19.95
7.3	22.1
9.47	21.19
9.66	25.73
12.29	27.14
14.1	24.06
13.18	21.79
14.75	18.55
14.26	18.65
13.26	26.02
13.39	25.34
11.37	23.25
9.99	26.1
10.74	26.22
11.93	27.49
12.04	29.65
15.22	29.71
17.45	26.38
13.81	28.33
15.32	23.43
13.51	24.6
15.12	23.27
13.41	20.42
11.29	23.9
14.33	26.81
19.11	31.1
15.98	28.24
16.12	24.77
13.84	26.61
14.22	29.82
16.24	25.72
11.73	26.95
15.56	30.22
18.05	33.15
18.97	32.13
14.03	25.35
12.03	26.44
15.99	28.68
16.87	25.74
15.12	17.56
14.93	21.89
16.14	21.32
15.94	23.05
16.11	25.3
17.19	28.58
15.75	29.62
15.73	30.28
15.59	30.52
16.87	29.11
15.32	31.25
15.31	32.24
16.48	30.46
18.01	33.29
18.96	34.07
17.54	29.19
15.49	26.55
11.62	30.11
13.23	31.24
14.49	31.18
15.01	29.34
13.13	17.82
8.59	22.81
8.01	26.69
11.93	29.72
13.91	30.26
14.76	31.31
15.08	31.56
14.56	31.58
14.21	32.6
16.1	32.32
16.74	27.62
15.13	26.17
15.49	27.68
15.21	26.97
14.53	30.01
14.66	32.6
14.4	32.46
16.32	25.06
10.08	24.99
6.27	23.41
10.94	18.18
11.79	21.57
11.62	20.67
8.9	23.64
9.23	25.59
11.74	16.22
11.58	13.89
10.54	20.28
9.89	19.89
8.77	16.91
3.24	17.05
9.09	16.67
6.66	19.32
7.43	21.2
12.85	19.61
10.07	13.33
8.73	15.7
8.8	11.2
8.33	17.06
5.26	17.01
7.42	20.79
7.65	20.18
7.07	19.96
11.77	14.98
13.97	23.15
14	17.99
11.93	15.26
5.51	19.64
5.96	22.91
6.51	20.78
10.29	18.64
13.46	21.09
11.34	23.39
13.15	24.63
10.61	23.12
11.89	18.41
8.2	22.5
9.45	23.76
14.35	25.29
13.23	24.42
11.96	20.22
10.07	23.01
7.9	21.47
5.79	21.52
6.68	20.84
6.37	19.7
5.07	20.09
7.81	17.54
8.07	14.98
10.26	12.82
11.14	15.28
10.27	21.34
10.68	19.62
6.58	18.88
8.46	11.41
8.38	10.53
4.31	11.65
-0.5	10.88
2.27	14.21
6.58	14.03
8.87	16.58
6.7	23.62
6.12	17.87
3.12	11.44
-0.71	10.73
-0.93	11.06
-2.02	12.8
5.15	10.83
2.6	11.9
5.06	13.99
3.51	12.25
2.24	5.19
2.26	4.31
3.34	5.69
1.8	4.56
2.85	4.77
-1.93	6.18
-5.73	8.01
-3.08	7.75
-4.65	1.91
-1.08	1.52
0.05	8.01
-0.75	10.35
-3.58	9.58
-0.25	7.33
-2.68	4.82
-0.92	5.68
-5.9	3.03
-0.54	3.17
1.11	3.28
-1.27	6.01
1.03	3.2
-4.09	3.2
-6.04	-0.14
-4.19	-1.27
-2.1	-0.12
-1.24	1.97
-1.7	2.55
-0.14	3.31
-4.53	1.06
-8.76	-1.23
-10.87	0.57
-4.02	-1.37
-1.98	0.2
-12.58	-0.9
-15.3	-7.13
-17.28	-4.28
-8.98	-2.08
-7.28	-3.4
-4.96	1.12
-10.31	1.77
-11.9	1
-14.13	-1.46
-7.6	4.72
-4.78	0.96
-18.28	-3.74
-16.4	-2.65
-7.44	1.31
-4.91	1.06
-12.6	0.67
-4.23	7.09
0.06	7.94
-3.99	1.63
-8.47	0.71
-6.36	4.99
-6.74	1.44
-14.39	-4.29
-12.87	0.16
-7.9	5.88
-6.38	4.56
-5.07	2.87
-3.97	3.32
-5.93	-2.07
-3.44	-2.66
-4.58	-2.49
-4.99	-2.51
-4.53	-2.76
-4.55	-3.63
-4.78	-4.14
-5	-3.09
-3.28	-1.16
-6.71	0.82
-4.24	6.44
-1.68	5.4
-0.61	11.11
-2.4	10.53
6.66	9.53
1.12	10.07
0.46	6.63
1.73	10
3.47	16.28
1.26	17.8
0.6	14.83
2.51	12.4
0.5	11.93
-1.32	14.58
-0.58	12.42
-1.5	6.61
-3.82	12.94
-0.08	12.75
1.99	7.55
2.36	9.72
-0.43	10.72
3.73	11.02
-1.47	13.79
3.45	14.99
1.13	17.17
4	7.48
-0.46	4.58
-2.83	4.83
1.16	6.18
2.48	6.62
2.26	9.5
-0.86	8.99
3.77	8.82
-3.13	4.18
-0.79	9.27
-0.91	9.05
-3.46	11.82
0.14	13.94
7.42	14.93
5.47	11.64
4.8	7.72
4.12	8.04
3.6	5.58
-0.22	10.74
-0.71	13.1
5.13	18.93
10.21	17.85
4.95	14.7
-0.65	14.18
1.1	14.6
-2.16	14.06
-2.4	14.9
-0.33	17.48
1.96	20.05
9.51	18.36
5.74	15
2.52	16.56
3.3	16.56
2.91	16.36
8.17	16.23
8.54	15.75
7.58	15.99
0.16	7.37
1.72	6.35
2.36	4.95
1.77	6.53
1.96	8.07
-0.57	10.8
-2.45	15.25
-0.8	18.57
0.65	19.37
2.41	19.57
4	20.12
6.29	17.38
2.6	12.87
5.61	12.89
-0.79	8.74
-2.2	9.33
-2.92	12.29
4.76	11.43
4.08	9.3
4.67	7.82
6.77	8.66
8.14	13.27
9.81	16.05
8.12	11.86
6.69	12.92
8.04	13.34
8.79	13.11
9.17	15.98
10.12	13.87
8.83	18.53
10.47	18.79
8.83	19.15
10.04	15.88
5.98	17.88
6.41	21.18
9.2	16.49
3.05	16.87
7.49	20.82
9.55	18.61
7.13	23.68
12.9	25.01
10.3	26.21
10.95	26.75
12.83	20.52
9.15	21.11
7.79	22.2
8.76	23.72
10.85	19.79
11.11	23.53
11.4	24.3
10.47	25.26
13.53	23.42
10.51	24.98
12.06	23.75
9.75	24.62
11.56	27.35
13.94	28.12
14.78	23.32
13.58	20.08
12.83	22.62
12.33	24.24
16.13	25.9
15.56	26
14.78	23.37
14.62	20.02
12.86	23.24
12.32	21.42
12.85	23.15
11.37	23.02
8.81	23.81
9.18	23.01
11.56	20.87
6.82	23.86
9.8	26.2
13.47	22.54
16.33	23.87
12.98	20.18
13.48	24.42
12.05	21.11
13.99	18.95
12.31	23.69
8.88	25.13
11.28	28.19
14.15	30.53
14.32	31.73
16.4	30.87
15.5	29.47
16.74	31.32
15.57	31.79
16.07	32.02
16.91	32.89
18.34	32.44
17.16	34.44
18.23	32.81
15.41	25.86
10.16	26.04
10.47	27.79
14.17	24.53
11.28	22.61
9.76	23.72
10.78	26.76
15.14	28.49
17.52	30.66
16.03	27.44
9.63	24.12
11.32	28.04
16.8	25.27
13.25	29.64
14.03	30.96
16.87	32.33
19.41	29.81
17.07	29.16
18.49	31.12
17.09	29.71
18.59	29.33
20.57	28.87
16.69	27.76
16.65	24.12
15.89	24.83
13.99	27.74
14	30.73
16.11	26.61
12.55	25.73
14.27	28.86
15.95	23.59
11.96	22.86
12.67	26.09
16.16	28.58
17.14	30.13
16.41	30.25
17.99	25.4
16.34	27.04
16.48	28.03
16.41	29.94
17.02	26.25
16.22	27.76
16.49	23.78
15.91	21.96
15.68	23.48
13.77	26.16
13.71	25.54
16.84	21.18
14.38	20.19
14.71	24.12
13.5	23.16
15.66	24.09
15.87	26.22
15.24	27.18
14.87	27.46
14.47	28.46
13.91	27.2
13.84	24.72
15.58	22.62
14.4	26.01
13.39	27.66
13.63	28.64
14.38	29.16
14.85	22.89
14.63	25.68
14.86	23.14
13.11	27.44
13.06	28.2
15.11	25.79
14.83	22.35
11.55	25.44
11.85	26.67
12.04	25.78
14.66	24.16
13.33	24.8
11.74	26.04
12.04	26.52
12.17	25.82
13.85	21.73
10.95	18.22
4.69	17.4
3.93	20.38
7.52	17.24
5.75	17.87
6.69	20.01
5.41	22.44
7.7	22.83
13.74	21.6
12.07	18.55
11.04	13.5
10.33	12.81
8.27	11.1
6.97	9.27
4.18	14.25
7.9	16.53
4.16	11.73
7.8	15.35
3.29	16.59
1.43	18.07
2.95	17.82
4.06	18.05
7.07	19.93
8.73	18.53
4.04	14.2
3.92	12.58
-0.4	16.03
1.14	9.57
5.82	11.31
9.18	10.85
5.34	9.01
2.96	8.2
4.11	14.03
5.72	16.88
7.62	21.64
15.15	21.77
7	18.68
3.97	13
1.56	13.76
3.13	18.04
12.32	18.72
11.64	21.69
6.08	15.35
2.08	15.01
10.27	21.61
3.41	16.27
8.41	15.95
0.03	14.48
3.09	16.62
6.61	9.94
7.48	11.88
7.33	11.69
5.73	9.7
5.02	6.76
2.08	5.09
-0.21	2.52
0.21	2.99
-1.28	6.12
-1.42	7.47
0.46	10.33
-1.3	13.39
2.2	14.94
5.26	14.86
10.6	18.48
12.73	22.32
15.64	20.58
12.61	18.97
10.31	15.95
7.49	16.09
3.61	13.29
2.69	16
7.57	13.4
5.45	14.38
2.73	14.32
5.04	16.8
6.95	15.62
4.42	9.73
5.16	7.17
5.43	8.34
4.8	8.8
1.49	6.39
1.89	4.36
1.29	5.37
5.77	6.82
5.16	5.74
2	4.71
-0.13	1.94
-2.26	-0.53
-4.97	-1.93
-8.67	-3.59
-6.16	-4.21
-4.84	-3.75
-3.66	-2.55
-3.42	-2.57
-2.38	-1.74
-3.15	-1.62
-2.46	-0.15
-0.8	1.68
-3.8	2.26
-6.88	0.93
-5.58	4.73
-1.47	2.81
-0.16	4.09
-3.47	-0.48
-5.37	-3.64
-4.29	-2.22
-2.23	2.34
0.75	9.77
1.64	8.03
1.8	10.59
-0.06	10.08
-4.87	-0.03
-2.72	6.82
0.61	13.28
0.59	9.01
-2.78	5.59
-5.07	-2.08
-6.85	-3.47
-14.75	-3.95
-15.09	-8.79
-10.65	-5.54
-7.53	-3.46
-19.28	-6.09
-17.28	-3.11
-5.49	1.32
-6.44	6.02
-9.04	2.95
-7.63	4.48
-9.29	-2.93
-7.41	-3.73
-7.04	-2.77
-5.06	-0.27
-1.06	1.62
-0.74	4.02
-3.1	4.54
0.71	3.23
-1.56	2.33
-3.18	2.95
0.06	5.85
-1.19	5.86
-4.31	4.48
-1.79	-0.57
-4.39	0.43
-12.79	-1.13
-10.35	1.45
-3.86	1.92
-2.6	2.6
-2.8	2.17
-7.15	3
-8.24	-0.79
-12.31	0.29
-4.67	0.21
-3.37	-1.48
-6.68	-1.31
-13.73	-2.45
-13.85	0.06
-11.97	0.09
-3.64	-0.93
-6.82	-0.35
-11.75	-0.46
-6.24	0.04
-8.15	0.49
-8.1	2.58
-2.33	3.2
-8.18	1.18
-9.72	5.84
-8.58	5.8
-9.36	4.22
-6.98	9.44
-4.75	9.78
-2.59	13.25
-1.73	10.6
2.27	6.18
2.02	9.99
0.34	8.14
1.49	3.41
0.31	3.33
-0.14	10.46
-0.42	13.12
5.14	16.08
1.15	18.14
8.43	16.88
2.5	9.71
1.32	3.36
0.6	5.67
2.76	5.38
-2.57	12.47
1.51	9.43
2.09	13.47
1.38	11.36
2.19	7.53
-5.13	4.9
-6.39	10.33
-3.03	17.9
0.31	20.32
1.74	20.44
2.09	20.46
3.57	20.63
3.82	20.03
5.74	21.23
8.24	15.15
-0.71	14
1.65	17.16
5.81	9.73
5.46	11.01
-1.69	13.23
-0.63	9.2
-3.33	2.18
0.09	6.43
-4.07	10.04
0.74	13.64
4.09	8.46
1.54	8.79
6.57	15.9
4.4	15.91
8.53	16.44
4.75	19.71
4.87	17.37
6.69	16.91
5.03	16.91
3.66	18.78
4.06	19.02
4.81	20.01
5.19	19.69
5.37	17.68
4.43	20.37
6.03	24.33
12.32	20.41
6.27	22.02
12.24	24.69
10.34	23.24
14.95	22.39
12.16	25.66
13.92	23.3
3.69	22.69
7.21	26.04
9.96	30.8
11.55	30.73
10.2	30.32
17.25	29.81
13.76	25.48
15.74	25.5
12.61	28.58
14.54	27.08
10.79	21.11
6.96	17.12
1.96	18.76
3.66	21.51
6.95	24.87
9.79	27.67
12.06	24.05
10.44	15.23
10.17	18.49
10.77	23.21
7.97	25.86
11.81	28.47
13.81	28.5
13.74	25.67
16.42	26.64
16.17	26.14
13.98	26.46
13.08	28.21
14.58	24.62
11.97	24.99
12.84	26.13
13.71	28.79
14.45	30.66
14.98	31.5
15.97	29.84
17.2	31.82
17.05	30.47
17.35	31.79
17.52	34.19
18.15	32.86
18.65	32.48
18.52	29.71
16.67	26.34
14.47	26.24
13.88	27.74
14.27	24.27
13.97	25.82
13.74	28.48
13.48	25.12
12.44	28.02
14.23	33.87
17.69	31.98
15.96	30.94
13.47	26.94
15.55	26.09
16.45	27.19
16.7	24.98
13.63	31.8
18.18	32.96
14.94	27.87
14.87	25.6
14.05	21.68
13.98	24.42
14.68	25.67
12.36	26.05
12.89	25.8
11.88	26.65
13.61	26.41
15.37	26.85
13.05	30.37
16.69	24.9
10.89	25.71
11.1	28.71
14.49	31.26
19.97	31.9
17.82	28.39
15.73	28.6
14.72	31.24
16.2	33.93
19.61	34.68
18.82	29.92
15.2	29.67
16.81	25.28
14.38	29.95
16.68	32.65
19.38	29.95
18.07	25.32
14.6	22.71
17.81	21.99
17.08	27.82
16.56	30.45
16.13	33.08
17.92	33.81
18.76	33.39
17.78	31.54
16.43	30.05
12.91	32.68
15.47	31.76
13.64	32.98
17.09	30.12
10.91	32.57
15.32	37.03
18.18	36.14
18.15	30.04
16.79	28.45
15.85	31.79
17.01	36.17
16.28	30.88
15.87	30.1
15.09	31.62
15.17	33.25
19.46	33.3
17.5	31.14
16.85	24.99
10.28	28.54
11.98	31.75
16.19	29.94
20.37	32.54
14.05	26.91
12.64	19.67
7.47	21.31
11.72	19.14
6.4	18.04
3.97	21.47
6.73	22.96
8.09	23.6
9.61	23.78
9.56	23.17
13.52	18.98
14.34	15.77
10	22.78
9.46	19.07
12.46	15.08
11.14	19.19
7.32	20.74
5.52	22.33
6.88	24.69
8.5	25.93
9.12	26.25
9.91	27.17
9.39	28.06
9.85	28.3
14.03	27.19
11.92	21.68
5.43	17.68
2.45	18.95
3.53	21.52
5.44	21.49
11.28	17.08
6.24	18.76
5.95	19.67
10.06	24.67
11.21	23.9
14.04	20.56
12.51	20.11
7.12	15.23
3.7	14.14
6.13	13.88
4.71	15.52
4.72	19.67
5.46	20.73
6.58	15.1
6.9	14.44
1.41	12.38
-0.1	12.29
0.15	10.1
-0.67	10
-0.06	10.15
3	8.06
1.32	15.07
7.98	17.56
4.94	8.07
1.04	6.42
-0.97	2.44
-5.28	4.73
-4.89	8.67
-0.86	8.79
-3.1	8.91
-2.07	7.31
4.04	10.04
1.85	13.25
11.71	20.67
8.93	15.12
3.04	13.77
3.12	16.72
2.48	12.72
-0.78	7.17
4.54	7.6
5.24	9.17
6.26	7.6
3.14	6.33
2.35	6.95
1.52	6.74
-1.56	7.16
-1.71	5.16
-1.5	9.12
0.7	7.11
3.86	12.63
1.66	9.23
3.16	17.56
3.69	15.84
0.66	13.59
1.46	15.11
10.17	15.95
11.48	17.35
8.95	17.38
7.52	12.04
8.08	15.24
7.48	12.18
4.71	9.45
5.74	8.65
3.38	6.15
2.97	6.38
2.4	3.91
1.57	3.06
1.91	3.18
2.02	8.14
-1.45	3.57
-5.97	1.59
-7.48	3.45
-6	1.72
-4.91	1.74
-1.45	5.46
-4.47	6.92
-0.1	4.64
-1.67	4.22
-4.3	2.95
-3.28	1.13
-2.97	6.7
-5	6.86
-5.07	7.85
-1.51	9.58
1.03	8.31
-2.62	1.35
-5.81	-0.77
-11.42	-0.43
-9.83	1.36
-8.32	3.39
-4.06	9.12
1.88	7.54
1.62	4.18
2.17	3.69
-0.08	2.61
-2.05	-0.29
-4.79	-1.4
-8.64	-3.84
-8.91	1.65
-11.42	-3.13
-9.37	-1.56
-6.31	3.15
-2.56	-1.17
-3.23	0.82
-4.29	3.55
-0.07	6.27
1.55	8.29
1.31	11.85
0.88	5.53
-3.15	6.28
1.91	9.45
-2.34	2.17
-1.58	3.36
-2.76	3.91
-3.12	2
-5.69	-1.76
-9.96	-2.29
-11.48	-0.56
-11.8	-0.82
-3.78	2.28
-3.46	-1.26
-6.62	-0.78
-13.11	0.97
-12.67	3.11
-7.89	5.36
-2.92	8.9
-2.53	9.21
1.9	10.39
2.15	13.33
2.48	19.63
3.78	13.42
2.06	13.74
-0.05	10.52
-0.94	7.95
-1.91	3.94
-1.47	7.68
-5.11	1.23
-7.25	-1.44
-2.42	5.06
-1.96	4.99
-0.06	5.25
-4.35	7.26
-4.81	7.62
-1.57	4.55
-1.33	4.29
-5.78	0.72
-1.05	0.7
0.17	1.22
-2.26	0.57
-4.45	3.1
-1.97	1.26
-1.58	2.16
-2.57	2.21
-2.67	2.79
-9.87	0.72
-9.84	3.36
-1.87	7.96
-2.14	3.77
-3.78	1.15
-9.48	1.59
-2.79	1.26
-1.27	-0.28
-0.48	2.52
-3.13	5.17
-5.7	4.52
1.14	6.15
0.96	9.03
5.05	11.5
0.18	15.84
1.33	18.83
4.04	22.22
3.7	23.28
6.35	23.71
7.95	20.07
11.61	18.72
6.7	13.63
4.68	6.64
4.98	6.2
4.15	5.65
1.83	5.64
0.77	4.79
1.69	6.91
1.69	11.92
0.05	10.46
-0.46	13.4
4.99	14.43
7.44	16.63
5.72	19.66
7.05	21.22
8.71	14.28
6.17	8.78
5.44	8.42
0.58	13.73
1.76	11.96
6.47	8.71
4.42	14.82
5.77	11
6.98	10.17
7.22	10.15
4.51	13.79
5.95	17.26
10.09	14.03
10.32	18.39
11.09	18.7
9.3	12.31
9.6	19.97
6.93	22.8
10.97	23.02
11.24	17.61
6.91	13.69
8.86	16.85
5.48	17.79
6.11	20.83
9.02	23.68
10.09	20.58
11	21.68
9.78	22.28
7.52	21.9
9.92	19.91
10.18	19.48
11.26	17.23
5.3	15.53
5.2	13.1
3.78	17.19
8.63	17.7
7.42	19.84
6.84	22.34
11.48	16.84
9.56	15.62
4.02	19.16
9.55	15.79
5.76	14.63
5.41	21.58
9.62	23.59
10.47	26.44
11.32	26.64
10.09	17.88
7.91	14.06
2.33	16.21
6.13	19.45
5.66	22.58
9.93	21.07
10.29	15.58
10.11	15.58
9.99	21.74
8.03	24.66
10.19	20.91
12.18	17.39
8.88	18.47
12.75	16.56
12.2	15.43
12.1	19.94
10.47	24.14
12.03	27.18
12.97	30
15.22	29.18
17.31	29.1
14.88	24.42
12.2	17.07
13.36	22.52
10.21	25.07
12.78	21.7
7.33	21.97
9.85	24.7
13.69	24.09
13.55	21.34
12.13	20.77
11.92	24.66
11.91	25.6
15.81	25.78
12.17	22.17
9.37	23.42
11.03	25.85
16.3	28.96
13.59	20.18
11.02	24.16
13.82	27.5
14.75	22.86
11.54	23.64
13.01	24.8
13.77	28.85
15.82	27.38
14.43	22.84
14.76	28.43
17.6	27.35
12.24	23.41
11.75	18.45
7.94	21.23
9.77	21.43
11.52	19.56
11.12	22.06
15.47	27.44
15.13	28.57
16.04	30.39
16.4	29.28
16.05	30.4
18.68	31.17
17.37	32.4
17.07	29.6
17.05	27.61
19.56	25.54
14.99	25.17
15.69	21.72
14.05	20.02
14.19	17.85
12.04	24.44
13.45	28.34
12.77	29.52
13.67	27.59
14.41	27.87
14.54	28.57
13.64	28.82
15.07	28.04
16.56	23.28
14.28	25.81
14.2	26.53
12.67	27.3
13.21	27.54
15.06	29.17
18.86	25.08
14.17	24.71
13.64	24.85
11.45	25.72
12.03	27.2
17.94	30.32
17.76	33.09
16.29	30.9
13.96	24.89
12.92	22.65
10.32	24.47
11.03	26.05
15.76	24.79
14.17	19.6
10.34	22.46
8.59	25.15
10.94	25.88
12.19	26.13
12.87	20.64
12.64	18.69
8.44	19.63
12.94	23.14
11.35	25.49
11.08	22.76
9.99	25.39
9.45	24.98
9.6	25.13
7.73	18.68
2.96	18.8
3.89	21.08
7.27	25.26
11.54	22.79
10.11	26.04
13.95	22.94
12.68	17.42
9.36	19.48
3.73	20.07
4.38	19.91
8.35	22.58
9.09	22.41
10.33	17.83
9.26	20.14
9.49	15.67
8.55	14.77
7.97	15.84
6.93	17.33
10.69	18.79
10.58	20.35
10.91	19.14
9.07	17.4
10.01	17.7
10.22	19.92
7.42	20.54
7.46	21.57
7.72	21.75
9.54	20.57
9.43	21.85
9.49	15.87
8.11	10.27
5.85	10.71
3.36	10.45
4.3	6.52
4.02	6.1
6.03	9.39
8.27	13.38
4.13	10.69
-0.19	16.97
3.49	14.99
4.74	17
11.18	18.08
12.52	14.98
11.15	15.96
8.99	19.71
5.59	19.46
6.1	21.76
6.94	20.89
9.32	20.78
11.85	19.87
13.99	19.3
10.95	16.18
9.81	14.03
10.73	14.82
12.41	13.35
8.79	12.8
6.87	11.93
7.23	12.4
2.19	9.46
-0.14	6.82
0.83	5.1
-0.53	5.23
5.36	7.9
7.03	10.27
5.26	8.88
3.91	5.29
1.58	3.64
-2.14	5.99
1.14	11.94
1.8	14.79
4.21	14
-0.92	6.34
-3.01	5.92
-4.2	4.78
1.97	13.02
-1.86	6.91
-4.85	4.1
-5.39	8.94
-3.53	4.93
-2.29	8.69
2.26	9.08
2.23	3.59
2.7	4.59
3.58	11.93
1.2	11.43
-1.64	6.2
-1.09	4.28
-0.5	3.81
-2.32	4.16
0.95	1.65
0.37	1.04
-1.21	0
-2.7	0.56
-3.57	-2.73
-3.23	-3.1
-3.41	-3.24
-4.04	-3.54
-4.62	-3.98
-3.67	-1.03
-1.06	2.32
-5.35	4.21
-3.62	2.22
-7.98	2.43
-9.15	-1.43
-9.38	1.41
-3.99	7.41
-1.12	9.9
3.55	8.28
0.21	4.45
1.23	2.6
0.49	5.53
-0.74	4.53
-4.36	5.13
-2.37	5.12
-1.42	8.51
-1.74	6.93
-0.05	7.77
-1.93	10.95
-1.25	10.47
-0.63	10.17
-1.89	12.72
-1.78	7.41
-2.66	10.61
-2.46	7.2
-3.42	9.12
-3.34	2.35
-3.3	5.5
-1.78	5.25
-5.21	3.55
-6.62	2.32
-6.97	-1.82
-4.08	-0.18
-7.58	2.54
1.02	7.3
-3.23	6.36
-3.99	5.99
-5.86	0.6
-2.68	-0.57
-4.07	-2.91
-6.1	-3.36
-13.02	-4.16
-7.43	-3.29
-9.39	-1.4
-12.34	0.81
-2.03	5.35
-3.88	3.7
-1.57	0.88
-6.4	1.71
-13.78	-1.22
-15.36	-1.6
-16.43	-4.45
-18.42	-3.76
-20.74	-3.05
-19.6	0.22
-7.48	5.25
-0.15	6.02
1.25	8.94
-1.53	6.96
-1.41	1.61
-1.63	2.01
-0.01	3.41
-1.11	3.45
-4.09	0.72
-4.39	3.86
-2.64	-0.32
-4.36	1.65
-1.06	2.54
-0.37	5.12
-6.33	0.57
-2.39	2.5
-5.83	-0.59
-12.64	-3.36
-15.85	-1.78
-16.08	-1.66
-13.49	-0.15
-4.77	-1.25
-5.93	-0.05
-10.51	1.89
-12.89	2.73
-4.01	4.01
-1.47	5.63
-5.79	-0.4
-12.28	3.79
-1.78	9.53
-0.64	9.7
-2.88	10.92
-1.08	12.26
-0.22	18.62
1.52	22.21
8.02	21.86
4.37	16.39
-1.59	6.83
-2.94	9.76
-0.91	11.95
0.45	14.12
2.98	18.16
3.94	15.52
8.96	18.21
9.1	18.69
10.75	17.68
7.72	16.81
7.89	12.1
5.4	12.9
1.76	11.38
-1.09	13.81
-0.86	15.97
0.63	17.73
2.33	19.41
3.3	20.35
4.46	18.94
12.11	19.84
8.57	15.65
6.63	8.89
5.86	7.8
6.83	10.84
8.18	14.12
8.06	19.04
7.53	21.77
8.19	21.14
9.83	17.26
7.01	14.62
10.67	13.08
6.44	12.01
4.61	9.35
-0.97	13.64
0.58	18.24
7.46	19.27
11.25	19.61
9.99	18.36
7.13	23.05
9.46	19.82
5.65	19.18
8.58	20.6
7.46	24.92
10.47	28.62
12.24	28.5
14.12	22.94
11.88	16.6
9.56	17.25
5.27	17.44
8	14.6
3.57	13.33
1.77	13.67
8.31	16.82
2.74	17.55
3.07	19.51
6.3	22.25
13.72	19.9
12.45	21.68
12.47	22.32
11.46	17.28
9.02	12.21
5.05	18.73
4.86	23.14
9.31	24.61
12.72	26.48
13.24	22.05
10.8	23.13
10.35	25.91
11.79	28.41
13.84	30
15.33	30.74
15.64	31.25
16.41	25.83
9.11	21.07
8.75	22.6
8.89	24.78
11.78	27.32
13.84	19.68
10.43	21.88
8.7	16.82
6.24	14.28
8.41	12.85
8.65	16.43
7.24	21.2
10.86	22.16
9.8	25.7
12.71	26.26
15.7	26.3
15.69	26.01
13.13	27.78
16.28	26.79
12.94	23.14
10.35	25.44
11.45	26.89
12.28	29.28
16.08	26.81
12.81	27.24
14.68	29.85
17.57	27.69
15.73	27.53
15.98	30.06
14.03	29.33
16.52	26.66
15.55	20.14
13.58	19.09
14.65	25.43
12.22	26.22
12.55	22.68
9.16	22.71
10.85	24.72
15.29	21.43
13.39	17.24
12.04	22.76
15.63	21.59
16.1	17.9
15.73	25.5
13.9	27.17
13.6	28.88
17.68	29.16
16.46	29.48
16.69	30.71
20.04	26.44
15.07	25.61
14.93	22.08
11.69	25.27
15.33	21.12
14.19	24.53
15.77	28.02
16.87	28.3
18.15	29.91
18.91	32.35
19.89	32.85
21.1	32.4
20.37	27.55
16.37	28.18
13.97	29.2
16.38	22.8
14.67	18.89
14.5	21.32
8.93	24.46
11.76	16.97
7.98	19.9
6.49	22.38
8.82	25.59
11.43	23.2
16.09	20.65
9.78	25.61
14.86	24.09
12.36	18.67
12.86	18.32
14.49	18.29
14.64	24.94
13.8	26
14.03	25.83
17.04	20.73
15.05	21.38
12.74	22.77
14.67	23.92
12.04	25.89
15.81	22.07
14.59	19.6
15.1	21.24
14.12	25.69
14.09	26.36
15.32	26.69
14.98	27.68
15.56	26.39
13.55	24.04
12.71	21.64
8.92	23.82
9.39	23.84
9.75	24.55
12.53	26.31
14.77	26.02
17.64	23.8
15.07	24.69
14.99	26.09
11.71	24.83
12.42	23.17
10.39	24.07
12.19	24.77
12.15	19.45
9.17	11.75
8.66	10.7
9.21	10.87
9.57	14.07
11.65	16.39
9.48	19.52
7.68	21.18
8.13	21.95
8.99	22.12
8.57	21.52
11.16	19.37
9.71	14.6
7.9	15.72
4.1	16.16
3.68	17.29
11.48	15.5
13.72	18.45
13.47	19.7
8.4	19.79
6.83	18.89
7.68	15.53
6.54	17.33
5.18	19.16
4.56	15.12
4.82	16.35
3.38	16.07
5.04	16.48
5.94	15.71
3.13	13.84
1.8	11.08
-0.15	13.42
-2.46	12.17
0.86	12.95
8.53	17.78
9.37	19.92
9.18	22.25
9.77	18.04
8.48	19.36
5.92	20.63
6.1	20.9
5.2	18.55
4.82	14.81
1.48	10.8
1.57	8.88
-1.08	8.97
6.22	12.86
4.98	11.79
4.62	12.46
5.5	12.77
7.22	11.66
5.93	11.15
5.69	13.06
0.76	12.54
3.38	6.18
4.63	7.22
5.53	6.47
3.94	5.09
3.4	4.17
3.72	12.72
2.83	12.19
1.75	9.78
-2.7	7.88
-2.25	3.95
-3.46	4.02
-0.64	4.04
-2.53	1.1
-2.1	-0.24
-2.76	-1.47
-3.4	0.65
-0.75	1.25
0.92	2.26
-0.77	1.91
-2.52	2.28
0.68	1.74
-1.93	1.26
-2.17	1.58
-1.47	10.12
1.07	9.88
4.35	9.44
1.06	5.14
0.53	7.49
-1.5	7.79
-2.36	6.4
-1.26	1.92
-6.39	0.8
-7.44	1.03
-1.39	0.17
-0.3	1.33
-1.04	4.88
-0.79	4.99
-2.34	5.65
-3.15	3.03
-3.7	5.87
-2.62	6.74
-1.8	4.06
-5.69	1.22
-4.62	3.32
-1.26	6.71
-3.28	5.94
-2.5	0.71
-2.45	-0.88
-2.57	-0.5
-5.87	-0.99
-8.17	-0.35
-14.36	2.83
-1.27	2.34
0.55	1.29
0.61	2.99
-0.04	1.73
0.2	0.6
0.43	1.85
-0.43	2.67
-3.71	1.02
-8.59	-0.39
-9.08	-0.32
-9.81	0.76
-9.15	1.05
-8.35	-2.68
-3.89	-1.9
-5.03	0.09
-7.46	-2.39
-9.6	-2.71
-4.51	2.85
-4.5	1.32
-8.74	1.76
-6.13	5.82
-7.19	4.36
-13.7	-7.87
-17.1	-6.15
-16.78	-6.6
-14.82	-5.24
-14.84	-5.53
-10.74	-0.3
-8.9	-1.17
-3.44	0.53
-4.87	0.13
-5.65	-0.54
-5.06	-2.33
-7.03	-3.97
-9.25	-1.87
-9.56	-2.54
-12.93	-2.56
-15.03	-1.26
-3.02	6.03
-3.73	7.79
-5.14	5.39
-3.68	3.9
-4.8	3.72
-4.82	2.2
-6.42	3.4
-4.37	5.46
2.78	9.38
0.53	8.32
-1.24	11.98
-0.08	13.14
3.54	13.23
-0.36	11.58
1.51	6.44
0.09	3.67
0.31	2.53
-1.21	1.2
-2.1	0.43
-4.12	1.87
-9.04	0.99
-5.91	5.43
-3.5	2.49
-5.24	6.1
3.47	9.13
-1.11	2.29
-5.71	3.37
-5.98	4.66
-4.33	4.66
0.31	8.6
3.33	6.42
1.99	10.12
-1.84	3.38
-1.64	0.57
-1.83	0.78
-0.63	1.3
-0.48	2.87
0.94	4.53
-0.8	4.97
-2.84	10.14
-2.55	14.24
-0.17	14.85
7.99	16.15
3.44	10.84
-3.31	10.11
1.8	13.73
2.58	15.48
5.85	21
7.69	19.24
7.3	14.87
4.82	17.79
9.25	16.65
4.82	20.49
6.54	19.06
6.64	16.15
5.24	15.55
3.78	13.84
4.02	11.35
0.23	12.47
-1.38	15.95
2.68	18.77
8.81	20.08
5.37	14.87
4.85	10.33
5.43	13.37
4.41	19.36
3.62	17.54
9.85	16.2
6.39	18.71
8.04	17.88
11.07	19.2
9.78	20.14
5.79	21.01
5.76	22.67
6.5	23.84
7.81	24.25
9.32	25.28
9.69	24.68
13.37	18.56
12.9	16.13
8.95	13.78
5.56	8.14
6.17	14.91
4.88	17.2
6.44	20.2
6.3	18.93
4.99	20.85
6.69	20.27
7.06	16.55
8.17	19.63
5.61	21.62
9.61	21.17
7.08	20.15
6.45	23.28
8.52	25.3
11.52	22.58
10.24	22.47
10.65	25.73
13.44	23.03
9.41	25.7
14.14	21.87
12.42	19.48
13.96	18.68
12.38	25.87
16.6	24.32
11.07	17.71
8.71	20.72
9.91	23.57
14.05	24.01
14.13	25.8
10.97	15.57
9.53	10.4
5.89	16.57
3.83	16.93
7.05	11.95
9.19	13.24
8.93	17.13
6.87	17.5
8.51	15.43
7.82	17.92
7.04	19.59
7.61	20.89
10.95	18.08
9.59	19.8
9.15	24.53
11.73	25.29
12.24	24.95
12.55	27.38
14.46	28.74
16.4	28.67
16.81	29.8
17.62	30.85
18.71	31.15
17.84	31.47
19.06	29.32
17.46	26.55
16.9	29.31
16.58	30.4
18.99	33.22
19.42	31.84
15.69	30.95
16.47	26.66
16.57	25.8
16.7	22.37
15.93	20.19
17	19.04
15.05	24.92
12.37	26.21
13.26	28.48
15.45	30.03
17.88	29.25
16.55	30.02
17.39	29.73
17.85	31.4
17.53	30.8
16.89	29.3
17	30.61
19.21	24.85
12.9	23.74
10.61	25.29
11.74	27.94
12.95	31.1
13.95	31.89
15.75	33.4
17.88	33.53
18.6	32.61
18.27	31.81
19.13	31.95
18.34	32.9
18.55	32.96
17.11	33.02
18.87	31.78
18.73	29.97
17.1	31.4
17.45	26.75
17.84	21.77
12.56	20.49
13.02	19.04
12.57	23.2
12.89	23.66
14.8	19.52
15.03	24.88
12.3	24.97
11.47	24.13
11.73	22.69
11.65	15.03
11.62	19.84
9.31	22.48
11.52	24.62
10.93	26.23
13.09	29.42
17.98	29.52
14.63	27.53
16.45	28.76
13.51	23.72
10.85	25.33
11.98	23.28
9.89	25.04
14.12	19.7
11.21	23.26
11.48	23.77
11.89	22.07
13.43	21.54
10.63	17.37
8.19	20.75
6.78	22.31
8.82	24.13
11.2	26
15.19	30.36
16.02	27.32
13.59	25.06
13.71	26.36
14.09	20.85
6.98	21.52
6.3	22.33
6.66	22.76
7.65	23.42
7.04	23.66
8.09	24.81
13.22	21.62
15.26	18.42
11.91	23.2
15.21	19.36
14.45	20
14.32	23.03
9.33	23.63
10.13	22.66
7.21	21.46
8.17	22.8
8.66	23.26
9.93	23.91
11.31	22.65
10.75	23.69
9.59	23.42
9.86	23.38
9.78	24.32
11.2	23.27
15.34	25.27
12.49	21.1
10.02	18.03
5.16	19.25
4.53	19.71
8.27	18.17
2.57	19.41
3.93	20.28
4.14	20.25
4.07	19.77
6.3	19.21
7.12	18.88
4.16	18.31
5.37	14.79
-1.38	14.4
-1.78	14.96
0.67	16.86
8.02	16.63
7.71	21.5
8	21.01
10.2	22.11
14.54	21.26
9.67	19.28
7.95	20.99
7.42	18.17
8.75	18.24
11.1	19.96
2.69	14.83
-2.71	11.62
4.14	7.45
-1.63	5.63
-5.23	4.37
-4.52	5.87
1.83	11.88
5.98	11.71
-0.65	14.13
-0.95	14.69
0.93	17.72
2.22	11.53
-2.43	8.34
2.46	8.61
-0.24	10.1
4.8	14.1
4.48	16.57
4.02	19.35
10.19	19.6
4.38	17.82
5.69	14.06
3.05	9.31
3.73	9.17
6.01	7.93
4.51	10.69
0.77	11.99
6.66	17.52
5.92	14.26
7.52	9.18
6.94	8.88
6.92	8.26
6.96	9.44
5.66	8.13
3.39	7.53
-0.78	6.22
-1.09	4.74
1	10.62
5.13	16.54
7.3	13.48
5.46	15.61
8.11	14.66
4.77	10.28
0.22	6.22
-2.15	3.73
-2.12	3.35
-1.98	2.93
-1.94	0.14
-0.93	0.28
-0.45	1.49
1.59	4.17
1.42	3.03
-2	4.89
1.39	5.28
0.59	6.25
-1.93	4.64
-1.72	1.39
0.16	6.5
-1.91	4.57
-5.84	3.85
-6.06	0.11
-4.45	3.72
-5.18	3.57
-1.84	1.66
-1.6	11.17
0.95	8.93
-1.59	8.29
-0.73	6.66
-0.69	9.76
1.71	10.66
2.77	13.01
-1.56	10.62
-0.43	12.24
3.69	13.54
6.9	15.42
3.61	12.24
2.12	16.06
-1.24	13.3
-0.81	11.73
-1.63	9
-0.97	11.69
1.44	12.27
7.36	11.96
2.91	9.51
0.48	12.13
3.87	8.21
2.03	3.82
-0.69	6
-6.23	1.03
-7.03	0.17
-9.06	3.45
-3.75	6.54
-1.17	10.02
-0.72	11.37
-1.49	9.61
-0.63	11.98
-1.63	9.83
0.42	9.88
-1.1	8.55
-4.38	12.46
-0.73	10.72
2.97	7.11
4.38	12.82
5.2	11.08
-0.28	12.13
0.22	7.99
0.78	12.32
5.34	11.65
0.37	13.53
3.3	8.7
2.1	6.09
1.38	7.66
-0.88	6.23
-2.65	7.43
-0.2	11.92
-1.13	7.79
3.87	11.07
4.09	12.04
3.23	8.7
-1.06	5.47
0.44	5.92
-0.68	10.72
3.35	10.88
5.26	15.43
6.97	12.62
1.54	8.84
2.89	12.34
-0.72	14.86
3.19	16.81
5.29	16.61
8.31	12.26
7.5	10.2
5.2	12.61
5.95	12.09
-0.36	16.01
2.02	17.99
3.16	19.03
6.13	15.07
0.62	16.15
0.99	19.31
3.85	19.56
1.67	14.53
1.32	4.41
-0.64	5.75
-1.64	8.05
2.38	9.41
3.99	6.05
3.46	14.04
3.49	13.94
2.83	13.14
0.51	13.33
5.76	10.48
0.55	13.48
7.1	15.35
3.79	16.73
4.12	17.38
3.14	19
7.84	12.02
1.86	14.56
2.45	19.79
7.39	19.61
8.68	16.94
2.34	20.66
5.13	22.42
7.99	19.31
5.59	22.47
6.25	24.2
7.66	23.86
7.49	22.22
7.13	19.28
3.76	22.09
6.57	20.48
4	16.76
3.36	22.4
7.09	17.95
4.43	19.52
4.86	23.37
10.14	21.01
8.24	21.14
6	22.28
6.15	23.42
5.37	24.6
6.97	25.22
10	18.05
3.66	17.57
6.78	17.47
6.04	20.99
12.45	18.98
12.45	20.7
12.31	21.11
9.93	24.08
11.09	23.45
12.12	17.71
12.06	24.03
11.92	27.91
13.51	22.11
11.7	26.56
16.45	29.44
13.3	24.26
7.3	16.62
6.81	20.31
8.08	17.04
7.36	20.81
11.81	24.8
11.65	26.7
13.62	29.33
15.98	28.04
17.77	28.53
16.17	30.16
15.88	29.51
16.49	28
14.47	22.53
10.73	20.32
10.51	13.92
7.77	21.32
7.69	24.49
13.57	22.99
12.34	25.16
13.81	23.92
15.76	24.44
14.74	24.71
13.03	25.15
12.86	26.89
13.68	28.35
13.98	28.85
15.88	27.94
16.56	27.46
13.96	28.42
15.08	29.17
16.6	29.62
17.39	26.98
14.59	28.16
16.39	29.2
17.78	29.89
15.42	32.62
19.35	33.66
16.08	31.07
14.6	27.56
15.6	29.08
14.4	32.16
17.52	28.69
12.06	20.22
12.5	22.79
10.82	25.13
14.09	25.63
12.24	28.98
15.17	31.36
14.59	27.92
13.27	23.3
11.89	22.84
12.68	26.13
13.91	28.39
17.12	28.94
16.62	31.46
11.84	25.47
9.33	21.17
9.39	22.94
12.24	26.55
13.08	30.9
16.15	32.92
16.39	34.15
17.11	37.02
17.19	36.23
21.26	35.83
18.95	38.12
18.23	35.28
18.77	34.57
13.36	31.73
16.03	30.59
12.03	26.98
11.56	28.95
12.82	32.43
18.03	32.37
18.22	27.94
13.76	22.98
8.84	22.2
8.65	23.94
7.93	27.5
12.63	22.32
12.14	23.9
10.62	25.43
12	29.42
13.23	31.51
15.62	29.66
16.11	30.18
14.51	23.01
14.84	20.41
15.23	25.47
14.53	28.43
13.58	29.06
15.27	30.5
16.16	32.38
18.53	27.88
12.66	26.47
15.79	25.95
14.76	24.25
13.7	26.15
16.26	27.51
17.05	29.58
14.77	28.4
17.17	28.11
14.61	29.19
14.71	30.29
15.19	24.64
14.13	19.14
12.2	15.88
9.38	19.36
9.87	22.4
10.16	22.02
11.72	23.97
10.86	18.02
7.67	13.29
7.64	10.2
8.39	12.21
11.36	18.62
10.69	20.53
6.72	19.71
11.97	18.09
6.88	18.51
9.13	20.22
7.41	21.96
10.97	23.24
8.96	22.88
10.36	25.52
13.86	21.63
7.93	16.24
3.13	16.75
2.84	18.57
3.4	19.54
4.6	20.65
5.68	21.05
6.14	21.05
11.17	16.33
11.32	15.26
9.7	17.59
8.95	20.09
5.96	21.74
5.92	21.99
6.32	22.08
9.79	22.96
10.45	18.36
11.27	18.01
10.9	15.59
7.43	16.13
3.39	18.41
3.98	17.37
5.38	13.96
9.41	15.2
5.37	17.08
6.21	13.86
-0.69	12.54
-2.24	13.71
-1.16	16.53
-0.01	18.4
2.52	12.72
3.18	11.25
-2.09	6.32
1.81	7.21
3.23	5.85
4	5.55
3.89	6.52
5.57	9.7
5.15	7.84
5.87	9.48
7.17	8.26
7.72	11.44
7.33	9.56
7.49	12.35
3.72	11.77
0.28	12.58
8.59	14.52
7.05	10.96
2.83	9.96
-1.83	5.98
-0.32	9.87
2.66	12.58
3.42	7.19
-0.83	9.36
0.26	10.37
1.38	8.79
-0.69	7.39
-0.33	4.85
1.29	3.23
0.1	1.99
-0.2	1.52
-0.27	0.73
0.7	1.98
-1.21	0.91
-0.44	7.69
1.07	14.36
10.14	15.05
6.42	12.61
4.34	7.37
1.39	7.87
-2.44	6.6
-3.43	4.55
-4.63	3.97
-4.87	4.39
-2.01	7.89
-1.97	7.57
2.74	10.47
-1.71	5.11
-2.31	8.54
-1.42	8.13
-0.6	7.89
3.91	8.17
-1.25	6.14
2.42	5.77
1.35	6.51
3.31	4.44
1.62	5.48
-2.28	1.57
-3.6	-0.56
-1.44	-0.41
-2.81	-1.75
-6.67	-0.86
-10.05	-2.31
-4.46	-2.64
-5.53	-4.5
-5.62	-5.01
-5.03	-4.42
-4.8	-3.34
-6.72	-3
-4.32	-2.16
-3.12	-2.2
-3.85	-3.1
-4.53	-3.87
-5.36	-4.8
-4.7	-1
-4.97	-0.11
-4.09	-0.42
-3.22	-1.69
-6.01	-3.54
-6.77	-3.47
-4.06	1.92
-4.08	3.06
-2.24	7.61
-4.45	0.72
-2.32	-0.83
-1.85	4.96
2.75	12.38
2.7	6.76
1.28	6.88
1.15	8.27
2	9.77
4.3	7.94
1.75	8.74
2.74	7.98
2.97	14.88
1.35	12.1
-0.43	7.96
-1.35	5.56
-4.05	6.74
-2.65	8.36
-4.96	8.53
-0.61	11.74
3.64	10.27
0	9.32
-1.84	6.74
-0.62	6.95
-1.73	9.52
3.15	9.53
-0.12	5.92
0.4	11.14
3.46	8.51
-1.06	10.12
0.31	9.18
0.02	8.23
-2.38	8.11
-2.62	7.08
-2.42	6.15
-4.64	5.49
-7.01	6.99
-5.01	3.89
-1.36	3.29
-4.87	0.16
-11.46	0.62
-6.51	11.01
-3.62	11.91
-4.91	12.44
-2.44	13.67
0.72	16.25
2.48	16.85
-0.2	18.1
0.8	19.75
0.01	18.5
2.15	16.93
3.89	11.77
-0.1	15.35
6.94	15.19
5.46	19.36
4.16	18.19
4.41	12.86
2.87	5.4
-0.95	4
1.77	5.43
3.2	5.95
1.51	12.74
2.99	15.36
6.53	10.98
2.63	16.97
3.62	13.89
0.62	13.3
5.23	14.54
8.44	19.15
4.33	17.21
2.15	7.59
-2.9	9.03
-1.91	8.61
-1.82	9.38
1.53	7.64
1.02	6.47
1.29	6.91
-0.47	7.85
-2.2	9.91
0.97	11.38
6.08	12.84
6.08	14.09
0.96	16.55
4.37	17.84
3.95	18.58
7.32	15.2
3	12.54
6.63	12.61
4.22	13.94
1.17	16.46
4.66	16.86
4.05	10.81
4.14	19.52
11.48	21.01
13.37	20.71
9.73	16.43
7.34	16.35
3.37	17.5
6.4	13.86
5.92	14.53
3.15	14.97
5.26	17.97
10.24	20.08
5.46	22.44
7.6	23.18
7.53	18.44
9.43	14.76
5.18	16.86
3.36	17.37
7.53	17.93
5.36	19.89
3.3	21.46
7.52	18.47
9.04	19.09
10.39	19.53
6.99	20.04
6.6	19.7
6.1	19.21
5.75	17.68
10.03	19.75
8.03	19.87
5.45	21.45
8.08	21.46
6.46	21.06
8.21	20.31
4.95	22.75
5.72	24.14
7.41	24.97
8.15	26.83
13.88	25.32
13.98	24.26
15.74	22.27
10.9	22.67
9.35	13.39
9.75	16.61
11.18	19.5
12.13	20.4
12.68	24.47
11.53	24.14
13.89	27.63
13.44	32.58
15.08	32.56
16.53	27.08
14.51	27.88
13.54	27.24
11.9	29.2
16.1	27.26
12.95	26.89
15.74	22.96
16.26	20.18
14.93	23.74
13.94	20.47
14.4	22.35
13.73	25.04
12.76	26.64
13.29	27.09
13.84	20.88
12.59	19.78
9.65	18.85
10.1	20.48
9.03	22.34
13.09	22.78
14.76	23.6
11.86	27.02
14.78	28.67
14.96	29.53
15.56	31.36
16.16	32.15
17.79	31.32
15.44	30.02
18	29.84
16.43	27.15
15.34	27.26
15.2	29.1
16.55	26.53
15.59	29.31
15.79	30.52
17.06	30.52
18.76	28.62
15.85	27.09
12.56	28.3
18.22	30.81
14.34	24
11.09	25.1
15.88	26.85
14.53	30.66
15.98	31.41
16.59	30.38
14.5	20.3
13.14	22.72
14.44	27.35
14.55	27.65
15.07	21.62
13.43	26.39
14.95	28.42
15.7	22.24
13.8	20.09
11.61	16.23
14.65	19.91
17.23	24.58
17.41	26.31
18.1	28.67
16.87	28.49
15.87	29.53
16.26	28.1
16.55	30.11
16.92	30.63
16.66	30.5
15.18	30.12
15.9	31.28
17.73	24.84
13.92	27.48
13.68	28.38
14.69	27.27
14.79	24.29
10.19	25.23
11.51	26.53
12.41	29.36
18.86	28.69
16.27	28.85
16.5	31.83
13.14	25.48
8.69	22.76
10.42	26.05
11.49	28.08
12.17	26.86
15.18	27.39
13.7	29.15
14.07	24.7
13.14	22.03
8.54	23.43
11.51	26.21
12.61	27.23
12.7	28.21
14.26	26.62
13.97	22.54
8.22	24.24
8.64	24.24
10.42	26.65
13.02	28.77
16.64	29.06
17.32	28.9
19.22	30.23
17.18	30.56
14.95	24.18
10.33	25.6
10.64	27.34
15.07	28.65
14.96	26.82
12.49	18.77
8.85	12.56
7.59	10.01
7.75	9.44
7.23	13.69
4.09	15.3
2.65	14.88
9.7	12.19
8.51	12.2
8.6	13.23
7.85	14.92
6.72	16.51
8.83	15.34
8.36	14.44
9.57	14.93
7.7	16.39
2.61	17.68
3.85	18.98
9.12	19.83
7.49	21.6
8.75	15.89
7.13	11.31
1.22	15.78
2.57	20.21
6.94	20.17
5.02	20
7.77	21.6
9.95	19.65
7.26	20.18
5.47	21.3
6.86	22.23
5.95	22.36
7.57	22.85
8.8	22.49
5.52	16.77
0.34	13.84
0.3	15.02
0.83	17.73
2.82	17.75
4.05	19.59
7.11	14.91
1.29	12.88
2.82	10.58
6.23	10.61
0.76	12.73
4.42	20.44
10.53	22.84
10.38	19.49
5.01	18.65
9.78	16.39
7.84	13.17
9.19	20.55
8.08	19.44
9.58	19.19
9.42	18.37
12.02	13.72
10.13	12.69
8.52	14.14
6.51	10.97
5.26	8.66
6.63	7.69
7.46	8.51
7.46	8.84
4.36	11.26
0.08	8.73
3.37	9.76
-3.3	6.85
-3.55	8.12
1.31	13.44
4.32	8.56
-2.08	5.18
-2.88	5.26
-3.57	5.26
0.25	2.64
-2.55	4.91
-2.67	5.94
-4.83	3.4
0.41	2.21
-0.25	9
2.41	11.51
-0.48	9.32
3.35	5.35
-0.51	3.87
0.94	10.41
1.24	9.28
0.77	6.84
-1.56	5.41
-4.22	6.12
-0.69	7.93
3.31	5.17
2.18	4.02
2.12	4.41
2.89	4.78
2.67	4.57
3.61	4.69
4.58	4.96
1.06	4.96
2.34	3.99
-1.44	4.67
-0.06	8.25
-0.59	9.5
-1.36	8.61
0.75	5.05
-1.5	2.94
-4.62	0.02
-1.68	-0.91
-5.59	-1.14
-7	-2.42
-8.84	-4.41
-5.24	-4.67
-5.47	-4.12
-4.31	-1.96
-7.61	-0.72
-11.56	-0.92
-9.43	-1.93
-9.72	-2.74
-6.19	-3.82
-8.76	-0.3
-12.41	-1.38
-13.48	-6.36
-9.24	-6.85
-7.46	-6.44
-7.43	-6.55
-7.3	-3.02
-3.05	0.79
-4.02	2.31
-6.28	0.8
-5.63	3.14
-1.24	8.42
4.09	13.31
2.86	8.32
0.34	5.9
-0.79	3.34
-0.18	3.31
0.13	4.99
-1.26	5.77
-0.22	1.86
0.33	1.36
-0.02	1.39
-0.34	0.87
-1.07	0.81
-2.68	-0.04
-0.98	1.55
0.15	1.65
0.08	4.06
-1.99	10.48
2.51	14.11
2.71	12.42
3.04	8.54
-0.27	6.21
-2.7	8.82
1.18	8.22
-4.09	5.14
-4.13	2.94
-1.73	3.24
-2.81	1.7
-4.75	3.42
-3.23	4.49
-5.29	0.9
-4.12	0.86
-6.62	4.14
-1.97	4.55
-3.03	0.17
-1.71	5.69
-1.39	4.07
-1.13	5.39
-2.63	9.05
-1.74	10.49
1.18	14.81
0.9	14.38
3.05	7.71
4.83	8.88
5.99	9.91
6.95	8.89
6	9.23
2.64	8.4
1.93	12.4
2.99	9.03
-0.64	11.73
3.97	11.84
-0.37	9.93
2.49	12.51
3.72	13.24
1.93	13.34
4.75	12.8
2.09	10.37
1.65	10.42
0.8	5.48
-0.71	4.97
0.72	6.41
-2.97	12.45
2.13	15.28
5.12	10.21
-1.02	7.38
-0.52	11.45
2.05	15.21
7.44	16.91
9.67	13.25
6.21	10.34
5.53	10.75
8.63	13.67
10.49	19.03
7.48	19.14
6.73	21.99
7.44	22.48
7.94	22.72
6.44	23.84
7.17	24.24
6.84	24.31
6.63	24.21
6.74	24.18
6.87	23.83
6.86	20.26
5.62	20.79
5.15	22.64
6.27	23.26
9.39	19.64
5.27	21.22
6.8	18.64
11.25	20.68
11.73	20.27
6.94	20.95
7.77	14
6.76	19.23
4.91	21.06
7.08	19.92
10.12	20.44
10.66	19.46
10.05	18.78
9.85	19.9
10.21	22.85
7.62	17.1
8.06	20.98
6.72	21.33
9.43	17.71
8.08	19.5
12.02	22.01
8.57	25.52
10.11	25.23
11.21	27.09
11.31	27.66
12.5	22.36
10.89	14.95
11.31	16.71
10.58	20.52
12.48	24.32
10.3	25.7
13.67	27.78
14.89	24.74
15.21	25.25
10.66	27.14
13.95	27.61
12.91	23.69
16.06	23.68
15.15	28.53
16.89	28.79
15.27	23.21
11.41	21.21
8.7	17.99
7.7	11.05
5.04	19.18
8.92	19.14
7.15	19.72
10.31	24.4
8.78	18.61
7.02	17.08
13.05	26.99
13.5	23.73
9.1	24.94
12.96	27.11
13.05	27.24
10.82	25.57
9.33	23.44
10.08	23.84
9.82	27.32
16.26	28.42
16.16	28.36
13.72	23.68
10.6	27.64
13.92	30.68
11.86	24.14
9.28	20.64
11.13	17.14
11.9	15.27
13.72	19.3
13.12	25
13.11	24.38
13.96	24.94
16.48	21.92
15.74	24.79
14.77	27.68
17.94	27.85
16.54	28.21
16.28	28.23
18.23	27.65
16.06	27.44
16.23	28.19
15.25	26.03
15.49	19.58
12.03	23.18
14.73	18.04
10.26	23.03
11.26	25.36
14.68	28.82
16.84	30.61
17.88	31.65
18.3	30.24
17.34	30.91
15.27	27.46
10.99	24.33
11.11	26.28
14.05	28.94
15.95	30.85
18.02	32.87
17.18	30.4
15.81	25.84
10.23	25.27
10.84	26.72
13.14	27.23
15.17	29.02
14.63	31.24
18.94	27.1
14.45	29.65
16.69	32.62
15.09	28.82
16.54	20.67
16.81	24.11
16.74	25.93
15.47	26.78
14.71	27.79
17.17	24.35
15.38	28.41
15.89	26.45
14.1	27.57
14.61	27.82
16.6	23.33
12.56	26.56
14.35	28.66
15.58	31.06
15.56	30.51
15	27.94
16.61	28.89
14.62	29.88
16.9	25.98
15.51	23.36
11.3	24.49
11.11	26.82
12	29.26
15.47	29.92
16.21	30.76
14.97	23.01
13.4	22.91
7.75	24.69
9.45	26.83
11.76	27.62
14.42	29.43
14.89	24.05
11.52	20.15
7.92	20.13
7.31	21.44
8.07	22.19
11.04	22.77
13.42	25.24
14.07	21.3
15.35	22.92
12.05	22.19
12.6	19.51
12.88	22.39
12.78	25.41
16.21	23.53
15.33	21.3
13.53	22.92
12.26	24.52
11.09	25.26
10.42	25.58
9.87	25.66
9.82	25.53
13.54	22.16
9.3	21.85
7.34	23.33
8.97	24.47
10.13	23.29
8.92	22.99
9.61	23.71
10.98	18.11
4.81	17.77
3.83	21.17
5.4	21.4
10.8	26.18
13.5	26.23
11.37	25.97
10.9	18.7
10.27	17.94
10.27	19.72
8.32	11.83
4.9	10.35
0.5	8.24
2.28	9.39
-0.22	9.21
1.55	10.69
1.57	9.22
-0.64	8.97
3.16	10.73
-2.13	15.77
10.58	19.62
9.06	15.98
8.91	11.27
5.31	16.76
7.9	14.38
7.15	17.36
3.46	16.29
3.76	12.83
2.05	9.74
-2.86	9.48
-1.88	6.74
-1.88	5.86
1.34	4.03
0.75	4.1
3.26	10.39
4.45	5.26
4.21	7.84
3.4	7.22
5.41	9.78
4.39	7.83
4.69	8.54
0.6	12.23
1.04	13.86
2.95	15.68
5.58	15.84
5.74	16.11
4.13	17.98
5.83	13.71
2.6	16.53
1.56	15.5
2.04	6.47
3.01	6.88
3.91	8.45
3.66	14.43
2.97	14.65
4.02	11.5
3.9	13.26
3.39	10.3
1.16	11.62
9.04	15.53
6.18	14.77
1.54	6.52
0.9	4.65
2.21	4.6
-0.49	6.56
-0.91	3.25
-1.52	5.33
1.68	6.4
4.71	8.4
2.33	9.32
2.3	6.62
0.82	4.78
-1.78	0.59
-3.6	-2.15
-3.95	-2.19
-4.39	-2.26
-8.62	-2.11
-11.15	-3.37
-13.6	-7.88
-18.32	-8.15
-18.48	-0.11
-1.56	6.62
5.4	15.6
2.75	14
7.21	16.78
0.46	8.68
0.14	3.74
-2.56	5.98
-3.62	2.21
-0.6	9.32
-1.28	9.39
2.33	5.25
1.51	5.27
-4.24	2.6
-8.18	1.11
-2.8	-0.54
-3.27	-0.68
-2.25	-0.36
-1.62	-0.23
-0.15	0.71
0.21	0.86
-0.81	1.04
-2.22	-0.12
-2.83	-0.99
-1.35	-0.65
-1.28	0.81
-2.66	2.27
-3.53	-0.99
-2.29	2.03
-0.7	3.24
-1.15	2.79
-5.13	-0.09
-5.94	-4.38
-6.73	-4.02
-6	-3.5
-6.43	-2.55
-9.18	-4.94
-13.32	-3.26
-12.26	-3.47
-9.14	2
-1.32	2.05
-2.76	0.72
-10.2	3.23
-8.6	3.59
-5.68	6.78
-2.25	7.1
-1.69	5.04
-1.49	1.95
-5.91	-0.74
-8.11	-2.37
-9.92	-3.32
-4.81	-0.43
-3.1	-0.89
-3.67	-0.36
-4.33	3.97
-9.71	2.59
-4.13	0.9
-10.4	2.91
-1.56	5.76
-1.79	9.36
-3.1	9.21
1.23	6.04
-2.49	8.62
-0.26	10.13
2.98	12.7
1.34	13.43
-0.47	14.72
4.49	11.15
2.18	12.89
1.15	14.15
6.22	15.96
4.77	9.81
0.96	8.44
1.98	3.55
-0.42	3.6
-6.19	3.25
-2.82	0.25
-6.89	1.23
-2.22	2.48
-2.57	0.31
-1.43	0.44
-4.17	6.26
-0.69	8.98
-0.65	10.6
-0.8	5.8
-0.49	10.82
1.94	11.48
-0.05	15.67
3.37	17.54
5.99	18.34
9.07	19.54
8.01	13.21
4.45	16.36
4.24	16.75
8.62	17.42
11.31	19.09
7.09	15.93
2.61	16.79
4.16	20.09
10.89	19.04
7.18	13.82
3.49	16.34
4.46	11.87
0.44	16.14
8.5	14.51
7.32	12.59
6.51	13.87
1.21	15.52
1.73	17.91
4.21	19.49
7.8	14.54
3.14	10.39
5.03	6.56
6.28	10.52
7.88	13.84
7.23	15.56
7.72	16.6
5.29	15.04
2.17	16.53
6.46	19.02
5.94	21.98
9.53	21.18
6.76	11.6
6.46	16.17
7.7	20.67
8.3	22.42
7.5	23.75
11.49	20.73
8.71	19.8
4.61	21.93
7.45	26.5
11.26	24.13
13.16	22.06
13.52	21.89
11.36	21.45
12.7	15.8
12	19.8
6.12	20.73
5.99	18.13
10.26	21.28
11.51	21.54
7.82	22.33
11.92	20.23
9.65	16.3
9.82	19.48
9.31	12.98
7.55	10.73
9.16	15.74
9.18	17.08
5.49	17.77
8.86	14.93
11.62	19.16
13.26	22.4
11.34	22.45
10.77	25.94
12.4	28.41
13.58	26.47
12	26.67
12.23	24.48
14.55	23.39
14.51	23.26
11.7	16.29
9.05	15.2
10.2	13.32
11.14	17.31
12.86	19.58
10.42	24.1
9.91	25.48
12.19	27.02
14.81	28.72
15.56	29.37
17.79	29.77
20.22	32.05
17.88	32.14
19.74	28.48
16.88	27.81
12.32	26.7
15.34	22
15.1	21.65
15.43	25.73
13.71	21.16
12.7	17.19
11.46	14.43
13.49	18.82
14.01	21.64
10.33	23.17
11.81	23.36
13.01	21.04
13.77	25.02
13.27	26.26
15.42	28.12
14.75	29.2
15.67	29.86
16.06	30.4
16.99	31.38
16.23	28.38
17.16	28.2
17.82	27.8
14.95	23.7
11	26.22
11.81	28.98
13.86	30.75
15.57	31.76
16.92	32.47
17.98	32.44
18.33	32.8
20.13	33.51
20.94	32.96
21.09	33.66
17.81	27.85
16.09	24.64
15.33	28.18
18.02	30.81
18.19	32.81
18.56	31.15
17.18	24.4
14.42	18.15
12.63	19.63
14.36	24.12
17.03	26.09
15.98	25.95
14.28	18.94
15.33	23.57
12.75	27.74
13.75	29.15
16.85	27.03
15	24.35
12.61	25.36
15.96	22.21
14.48	21.42
14.27	26.57
15.18	23.52
12.63	27.12
14.29	28.02
14.04	28.07
15.92	28.57
15.9	27.28
18.79	27.15
14.61	25.62
13.28	25.23
14.48	23.79
15.95	26.43
16.56	25.99
15.93	27.73
15.03	27.72
13.36	28.02
15.74	24.74
16.14	19.41
12.73	26.87
16.63	30.39
14.69	20.44
8.26	20.26
9.06	16.53
6.96	14.2
11.62	19.51
7.41	20.39
10.92	18.81
11.55	18.53
7.9	18.4
8.87	15.51
5.98	12.22
12.18	16.13
14.76	20.48
12.49	18.21
15.21	18.83
11.89	20.22
10.16	21.9
12.41	21.71
12.09	22.89
13.92	19.53
13.72	15.06
11.04	13.88
9.83	16.65
4.76	18.67
5.43	20.47
6.53	21.31
7.28	21.23
8.67	22.25
11.84	17.55
10.87	14.9
9.34	15.2
9.66	18.64
8.31	17.14
7.74	13.09
8.48	12.88
9.25	14.56
9.87	13.48
9.9	17.62
10.84	17.47
9.73	11.34
6.3	16.45
3.75	14.2
1.25	14.26
0.84	14.95
0.93	15.32
1.59	15.26
2.51	14.03
3.59	14.42
0.91	13.25
3.78	13.04
3.76	9.28
6.34	7.84
6.42	8.19
3.05	7.48
0.79	12.02
-1.63	13.09
0.19	14.71
7.77	16.45
4.99	10.39
3.97	7.65
-1.06	9.12
-3.77	9.79
-2.61	13.03
-0.42	16.28
7.53	17
6.52	18.18
7.94	15.29
7.62	12.05
5.15	17.9
4.86	20.25
3.52	16.29
3.47	16.24
8.08	13.99
7.24	13.67
6.19	11.01
4.96	13.04
4.36	14.92
7.31	18.49
8.66	18.66
11.23	19.74
6.84	16.76
8.48	11.04
8.11	11.99
4.44	9.38
4.93	7.98
5.51	7.23
7.66	10.01
2.6	8.53
-0.2	8.65
-2.26	7.89
-3.11	2.42
-0.92	4.61
-1.44	1.03
-0.21	4.54
-2.28	1.18
-2.41	-1.38
-2.42	-0.2
-2.01	-0.57
-7.83	-1.6
-9.29	-1.67
-2.04	6.2
5.81	12.49
8.25	14.69
-1.06	13.79
-5.86	0.71
-8.31	1.29
-3.48	5.46
-4.29	1.73
-9.28	-0.66
-5.12	-0.2
-8.77	-3.55
-11.16	-4.49
-11.39	-5.13
-17.6	-1.59
-4.65	6.9
-5.72	6.93
1.7	7.53
2.87	11.75
2.51	13.73
0.81	5.84
-3.04	0.61
-6.26	0.08
-7.6	0.69
-9.23	-2.26
-10.38	-2.89
-6.37	-5.39
-5.89	-4.21
-4.49	-1.87
-7.7	-0.37
-10.79	-3.91
-4.8	-3.62
-7.64	2.89
0.33	11.96
5.32	10.99
1.22	13.53
0.02	9.31
2.12	3.36
0.61	6.41
-0.75	7.74
3.95	12.96
0.53	12.16
0.34	11.67
-1.95	7.39
-1.75	3.37
-2.4	2.36
1.05	2.91
-1.03	1.39
-2.31	0.1
-7.09	1.63
-3.77	0.97
-6.55	0.14
-4.98	4.04
-1.36	0.44
-4.74	-1.1
-7.38	-1.2
-6.97	-2.17
-3.28	-2.49
-5.43	-1.68
-6.17	-1.85
-9	1.84
-5.49	6.36
-2.28	13.2
-3.12	12.26
-3.72	16.98
-3.74	13.39
-2.85	9.89
-3.74	9.38
-2.66	12.63
1.15	8.56
-1.38	3.72
-1	-0.08
-2.33	-0.79
-2.37	1.66
-0.55	1.07
0.86	2.47
-1.02	6.14
-2.15	2.78
-5.02	-0.42
-6.58	-2.62
-9.11	-1.01
-10.03	1.22
-9.08	0.76
-4.9	1.87
-7.27	-1.1
-2.66	2.95
-3.72	0.47
-5.18	2.59
-1.5	-0.17
-3.24	4.8
-4.74	5.41
-3.81	6.56
-2.2	3.31
-7.74	5.43
-5.78	8.29
-2.6	12.55
-2.35	14.18
-1.9	15.39
7.96	16.27
9.11	19.26
8.1	19.81
6.18	13.61
10.14	16.15
6.66	12.18
4.93	7.19
3.49	9.18
1.59	9.68
-1.83	13.98
0.65	15.96
2.44	19.06
1.73	21.66
4.87	21.44
5.58	10.24
4.12	10.33
2.57	16.47
0.86	18.3
1.84	19.59
6.74	19.27
5.89	20.79
6.27	21.37
7.2	23.48
7.72	16.47
3.39	18.41
9.37	26.11
11.88	20.66
7.96	20.81
5.27	18.89
9.62	18.44
7.81	21.27
5.28	12.35
5.57	12.36
3.39	12.63
6.74	13.68
1.97	16.67
2.12	18.37
2.96	19.94
3.94	22.38
5.54	24.02
5.72	24.06
6.39	24.16
11.64	24
9.95	21.15
11.11	14.72
8.42	18.02
8.5	17.02
10.48	17
9.23	18.4
8.46	17.75
6.33	18.94
8.74	22.27
4.02	13.3
1.66	15.1
0.34	18.05
3.13	21.2
5.48	15.99
4.2	19.61
7.26	24.06
8.43	24.74
8.77	26.79
13.69	23.29
9.7	24.67
10.89	19.58
9.84	17.44
8.29	20.29
8.45	23.73
9.69	26.04
10.53	27.02
11.96	27.62
11.6	26.46
12.85	26.25
13.33	29.08
14.2	23.38
8.03	26.21
11.32	29.38
11.14	21.32
7.38	22.74
8.77	25.07
11.29	28.54
12.98	24.07
16.17	22.89
15.51	26.25
14.44	27.37
13.75	27
13.72	26.83
14.36	27.9
14.74	25.32
14.28	19.47
11.09	22.42
10.49	24.1
11.48	24.5
12.92	26.12
13.92	24.8
14.12	27.03
12.75	28.86
14.03	26.08
17.93	28.75
10.97	23.72
7.96	23.43
11.79	28.23
13.98	30.05
16.87	27.76
14.84	22.66
9.78	21.43
12.28	22.04
12.67	25.52
14.98	25.59
14.85	28.52
14.05	29.45
14.57	22.7
12.09	20
7.85	21.45
13.79	26.01
14.24	22.89
14.16	28.39
15.39	31.92
19.16	32.42
15.77	34.42
18.12	33.29
17.97	30.08
15.96	30.56
17.15	33.74
20.14	30.68
16.27	23.6
12.37	26.62
13.44	30.19
17	27.1
14.16	28.19
15.45	23.91
14.38	25.41
13.66	26.88
15.28	19.1
13.11	16.41
12.28	15.94
13.81	18.61
13.7	25.76
16.01	20.43
15.48	23.28
13.18	24.74
15.06	23.86
13.87	23.58
15.55	26.55
13.77	28.05
17.48	23.09
15.91	26.98
14.45	26.73
16.89	30.37
15.43	25.97
13.57	22.62
10.9	20.86
6.55	23.93
9.77	26.49
14.33	27.24
13.38	28.97
14.26	30.17
14.65	25.78
14.01	27.72
14.61	29.89
15.58	31.39
16.17	27.96
16.17	29.8
17.68	32.72
17.99	33.56
16.98	34.81
16.73	32.34
16.72	34.65
17.63	32.74
13	22.88
10.15	25.93
13.9	25.33
13.42	26.06
12.94	28.85
14.53	27.63
14.33	28.09
14.66	29.88
17.14	28.5
14.69	24.08
9.61	25.76
14.53	21.19
13.75	22.57
12.78	28.81
13.68	30.51
15.27	28.57
13.6	28.34
14.58	29.19
11.6	21.15
11.27	24.95
10.76	26.65
11.49	28.76
10.7	21.18
9.6	16.03
12.47	21.36
11.34	22.8
10.54	22.37
10.66	22.13
8.61	23.48
7.69	24.22
8.59	24.89
8.72	23.79
6.67	22.43
9.06	24.01
7.85	25.45
8	24.79
7.33	25.24
7.31	26.19
7.91	25.63
9.12	24.16
5.89	16.72
0.85	14.08
0.47	11.53
-0.56	10.68
7.4	21.86
7.96	20.11
6.99	12.77
1.59	11.22
-1.49	11.95
0.45	10.61
-4.12	12.21
-3.5	14.13
-0.3	20.52
5.03	13.91
2.8	10.48
-2.2	8.88
4.94	7.32
6.67	8.83
7.01	10.07
7.87	11.12
7.56	9.61
8.32	12.08
8.85	12.12
5.07	14.42
1.59	14.45
3.01	7.81
6.51	8.03
6	9.68
5.99	17.17
12.78	19.14
6.2	14.29
3.1	11.38
4.71	11.58
3.28	7.7
6.52	7.7
-0.24	7.02
-2.13	8.33
-3.24	8.65
-4.06	7.71
-3.63	7.03
-4.45	1.33
-2.9	0.1
-1.29	-0.45
-2	-1.28
-2.7	-2.05
-3.84	-2.83
-3.84	-2.95
-2.96	-1.36
-1.37	-0.68
-0.84	0.09
-0.02	1.42
-0.33	1.82
-1.61	9.14
-2.19	2.46
-1.07	-0.23
-1.89	-0.12
-1.82	1.46
0.29	1.96
0.27	11.74
5.05	12.63
-0.25	6.85
-2.2	5.13
-0.98	8.82
-2.45	8.82
2.82	10.03
0.69	6.38
4.15	9.67
0.01	8.11
-0.14	11.67
4.46	10.08
-1.14	9.89
1.22	10.95
-2.84	6.71
-2.83	1.53
-4.69	2.67
-6.51	2.7
-3.33	5.5
-2.28	3.65
-2.41	5.63
-1.82	7.06
0.26	5.05
1.42	5.8
-0.46	2.82
-1.51	0.5
-1.15	2.51
-3.62	6.78
-1.18	5.32
-1.54	11.57
3.81	8.6
0.55	10.4
-0.84	6.36
-0.79	8.05
-2.4	7.06
-1.4	7.63
0	7.51
-0.34	7.67
-2.3	8.27
-1.85	9.41
-1.75	8.95
-2.1	5.15
-4.41	2.87
-4.26	1.98
-4.71	3.24
-1.54	7.22
-3.46	7.02
0.61	5.98
-3.6	5.54
0.62	11.17
-0.65	9.96
0.54	5.62
-2.16	3.24
-3.36	1.76
-8.64	2.03
-8.31	2.08
-3.66	-0.74
-8.9	0.2
-11.56	-2.31
-9.86	-2.4
-12.1	-5.07
-13.32	-8.32
-10.37	-8.53
-10.7	-6.64
-12.02	-8.92
-11.12	-8.01
-14.68	-3.56
-17.08	-3.41
-12.81	-6.56
-13.94	-8.93
-10.84	-6.72
-10.97	-0.71
-14.54	0.98
-8.52	5.54
-3.1	4.36
-6.63	7.95
0.5	8.85
-3.95	10.58
0.73	5.68
-4.67	6.89
-5.99	9.12
-4.58	9.07
1.91	18.59
1.08	15.57
-0.05	9.21
-1.87	6.89
-1.82	7.15
3.31	15.41
8.21	13.78
3.16	17.58
3.03	11.49
-3.71	9
-0.45	9.67
-3.86	8.02
-6.43	6.17
-2.45	9.47
-0.24	10.09
-3.56	10.88
-1.88	9.68
6.63	9.42
7.28	13.57
0.45	13.78
1.95	14.21
-1.2	19.39
1.7	22.92
9.57	17.96
8.53	15.52
5.13	15.64
1.14	18.84
2.07	20.1
2.03	21.74
4.06	21.3
8.21	20.93
9.11	16.64
0.06	18.83
8	20.69
5.6	19.34
5.44	15.2
2.97	21.23
3.32	13.95
-3.14	17.9
7.22	20.63
10.59	23
8.27	23.46
8.64	16.57
8.58	13.14
3.42	8.16
-1.23	9.63
-2.24	14.99
7.98	16.82
6.61	14.4
2.21	17.07
9.02	12.65
9.69	14.23
7.68	12.53
6.17	11.63
4.92	12.25
5.01	17.58
6.67	18.99
5.58	17.04
7.11	16.77
3.98	14.94
7.01	17.72
7.2	18.6
10.29	23.26
6.44	24.94
8.78	28.04
11.56	29.2
10.53	28.81
11.68	29.36
12.23	29.43
13.65	23.01
11.92	18.86
10.11	22.97
10.89	22.36
11.95	17.25
7.14	21.76
8.31	23.76
9.18	25.27
9.38	26.77
11.68	27.38
7.47	13.74
7.5	12.44
8.5	18.27
6.13	14.03
9.01	15.61
1.26	17.58
2.87	22.23
6.86	25.05
12.01	20.31
13.85	17.82
13.5	26.11
15.41	26.07
14.24	22.27
9.79	20.83
9.5	22.45
7.38	23.54
11.53	23.86
11.98	26.91
11.95	24.22
13.07	24.02
12.46	20.72
13.49	27.85
14.87	24.43
12.29	21.54
4.3	21.8
11.37	26.87
14.43	29.99
15.47	25.32
14.22	24.35
13.35	21.53
13.89	18.64
12.01	21.23
11.68	23.84
11.1	26.53
12.58	29.3
13.65	30.65
14.9	31.55
15.64	32.61
17	32.93
18.33	32.55
18.09	27.89
14.26	27.3
13.37	29.79
15.77	25
12.21	24.84
11.32	26.57
12.93	30.81
16.06	33.12
17.69	35.02
19.43	35.11
21.1	35.3
19.77	35.2
19.56	32.85
19.3	34.84
17.55	34.86
16.81	33.44
19.31	33.47
18.94	31.85
17.61	30.41
17.06	31.63
17.33	24.64
15.76	21.39
12.09	30.02
13.98	19.45
12.43	23.37
9.33	25.67
12.15	27.34
15	31.81
16.87	27.46
15.55	22.47
13.12	18.71
15.05	24.71
14.94	27.69
17.59	25.57
17.45	27.85
16.72	30.13
17.61	32
17.61	30.72
15.46	25.72
15.93	26.93
13.92	29.89
14.39	31.91
16.03	30.7
16.5	31.51
16.95	34.17
17.93	34.5
18.68	29.73
15.62	25.97
13.93	26.03
12.01	25.03
12.62	20.18
8.17	23.32
9.91	24.93
11.87	25.87
12.06	29.19
13.54	30.17
16.79	29.53
14.82	30.04
13.38	32.08
12.89	34.26
13.73	34
16.54	36.37
18.06	32
16.52	36.19
17.56	33.27
14.41	26.16
11	24.7
8.33	27.43
12.03	29.38
12.23	31.09
14.42	23.78
13.61	17.32
14.77	26.4
13.96	28.25
17.52	26
15.27	27.68
17.29	23.67
6.96	24.25
8.82	28.14
10.06	29.39
10.5	29.81
11.07	30.85
12.15	27.77
8.52	18.82
10.65	14.99
11.38	21.32
8.85	20.72
6.79	22.9
9.63	24.42
10.24	22.39
8.86	17.11
1.97	18.6
6.45	23.1
10.19	20.57
11.07	25.14
12.19	23.98
14.96	25.21
13.72	25.36
9.52	20.03
12.11	21.94
13.45	19.6
12.73	24.06
13.1	17
9.63	21.53
6.53	22.63
8.84	19.79
6.87	22.72
9.93	22.23
4.03	15.62
3.22	17.36
7.5	11.44
4.58	14.31
7.35	12.93
9.07	13.19
8.58	13.29
10.59	20.79
6.78	15.13
3.64	17.49
8.71	20.22
4.89	22.14
3.2	17.45
4.18	18.31
4.82	18.84
4.39	12.27
8.31	10.42
6.27	9.68
6.02	9.59
7.07	16.65
0.27	7.16
-0.14	3.25
-2.99	7.01
-2.22	12.26
4.79	7.76
2.71	10.03
2.09	15.81
10.67	18.59
7.61	16.79
1.66	9.37
0.57	11.59
1.98	13.31
2.33	12.44
0.77	11.81
3.99	13.62
7.68	10.75
9.07	12.46
2.32	9.75
0.87	9.16
5.55	8.07
5.57	9.36
4.79	9.85
6.89	8.37
4.87	7.94
6.58	8.49
6.98	8.17
6.46	8.47
7.79	10.86
4.44	9.12
4.35	12.68
10.13	14.79
9.55	17.23
8.27	13.06
3.39	7.85
0.4	4.46
0.37	2.24
-1.11	4.98
-2.69	4
-0.49	5.52
-2.64	0.97
-4.97	1.16
-4.49	-1.47
-7.86	1.95
-9.05	0.59
-9.52	0.65
-8.72	0.13
-13.05	-0.78
-6.9	4.76
2.51	9.11
1.38	6.45
2.64	3.43
1.76	2.73
0.7	4.65
0.44	4.65
-1.94	0.64
-0.39	0.97
-0.33	1.32
-0.17	9.9
2.03	12.44
4.66	11.89
0.48	8.87
2.62	7.08
-4.19	4.45
-5.15	2.77
-4.5	4.85
-2.85	2.94
-3.07	-0.74
-1.4	7.37
0.1	9.37
3.78	11.22
2.91	7.29
-0.12	4.92
-0.67	0.38
0.38	4.78
1.51	3.91
-0.75	3.45
-5.28	2.16
-2.8	-1.01
-2.98	-1.41
-2.11	0.5
-1.32	0.38
-1.09	-0.03
-3.3	-1.03
-4.1	-0.97
-4.28	4.93
0.16	5.57
-0.77	1.16
-0.73	1.07
-1.15	0.1
-4.85	-0.45
-10.29	-2.91
-12.7	-1.17
-3.19	-0.23
-5.82	2.82
0.48	9.35
0.25	12.98
-1.72	8.04
3.14	7.29
0.37	5.32
-3.37	4.93
-0.05	6.55
-0.71	4.07
-1.95	5.58
-4.25	3.19
-1.82	0.44
-3.13	-0.66
-8.31	1.42
-2.83	0.24
-1.39	-0.34
-1.08	0.82
-0.92	3.96
-1.04	5.39
-1.62	5
-1.14	4.39
-2.11	5.44
-1.27	3.4
-4.54	1.19
-4.86	-1.43
-3.65	1.93
-0.65	3.46
0.75	4.57
1.2	3.54
1.47	4.6
1.73	8.27
-0.37	4.5
0.94	7.1
-3.17	9.94
-1.55	8.17
-2.2	10.78
4.93	13.39
8.7	16.79
8.44	18.44
5.81	14.44
8.14	10.46
2.07	14.11
3.06	8.47
3.1	9.61
-1.58	7.29
-1.56	1.32
-2.88	3.1
-4.16	5.21
1.36	4.02
2.19	13.43
-0.75	14
6.02	10.51
-0.61	8.26
-1.49	2.29
-2.69	0.44
-3.3	-2.51
-3.19	-2.25
-4.37	3.38
-7.11	6.62
2.3	3.56
2.33	4.98
1.78	4.25
0.73	4.6
1.28	2.99
1.03	2.46
1.39	9.39
3.36	6.82
4.38	7.79
3.66	7.79
0.15	10.47
2.88	14.27
7.28	16.22
3.26	18.01
10.56	18.9
7.16	18.17
6.12	19.54
6.85	18.76
4.58	19.68
5.53	22.24
8.37	24.45
9.97	23.18
10.81	18.51
8.25	21.23
10.35	21.36
9.78	21.22
7.12	23.74
7.61	26.05
9.81	27.07
14.9	23.65
13.46	24.66
12.15	25.48
12.28	27.55
12.62	27.7
16.23	21.52
13.89	23.95
10.35	22.18
13.31	17.46
13.79	20.75
15.09	23.26
12.52	23.16
11.86	25.15
9.95	25.07
13.04	17.65
11.17	19.05
8.76	18.65
8.21	21.16
7.93	23.75
11.41	24.17
12.24	20.94
11.57	22.35
10.67	26.39
11.11	21.72
9.95	21.6
7.85	20.26
10.09	16.47
8.08	16.24
9.03	14.03
8.69	16.83
8.16	16.6
9.28	20.46
10.92	23.76
10.51	18.15
9.05	13.71
8.37	16.74
8.51	15.87
8.72	18.62
10.18	16.87
12.37	18.56
10.64	21.26
12.01	23.26
12.48	26.1
12.24	27.2
15.1	24.51
13.48	19.17
10.23	22.82
10.97	25.61
11.34	26.17
12.82	28.42
16.41	29.56
17.12	31.65
17.8	32.7
18.56	33.48
19.71	33.52
20.06	32.71
16.84	30.36
17.21	28.07
12.66	21.85
12.03	18.77
8.06	20.01
6	19.28
6.47	20.62
8.98	22.51
9.94	22.85
8.17	24.39
11.16	27.31
12.24	28.21
14.62	28.82
15.53	28.5
18.74	27
18.04	27.73
18.04	27.48
16.1	28.75
15.46	29.3
16.07	24.34
11.03	25.11
12.38	25.93
13.74	26.52
14.08	27.06
12.85	25.81
12.07	28.4
13.37	29.63
14.74	30.44
16.49	30.03
15.82	27.67
12.15	30.19
14.28	32.39
15.88	32.33
16.84	30.56
16.89	33.43
18.68	34.51
19.38	35.91
22.15	38.2
19.04	28.54
13.73	29.95
14.02	31.17
14.37	34.05
16.47	36.06
18.04	36.67
17.44	33.61
18.05	36.37
19.47	36.08
18.11	38.91
18.59	34.79
16.66	26.74
12.36	28.72
15.28	29.97
13.95	30.14
15.76	17.99
12.2	24.89
9.33	27.08
10.41	29.22
12.34	31.17
14.62	31.83
17.15	23.12
16.57	24.37
13.4	25.64
11.98	27.21
15.5	20.45
12.01	18.11
14.1	21.29
14.92	23.16
15.44	21.58
12.71	23.86
9.98	24.26
9.38	26.14
11.41	24.23
10.1	20.06
13.96	24.96
13.7	24.42
14.41	25.22
13.42	25.59
11.01	25.57
10.06	25.95
13	18.65
13.98	21.42
10.85	17.02
10.67	18.6
7.68	18.01
9.93	22.1
8.94	22.4
10.24	23.49
8.67	16.21
4.42	16.47
10.38	18.19
6.46	20.24
10.07	19.78
9.25	19.07
6.8	23.14
6.81	22.04
7.49	21.39
10.3	22.84
9.8	15.51
8.59	13.72
8.4	11.23
7.61	8.38
7	15.7
4.9	12.11
-0.71	11.29
-2.16	11.8
-1.58	9.95
7.13	12
8.93	16.93
5.8	19.07
8.33	16.45
10.85	18.61
10.32	19.85
8.16	17.95
9.68	19.18
5.18	17.78
6.82	18.07
8.19	13.91
3.88	17.3
2.85	18.24
2.42	16.91
8.15	21.31
11.52	22.55
8.36	22.54
14.03	24.03
12.56	21.05
8.18	22.25
8.58	21.34
6.89	21.07
11.24	22.83
9.5	20.06
8.01	13.24
3.1	14.32
5	16.25
5.31	17.24
9.67	18.89
8.58	10.72
7.95	10.69
2.88	10.05
5.38	16.2
4.35	16.87
8.35	16.07
4.77	9.56
5.63	8.42
5.84	8.11
6.69	7.32
4.45	7.16
5.14	6.94
2.17	10.35
1.12	9.15
4.15	7.52
5.55	7.39
6.56	7.72
4.98	8.24
5.52	6.82
6.52	8.8
6.29	7.97
1.27	6.24
0.55	2.73
-0.91	2.54
-4.63	4.21
-3.82	7.4
-0.42	5.68
-3.35	6.58
-3.69	7.15
-4.42	5.12
-5.36	4.21
-4.85	4.84
-1.27	6.68
-2.89	5.24
-1.25	7.41
-2.55	6.91
4.05	9.76
0.21	5.56
0.06	4.21
-2.14	0.72
-1.13	-0.32
-1.7	-0.73
-3.25	-0.11
-3.36	-2.39
-3.18	-2.58
-4.41	1.56
-2.42	6.09
-0.91	4.55
-0.03	7
0.09	3.46
-0.14	11.99
7.5	12.62
7.65	11.12
4.76	8.11
0.42	10.49
2.94	7.71
3.45	7
3.2	4.85
3.66	4.94
2.97	8.91
1.37	12.02
-0.24	9.83
8.12	11.53
3.91	10.09
1.96	6.57
1.97	4.38
0.87	4.13
2.09	7.18
1.95	6.07
-0.31	8.99
-1.83	8.49
-0.01	10
2.21	7.42
-0.31	8.63
5.95	12.97
5.56	13.92
5.43	12.1
5.89	11.78
3.49	9.28
2.61	5.22
1.28	3.84
-1.28	1.27
-4.86	0.12
-10.34	-4.19
-7.53	-3.48
-4.41	-1.95
-3.84	-1.15
-6.42	-0.94
-2.7	-1.06
-4.95	-2.35
-2.71	-0.53
-3.33	-0.6
-1.95	-0.88
-2.23	0.33
-0.91	1.47
-2.04	9.72
3.16	8.1
0.55	10.48
-1.39	8.3
4.75	7.73
1.28	5.33
-2.6	9.06
3.17	9.95
0.78	12.17
5.3	14.18
2.18	6.65
0.17	5.69
4.48	10.22
4.45	10.66
4.41	9.2
4.64	7.45
3.31	8.52
2.14	11.71
-0.61	8.61
-0.28	12.93
3.06	13.46
3.14	11.64
1.12	13.98
3.93	10.1
2.81	7.88
5.32	9.35
6.43	11.89
6.68	10.14
4.51	10.22
2.4	12.48
1.97	12.38
2.18	11.21
-0.16	14.69
1	15.72
0.61	16.41
0.95	19.02
2.92	17.61
7.32	19.75
5.42	22.59
4.17	19.74
8.94	17.64
3.4	19.9
5.14	21.3
9.96	19.22
11.15	15.84
4.58	13.26
0.23	10.61
1.58	12.47
3.02	13.59
6.7	17.37
3.47	19.87
3.75	21.15
4.54	21.13
7	19.78
6.55	20.67
6.34	20.28
8.57	21.24
11.82	18.35
10.75	19.58
8.62	20.83
8	23.97
8.57	17.94
3.31	13.59
2.59	15.22
3.06	15.07
3.05	17.1
4.63	20.3
4.99	10.78
4.1	11.71
5.44	11.5
3.51	18.66
10.02	19.22
9.29	14.37
9.48	18.29
11.42	19.76
10.22	19.88
13.17	20.4
13.39	16.62
12.23	16.85
8.09	20.82
9.64	20.78
9.92	19.43
9.79	21.94
9.31	22.31
7.93	22.57
9.09	14.29
7.54	15.36
5.26	16.39
3.67	20.39
7.75	21.36
10.3	21.12
8.18	23.48
12.63	22.88
9.67	20.85
6.13	18.88
9.14	12.65
6.86	15.17
9.19	12.11
9.47	11.25
8.46	15.46
10.57	19.59
8.7	23.17
9.47	24.45
10.49	25.84
13.42	27.43
14.81	28.56
15.99	26.85
14.57	25.68
13.1	25.69
13.83	24.7
11.82	19.49
11.53	20.51
10.58	16.84
6.69	17.46
9.51	20.44
9.17	21.71
9.47	21.68
7.78	23.65
11.19	22.42
9.95	26.36
11.44	28.75
13.93	30.62
14.93	31.48
15.08	32.54
16.16	33.7
18.3	29.69
15.6	26.26
15.1	23.85
10.93	23.28
11.01	22.65
13.66	19.33
12.23	25.18
11	26.38
12.37	21.91
9.45	22.57
10.07	27.12
14.02	27.23
15.73	23.52
13.32	18.27
10.27	22.47
11.84	24.41
12.04	27.11
15.38	29.44
12.89	24.3
9.83	23.33
11.92	26.61
14.33	25.73
12.1	26.2
15.04	27.74
15.65	29.84
16.18	31.37
18.45	26.88
15.84	21.95
13.9	17.11
13.98	20.62
13.93	26.7
14.81	25.46
14.69	25.36
16.06	28.18
17.51	29.26
17.32	29.54
15.52	29.25
16.83	30.33
17.25	30.97
19.33	29.04
15.4	22.19
18.32	27.06
14.09	27.52
17.26	27.41
16.56	29.1
16.56	25.6
18.34	24.24
17.99	27.25
17.07	27.68
17.23	25.43
17.73	26.48
16.97	28.75
17.09	29.47
14.8	27.34
16.89	25.29
16.8	23.37
17.26	25.68
14.36	28.44
15.04	30.3
16.45	29.24
16.97	30.37
16.89	23.62
14.64	26.59
13.56	22.63
13.06	21.53
10.74	22.39
10.09	23.62
10.21	24.71
11.83	24.46
14.88	20.59
12.39	21.79
11.22	22.33
12.56	21.34
13.29	22.29
10.25	20.78
10.82	21.65
14.83	24.33
7.95	22.48
8.84	23.42
10.81	25.06
14.15	23.42
11.96	19.2
13.05	15.19
13.71	20.35
15.77	21.74
16.01	24.61
16.14	20.27
14.82	20.71
12.86	24.54
13.09	26.36
15.2	18.43
12.8	15.07
12.17	15.17
12.86	19.98
13.45	18.07
13.68	20.13
13.67	20.71
10.93	21.3
8.28	21.15
10.99	24.23
13.46	23.88
15.6	25.86
12.22	19.25
7.13	17.23
6.07	18.42
7.78	15.95
7.86	13.89
11.46	18.1
8.29	21.53
7.74	21.38
8.22	16.29
11.17	18.29
13.11	17.56
9.94	18
8.93	15.33
10.47	18.1
5.98	18.01
8.33	18.63
11.3	22.51
13.85	24.89
13.3	25.02
11.08	25.35
11.23	23.22
12.52	25.77
14.02	24.58
11.92	18.65
12.75	22
12.91	21.41
7.96	20.56
7.64	20.83
7.94	22.87
11.84	17.99
5.31	14.76
5.67	9.22
7.21	9.46
5.15	7.82
3.08	8.02
2.85	9.09
-0.54	8.73
-0.66	9.06
2.92	10
4.81	12.11
4.72	14.72
3.13	13.65
3.56	11.78
9.02	17.67
9.28	20.03
11.47	16.55
10.7	17.18
9.87	14.17
8.77	12.24
8.43	17.9
9.71	18.52
9.15	15.03
8.87	11.2
10.59	13.11
9.97	13.29
8.89	15.58
8.66	11.19
8.26	13.87
5.85	12.44
4.61	11.89
3.35	8.74
0.67	9.32
0.08	6.48
2.9	4.57
1.38	4.77
1.44	5.15
1.44	2.9
1.41	2.67
2.35	3.07
2.57	3.41
2.16	2.74
0.86	1.89
1.44	3.26
3.56	3.87
3.97	4.86
4.48	5.01
4.68	5.33
3.31	6.01
2.52	3.87
-1.88	4.46
-2.69	6.09
-2.23	7.6
1.16	13.01
2.21	11.19
-0.63	8.98
-0.97	6.51
2.4	8.11
1.43	9.52
3.47	13.74
2.3	12.12
1.03	9.83
-2.19	9.82
2.67	13.62
-2.05	10.21
-2	8.68
-0.67	6.13
-3.09	0.87
-4.83	0.21
-6.58	-0.43
-8.42	-2.32
-14.56	-4.12
-10.71	-1.86
-3.76	3.94
-2.33	4.9
-0.97	6.46
-2.77	3.6
-1.37	4.22
-5.19	-0.74
-5.85	0.14
-2.8	5.85
3.16	13.79
0.79	8.22
-0.95	8.19
-2.07	10.98
1.73	10.43
-1.23	7.79
3.32	13.35
6.35	11.03
1.57	9.54
0.39	5.38
-0.5	4.67
3.23	4.43
3.72	6.28
4.5	5.99
1.07	4.57
1.23	2.92
-1.54	3.79
-4.2	0.66
-4.19	4.97
-2.18	1.75
-0.48	3.07
-1.89	5.11
-2.96	2.1
-2.75	4.62
-4.16	1.57
-0.73	1.18
-1.56	0.83
-2.23	0.29
-5.94	0.71
-9.87	2.33
-3.47	0.06
-1.49	5.03
-1.23	4.48
-0.96	5.77
-4.01	5.31
-3.07	6.21
0.01	10.39
-1.91	10.28
-2.64	5.22
-1.78	5.22
-4.13	7.41
-3.81	10.67
0.35	11.54
1.09	7.6
3.08	6.14
4.03	5.64
3.73	6.87
2.91	9.56
-1.81	8.57
0.52	9.51
0.58	10.71
3.73	11.7
0.63	11.25
0.52	10.61
4.01	7.61
1.29	7.15
-1.2	9.5
-2.78	10.05
-1.88	10.39
-1.67	13.72
0.89	10.51
3.86	7.59
4.61	6.21
2.63	8.24
1.24	9.07
0.96	12.88
2.72	13.64
-0.55	12.79
-1.17	12.01
-1.72	12.63
-0.16	17.2
2.73	13.58
-0.08	13.38
1.02	16.37
3.61	14.49
7.96	19.65
8.31	11.57
7.31	12.12
0.24	16.21
8.32	17.24
1.51	19.17
3.17	14.05
-0.19	13.6
0.19	11.31
-1.03	9.72
3.48	9.68
0.47	8.82
3.02	9.07
3.95	10.03
7.06	14.21
2.11	19.15
4.47	21.86
9.09	20.85
5.29	23.47
7.84	17.38
5.87	24.59
6.85	26.98
11.36	21.01
7.16	12.58
0.27	13.28
1.29	18.42
9.16	20.52
7.64	20.5
5.94	23.07
8.79	19.8
6.32	22.7
11.63	23.55
11.94	23.27
10.37	16.96
8.73	16.99
2.74	18.23
5.08	18.08
12.13	19.84
11.01	19.47
12.36	24.93
13.42	28.07
15.02	27.69
10.19	22.78
9.89	24.28
9.58	24.29
12.05	22.56
10.57	20.63
5.65	23.95
11.07	25.56
14.48	23.94
12.15	16.8
12.59	19.91
11.19	21.48
10.42	23.29
11.28	28.07
12.14	26.31
10.25	15.16
11.16	12.09
10.94	13.18
8.85	19.2
11.82	17.16
13.55	17.11
12.12	15.96
7.8	17.91
6.17	23.51
9.97	24.9
14.58	22.33
11.61	26.27
13.43	28.32
13.71	29.7
16.65	28.07
14.31	26.34
11.99	28.54
14.57	29.05
13.52	29.03
14.56	26.38
14.22	26.5
14.01	28.65
15.55	30.28
18.17	31.27
16.61	31.1
15.99	26.2
15.09	22.02
14.58	20.21
8.19	23.3
13.76	21.09
9.85	20.28
7.14	20.63
9.07	25.35
11.76	21.27
11.24	19.87
9.08	23.47
11.9	24.97
13.55	24.84
15.6	24.42
11.22	24.39
11.63	27.1
15.41	29.59
17.15	30.49
17.45	30.08
15.62	30.99
15.12	31.63
16.13	34.22
20.02	35.18
20.02	33.33
16.23	23.13
11.67	24.54
12.12	27.44
16.1	30.99
18.7	24.67
17.51	28.1
18.15	30.18
18.77	31.46
20.54	34.15
19.81	31.56
19.38	34.29
19.98	32.18
19.57	33.47
20.13	34.92
20.15	34.39
20.83	32.82
19.59	32.22
15.84	22.09
14.07	19.45
16.64	23.5
14.69	20.56
15.08	18.94
15.27	24.44
9.86	25.96
16.41	27.38
15.76	28.95
16.84	30.96
18.07	32.2
17.24	33.52
18.42	33.87
18.4	34.42
16.44	33.65
15.35	33.55
15.44	34.28
15.6	35.31
16.91	35.94
16.85	35
17.93	33.94
17.7	29.54
17.81	22.79
16.7	26.02
15.38	23.62
15.88	19.89
12.34	22.41
11.72	24.3
12.44	24
13.88	27.42
15.84	22.48
13.31	26.65
12.95	27.29
15.78	31.7
15.28	32.75
15.25	33.67
16.49	32.39
14.92	33.1
14.65	27.1
13.38	25.04
14.61	22.65
13.98	17.4
11.13	20.57
5.35	20
11	19.72
6.42	20.42
8.62	19.33
12.3	19.58
7.92	23.13
9.87	24.1
13.11	27.15
14.77	26.75
16.96	27.64
19.2	30.82
15.99	27.51
14.94	22.18
13.86	21.85
7.57	20.58
4.55	21.08
8.05	24.1
11.49	18.13
12.1	15.78
12.18	16.89
11.75	16.72
8.73	16.54
8.88	16.1
7.77	14.82
6.11	17.06
5.97	18.74
6.27	20.2
11.26	22.8
10.46	21.05
8.46	20.03
13.58	15.84
12.08	16.5
11.31	16.05
9.36	13.4
5.56	10.73
1.58	8.97
4.93	8.64
8.33	9.44
8.4	11.69
11.02	16.21
5.87	11.7
5.01	13.36
6.87	9.83
5.3	11.74
2.54	13.13
5.21	12.7
1.94	14.71
2.88	15.47
1.42	14.23
3.84	15.93
4.09	14.05
5.18	9.75
7.43	11.25
3.99	15.22
0.52	14.66
-0.57	12.3
-2.7	11.58
-1.43	13.34
0.89	12.33
-0.14	14.48
1.47	15.89
3.73	17.13
6.38	22.5
5.52	19.92
11.07	20.76
8.69	22.07
5.35	19.55
3.51	15.55
4.39	13.52
5.03	13.27
7.21	20.64
2.82	13.59
7.54	18.51
2.15	16.53
5.19	14.74
4.12	14.22
2.32	6.54
-1.34	5.28
-0.67	3.96
-1.04	2.24
-0.36	3.51
2.81	4.91
-0.39	5.16
-2.09	8.77
1.52	12.04
3.07	14.98
4.39	12.39
0.11	8.77
1.25	6.56
0.13	7.37
2.17	4.7
0.82	4.42
0.25	1.6
1.63	2.85
1.93	8.77
-3.44	6.53
-2.08	2.07
-2.96	4.46
-2.25	6.3
0.1	3.13
1.24	6.27
1.44	3.11
0	1.91
-0.1	8.46
0.41	3.05
0.82	3.94
-0.9	9.34
-0.15	10.76
-0.09	10.41
-0.46	7.39
-1.7	10.34
-2.29	4.34
-3.2	8.19
-0.78	3.07
-2.8	2.96
-8.2	-1.34
-6.22	0.2
-6.25	-1.42
-5.99	-2.8
-8.98	-5.96
-11.43	-3.56
-3.65	-1.76
-5.72	2.25
-3.82	1.2
0.13	2.66
-0.01	3.81
-0.16	13.87
3.2	10.88
-0.61	9.05
-1.03	7.4
-0.71	4.3
-4.14	2.88
-4.18	0.4
-5.25	-0.24
-9.55	-1.64
-8.14	1.02
-6.87	1.59
-8.89	0.72
-9.59	-2.39
-6.49	7.33
-2.03	5.49
-0.74	12.83
-1.8	12.37
1.4	15.28
0.61	11.75
-0.79	11.39
4.75	10.32
2.95	15.51
4.99	12.11
1.23	10.35
-0.82	8.24
-0.5	7.47
-1.98	11.57
3.94	11.34
6.18	13.54
5.74	14.88
0.18	11.56
-1.2	9.91
-2.35	5.14
0.94	6.08
0.38	9.69
4.25	8.17
3.92	6.05
2.52	5.1
3.23	6.06
3.76	5.86
0.7	8.17
3.19	13.93
5.06	16.6
8.84	15.01
2.46	10.67
-1.39	7.28
2.34	5.77
-2.97	8.1
0.79	9.65
4.92	8.52
5.26	9.24
-0.51	11.48
3.67	8.02
3.07	9.52
1.61	11.57
6.44	13.66
2.35	6.73
1.63	7.68
0.51	9.52
1.46	13.23
6.42	8.58
5.07	8.65
4.3	8.57
3.56	9.34
-0.23	5.22
1.75	7.21
0.82	11.89
-1.5	14.61
2.04	13.49
0.45	14.99
3.92	11.07
4.7	11.89
1.95	8.55
2.92	10.61
0.84	11.2
5.08	10.83
1.04	14.75
3.38	15.42
4.85	17.84
3	19.15
8.53	22.26
10.41	22.52
6.4	15.78
4.17	22.02
11.2	25.25
13.19	25.29
10.9	22
8.11	21.44
9.99	16.69
7.51	13.63
6.45	15.47
4.33	17.97
4.83	23.08
6.58	22.35
9.16	18.2
2.95	21.42
9.24	23.35
13.97	23.88
10.97	20.03
9.13	16.19
5.94	16.82
1.49	19.81
4.33	21.35
6.47	20.54
6.35	13.87
4.13	10.76
-1.79	15.74
2.97	12.32
0.98	8.82
2.2	15.76
1.5	18.13
5.52	13.53
11.08	13.97
9.8	18.76
10.54	15.02
9.19	18.93
9.15	22.23
6.92	22.96
8.05	21.11
9.4	22.51
10.03	19.11
12.86	18.23
14.3	16.02
10.43	20.13
12.14	18.6
8.72	14.97
2.39	15.47
6.21	16.55
7.04	20.23
6.78	21.04
10.59	20.69
8.13	24.05
9.69	25.52
11.98	26.26
11.73	16.65
11.68	24.09
13.63	24.98
12.04	26.91
15.35	28.38
16.5	28.74
13.33	24.93
12.7	24.75
12.52	23.49
10.89	23.68
11.84	24.86
12.27	25.33
13.3	24.39
13.79	26.03
12.33	23.71
9.93	25.21
13.65	23.68
14.65	22.71
11.31	26.03
14.87	21.05
13.3	23.36
12.23	24.95
14.21	22.01
13.65	28.54
17.48	26.8
11.21	25.93
13.02	20.75
14.47	21.83
11.79	27.16
14.42	28.37
16.29	30.45
17.87	32.4
19.82	31.5
17.98	26.73
16.51	22.48
11.26	25.43
12.11	29.05
15.13	29.13
16.82	29.34
16.92	30.68
18.08	25.35
11.57	26.15
12.82	28.19
18.83	26.73
12.17	25.39
12.94	27.6
17.06	28.6
16.85	30.73
17.58	32.64
18.89	32.36
19.19	27.46
14.38	23.16
12.47	20.6
14.15	18.32
14.12	23.07
15.63	27.86
16.01	27.74
16.07	28.07
16.64	30.13
18.29	29.01
19.07	29.92
19.7	29.64
19.74	25.76
17.79	27.58
17.94	28.53
18.64	26.44
17.33	28.91
17.22	30.74
19.13	31.32
16.89	25.21
13.55	26.35
14.94	27.88
14.84	29.72
16.51	31.28
15.15	24.21
14.93	25.22
11.55	27.22
11.99	28.15
12.8	19.86
9.74	19.28
6.74	21.72
13.22	24.71
12.29	27.96
14.67	28
14.1	26
15.02	23.45
12.59	24.4
15.5	22.29
13.88	27.03
16.71	21.65
13.78	19.88
14.16	24.83
13.72	26.28
12.47	26.6
12.02	27.6
12.47	28.64
13.46	28.83
13.78	29.21
16.76	26.72
11.43	25.44
9.94	27.15
13.1	28.21
13.03	28.3
13.3	28.59
15.46	22.41
12.8	17.61
14.18	24.49
14.04	26.86
13.75	28.35
14.15	27.82
14.41	28.61
15.35	29.82
14.49	28.87
14	26.6
13.02	26.78
15.84	27.97
16.27	23.73
11.94	21.13
14.22	21.74
12.55	19.04
5.66	17.46
7.3	18.22
3.87	20.87
6.96	22.59
6.08	22.54
7.97	21.05
8.38	21.47
6.13	22.58
8.03	24.51
8.69	24.33
8.32	25.35
10.18	18.6
10.7	16.22
6.73	12.75
4.39	12.04
3.83	12.48
4.45	9.75
-0.11	14.25
5.77	13.82
0.84	10.05
5.78	8.22
2.43	11.8
-0.43	13.28
5.01	15.25
6.65	14.01
9.24	18.47
9.23	17.66
7.38	12.61
5.39	12.24
7.43	9.48
6.3	8.98
1.96	12.29
1.54	13.84
7	19.83
13.72	21.56
9.68	15.91
6.19	11.89
1.44	12.02
3.8	15.85
3.51	12.5
0.62	12.19
0.92	14.55
2.97	17.25
4.25	10.65
-0.28	8.88
0.7	12.82
7.87	15.48
3.19	7.49
1.25	5.43
-0.43	6.16
0.03	8.94
-0.55	8.97
1.19	5.05
-1.32	4.49
-3.69	4.14
-4.04	4.04
-1.46	4.58
2.13	10.52
1.69	15.93
10.9	16.37
7.68	15.19
7.63	15.89
6.3	16.53
5.03	15.09
4.14	14.01
5.79	8.27
4.16	7.51
5.79	8.09
0.46	6.26
-2.37	2.55
-5.57	4.37
-2.83	6.55
-4.19	8.22
-4.43	5.13
-5.25	3.18
-2.95	2.95
-5.72	-1.89
-4.68	0.02
-2.82	-1.26
-3.87	3.92
-4.32	8.96
-3.79	7.88
-0.86	10.66
-2.99	6.48
-2.87	3.45
0.28	3.91
-1.26	2.45
-5.1	3.18
-4.86	-1.09
-2.4	-0.79
-4.05	-1.95
-4.28	-3.57
-3.92	-3.34
-4.21	-2.97
-2.76	-1.76
-2.4	1.41
-1.37	8.35
-1.08	8.47
0.65	5.96
-2.17	2.96
-6.64	1.93
-8.64	2.9
-8.22	4.19
-9.37	1
-5.77	3.5
-4.58	1.56
-5.2	1.57
-6.84	-2.94
-10.29	-4.72
-11.28	-5.54
-10.11	-1.99
-13.3	-3.72
-15.87	-3.33
-7.57	3.43
0.18	4.81
-2.82	2.34
-6.75	2.33
-8.3	-0.65
-3.31	-0.72
-3.1	-1.55
-8.21	-1.93
-13.11	-0.39
-12.92	-0.44
-12.09	-0.94
-12.99	-5.49
-7.82	-5.34
-5.56	-2.63
-4.01	-1.04
-9.12	-2.18
-10.22	-5.47
-6.78	-5.66
-8.39	-6.38
-8.49	-3.42
-3.85	-0.76
-1.68	5.35
1.34	11.63
-0.7	9.93
-0.39	10.79
3.24	6.64
0.52	5.12
-2.82	0.96
-2.43	-0.58
-1.16	0.84
-1.25	2.43
-0.47	4.35
-1.66	4.24
-5.33	6.51
-4.27	10.46
-3.61	8.93
-3.97	4.02
-0.38	8.83
-1.92	9.29
-2.21	10
0.52	10.56
2.1	14.34
5.46	15.81
4.97	12.91
-1.27	9.53
-2.91	10.2
0.42	14.61
6.4	14.26
4.33	13.17
0.99	13.78
1.96	13.57
7.19	17.65
7.77	14.07
3.88	9.94
3.57	11.1
5.31	12.27
1.8	15.47
4.91	10.81
5.1	10.68
1.85	8.8
-1.82	11.88
-0.62	13.77
0.77	14.25
1.39	16.24
0.99	18.69
8.43	14.76
8.03	14.78
4.89	19.61
5.14	19.98
7.07	20.58
3.34	21.31
5.21	16.66
3.53	15.07
3.1	11.98
-1.36	14.2
0.15	20.23
2.99	22.8
6.63	19.68
4	21.69
6.82	23.91
6.34	23.76
5.62	23.3
8.72	19.42
9.97	15.38
8.35	12.36
4.47	12.48
8.34	17.02
5.62	18.99
5.49	23.22
8.83	16.73
1.6	17.42
8.63	20.27
4.91	19.26
10.07	17.3
9.55	16.59
3.27	14.35
5.86	10.48
2.34	6.64
2.06	5.8
-1.07	12.93
0.68	18.04
5.76	13.54
3.94	17.96
10.25	21.62
11.91	20.64
8.34	16.84
6.42	8.11
1.87	13.3
0.88	16.3
9.4	18.64
9.96	20.58
8.31	15.45
7.01	21.04
8.41	14.96
8.23	22.25
11.81	19.22
9.27	21.17
8.73	15.85
2.17	15.89
6.48	22.9
13.42	25.66
13.04	22.25
10.28	25.26
14.11	20.02
10.69	23.89
12.98	23.76
8.54	25.52
10.95	27.21
11.99	22.17
12.54	20.86
11.33	25.28
14.2	25.33
12.09	20.66
10.29	19.59
10.31	22.28
11.62	24.91
10.43	25.44
10.01	27.45
12.6	29.77
16.9	29.57
16.47	26.88
16.42	27.54
15.14	28.25
15.12	29.79
12.95	25.62
13.38	27.7
12.8	20.25
7.87	22.97
7.81	25.99
11.68	24.59
10.4	25.91
10.91	30.59
18.29	28.56
16.44	25.33
12.15	28.33
14.71	25.47
15.03	22.46
14.85	24.88
11.97	28.89
12.8	31.72
17.04	31.96
15.7	34.46
18.43	34.27
16.24	32.52
18.51	28.57
15.76	29.22
15.5	29.87
17.53	31.38
15.69	26.6
14.49	28
16.39	26.35
12.81	24.97
15.37	24.93
11.05	28.13
14.31	30.55
15.76	32.02
17.21	32.59
17.8	32.68
18.94	33
19.15	34.44
19.29	30.27
17.95	29.38
17.5	26.74
10.58	21.77
13.23	22.63
11.08	24.24
10.68	27.92
12.63	29.7
15.12	32.61
15.31	32.76
17.66	31.45
18.75	33.4
18.22	30.26
18.57	25.86
15.01	25.38
13.57	24.01
15.2	22.69
14.85	29.37
16.31	28.94
16.98	32.65
16.99	32.92
17.22	34.84
19.71	34.97
19.13	35.76
19.68	37.4
19.39	32.08
17.34	27.89
15.09	25.64
14.59	27.73
17.51	32.23
18.87	33.83
17.45	29.87
13.56	24.31
12.86	24.83
12.23	27.82
12.3	29.69
13.27	30.45
15.75	30.94
15.33	32.64
15.61	26.87
13.92	23.56
8.8	22.88
8.09	23.73
9.12	25.21
10.36	29.65
14.31	31.17
15.45	33.76
17.23	34.01
16.86	26.36
11.9	25.74
10.3	28.11
12.74	31.24
16.9	26.68
12.97	18.9
11.59	17.62
7.15	22.3
8.96	23.65
9.6	24.68
13.08	19.6
9.84	21.24
10.89	24.56
13.3	25.44
13.69	20.83
13.42	18.28
8.99	20.77
12.59	25.01
9.87	19.48
10.83	16.37
11.36	14.81
8.11	17.96
10.64	14.24
9.41	13.25
9.07	16.74
7.67	19.85
7.09	20.51
9.47	19.13
10.21	16.8
11.17	19.44
11.59	18.98
8.32	20.24
6.49	18.87
3.99	17.67
2.11	17.37
2.03	17.76
6.12	16.98
7.34	18.6
9.31	22.8
7.61	17.21
3.1	16.03
3.67	16.02
6.41	13.85
7.14	17.64
7.09	19.75
5.63	22.45
7.53	20.77
6.84	20.41
6.61	22
6.77	22.99
6.68	22.88
7.69	22.55
5.09	17.78
5.83	18.27
5.86	17.19
6.43	12.27
7.76	10.47
9.48	14.67
2.91	16.08
3.82	18.53
6.39	13.12
2.25	13.5
5.14	17.83
0.83	11.8
1.49	11.82
-1.53	12.67
1.86	14.07
5.13	13.75
2.28	13.78
6.33	17.21
7.06	10.46
6.93	9.93
6.99	8.52
5.46	9.29
6.55	11.18
2.03	11.25
5.11	10.11
3.27	11.27
2.96	7.65
-1.87	5.62
4.11	5.7
3.8	4.88
2.69	8.55
-1	5.93
-1.39	9.76
1.87	10.13
4.49	15.37
2.73	15.5
1.54	8.2
1.54	13.72
3.84	12.38
-1.98	7.11
-2.97	5.57
1.5	4.25
0.92	3.64
-0.14	3.29
-2.11	2.83
-1.77	2.55
-5.75	1.83
-2.81	5.49
-1.68	6.68
-4.31	0.46
-3.51	10.44
-1.27	5.59
-6.37	2.02
1.94	12.44
6.98	14.41
0.6	6.79
0.87	7.51
2.38	8.95
0.82	6.21
-1.56	4.35
-2.56	2.88
-5.61	2.51
-2.53	0.45
-1.14	3.81
-1.81	5.3
-1.56	7.92
0.99	14.51
-2.33	7.7
-1.18	11.99
1.45	11.49
1	10.41
-1.46	4.08
-3	4.22
0.9	10.66
3.75	8.72
1.11	5.92
-2.5	6.45
-1.44	7.07
2.25	11.54
5.94	14.39
3.91	12.56
2.99	6.75
4.76	6.2
3.85	5.48
3.29	6.43
1.65	5.65
1.55	4.03
-0.62	1.44
-2.59	-0.66
-2.03	7.28
0.83	6.2
-2.39	6.27
-0.08	6.05
-1.82	6.53
-0.01	5.56
-2.51	2.69
-0.94	6.49
-1.82	8.74
-0.67	7.84
-0.54	6.63
0.67	4.11
1.15	4.89
-0.75	14.02
0.68	12.27
-1.7	6.5
2.91	12.81
0.36	9.56
-0.18	1.36
-1.41	5.95
-3.85	3.18
-1.68	0.74
-1.28	0.53
-0.36	2.81
-0.44	2.05
-0.87	1.23
-3.75	3.98
-2.84	1.68
-0.16	2.06
-0.54	3.14
-4.54	4.18
-2.84	4.08
-1.84	4.2
-0.18	3.45
-1.91	2.81
-0.99	0.86
-1.29	0.44
-2.04	-0.61
-2.32	-0.17
-4.15	-0.52
-9.71	-3.68
-12.55	-7.27
-10.59	-7.45
-13.56	-5.58
-16.3	-5.61
-7.17	-3.87
-4.71	0.24
-1.78	2.47
-1.86	0.16
-1.56	3.2
-1.08	10.47
2.02	10.57
0.62	12.89
4.82	14.85
3.35	16.16
9.34	16.33
4.11	16.62
5.39	13.37
4.93	14.25
7.76	11.65
3.31	7.39
-3.1	2.89
-3.44	-1.46
-3.03	2.17
-1.69	4.13
-4.24	4.86
-3.01	6.72
1.88	8.56
-0.54	5.22
0.72	10.1
3.44	10.22
0.2	13
8.62	10.65
5.98	14.02
8.58	13.59
6.04	14.14
2.07	16.17
9.62	19.69
11.44	17.67
10.52	17.6
7.1	14.13
2.24	14.56
6.43	20.64
7.64	24.84
9.21	18.54
9.95	20.43
8.73	21.89
11.37	20.37
5.45	22.28
10.78	21.82
14.21	20.6
13.8	20.16
10.58	21.16
8.45	24.45
10.71	24.66
8.06	26.02
8.95	27.48
11.81	27.53
13.9	23.93
11.12	26.73
10.36	21.29
9.99	19.21
8.62	25.85
11.99	28.47
12.75	25.93
11.71	23.58
12.82	26.97
12.25	25.83
16.12	24.38
15.47	22.71
12.3	22.45
11.8	23.51
10	22.77
9.59	24.55
11.91	25.5
15.05	22.4
12.75	25.99
12.79	25.75
12.77	18.87
12.14	16.66
7.53	20.11
9.85	21.16
12.21	22.42
11.05	21.89
11.98	22.68
11.78	23.15
10.29	24.39
12.7	25.18
15.35	25.35
15.65	22.18
12.92	25.91
13.94	27.95
15.77	28.99
16.91	28.66
17.08	27.38
14.35	28.93
15.47	29.43
14.53	27.7
15.3	27.05
14.92	28.21
16.23	28.72
14.91	28.61
16.79	27.34
15.76	28.72
16.29	24.87
15.91	28.46
16.6	30.2
17.93	30.54
15.19	23.54
14.01	19.08
14.02	21.59
16.01	25.84
17.34	27.06
15.7	26.85
17.17	27.37
16.71	29.3
16.41	30.58
12.5	25.5
7.01	20.3
11.06	20.6
11.98	19.61
10.37	23.34
11.36	21.5
14.12	22.02
16.4	25.22
16.87	25.69
9.88	21.93
9.49	23.1
15.79	26.53
18.14	26.79
14.91	29.68
16.74	23.57
17.42	26.16
13.22	25.93
14.51	27.16
14.25	28.06
16.04	22.7
15.78	23.83
14.59	27.39
15.2	29
14.98	26.87
14	27.55
16.14	27.39
16.89	29.05
17.58	28.77
14.84	29.63
16.22	29.91
17.98	26.97
17.62	24.47
16.4	28.7
16.45	29.16
18.11	28.64
17.48	28.93
18.4	30.23
18.62	32.08
19.4	32.12
18.88	31.98
19.09	31.55
19.5	28.86
18.68	30.9
18.18	31.25
16.51	31.83
17.58	31.36
17.75	31.83
16.64	32.59
18.17	33.03
19.01	31.61
16.81	26.45
15.73	28.67
15.58	31.05
16.99	25.93
15.36	26.76
14.29	27.89
13.34	29.15
15.28	30.63
15.86	31.7
15.74	32.32
16.29	31.44
16.27	31.46
16.36	32.47
17.07	31.1
16.04	20.99
11.82	17.75
9.61	22.67
10.26	27.14
12.49	27.4
12.29	27.18
13.79	25.22
15.45	21.37
16.03	20.11
16.09	22.76
15.25	19.42
15.25	25.29
11.92	25.68
13.19	25.24
15.49	25.43
12.07	26.15
13.19	26.87
13.19	28.47
12.57	29.45
13.14	28.06
14.82	26.45
14.02	25.13
13.49	25.74
12.05	26.57
11.59	26.36
11.67	26.85
13.12	27.36
12.26	27.76
11.01	19.37
11.36	19.02
8.96	17.61
3	14.06
0.93	15.71
1.76	20.4
4.68	21.61
7.46	15.99
0.84	16.78
1.1	17.85
7.12	14.45
2.76	18.82
5.02	18.59
3.67	19.21
5.18	22.16
10.8	20.13
13.18	19.75
8.16	22.33
8.19	22.74
6.42	22.71
5.76	21.34
5.95	21.52
4.85	20.36
4.7	17.74
7.64	17.55
8.73	21.17
9.46	20.68
8.07	20.07
5.75	18.69
7.43	12.99
6.6	14.29
5.01	15.89
7.75	19.17
5.77	16.93
4.44	17.29
8.91	19.09
8.1	16.61
12.79	21.33
13.37	19.82
6.24	18.67
6.06	18.51
9.24	19.38
12.56	15.25
12.15	13.97
9.63	14.05
6.34	16.54
6.4	16.86
6.25	13.78
6.84	11.25
7.91	15.01
7.71	19.66
5.81	19.42
6.78	15.14
6.68	13.77
1.95	11.24
0.42	9.65
-0.25	6.58
1.11	4.57
0.66	2.33
0.79	1.84
1.86	4.95
4.77	6.04
5.17	6.68
5.19	7.07
5.5	6.57
4.96	6.95
0.64	4.58
-1.28	3.36
-5.92	1.47
-5.38	-1.33
-3.63	1.67
-4.71	4.28
-0.31	9.2
1.27	13.94
-1.14	8.8
-3.09	4.31
-0.26	9.72
2.77	9.26
0.35	9.95
0.53	8.75
-2.41	5.51
-0.99	5.49
-3.93	0.78
-1.86	-0.54
-1.92	-0.38
-5.06	0.37
-6.22	-0.28
-2.48	2.57
-2.05	2.16
-2.98	0.49
-2.52	4.49
3.82	11.32
2.26	9.16
2.81	9.07
-2.04	4.62
-2.9	4.03
-3.31	7.16
-2.16	5.63
-2.84	6.61
-1.91	4.68
0.65	6.92
-2.49	6.21
-0.8	5.92
-2.12	1.79
-3.25	0.75
-2.32	2.59
0.27	4.06
-1.79	1.5
-3.6	1.33
-2.41	5.68
-0.68	1.96
-3.86	1.96
-4.94	5.74
-2.16	9.12
1.07	9.23
-4.8	6.18
-0.24	9.55
1.48	12.36
-0.45	8.18
-2.86	0.33
-1.83	2.9
-2.69	1.46
-3.84	-0.41
-4.67	-2.81
-3.42	0.27
-6.37	0.88
-8.8	0.07
-6.79	3.93
-0.13	3.18
-1.38	3.7
-2.95	1.47
-3.41	0.72
-1.41	7.17
6.16	15.28
3.43	11.79
-0.66	5.7
-2.48	1.64
-4.73	4.95
-5.67	5.66
-3.55	6.63
-2.81	7.19
-1.2	11.14
3.02	9.88
-0.95	7.38
-0.5	7.93
-0.72	12.07
-1.05	9.24
-2.78	13.06
-2.57	14.98
-2.69	14.72
-2.05	13.82
-0.47	12.07
-0.76	14.09
2.5	10.73
-4.96	2.58
-6.98	4.19
-1.1	11.11
0.8	18.53
4.58	14.13
-1.39	21.84
5.55	17.35
3.77	10.53
1.13	17.11
5.87	18.99
1.81	14.61
2.55	14.74
10.9	20.22
8.42	16.62
6.53	15.74
4.42	16.45
2.99	12.82
-1.37	10.42
0.21	9.62
-0.52	13.01
1.82	13.64
6.91	13.66
3.42	21.19
4.71	14.36
2.76	9.12
0.68	10.87
-2.07	13.02
-0.98	17.38
1.59	19.6
2.85	21.69
6.69	14.13
3.98	11.44
1.1	9.74
-0.17	12.75
5.13	15.75
0.54	18.62
1.25	20.36
5.98	17.95
3.54	18.91
6.56	20.56
5.29	19.74
8.38	16.04
4.62	13.56
3.75	19
6.98	19.74
10.38	19.82
8.54	15.72
5.67	10.86
4.86	9.01
5.39	8.57
5.32	7.89
5.46	15.23
0.69	17.41
2.35	16.19
5.09	17.93
4.03	21.52
4.45	21.33
3.45	22.44
4.15	23.54
8.54	17.2
8.94	22.8
13.68	25.59
12.65	25.91
10.5	19.65
6.29	17.43
5.3	13.09
8.08	13.8
9.05	20.93
6.62	24.28
12.01	19.35
10.2	13.93
5.01	12.22
4.23	8.62
4.27	14.66
2.78	18.03
10.51	15
6.24	20.9
8.12	21.99
10.37	18.38
7.64	11.4
6.76	10.37
6.32	8.35
6.99	12.09
4.78	14.5
6.63	20.76
11.98	20.14
12.33	20.13
10.97	19.76
12.32	22.75
12.49	20.15
9.87	23.09
9.78	25.19
12.15	26.17
15.56	20.46
14.69	20.26
12.18	15.73
10.47	14.47
10.15	21.41
10.97	24.8
13.73	26.02
12.83	27.16
13.77	27.6
14.35	28.51
15.11	28.15
14.55	27.95
17.59	26.29
13.14	28.22
15.37	30.19
17.36	31.04
17.22	30.67
18.26	31.62
14.83	31.85
17.2	30.71
18.52	28.55
17.33	26.02
17.02	26.28
17.17	28.3
14.9	29.58
16.25	28.54
16.87	25.95
16.6	22.46
17.22	27.71
17.56	30.27
18.69	31.95
19.54	34.47
16.23	27.06
13.4	27.68
13.63	29.94
16.23	34.42
17.54	30.85
17.42	28.46
16.24	25.74
14.38	29.63
16.73	31.16
17.32	30.29
15.34	21.26
13.53	22.25
12.58	22.42
9.8	25.67
15.94	25.41
14.77	22.49
15.06	25.59
13.09	25.16
11.64	27.47
13.36	27.64
15.76	27.27
13.46	29.31
15.61	30.85
17.64	31.81
17.24	29.77
17.14	31.95
17.56	31.97
17.58	33.71
19.72	29.12
19.14	31.34
18.21	24.51
17.75	26.36
17.49	30.59
20.27	31.08
16.27	28.14
16.93	24.2
15.86	25.6
12.81	25.62
12.72	27.95
16.19	29.56
18.37	31.28
19.07	25.8
15.58	29.72
18.46	32.04
20.45	28.8
17.15	31.97
18.99	26.8
14.53	23.39
10.01	24.77
12.34	23.96
11.43	26.47
16.02	29.89
15.8	30.3
17.36	31.31
17.93	24.64
15.29	24.26
16.9	26.93
17.64	29.48
16.7	27.51
16.88	27.57
16.38	29.64
16.59	31.34
18.19	29.56
17.47	30.97
16.77	31.48
16.09	31.72
16.23	26.17
13.34	22.42
8.43	24.25
8.94	25.92
14.19	19.3
13.97	19.27
13.11	20.1
12.85	20.5
7.98	21.96
8.17	23.11
12.27	24.71
10.94	26
14.61	23.6
11.2	25
10.96	27.95
15.83	25.54
10.88	19.47
7.31	17.68
3.53	17.08
2.78	19.38
3.78	19.98
10.77	21.48
12.76	21.71
10.03	20.46
11.82	22.46
9.49	23.38
12.44	19.98
13.19	21.07
12.67	27.09
11.99	24.02
12.23	23.79
7.82	14.53
3.47	16.16
7.59	18.29
6.6	13.93
4.51	10.24
0.09	15.04
6.57	21.2
9.99	15.97
5.88	16.77
6.65	20.09
7.85	20.19
7.65	20.79
8.57	22.47
9.41	16.83
5.03	19.32
6.79	19.56
6.68	21.93
13.09	23.29
13.68	25.52
8.38	21.06
8.2	22.98
8.59	24.08
5.48	21.68
5.26	21.52
5.78	21.31
5.51	16.2
6.39	8.74
4.69	7.34
3.8	7.11
1.12	9.72
5.31	13.91
10.07	20.31
10.4	17.29
8.74	17.91
7.96	13.18
7.45	12.27
4.35	8.84
8.31	13.29
5.54	8.47
1.14	8.63
6.81	8.21
5.08	7.1
2.28	9.18
6.34	11.54
8.49	12.42
8.66	14.69
6.88	13.82
4.01	12.42
4.13	9.11
7.45	12.76
4.48	10.77
4.87	9.85
1.55	7.77
2.7	4.94
4.64	7.3
5.71	10.88
7.98	11.19
5.87	12.47
1.16	8.12
-1.07	6
0.83	4.56
-1.3	5.06
-4.15	2.56
-1.78	-0.38
-0.63	0.7
-0.93	1.83
-2.36	4.43
-0.7	6.22
1.67	7.31
-4.45	3.32
-3.37	0.19
-0.99	2.46
0.36	7.57
-1.62	10.15
2.88	13.25
10.77	16.72
11.05	17.24
7.62	15.44
5.98	13.92
9.61	12.66
3.1	10.23
4.44	10.18
1.72	10.55
0.14	10.78
0.79	8.52
-0.65	3.7
-0.41	3.79
-0.81	1.6
-6.27	2.21
-2.18	8.16
-2.78	5.17
-4.33	6.34
-4.3	2.76
-3.39	3.57
-0.29	5.91
-4.18	3.25
-5.63	3.39
-4.18	5.89
-2.13	6.51
-3.28	4.67
-1.53	8.61
-3.61	6.32
-3.53	1.57
-2.09	-0.31
-1.97	2.19
-2.03	1.48
-1.38	0.8
-1.48	-0.71
-0.76	3.29
0.32	4.68
-3.57	4.61
-4.97	-1.16
-4.27	3.55
-3.21	-0.82
-2.55	-0.76
-2.21	-0.17
-1.41	0.45
-0.3	10.72
0.09	8.14
-2.36	8.76
3.22	12.73
1.26	16.06
4.11	15.8
6.57	13.43
3.81	11.44
1.32	6.32
-2.44	7.7
-2.4	8.32
-2.36	7.53
-3.38	10.82
6.03	15.83
4.5	12.86
-1.33	10.83
-2.27	10.26
4.25	13
1.54	12.31
-0.04	12.82
5.04	16.29
5.14	12.18
-0.16	11.44
-2.27	10.76
-0.9	11.79
-2.87	12.28
4.27	13.67
5.79	12.45
0.5	16.25
0.7	11.17
-1.56	9.21
2.53	8.9
-2.98	11.3
8.33	12.6
6.86	14.54
6.38	14.28
4.18	10.91
-1.85	11.2
4.9	8.22
3	12.19
3.08	10.27
-1.15	10.64
4.8	14.33
6.09	20.95
5.49	20.59
6.07	14.8
2.54	11.06
-0.66	9.55
-2.68	13.09
-0.79	17.73
6.06	18.4
3.18	19.99
3.09	21.23
4.54	13.35
1.4	5.9
-2.19	3.42
-1.09	4.94
-0.55	4.47
0.68	7.57
4.2	15.48
2.33	18.06
4.72	16.1
3.39	11.28
-2.64	7.57
-2.23	8.62
-4.25	11.74
-2.45	16.86
3.04	15.52
2.17	17.41
1.51	18.7
0.91	19.39
-0.35	20.11
1.32	22.87
5.86	21.57
7.1	21.46
4.62	23.94
8.24	24.69
3	16.57
-1.52	14.99
1.23	21.91
5.78	26.15
8.27	23.36
12.16	20.93
8.2	16.43
5.06	16.85
4.58	18.27
1.83	19.33
2.63	22.35
7.02	25.2
5.86	18.74
6.31	22.15
8.12	24.95
11.06	19.28
10.87	21.12
11	18.65
9.71	19.99
6.59	16.89
3.8	20.12
9.48	16.1
4.39	16.54
5.2	22.06
6.03	24.86
10.26	25.72
11.16	24.67
14.9	22.61
6.01	18.82
5.59	19.45
11.36	18.61
10.56	17.11
9.29	17.83
10.69	20.14
9.22	24.19
12.93	20.16
13.93	21.19
8.62	20.96
7.89	21.9
12.18	23.5
11.94	20.64
9.68	18.21
9.14	17.93
7.91	20.8
7.68	21.26
10.57	19.77
9.46	16.43
9.29	16.46
10.05	23.05
9.82	21.8
10.49	23.52
11.35	24.68
12.89	21.01
10.64	24.11
12.55	27.38
12.87	23.26
12.72	21.21
14.58	22.74
9.75	24.97
10.25	27.92
11.63	29.52
13.57	28.12
15.96	19.8
14.28	21.49
15.97	23.24
16.42	24.12
14.29	25.81
14.57	21.19
13.43	18.18
15.83	25.21
16.79	24.78
11.29	24.52
13.06	23.66
13.24	26.99
15.68	30.5
16.48	31.4
15.83	28.22
13.41	25.84
15.27	30.08
17.01	29.95
18.17	24.23
13.48	26.19
13.26	29.18
16.45	30.88
13.42	25.25
9.45	25.68
13.76	28.38
14.98	31.56
15.31	27.67
11.69	22.55
9.5	23.92
9.97	24.45
9.97	26.23
14.32	24.22
14.08	22.64
11.35	21.09
12.29	24.2
14.57	28.54
14.72	30.8
17.58	27.18
16.58	28.75
17.43	25.25
16.6	22.46
14.73	26.65
15.04	28.51
17.31	31.45
18.96	30.22
19.49	30.83
19.05	32.22
17.4	29.65
15.02	28.86
18.09	24.24
16.15	25.46
13.8	18.54
15.63	25.57
16.44	29.8
16.22	31.33
17.42	31.52
17	31.46
17.17	30.39
15.98	29.08
16.5	29.96
17.49	27.85
16.66	26.2
18.45	26.34
17.07	28.76
16.35	23.58
13.86	26.84
13.13	28.08
15.87	29.45
17.1	30.28
18.64	25.35
17.06	24.94
13.81	25.52
13.01	28.2
12.66	26.52
12.66	27.65
16.86	30.78
16.04	29.38
14.13	20.86
13.32	20.17
7.61	21.4
10.56	22.4
9.04	25.09
11.85	26.34
13.66	25.58
14.32	22.55
10.27	23.6
9.01	25.46
11.47	26.92
14.1	25.45
12.42	27.51
12.96	28.09
12.55	27.87
13.36	28.5
13.78	27.16
14.83	26.26
10.56	20.19
6.16	21.06
5.89	22.62
8.8	24.48
10.33	25.05
12.47	24.62
11.9	25.63
13.73	21.79
7.62	14.34
4.36	16.26
9.74	15.42
8.01	17.74
10.53	21.18
9.42	20.6
7.86	21.55
12.51	23.9
12.38	21.77
8.65	19.31
8.24	20.04
10.83	14.83
5.79	17.9
5.4	20.52
8	18.56
7.07	14.21
5.37	9.8
6.19	9.04
3.72	16.17
3.64	9.44
6.4	9.69
5.65	11.74
5.09	14.38
5.33	15.02
2.8	14.97
6.49	18.91
7.19	17.4
4.89	16.89
8.71	14.81
8.7	16.03
7.31	19.55
7.73	16.02
6.3	16.15
5.55	12.7
7.45	13.67
8.67	19.64
7.63	13.74
9.75	18.02
11.12	21.07
10.45	14.54
9.14	12.07
1.41	12.6
-0.59	12.98
0.98	9.65
4.44	7.51
5.98	7.48
5.42	6.54
5.03	6.34
4.99	6.96
5.85	8.1
5.79	8.12
6.04	9.26
4.63	12.41
1.98	12.68
3.06	5.8
3.89	7.82
-1.01	6.02
-4.35	6.06
-2.11	5.44
0.29	9.49
0.08	2.31
0.22	1.57
-0.44	0.93
-1.19	0.17
-0.95	5.49
-1.82	5.65
-4.73	-0.54
-1.94	-0.96
-1.84	-0.32
-0.37	1.23
0.32	4.71
-0.01	9.07
5.25	10.36
1.44	5.12
1.19	3.66
0.28	2.47
0.81	2.7
1.69	2.47
1.45	3.11
0.31	3.3
1.23	3.24
1.7	2.71
1.64	2.71
0.32	1.98
0.7	1.7
1.41	2.3
2.18	3.18
2.35	5.83
2.3	12.1
6.25	12.94
2.52	7.12
-0.91	3.27
-5.5	-0.14
-1.36	5.1
1.64	8.65
3.3	7.2
-0.6	5.37
