19710101
69.49
81.74
86.88
87.85
87.15
79.13
83.25
85.66
92.46
89.78
85.57
84.03
89.27
85.58
91.91
92.01
92.75
93.82
90.39
88.93
85.12
83.13
88.13
78.54
85.44
78.92
80.54
87.38
86.98
87.83
83.8
80.39
58.82
60.31
72.53
71.87
80.05
78.2
70.47
66.86
81.27
84.19
80.92
74.89
77.71
96.88
86.85
88.38
79.9
79.98
75.78
79.32
82.82
78.71
72.7
74.8
77.71
66.49
46.51
68.49
71.21
78.16
67.28
54.6
82.6
82.1
80.28
89.65
77.59
64.89
47.91
54.61
72.47
78.01
86.12
89.46
79.67
59.94
65.24
59.23
89.17
69.32
72.34
69.42
84.14
79.43
73.52
74.5
87.47
92.73
89.6
86.46
89.17
76.58
77.68
78.88
73.53
72.51
70.26
72.82
71.43
62.96
70.9
65.12
64.03
65.29
64.42
68.77
67.2
57.75
64.15
60.38
53.35
62.79
71.11
87.66
69.9
84.25
79.19
82.15
93.18
92.79
84.61
86.14
87.37
84.73
80.32
77.65
74.31
73.15
66.93
66.59
61.26
64.88
62.35
58.79
62
60.09
62.24
58.92
59.17
62.15
71.12
65.72
61.38
58.8
72.39
74.93
72.98
77.1
86.36
87.57
84.59
78.76
80.7
72.01
66.4
68.29
79.89
79.79
65.26
68.52
75.34
72.11
73.79
56.24
65.38
66.61
75.54
67.54
70.79
69.57
71.19
62.12
62.77
81.17
79.1
81.05
67.74
77.75
71.5
69.27
61.14
60.45
64.45
65.26
65.09
62.11
52.83
53.03
54.29
63.01
63.85
74.18
63.53
69.51
70.62
76.14
86.4
74.15
64.97
54.89
69.46
64.49
64.45
65.15
60.2
59.56
70.16
71.49
78.88
80.69
78.51
72.42
70.98
67.89
66.47
67.96
67.93
68.38
71.05
64.06
64.22
82.74
73.56
67.84
66.05
67.31
67.53
61.27
68.72
60.29
61.12
72.5
76.98
74.12
74.82
74.07
87.8
71.91
70.12
69.32
87.6
75.67
76.93
74.77
72.37
74.78
72.81
63.53
64.13
70.01
76.13
91.51
90.2
80.82
78.84
88.53
68.53
69.89
74.33
75.06
77.15
79.66
75.04
76.77
79.56
86.29
78.26
81.95
85.95
89.39
84.64
82.46
80.26
82.93
83.32
63.1
74.52
69.08
69.29
76.83
79.31
79
79.03
80.59
73.51
75.01
73.19
77.07
81.91
71.81
78.86
82.61
72.29
54.5
72.72
77.33
72.9
70.03
72.9
75.22
77.46
77.38
79.27
91.61
83.48
91.51
75.09
65.9
71.69
82.67
66.6
85.25
97.07
95.17
85.4
89.51
87.55
83.16
90.82
86.65
77.42
71.84
61.57
92.03
96.75
88.36
92.84
91.23
85.93
96.66
98.11
99.95
98.63
97.49
97.42
94.78
93.38
91.84
84.38
79.63
60.11
63.12
72.81
76.01
80.78
87.67
85.2
83.87
86.16
88.03
94.24
94.37
96.84
91.24
88.72
85.77
91.38
91.6
96.96
95.28
95.56
96.7
94.75
94.22
95.53
96.55
97.48
96.22
96.29
95.7
94.66
96.14
96.62
95.9
83.81
80.93
78.86
69.6
69.88
77.41
82.21
85.52
90.15
90.18
84.45
84.59
83.15
86.93
89.7
83.29
95.16
95.96
91.93
95.19
96.59
93.3
83.92
79.99
80.87
84.37
88.16
90.3
96.2
97.77
89.83
95.42
91.36
85.37
76.38
80.84
83.74
75.55
87.73
85.3
95.59
95.31
91.96
87.98
92.39
87.98
92.05
94.94
94.04
90.68
87.11
89.87
84.4
82.06
82.45
74.39
65.71
78.89
85.31
83.53
87.19
73.36
72.56
68.19
70.34
71.73
71.16
72.32
69.04
72.6
69.72
65.61
65.59
59.78
55.51
77.07
79.93
77.48
78.53
66.37
80
65.12
69.23
71.99
72.25
79.42
70.87
55.2
78.28
74.49
67.9
90.39
86.2
82.5
90.33
86.72
85.9
81.95
84.02
85.73
90.23
82.3
78.67
74.07
69.51
64.42
73.29
78.61
68.3
68.98
67.62
67.34
90.23
84.44
83.63
79.5
78.72
78.84
79.9
80.57
84.61
67.57
92.27
84.05
85.99
84.7
66.69
81.39
82.08
71.3
78.15
75.42
70.01
68.11
66.26
67.35
76.93
71.05
63.7
62.9
79.62
85.27
87.51
75.6
74.28
78.15
76.34
68.62
67.11
70.69
75.8
63.17
68.74
74.77
73.89
59.54
60.19
74.86
81.95
70.11
68.81
69.1
70.78
76.21
79.11
78.91
70.25
73.76
74.72
78.49
83.25
73.44
61.76
63.84
71.55
72.75
78.58
81.15
63.12
64.72
66.87
76.39
81.96
91.06
84.12
82.16
71.2
70.2
75.09
77.28
74.03
72.74
78.81
83.04
79.75
85.99
85.93
65.01
80.33
83.5
76.98
85.68
80.78
78.19
84.49
80.3
73.63
68.31
71.81
75.83
74.27
74.88
72.56
71.79
78.3
79.6
74.9
74.93
80.68
82.38
81.43
75.65
72.57
81.66
72.21
74.5
75.59
71.66
82.41
83.73
89.67
86.29
67.96
78.93
78.54
79.95
83.51
83.24
81.66
79.34
78.25
89.76
84.71
76.92
75.03
77.18
78.35
83.99
87.78
86.22
89.44
91.44
86.02
86.48
83.01
81.26
73.84
79.98
76.71
81.84
80.64
81.78
79.13
80.4
87.45
77.23
67.9
57.87
70.73
87.05
93.05
92.24
87.93
83.81
82.13
85.95
75.87
77.33
78.67
80.7
77.62
65.28
75.81
85.19
76.55
81.99
73.55
83.82
85.75
80.86
79.21
85.13
86.06
86.29
94.72
93.83
89.33
93.06
89.23
89.3
89.77
97.18
91.46
97.97
84.72
84.74
83.32
97.19
96.09
89.07
77.68
86.2
93.81
89.74
94.75
94.99
98.85
89.91
76.46
68.28
80.53
84.49
88.31
86.96
94.92
97.52
89.14
94.93
97.27
95.32
96.51
95.18
87.73
91.93
97.84
95.41
91.37
91.86
88.49
84.17
85.42
88.12
90.52
83.41
79.99
81.1
88.56
90.31
87.63
89.22
93.37
87.13
82.14
74.51
79.52
83.26
78.26
91.3
93.2
85.58
88.41
90
94.55
94.54
93.48
84.69
84.63
87.43
85.79
91.57
93.77
90.33
92.57
95.9
97.16
96.44
97.92
95.91
91.44
91.22
89
87.73
84.92
81.39
89.35
88.69
97.85
94.88
92.13
92.13
89.67
92.8
86.8
87.36
89.81
82.15
85.89
73.72
66.23
81.11
94.3
86.61
72.37
67.11
76.29
75.23
78.52
80.56
82.54
80.08
74.25
70.59
66.51
57.19
66.48
70.5
71.87
83.46
86.8
83.97
88.3
77.79
84.83
74.84
72.2
77.75
85.66
92.35
88.85
87.47
74.7
75.33
70.74
74.25
70.77
70.52
72.16
69.75
69.02
78.18
78.44
75.09
71.39
68.4
66.88
69.59
66.03
65.94
54.89
50.19
65.76
67.95
79.15
84.81
71.54
76.84
87.41
85.09
85.99
79.08
69.61
69.61
89.51
85.61
87.56
82.77
70
71.04
85.64
84.21
68.59
75.02
69.15
65.09
68.52
60.38
55.48
59.63
66.45
63.13
59.42
75.03
70.09
68.52
65.61
72.33
72.53
68.11
67.04
70.15
69.07
68.63
73.05
70
62.86
55.81
55.35
72.21
79.74
77.09
63.22
63.44
65.59
69.98
73.32
79.48
69.6
57.42
69.9
85.24
77.58
89.44
89.25
78.94
70.05
72.47
78.12
74.6
76.1
77
58.08
62.58
72.39
80.82
74.04
73.28
90.69
97.15
80.67
95.49
85.13
76.72
77.11
75.4
88.35
80.78
77.16
74.52
71.13
69.53
76.25
76.27
83.49
75.1
73.66
68.88
66.7
78.03
84.7
78.56
72.55
67.48
60.9
78.94
81.28
72.07
73.14
82.7
75.56
89.85
78.67
75.73
75.52
70.48
73.35
74.42
75.42
72.45
74.6
82.91
80.9
76.38
73.62
73.89
74.49
68.45
68.21
67.57
76.04
68.5
62.61
67.54
70.92
70
70.19
69.99
71.43
78.53
76.11
68.3
70.75
73.37
75.78
70.04
86
93.25
88.6
86.88
70.4
77.89
78.49
74.71
76.24
76.82
76.41
74.99
76.31
83.85
72.34
74.79
80.33
76.83
83.35
87.23
89.27
77.82
92.37
86.02
77.82
89.88
87.86
92.58
92.11
86.63
85.67
79.86
83.73
90.74
88.9
86.98
86.5
86.52
88.18
87.56
86.35
82.08
80.39
83.33
86.35
87.98
82.68
86.32
81.87
91.54
81.31
93.75
80.55
86.85
92.96
76.8
78.17
74.39
77.82
81.62
83.28
82.58
84.52
85.54
72.64
74.6
75.18
77.49
73.27
78.39
81.05
91.04
87.24
90.47
86.57
89.66
90.71
88.57
94.32
95.11
86.85
78.66
84.38
80.17
74.34
76.45
80.82
81.77
85.6
78.07
97.13
91.97
89.3
88.39
74.18
82.57
81.45
78.24
77.71
83.3
80.8
84.5
84.29
78.82
72.02
79.32
85.85
83.77
76.73
72.34
71.94
68.38
94.26
95.92
80.59
74.09
83.44
79.79
74.45
81.41
91.51
89.34
94.69
93.69
89.76
90.98
96.23
97.98
97.11
97.49
97.68
97.01
94.43
94.81
95.51
90.22
90.37
95.48
96.93
87.6
91.24
95.62
94.69
81.02
92.95
72.81
81.63
86.42
88.73
90.6
90.83
91.62
94.43
93.09
97.72
96.49
87.74
86.59
96.89
84.58
96.52
93.13
79.33
91.79
81.01
67.44
73.25
72
65.42
82.6
94.91
95.54
96.03
91.46
91.45
92.64
89.19
83.67
84.62
93.69
86.02
78.52
78.72
78.37
75.56
73.12
78.17
79.06
85.72
94.55
93.57
77.43
88.14
92.25
92.61
89.53
84.64
77.09
79.59
77.47
71.32
76.67
72.42
66.05
67.52
66.86
67.8
72.07
72.07
77.35
78.11
73.16
76.52
75.02
67.74
67.98
80.13
69.69
69.31
66.03
62.64
66.17
68.52
57.42
64.57
58.84
60.48
73.73
73.39
55.55
48.13
60.59
53.31
55.85
53.27
58.98
77.58
79.68
68.56
68.95
93.85
91.89
82.69
78.26
82.77
78.01
87.6
74.09
73.2
82.97
91.65
89.62
82.24
77.53
70.15
74.26
76.96
77.03
78.25
80.03
83.66
76.04
82.19
79.06
69.76
68.94
74.5
82.18
69.4
77.1
87.58
70.96
71.14
65.98
76
73.03
67.46
81.68
65.94
67.84
76.53
77.16
79.29
84.41
80.87
81.51
89.42
75.79
68.62
83.03
83.72
79.95
71.4
82.3
78.06
76.49
75.17
77.89
83.9
80.74
86.33
73.8
73.22
68.82
72.98
91.46
73.18
72.16
68.93
74.66
72.81
71.66
77.31
75.68
66.07
75.76
71.86
75.78
79.99
71.71
58.09
75.11
76.62
67.17
85.33
71.19
69.8
78.92
58.03
70.47
66.92
85.15
76.41
69.6
73.07
71.86
72.81
69.52
72.9
71.36
74.25
71.8
65.27
77.54
70.07
70.43
79.36
75.35
90.41
75.96
70.9
75.49
72.97
73.35
73.07
75.13
76.79
80.08
81.17
84.16
87.21
84.74
84.57
90.43
84.45
87.79
82.15
80.16
78.99
89.46
90.64
79.02
89.08
80.75
82.27
75.27
78.17
83.61
80.28
82.33
84.67
86.1
83.06
81.94
83.05
81.32
89.03
84.6
90
89.7
93.66
85.59
89.2
95.12
91.51
75.38
76.63
87.35
95.14
88.99
93.09
81.79
90.36
93.47
93.75
86.56
94.9
96.56
83.15
90.06
95.26
88.65
84.78
93.06
92.65
82.92
85.68
81.68
90.96
90.11
75.39
75.26
88.64
81.13
90.15
80.02
88.19
88.97
86.31
88.19
81.58
68.69
79.48
81.79
95.14
95.13
91.01
80.29
81.68
84.34
91.63
83.72
86.31
76.6
73.83
68.02
83.02
80.22
83.32
88.76
95.36
94.87
97.11
97.51
94.66
84.15
83.85
92.21
92.22
88.18
83.82
84.28
80.87
88.15
95.09
93.01
92.11
84.42
94.25
97.51
96.82
96.19
92.78
78.11
81.75
90.16
81.45
83.3
78.78
84.68
87.14
87.93
88.5
95.92
95.98
95.61
85.39
85.58
76.34
78.41
87.91
87.61
85.34
88.66
93.6
91.72
81.92
88.89
89.19
77.78
83.58
83.55
88.46
88.53
84.25
86.37
72.87
71.21
75.15
79.57
90.27
95.05
92.99
91.77
90.12
85.41
78.97
73.33
85.41
77.88
91.57
89.1
93.06
93.8
90.11
84.2
88.29
88.93
85.7
62.48
75.81
81.05
79.02
85.54
86.71
91.94
91.03
73.16
69.26
75.19
81.71
84.2
72.3
76.84
75.37
74.99
77.19
65.1
60.27
67.19
67.79
68.75
64.54
66.52
73.87
77.82
79.23
71.49
75.69
73.02
76.44
80.61
79.5
90.52
89.43
88.48
89.2
87.25
87.39
89.31
72.54
64.42
86
83.94
68.89
60.55
67.17
68.97
88.8
94.51
91.53
83.26
87.5
82.86
67.69
60.06
70.07
72.77
78.11
71.93
91.68
57.28
73.35
77.95
77.34
69.39
90.72
72.57
69.76
70.57
70.4
79.81
69.24
72.69
70.21
61.56
70.45
66.38
66.32
63.84
61.72
64.97
53.24
59.78
71.33
72.23
82.55
74.83
84.62
76.35
74.43
69.21
74.19
70.02
67.29
80.02
75.53
72.19
69.49
72.62
72.81
70.77
79.73
89.51
78.78
92.42
80.87
84.94
79.88
69.38
63.24
77.35
82.11
86.92
82.56
63.26
68.07
66.61
65.6
83.07
88.92
85.32
86.27
77.47
79.85
77.92
70.67
77.93
87.3
88.69
76.56
89.08
86.96
83.57
81.84
87.42
90.13
73.6
74.33
80.7
80.19
93.04
88.44
83.46
66.09
74.7
81.09
78.98
73.61
74.72
79.55
79.97
83.47
91.43
78.12
78.28
78.18
77.05
78.95
77.33
82.73
71.14
77.21
76.27
74.83
72.92
87.8
73.58
74.91
68.68
74.88
73.77
71.12
76.67
80.01
76.03
80.4
79.81
79.59
82.05
82.95
78.75
77.43
76.42
83.28
79.92
70.92
75.09
85.56
74.22
79.33
74.48
72.18
71.42
72.09
76.78
79.97
88.93
81.81
76.79
78.68
91.83
83.63
83.23
85.61
86.64
89.73
85.45
90.49
85.32
92.43
82.1
82.25
86.05
82.24
91.65
92.91
85.63
82.2
88.48
87.82
84.74
81.52
82.7
81.88
86.44
87.31
90.94
87.62
70.25
87
85.17
88.54
90.01
85.07
92.19
84.14
78.25
73.12
85.53
83.98
69.76
80.92
84.75
83.11
86.54
95.97
94.49
90.05
92.53
96.18
91.8
87.06
88.31
84.66
86.74
90.47
90.74
90.04
87.39
78.79
83.38
87.94
98.74
93.95
98.78
98.07
97.41
94.67
94.59
93.41
95.54
88.61
94.44
95.95
91.01
89.36
92.42
91.61
93.34
94.25
97.11
96.02
87.42
90.69
70.31
66.72
73.83
73.31
81.07
76.91
73.21
80.4
93.33
94.62
94.9
94.2
96.5
94.93
95.92
90.46
71.46
85.81
93.07
92.01
91.7
93
91.52
90.49
90.85
94.43
96.48
81.79
65.58
82.81
87.42
82.9
87.45
93.51
95.73
89.24
89.61
89.82
95.43
96.7
95.51
95.22
89.53
78.59
65.62
76.5
74.93
82.97
81.6
87.99
93.92
90.79
78.35
63.02
77.34
81.11
72.95
85.47
71.19
80.98
78.98
73.98
82.79
72.95
89.91
80.71
83.42
78.96
68.38
67.79
75.72
87.48
89.6
95.77
90.64
92.31
93.42
90.75
75.26
71.64
74.11
79.71
92.8
94.58
88.47
91.49
95.89
93.3
93.73
83.71
82.88
86.5
91.45
86.44
96.35
97.57
92.13
77.69
81.4
82.27
81.28
73.99
66.51
57.48
58.75
61.43
78.35
79.34
86.18
93.58
72.37
66.76
65.26
71.67
81.85
82.94
91.17
85.01
76.81
74.49
57.83
60.47
63.68
76.61
81.76
67.11
65.85
67.68
67.27
62.88
55.48
57.29
66.43
63.07
49.53
53.8
55.97
63.71
80.57
68.44
66.32
52.87
50.34
55.89
64.75
66.58
69.14
75.99
73.92
71.07
69.38
67.67
59.37
76.73
93.47
96.74
82.29
92.54
71.96
82.46
68.15
68.44
68.14
82.5
79.47
73.16
73.9
64.58
70.26
64.41
55.34
59.99
60.71
70.07
77.8
75.57
64.34
69.49
70.41
67.69
64.16
73.5
85.83
73.71
86.47
78.6
81.34
76.26
88.06
75.82
71.11
69.31
78.69
76.7
91.51
74.71
66.36
81.24
65.27
66.87
67.88
63.83
57.89
71.02
77.73
79.02
82.54
76
92.09
78.9
67.32
65.76
62.35
70.73
75.61
78.19
64.23
65.43
66.57
71.47
72.29
65.68
58.97
57.71
61.32
59.3
59.79
62.95
48.82
60.55
64.46
59.46
67.41
62.99
63.93
69.93
75.73
71.15
68.17
65.14
60.98
58.58
64.99
77.27
79.45
82.25
68.28
74.89
82.4
87.37
80.24
60.9
68.5
73.06
85.06
70.55
66.52
71.82
78.59
67.82
71.24
70.05
74.85
78.78
79.58
75.45
80.8
79.21
74.11
88.41
89.52
72.87
69.26
73
83.85
86.15
74.45
79.5
75.23
74.83
72.64
73.47
72.36
85.77
81.5
87.15
84.51
90.14
94.15
76.4
73.46
79.34
76.77
76.87
75.04
90.76
76.32
70.65
80.99
94.99
91.27
84.11
89.14
77.93
78.62
84.07
93.48
90.13
86.39
84.12
84.66
89.33
81.83
70.07
92.56
93.54
84.9
75.4
77.49
85.24
75.67
80.81
84.06
83.09
87.36
86.35
69.75
77.68
91.5
90.22
93.27
94.46
93.79
91.72
85.08
87.92
86.1
82.6
89.84
95.72
93.98
93.89
95.22
91.25
95.96
72.74
92.2
98.63
89.68
93.65
95.17
94.73
94.4
84.2
82.9
75.08
79.54
93.47
98.11
91.68
93.28
82.68
91.47
88.84
84.32
85.21
94.87
95.28
92.05
80.25
70.79
91.69
95.49
94.7
95.54
88.67
71.63
83.24
86.71
96.17
94.53
96.93
88.62
92.21
88.94
95.53
76.97
88.31
90.31
83.8
90.02
95.72
97.11
98.54
97.91
96.08
97.03
96.74
90.72
77.72
74.82
61.7
62.36
68.62
87.97
80.63
83.86
82.09
88.63
96.95
94.01
79.13
90.75
92.95
91.64
72.54
80.01
73.25
83.49
92.01
89.53
90.93
96.81
87.36
77.68
91.2
88.67
93.95
93.76
81.1
96.11
96.92
85.43
90.63
88.3
89.23
75.76
86.43
87.51
82.16
86.89
91.74
87.14
97.35
98.29
83.02
83.34
82.43
77.39
89.46
80.77
92.89
88.02
83.43
80.66
74.82
73.13
68.11
74.23
89.55
75.74
65.78
80.92
75.7
74.52
65.74
65.13
61.73
77.59
83.77
63.84
68.66
78.33
73.31
76.97
78.86
68.12
75.15
89.91
74.81
69.48
70.81
62.97
63.51
68.36
66.5
71.67
58.87
72.33
61.36
71.34
77.64
71.68
69.26
77.55
84.81
85.69
81.07
81.41
91.32
78.43
90.02
75.24
63.23
88.98
89.91
77.13
70.81
81.77
79
75.87
66.76
61.79
55.61
60.16
63.37
54.52
60.97
59.99
62.69
81.19
65.92
70.01
59.18
77.32
69.03
57.84
60.14
58.97
64.37
63.25
57.9
64.34
78.29
71.16
64.84
59.03
60.34
58.75
56.17
87.64
78.5
78.07
73.99
78.35
79.98
68.19
51.04
71.44
74.32
65.56
65.95
59.62
57.2
61.33
56
59.36
81.24
59.14
60.96
66.66
72.54
72.43
68.69
66.29
58.91
55.63
60.12
65.8
68.71
67.27
54.2
71.22
80.67
71.08
70.2
66.09
68.82
72.94
83.61
67.21
69.82
74.32
80.97
79.43
68.71
64.48
78.59
73.3
69.44
64.89
62.14
65
71.75
66.49
73.1
78.83
77.69
64.69
63.71
64.08
75.55
88.75
73.29
73.25
69.81
81.09
68.75
84.61
70.07
63.08
66.35
61.89
86.18
77.77
74.87
74.84
77.85
77.51
71.75
71.44
71.26
67.98
74.11
73.07
73.48
73.13
76.87
79.53
79.7
77.87
88.03
85.25
75.4
76.46
79.09
75.37
77.41
78.25
81.21
78.5
79.51
73.72
74.85
71.49
70.32
80.54
83.88
78.17
78.42
78.81
80.55
73.49
76.97
75.87
79.67
77.3
75.44
89.83
81.25
81.04
80.94
90.06
74.51
76.05
79.64
88.56
94.96
84.84
91.41
88.91
84.74
84.45
81.59
82.59
82.1
80.65
73.78
70.67
66.36
78.99
90.66
80.87
72.31
72.03
72.05
67.14
68.66
76.95
86.77
88.99
91.54
90.95
84.03
87.84
81.85
81.04
79.28
85.46
89.25
93.79
93.14
93.96
90.16
85.51
92.36
93.49
96.88
93.48
92.29
91.96
88.23
77.16
80.85
80.21
93.43
94.55
94.85
100
98.11
88.98
82.93
82.39
88.47
88.22
88.4
91.08
82.89
83.75
82.02
86.53
77.63
86.32
91
81.94
77.31
85.49
80.65
79.34
82.84
92.76
91.29
82.54
74.85
78.33
81.7
85.87
98.44
98.81
98.87
97.39
88.98
83.95
81.57
89.27
94.83
95.16
95.05
85.96
90.52
90.47
91.71
89.19
91.84
92.72
83.76
80.97
84.67
92.23
99.14
96.47
82.26
79.34
83.58
82.21
76.07
72.22
65.71
86.11
93.97
84.97
86.5
92.75
86.55
95.92
98.38
92.22
91.4
93.71
90.59
91.6
90.01
80.37
82.62
89.11
86.26
90.3
87.78
84.56
87.46
72.98
96.19
87.55
88.16
93.34
97.5
85.13
86.59
86.97
76.99
79.74
83.16
86.99
96.16
97.33
92.73
75.68
67.88
76.78
78.51
72.97
90.24
80.39
67.32
76.14
81.03
75.47
79.37
79.27
93.07
86.14
94.77
81.67
78.17
88.98
89.8
81.31
63.87
68.4
75.09
66.39
68.15
61.15
71.06
75.13
78.89
73.7
69.17
82.03
78.3
71.9
76.64
70.58
74.09
92
71.7
73.82
73.34
67.28
58.88
49.13
56.09
66.62
71.48
84.92
79.48
76.13
64.72
55.44
60.04
64.78
74.47
63.99
88.49
91.04
93.02
82.45
80.56
74.37
67.3
72.83
80.85
81.18
67.74
73.48
74.67
65.92
77.02
83.29
76.03
70.1
55.29
69.28
80.64
68.71
67.58
69.43
77.36
81.99
79.72
81.14
69.18
67.38
55.73
74.42
87.03
79.09
77.72
75.4
82.51
81.41
80.69
82.94
92.49
72.81
78.08
76.93
71.34
75.19
76.28
81.88
75.99
77.42
73.93
69.25
62.98
64.21
69.48
81.59
77.27
81.73
79.24
75.86
91.68
88.43
84.12
79.82
75.43
77.26
79.96
74.26
79.07
74.48
80.77
76.3
73.64
64.43
81.02
75.18
78.26
65.7
60.41
68.58
71.94
87.72
68.46
63.83
81.13
80.57
82.27
72.63
76.1
85.5
84.57
75.78
76.18
77.02
83.73
72.73
72.8
78.15
88.89
71.46
91.78
76.77
71.93
72.24
71.41
72.44
71.7
71.91
70.14
80.76
77.22
69.98
68.79
77.77
83.55
68.88
70.41
68.47
60.94
68.06
80.44
77.77
77.5
77.03
83.31
76.78
71.24
69.14
83.64
78.29
71.99
75.2
74.02
73.42
76.6
76.12
78.64
70.07
79.02
74.8
80.67
74.69
77.67
76.75
78.7
79.45
78.71
85.99
83.38
80.02
79.78
88.75
75.21
89.42
69.9
75.24
79.77
76.99
76.74
83.58
83.26
69.3
71.74
80.13
87.54
80.05
79.62
77.9
92.88
87.67
81.09
92.75
91.74
94.06
95.78
89.82
78.02
81.14
84.3
83.41
87.51
85.33
85.94
87.14
85.23
90.71
95.02
90.33
88.05
95.07
89.48
86.26
77.18
70.41
79.98
80.61
81.8
81.39
72.92
76.42
79.34
80.3
76.39
88
97.97
99.37
93.42
90.58
87.29
81.98
83.48
91.75
92.55
90.81
95.05
92.67
91.31
96.11
97.65
97.31
97.94
97.15
97.02
98.99
99.51
98.86
97.29
99.6
99.65
99.11
88.46
77.63
79
86.1
89.62
88.29
94.74
83.18
86.09
83.75
82.13
92.39
90.32
89.98
87.39
88.91
96.52
90.8
88.11
92.99
77.59
85.49
93.45
93.81
98.27
95.02
97.62
98.44
97.33
95.85
85.54
85.17
83.3
76.86
83.61
48.77
56.24
74.82
78.07
81.43
79.47
76.4
86.64
96.31
90.56
95.03
88.08
77.91
65.06
78.09
87.49
84.13
81.59
83.95
88.95
94.46
98.99
99.52
88.38
92.32
92.02
73.72
96.27
93.65
93.2
83.4
71.62
83.52
97.07
93.34
82.7
77.29
81.99
78.21
97.73
94.54
98.08
96.41
98.87
99.79
97.32
91.38
96.9
91.67
79.43
82.25
80.39
80.47
82.44
82.31
79.84
73.17
90.26
78.65
84.4
80.12
76.09
86.71
91.91
87.06
89.98
74.4
61.53
72.23
78.19
81.6
68.39
65.21
74.29
67.35
66.67
63.72
63.26
75.79
87.15
75.6
74.31
75.84
62.62
84.6
73.65
81.22
72.22
72.87
81.66
76.13
67.35
73.61
81.08
93.1
82.36
77.32
83.03
78.09
74.2
69.17
74.54
70.09
70.95
67.38
68.43
65
59.87
68.32
71.69
73.18
64.07
59.13
84.16
74.54
87.2
92.96
74.48
70.31
91.1
79.18
91.08
75.5
88.27
70.76
64.29
66.59
66.36
66.1
66.46
78.18
58.18
55.23
62.23
65.13
62.75
61.37
53.86
60.61
62.82
66.91
60.66
58.75
54.57
64.07
55.3
60.15
63.8
61.36
66.9
62.31
64.42
61.1
66.32
65.66
61.25
62.54
71.85
76.44
73.82
81.11
80.32
77.53
91.35
76.42
87.58
82.85
86.18
79.34
93.47
91.16
78.52
90.89
80.96
78.76
76.59
77.51
92.32
85.62
87.27
76.71
86.16
95.21
75.27
70.23
71.53
73.37
89.2
75.69
72.78
75.25
81.36
88.25
81.59
68.93
88.49
88.96
82.45
68.65
82.48
83.69
92.17
78.95
79.26
71.77
76.68
84.27
83.47
82.61
74.53
78.02
67.64
76.42
75.72
82.12
74.45
75
73.81
73.33
86.22
91.9
81.39
74.03
65.65
67.7
73.29
76.13
73.65
73.63
92.17
89.27
79.27
78.47
76.91
76.39
86.24
83.07
75.86
83.41
74.58
81.36
77.26
80.02
78.01
75.66
90.29
83.36
82.92
82.6
83.61
83.09
88.04
84.74
85.47
83.16
86.7
81.65
63.66
75
81.06
80.08
82.16
83.45
85.28
87.16
94.77
91.2
81.64
86.41
88.81
93.97
85.75
88.09
78
72.27
79.39
83.05
93.8
86.25
83.5
82.45
89.16
88.51
79.31
78.24
67.67
81.85
62.75
74.85
85.14
76.98
75.09
80.14
82.4
74.62
80.37
67.52
73.82
78.33
68.73
92.82
94.84
86.83
97.74
88.9
82.07
85.1
87.49
86.77
79.35
73.03
77.51
94.69
84.94
76.66
82.86
86.73
91.51
86.94
95.92
96.83
93.76
92.5
84.02
83.62
85.57
86.92
91.72
89.03
90.81
95.12
94.98
87.81
85.14
86.7
90.61
85.84
87.9
91.14
89.11
85.76
86.01
80.22
76.89
77.36
73.04
80.53
96.04
92.43
83.26
83.28
90.75
96.75
97.87
99.41
88.37
98.67
95.48
95.92
86.85
91.94
97.59
93.13
95.59
79.69
79.75
72.35
71.53
82.1
86.61
88.43
89.61
87.88
86.86
81.24
77.51
81.77
85.25
84.59
87.11
86.25
88.24
86.21
88.17
86.59
87.96
82.06
93.64
91.83
94.42
91.32
62.25
70.18
78.78
64.47
83.66
70.96
83.47
74.88
84.09
92.52
95.88
89.71
86.8
94.22
94.75
81.43
83.46
94.03
95.66
89.55
89.15
82.6
86.7
82.51
77.85
79.47
93.51
80.12
77.94
86.9
91.51
79.23
81.6
73.97
67.71
68.81
67.62
59.74
55.35
78.3
89.91
85.54
75.79
76.85
85.82
69.93
70.38
81.7
71.43
74.45
69.61
73.97
85.89
90
79.2
91.44
93.09
85.9
79.78
75.16
70.25
69.2
69.75
68.75
62.76
78.17
70.38
71.06
67.88
73.61
75.23
77.18
67.4
65.12
68.15
66.61
66.5
58.41
47.63
60.65
63.58
67.84
79.06
85.51
77.99
84.78
75.41
75.26
86.36
76.04
78.2
75.51
73.36
77.51
74.34
67.42
76.48
85.49
91.22
86.94
80.28
70.97
77.52
78.94
47.98
64.75
66.11
62.55
59.11
66.79
66.83
78.53
83.45
70.75
73.28
74.45
65.3
70.9
66.06
66.17
59.25
75.95
67.04
68.12
78.76
81.37
66.86
60.61
65.66
64.4
68.47
70.99
75.92
79.12
80.53
75.92
70.1
69.9
68.25
64.46
69.28
75.64
87.69
75.82
75.2
86.25
82.61
82.82
78.52
72.2
79.66
88.97
66.23
75.15
78.06
72.6
78.43
74.02
66.35
71.21
74.3
80.38
69.18
67.67
74.15
82.32
79.27
79.08
74.64
65.29
67.9
84.65
75.93
76.53
73.66
76.32
73.82
69.95
67.27
65.52
70.9
80.56
77.88
76.68
82.14
75.15
72.04
76.37
74.87
78.14
75.8
70.43
72.05
73.09
76.3
78.17
79.06
83.76
76.57
76.57
75.3
78.52
70.98
68.07
68.66
83.45
70.16
76.02
79.22
79.27
69.45
70.35
74.89
76.75
80.38
79.41
89.31
82.88
72.69
78.26
81.58
81.47
75.73
77.88
91.71
90.54
88.68
88.81
78.27
81.52
86.03
79.6
84.91
81.06
86.12
88.09
81.78
80.99
92.13
86.73
89.72
84.8
92.29
87.96
83.96
82.21
87.26
79.88
81.12
78.96
76.65
84.51
84.84
80.52
87.61
91.21
88.28
81.56
91.36
88.08
87
86.79
79.37
79.55
86.99
82.55
70.57
79.49
78.97
78.49
77.45
81.54
67.9
78.46
78.4
84.68
85.52
75.58
76.72
82.07
92.47
95.19
96.02
96.97
95.72
94.71
95.51
77.25
75.31
79.91
93.92
90.78
88.65
74.26
83.18
82.5
75.39
79.19
85.78
88.19
89.04
86.05
82.06
80.86
88.9
92.15
91.36
86.08
75.89
67.89
83.82
77.65
72.48
73.77
77.31
57.37
67.77
77.49
75.42
78.1
85.37
79.36
81.27
95.68
89.62
92.11
94.49
97.47
92.83
77.91
76.78
86.75
91.92
91.28
73.13
74.41
81.5
80.95
83.86
87.34
70.08
57.3
78.79
73.52
73.67
69.16
60.71
68.25
71.36
76.6
70.33
86.93
69.14
77.66
77.54
74.57
80.84
78.2
81.25
73.42
65.35
71.92
82.64
81.46
73.68
57.55
61.83
66.63
65.43
74.66
77.85
77.42
71.35
72.06
79.32
76.29
73.35
75.74
81.45
80.5
87
86.1
74.74
69.01
73.53
76.2
84.61
76.36
85.58
78.83
82.2
92.58
93.36
88.91
87.27
75.95
74.98
76.4
79.78
89.92
92.63
89.18
81.42
77.99
73.67
68.5
73.4
75.54
81.53
65.58
84.98
72.1
76.03
83.64
75.26
88.27
60.4
62.78
65.43
65.45
63.2
67.26
75.23
69.55
60.89
63.43
62.15
74.89
72.37
73.53
69.81
58.75
69.11
74.74
77.1
67.71
70.82
74.58
62.02
65.82
67.51
61.92
62.74
46.63
62.55
56.43
61.28
57.04
57.69
65.16
65.76
65.64
76.15
86.5
68.26
63.93
62.22
68.86
63.09
66.02
78.66
83.94
90.07
69.02
58.13
65.68
71.36
68.99
63.81
75.59
82.61
78.23
73.58
75.8
74.02
69.74
64.19
67.98
69.45
72.15
63.49
81.59
72.31
70.64
62.34
56.86
80.96
76.23
71.41
66.87
66.02
68.61
67.99
60.24
69.8
76.89
77.43
80.71
82.81
87.99
70.86
73.63
65.34
64.34
69.28
82.27
76.85
90.57
75.05
78.45
80.03
75.41
80.75
88.72
78.68
85.35
74.42
68.15
66.84
67.28
69.47
71.42
64.95
65.49
66.2
65.3
66.73
69.11
67.48
70.71
73.59
78.46
77.63
83.02
75.28
76.57
73.04
70.58
84.98
71.94
73.96
71.87
62.28
62.31
79.4
77.46
71.91
69.68
65.02
69.63
76.21
76.23
74.02
64.73
74.52
68.69
73.34
70.37
68.45
69.64
77.5
74.24
71.46
65.91
67.23
67.84
67.08
82.74
64.15
65.05
64.12
88.84
71.69
90.84
81.29
65.92
72.23
77.73
84.41
80.58
77.91
81.31
93.02
84.51
81.73
75.23
75.57
75.96
81.14
79.14
79.22
94.21
94.24
85.75
84.23
92.06
79.14
80.04
90.4
86.93
92.08
89.35
75.99
73.87
69.41
82.82
82.08
77.83
70.84
92.27
88.79
94.07
89.9
86.37
84.45
74.54
76.57
78.13
78.12
82.74
80.72
87.83
87.73
76.06
81.4
75.05
80.58
79.14
85.79
84.75
83.72
85.87
79.42
93.95
84.84
78.06
77.37
73.93
93.58
82.18
87.46
78.21
83.57
89.35
89.62
81.18
81.26
90.08
78.2
82.93
70.82
80.29
73.87
70.32
78.7
81.82
88.88
74.87
74.42
83.58
89.67
90.5
81.13
85.58
84.75
91.05
79.5
87.88
90.65
83.66
95.76
80.02
80.16
84.5
80.87
80.5
78.74
83.57
82.63
91.05
76.84
89.68
93.4
96.23
94.89
73.02
72.19
83.69
94.71
75.9
83.28
92.72
78.81
84.19
87.01
95.07
95.68
97.05
87.03
88.51
84.09
86.77
90.72
69.6
95.78
86.46
87.93
83.11
93.71
77.77
48.96
66.37
72.78
85.51
89.91
86.47
84.42
86.93
88.63
92.57
92.71
93.14
93.25
92.51
90.32
85.59
85.24
89.91
84.66
79.35
87.18
88.8
88.77
86.61
71.16
63.39
72.57
80.58
86.58
85.79
83.59
75.75
79.89
77.33
80.59
96.93
95.57
97.67
91.04
93.32
87.14
86.37
82.03
84.43
68.54
76.43
90.92
85.42
84.87
94.8
84.68
71.91
75.12
68.89
90.8
69.27
57.86
70.08
65.07
80.36
76.2
78.09
74.95
70.81
61.52
64.91
68.97
67.79
68.66
63.16
74.52
84.46
81.21
73.24
78.12
70.91
68.71
66.75
63.53
65.87
56.58
64.67
87.64
88.9
79.31
79.91
79.47
70.06
69.4
58.79
70.36
70.54
67.84
79.82
77.22
73.46
92.32
78.73
59.46
72.66
67.66
72.23
72.75
68.98
61.85
68.56
72.41
63.56
62.71
59.4
66.4
54.15
70.29
66.46
63.89
63.68
60.04
55.26
58.59
61.68
69.29
90.14
89.74
94.06
87.62
73.17
68.46
66.47
67.04
68.08
68.65
65.41
73.95
76.78
88.18
75.75
79.11
89.12
71.9
76.26
77.92
76.14
81.59
79.17
69.32
69.94
67.91
75.33
70.45
74.1
68.02
74.86
71.33
74.34
84.47
78.15
80.99
92.63
71.98
74.92
77.05
72.8
74.08
88.99
74.42
79.2
78.22
75.75
75.31
77.57
74.78
88.98
73.41
86.7
79.13
71.93
73.14
71.35
79.02
72.72
72.99
77.73
65.41
67.25
65.37
68.77
88.84
77.43
76.06
80.1
78.88
77.56
82.81
78.52
77.32
76.56
77.54
84.47
85.77
83.5
90.47
78.95
83.59
77.66
76.49
81.12
73.48
76.61
76.66
81.4
86.09
82.91
87.88
91.8
88.79
83.21
78.18
77.15
77.02
76.94
77.4
79.06
84.42
76.42
75.92
78.15
89.23
75.67
74.41
78.54
76.75
75.11
69.09
87.84
87.36
87.1
84.44
89.51
85.21
84.07
82.13
84.75
75.99
78.59
88.6
87.96
83.53
86.27
81.62
83.83
84.91
86.15
84.19
85.72
84.83
84.64
89.24
89.5
84.43
90.42
90.45
93.38
82.57
80.87
88.66
86.88
89.68
94.48
93.59
83.85
85.73
94.9
93.32
82.74
87.93
96.77
86.19
86.89
95.84
85
90.2
93.2
82.49
85.68
87.45
97.03
91.15
95.09
90.28
91.5
86.83
90.25
87.57
87.64
95.89
93.49
84.84
96.13
99
97.87
96.69
97.48
90.38
74.58
83.94
81.62
73.67
87.23
83.48
93.64
83.32
92.59
92.56
97.28
92.13
78.2
76.08
90.17
97.25
92.71
97.55
82.84
88.09
80.89
84.66
91.55
92.59
96.76
93.98
96.28
98.6
99.28
98.67
94.66
97.26
91.42
74.93
81.06
92.84
96.95
96.1
94.63
89.52
74.62
75.06
82.73
84.82
77.65
86.56
99.55
95.34
92.39
68.87
72.97
87.37
87.84
73.42
71.62
78.6
85.36
83.44
87.35
86.3
93.65
90.31
96.2
86.72
85.23
82.87
81.09
81.44
93.52
96
93.49
90.41
80.2
76.65
73.45
67.21
72.15
63.72
80.23
78.55
85
82
76.95
80.8
82.89
81.11
68.99
63.81
78.53
69.59
66.8
67.87
82.47
94.88
91.69
95.45
98.4
97.71
91.78
84.91
95.47
77.29
67.17
69.6
70.17
74.68
78.85
77.08
70.43
74.5
74.17
74.64
73.24
82.58
88.87
88.09
92.44
79.49
75.07
81.07
76.68
67.79
78.23
71.47
67.1
69.38
63.2
64.3
56.34
59.41
63.71
70.85
71.09
70.73
84.53
75.99
82.08
84.11
78.78
89.16
93.87
75.83
66.56
87.29
89.33
90.34
92.96
83.39
82.14
87.39
86.05
73.38
88.61
75.73
65.38
76.64
70.11
75.26
68.25
63.38
67.29
82.4
72.57
63.09
62.27
68.73
63.34
84.32
77.06
59.16
59.61
55.75
56.6
60.44
62.87
67.81
61.2
62.25
72.57
83.03
77.39
69.85
71.43
77.48
89.66
72.23
68.43
68.56
59.72
58.59
55.96
65.7
59.7
54.57
60.75
59.28
64.71
67.43
77.05
90.5
87.3
80.78
88.69
79.32
80.33
76.08
70.53
67.14
66.76
72.59
66.34
68.05
82.16
66.72
62.86
67.78
72.91
82.77
69.5
70.75
73.54
69.19
67.06
69.25
69.1
87.12
90.48
80.44
83.34
68.59
72.78
71.9
74.41
74.73
81.51
64.5
68.63
68.85
68.74
64.63
69.07
66.6
69.16
72.05
77.6
59.33
58.85
65.94
78.2
72.73
67.03
69.19
68.98
68.44
68.45
67.68
78.65
70.23
66.72
68.36
75.93
74.84
71.15
70.91
69.29
81.2
69.91
65.07
61.77
71.58
86.45
72.3
74.44
78.54
76.73
78.48
74.69
74.72
70.42
73.77
79.04
68.75
68.75
68.52
72.59
73.72
71.7
68.93
69.67
70.54
69.89
75.43
83.79
76.41
71.01
70.86
78.27
85.44
79.57
78.26
77.99
87.2
80.17
77.65
80.39
91.84
81.56
77.13
74.62
80.74
93.04
81.85
81.4
80.48
75.23
95.17
77.21
79.19
75.39
77.34
83.44
75.75
79.65
79.76
69.26
80.36
85.7
90.36
87.06
67.26
73.64
80.13
81.26
83.27
83.78
77.6
81.88
86.61
73.78
90.87
81.7
79.26
72.72
73.79
74.19
91.33
78.64
82.32
85.4
78.67
77.6
83.12
82.62
84.71
82.63
79.36
86.82
90.46
90.31
94.17
81.59
85.87
92.9
95.34
95.26
90.09
99.4
100
95.76
98.52
94.41
75.2
78.84
72
79.92
79.36
86.25
90.07
93
89.22
94.16
86.43
88.68
89.46
95.17
81.96
89.24
96.41
93.18
81.05
73.18
72.41
73.28
73.89
83.45
87.07
81.52
83.81
84.93
87.72
78.99
90.26
87.72
91.3
87.82
90.43
94.89
92.35
79.81
94.27
89.58
94.77
95.78
95.27
89.72
82.68
70.74
74.03
84.85
94.52
91.47
78.78
82.93
73.77
90.91
93.91
83.87
80.59
93.17
95.25
86.05
80.53
89.65
83.72
77.31
87.84
90.7
84.84
91.06
95.83
94.71
92.71
92.32
93.1
95.3
80.07
66.81
73.08
79.53
94.86
95.9
94.24
97.85
98.37
97.34
93.47
87.16
92.97
83.47
83.76
80.51
69.01
67.83
65.5
65.78
79.69
87.2
82.97
82.76
79.33
94.18
92.15
85.47
96.37
99.03
98.11
98.02
95.6
93
98.07
96.6
90.62
96.43
91.09
81.38
70.06
69.13
69.47
67.56
69.5
71.22
67.68
84.19
77.3
77.42
78.77
77.23
78.3
75.26
59.88
56.4
71.27
76.22
72.43
69.92
63.07
80.06
72.53
64.35
63.87
90.54
70.62
67.39
77.59
90.89
85.7
82.32
79.6
73.5
73.08
85.15
87.49
85.24
86.55
88.2
72.75
72.65
68.97
73.09
61.77
55.83
58.24
66.65
70.57
77.68
76.02
66.81
64
63.74
72.12
71.87
80.19
90.25
73.01
67.1
65.57
68.13
74.36
76.58
89.71
81.2
92.12
86.27
87.45
90.37
85.9
72.93
81.47
67.43
64.98
64.18
65.36
76.09
72.59
84.61
78.81
80
77.79
72.3
91.15
82.4
85.1
79.58
81.65
76.55
74.59
80.33
68.11
72.03
92.06
82.92
75.44
72.34
79.74
69.8
70.71
68.26
85.77
75.99
77.29
75.53
78.87
76.08
78.51
85.31
83.53
90.9
78.76
77.22
74.33
72.9
94.94
87.28
77.24
82.58
89.67
76.2
70.19
79.97
79.79
73.47
74.28
75.23
80.22
78.59
73.23
70.39
80.93
86.33
78.81
75.87
81.1
83.83
78.2
79.85
81.97
80.12
81.09
91.21
74.3
82.91
82.33
80
74.96
79.39
78.53
74.14
74.49
74.79
80.43
85.42
84.3
85.93
80.68
79.42
82.74
81.68
77.58
77.55
82.21
76.69
74.76
69.14
73.47
71.48
72.46
74.45
69.69
80.94
81.57
68.9
70.82
74.7
75.28
76.12
78.91
75.64
76.71
80.93
68.08
87.67
88.17
84.14
87.76
91.29
82.86
81.37
86.67
89.55
85.36
95.14
91.82
90.11
91.41
87.78
96.83
97.2
87.75
89.67
96.51
84.9
87.18
91.3
91.88
86.28
95.04
88.33
91.92
87.9
86.7
87.56
88.8
88.53
86.93
88.21
87.39
93.62
84.6
86.14
83.48
61.12
72.56
72.94
69.01
70.43
89.12
87.28
85.47
86.51
82.67
77.03
87.36
89.9
80.82
90.28
95.08
99.42
94.69
89.6
97.44
98.12
92.34
87.09
79.63
79.49
89.92
93.13
87.01
87.56
94.72
92.8
99.85
99.86
99.18
99.15
98.34
98.74
88.15
69.01
70.82
84.29
95.02
78.69
85.07
99.82
100
99.84
92.35
98.04
95.45
89.04
83.94
94.46
99.87
99.56
99.55
88.95
80.43
92.11
95.67
93.35
96.54
97.72
99.03
95.96
91.56
98.76
82.17
85.06
91.01
93.75
98.18
95.03
92.7
88.67
88.31
78.48
84.82
89.06
91.27
77.45
73.57
77.16
78.84
86.13
81.55
66.2
76.69
79.78
82.78
84.49
84.68
83.36
78.02
78.35
83.12
79.53
80.56
85.59
74.37
86.19
88.04
82.16
87.07
70.34
78.39
89.26
80.63
80.5
73.16
69.37
58.22
69.43
79.06
84.81
65.64
97.06
86.84
74.17
72.2
77.21
76.62
73.94
72.6
70.36
63.9
57.66
62.21
69.51
73.36
77.07
90.64
85.05
95.36
74.47
89.41
88.81
97.16
97.41
94.58
88.87
77.06
96.92
87.63
81.72
77.08
95.58
91.68
83.92
87.2
89.73
85.92
92.05
80.91
96.95
83.59
91.93
90.59
94.04
95.61
82.29
62.93
65.4
73.64
61.29
49.39
58.22
55.75
63.68
65.55
65.51
46.72
54.84
72.01
60.88
70.6
84.9
67.26
78.16
55.92
79.79
80.14
67.98
71.75
84.7
66.22
72.92
67.92
64.29
69.67
76.28
65.17
72.1
78.87
91.95
66.09
65.56
66.47
82.29
80.27
65.59
87.08
89.02
86.32
61.36
63.15
72.1
71.55
75.3
70.87
68.35
72.78
76.99
92.18
76.83
80.58
80.59
69.62
79.77
75.44
67.64
67.56
68.94
67.89
65.33
71.62
74.55
79.36
70.14
77.85
84.31
76.19
70.6
67.75
63.91
87.05
79.52
74.33
78.53
69.23
78.25
81.23
86.23
73.61
90.19
66.44
70.04
84.71
76.06
73.72
91.77
72.39
68.67
66.91
85.14
79.44
74.86
74.7
83.79
82.08
66.81
68.06
67.73
66.53
71.62
73.22
69.58
87.25
75.65
73.81
72.53
75.07
71.1
71.82
85.83
78.26
78.31
76.45
84.18
70.05
67.71
67.04
73.04
73.94
76.15
75.28
60.19
66.77
85.24
69.85
81.57
71
79.27
66.91
67.48
79.52
68.43
77.69
76.22
72.13
74.1
71.7
69.19
69.77
69.2
68.81
80.29
74.25
70.99
68.41
69.84
73.25
71.58
64.85
85.95
73.44
74.35
65.48
69
72.05
79.47
81.98
79.06
82.74
73.15
83.27
71.64
78.84
91.28
79.21
77.71
76.93
75.88
79.24
72.71
75.49
79.56
77.74
76.96
76.57
79.32
77.58
76.23
80.7
84.12
78.42
79.75
78.26
80.41
77.35
75.15
77.13
80.95
84.08
83.17
83.4
82.75
84.58
62.17
78.41
75.18
85.8
59.55
65.79
72.92
64.49
76.84
81.61
85.89
78.66
82.56
82.15
71.6
73.2
79.11
80.86
90.42
99.31
98.95
94.11
98.13
96.36
93.45
89.14
89.11
85.09
74.32
73.28
79.44
78.49
74.23
95.69
96.63
97.62
88.62
80.55
88.97
82.97
89.49
97.31
99.9
98.73
99.11
99.77
99.72
94.03
82.38
83.1
89.84
81.66
89
86.19
91.77
82.73
79.4
75.06
71.24
83.5
82.48
80.87
95.47
92.24
95.24
92.52
91.72
91.6
85.29
80.07
89.59
90.85
83.15
82.13
91.12
98.53
95.64
86.21
87.74
97.56
82.69
78.39
93.63
95.92
91.31
93.87
96.46
97.67
81.64
85.48
85.79
88.15
86.11
78.28
85.19
95.46
83.32
75.01
85.69
81.14
79.59
68.89
59.98
65.22
75.61
83.31
79.47
86.21
83.56
77.07
80.41
79.58
94.09
94.82
95.11
92.87
96.21
83.96
72.54
76.41
83.22
84.33
77.14
90.86
91.59
87.8
80.6
80.5
84.47
84.17
94.65
89.13
92.92
96.78
73.55
73.7
82.55
88.53
79.42
72.08
68.01
75.9
78.39
86.39
90.13
87.28
92.91
78.39
80.28
92.2
91.94
96.5
95.39
88.99
97.49
97.58
99.56
97.8
85.18
76.52
76.46
78.58
78.16
91.4
85.69
79.76
71.05
89.06
85.76
74.9
75.97
80.1
87.05
74.11
83.11
81.57
71.42
71.23
75.22
79.42
73.07
67.75
71.81
78.85
78.01
87.18
88.3
69.53
71.07
85.45
69.77
84.42
85.51
74.68
69.45
66.15
66.7
64.81
60.34
62.6
62.17
77.91
90.32
79.8
70.36
74.11
71.51
67.97
66.96
70.45
69.58
77.23
73.61
71.57
76.8
77.14
71.34
68.18
72.94
79.24
92.83
82.64
81.66
82.73
77.96
77.22
73.64
86.37
67.18
69.37
70.29
70.86
83.33
89.52
77.03
81.94
79.52
91.41
86.2
85.63
87.81
82.29
74.23
73.23
75.22
70.64
78.42
88.75
84.71
86.62
80.38
75.58
76.89
87.12
79.32
80.09
77.86
86.78
74.25
79.97
68.1
63.98
69.56
85.47
72.75
68.53
69.55
72.15
68.33
73.92
61.98
88.43
73.43
71.45
76.32
77.42
77.22
84.26
77.6
71.72
70.86
70.58
72.03
77.06
76.4
66.69
71.92
74.32
71.94
72.36
73.2
76.61
75.55
75.75
84.44
79.31
75.6
75.68
73.27
74.17
77.36
66.21
72.63
73.9
74.79
76.3
72.09
72.2
67.49
69.83
69.36
68.37
66.7
60.23
78.71
73.72
74.72
66.75
67.02
83.54
77.33
71.92
72.23
84.81
82.79
78.9
78.49
80.98
78.97
74.45
79.83
74.44
78.02
80.67
79.03
76.51
95.37
87.04
87.33
79.8
85.75
82.23
68.73
80.93
89.64
73.86
76.42
72.79
74.29
75.88
79.08
73.03
84.52
79.35
73.61
81.68
79.13
77.5
74.57
80.64
80.39
78.36
82.86
82.09
84.24
75.35
79.81
83.04
84.52
80.75
83.23
74.58
73.64
79.72
79.27
81.99
90.18
64.48
67.19
82.11
83.5
82.62
88.49
91.62
82.42
85.92
89.08
85.62
91.81
91.25
68.59
78.78
76.69
70.68
73.39
76.28
87.2
85.04
96.4
98.97
99.94
90.33
81.38
100
100
100
98.64
94.38
95.33
98.02
93.59
93.89
88.14
97.24
89.72
76.95
90.93
99.67
99.04
97.31
97.89
99.32
95.57
99.26
98.89
99.34
99.4
99.01
96.98
95.55
94.88
93.48
95.97
97.73
98.23
91.96
82.03
66.24
74.08
79.26
79.2
80.63
82.69
83.83
77.48
79.53
67.56
71.54
85.12
87.69
97.11
66.73
76.49
75.97
84.13
77.8
61.95
68.47
89.68
88.36
82.09
86.36
86.5
89.97
98.78
99.08
95.98
95.01
94.22
91.63
89.11
85.34
83.33
79.44
89.86
76.28
84.51
85.5
67.43
74.82
74.57
75.35
74.84
83.28
84.9
88.35
91.59
73.71
78.75
82.66
85.16
76.03
92.71
94.65
96.47
93.54
96.34
99.24
99.55
98.25
72.32
89.59
81
63.13
74.05
73.32
68.14
82.6
90.86
90.51
71.89
69.5
75.56
70.91
71.57
76.07
79.26
82.58
85.97
74.13
75.45
75.87
72.66
71.17
76.93
63.98
91.62
99.35
77.42
65.8
71.14
69.09
65.37
74.14
77.57
72.55
86.32
64.65
87.62
88.77
97.47
83.83
64.86
53.54
62.35
69.04
64.33
79.55
89.01
88.28
72.89
67.74
68.87
64.73
74.46
73.74
68.96
60.79
82.27
75.64
71.35
68.54
69.41
68.69
69.63
57.81
63.85
69.34
63.79
65.77
69.69
72.8
88.35
90.34
93.46
73.59
60.09
68.23
67.27
85.92
80.47
85.36
86.27
79.98
89.22
82.35
83.78
71.76
81.59
68.49
70.78
89.41
79.31
72.73
75.65
76.15
85.24
78.71
72.51
76.4
82.18
74.35
79.34
79.25
86.74
71.31
66.09
58.03
77.45
67.71
61.93
67.52
70.05
63
65.76
74.49
81.28
78.48
75.88
82.87
90.42
87.91
71.1
77.79
78.11
74.89
69.99
70.04
74.59
72.51
71.57
74.77
74.93
68.57
63.37
67.29
63.98
67.58
82.22
74.08
68.94
62.66
71.28
68.94
73.9
82.49
70.34
60.5
61.93
66.82
69.64
67.36
64.26
65.41
76.63
91.25
69.99
71.5
74.74
68.17
82.57
76.73
81.95
85.49
89.87
90.53
70.69
87.1
80.68
79.82
83.53
82.27
82.23
83.85
79.44
84.11
75.93
77.63
79.06
83.53
77.86
78.6
74.64
70.99
71.77
76.79
81.87
72.66
73.22
78.32
79.85
79.91
76.72
82.33
82.52
79.6
81.5
91.42
79.7
81.73
85.93
80.58
85.68
80.78
81.09
84.67
82.2
77.45
82.55
83.06
80.66
81.77
80.3
79.45
76.38
79.23
89.48
83.52
94.95
87.24
77.98
82.35
82.77
82.05
79.38
81.07
81.72
76.33
80
75.07
84.14
84.87
79.89
85.12
87.9
81.9
77.91
72.68
84.47
89.8
84.58
89.49
94.26
93.68
87.55
93.11
94.45
94.04
87.56
88.67
78.71
76.18
79
81.7
98.06
86.65
76.06
82
89.13
94.72
97.35
100
100
99.93
95.47
88.63
94.04
99.28
97.7
100
86.38
86.4
86.88
88.27
79.77
76.34
96.48
78.77
93.2
97.72
94.83
93.28
99.84
90.75
86.46
91.98
89.69
88.42
96.56
97.11
83.92
79.42
83.19
80.48
84.64
92.85
96.4
96.8
97.86
98.72
99.28
97.96
92.11
90
96.6
88.72
85.82
90.91
99.05
95.96
82.45
84.01
84.02
89.13
98.65
98.24
85.34
97.94
85.16
74.26
86.19
92.46
88.55
95.43
96.81
89.41
90.95
98.68
98.45
98.91
99.47
99.19
98.96
99.71
98.76
96.9
94.46
87.03
83.52
91.45
85.57
88.53
71.62
91.89
85.31
67.14
79.6
87.38
78.35
80.28
82.41
68.89
88.17
72.73
90.85
94.36
90.6
80.93
82.33
87.74
88.47
92.25
81.82
77.93
88.38
72.46
76.58
80.43
96.22
93.06
86.55
95.82
91.26
93.07
85.49
74.77
76.49
71.35
92.36
83.83
82.49
75.66
66.29
60.74
73.18
78.58
89.95
88.9
85.16
72.35
70.84
84.38
71.39
76.57
74.75
96.34
81.81
90.25
82.15
77.21
79.71
77.02
72.51
64.62
82.18
87.67
80.34
75.98
81.44
92.85
84.2
78.71
82.18
83.42
84.27
81.17
72.58
81.81
58.94
62.4
63.3
70.46
68.66
68.07
69.5
79.69
76.57
79.55
76.53
79.82
81.93
80.76
88.67
90.26
89.25
75.61
70.11
70.92
75.44
82.79
81.57
77.96
74.71
74.13
67.15
60.19
69.57
75.28
75.66
83.9
83.27
78.15
71.96
81.84
80.54
78.57
64.28
77.37
76.4
77.47
83.76
88.92
83.05
81.3
76.4
75.9
91.27
69.79
70.24
65.91
78.33
82.01
80.49
72.09
73.48
71.6
79.46
84.5
73.4
67.51
77.45
83.36
67.77
68.38
68.92
78.11
70.42
70.47
83.04
72.66
76.29
80.48
75.7
70.87
78.67
70.23
70.15
81.77
68.89
65.72
66.9
57.64
65.33
66.36
71.38
66.96
65.47
79.01
76.88
83.23
88.94
76.13
70.51
76.01
82.11
71.71
71.83
73.16
70.12
65.33
59.11
65.66
68.14
63.27
68.11
70.5
71.25
67.8
64.73
69.04
83.96
74.22
70.35
70.32
69.7
73.08
66.97
68.31
67.14
66.37
66.06
66.22
70.31
72.26
64.6
65.02
57.73
87.57
90.89
88.23
68.88
72.24
71.61
75.8
73.93
73.7
75.92
75.59
80.41
85.95
77.75
80.83
86.26
81.56
70.2
72.65
79.11
80.12
83.22
85.27
97.34
96.18
95.74
86.96
81.84
78.57
83.88
87.43
87
86.21
88.26
86.01
89.04
85.63
85.83
79.32
81.58
83.49
84.3
87.67
74.06
83.7
84.84
92.06
92.14
90.8
76.61
79.75
85.36
89.48
88.54
86.16
86.56
85.36
84.75
89.47
94.08
86.03
97.47
90.27
89.94
95.66
93.74
74.67
74.36
83.69
88.91
75.03
79.26
79.58
80.44
81.91
76.66
82.32
88.37
88.88
90.09
92.33
91.71
95.61
97.41
99.98
88.16
76.62
81.75
90.06
88.51
79.5
68.86
89.28
77.24
74.92
79.82
88.01
97.17
88.29
86.16
75.67
79.97
96.59
97.94
95.58
95.16
73.48
80.15
78.87
83.85
84.52
87.01
82.1
87.86
84.7
81.22
64.07
76.79
79.72
79.75
63.55
77.35
69.99
67.34
82.5
80.22
78.51
85.02
89.78
88.34
90.38
91.8
93.81
80.44
85.72
83.84
91.51
94.32
91.32
92.6
95.52
86.94
94.41
93.46
97.4
96.82
94.71
88.62
87.42
90.72
94.9
94.8
96.82
96.4
96.11
90.43
89.36
77.7
76.56
85.69
88.79
92.05
87.28
84.59
91.68
94.62
96.5
97.34
95.48
90.52
90.16
95.6
96.83
86.26
90.62
96.77
78.53
75.63
77.69
60.55
77.28
76.83
81.63
73.52
86.32
90.86
88.19
70.85
77.71
83.91
84.25
77.54
76.67
72.65
85.32
83.84
71.06
77.07
72.3
74.92
72.98
71.83
71.03
74.14
83.62
75.48
75.47
71.14
66.68
84.22
79.87
94.26
98.23
65.08
75.54
53.68
56.32
70.38
67.07
64.34
66.16
74.06
60.51
49.42
88.04
91.56
79.72
72.09
76.25
77.67
59.92
65.84
66.74
57.23
62.75
69.5
85.43
85.69
73.17
71.14
76.24
84.03
75.51
72.1
74.09
74.27
63.32
72.85
64.86
82.14
86.72
67.83
78.56
86.49
72.21
60.44
68.16
63.18
77.64
57.97
54.36
63.93
59.66
57.04
57.2
68.16
84.37
75.45
86.86
88.5
83.78
83.2
85.83
78.86
61.42
59.95
62.21
65.12
70.78
70.18
66.68
69.68
64.54
66.88
89.65
84.8
83.06
76.52
74.96
68.72
68.58
77.58
63.9
63.82
64.32
60.19
74.08
76.35
61.48
72.02
83.65
90.19
75.99
77.59
86.17
75.27
84.27
82.56
81.19
81.68
78.08
82.09
67.59
79.46
73.2
75.58
71.65
75.16
80.18
67.78
70.28
67.45
67.26
70.53
71.77
79.74
71.7
77.72
71.47
68.8
65.45
70
65.06
64.97
63.78
62.24
69.3
71.31
79.38
89.49
74.22
80.91
73.07
72.78
81.44
84.08
64.65
77.1
73.36
70.72
74.04
73.17
79.1
84.97
73.27
78.06
73.7
74.83
75.97
75.79
75.22
75.38
73.72
78.72
79.7
78.06
80.63
78.18
75.85
81.56
88.72
85.57
87.93
70.94
78.05
68.98
75.7
78.39
93.67
86.8
81.16
74.88
80.04
82.31
83.48
85.41
81.63
91.68
82.25
92.61
83.85
81.32
81.28
84.12
83.3
83.01
85.86
80.41
80.73
75.97
81.35
85.97
89.73
91.73
80.78
66.48
76.28
78.39
80.89
71.27
79.38
78.42
88.73
92.59
76.59
70.09
72.57
79.8
79.38
80.48
76.29
75.2
74.81
76.69
79.96
76.69
77.75
75.64
79.01
79.95
77.46
79.28
81.66
82.27
67.29
89.48
84.54
79.67
77.43
78.36
77.39
74.6
84.07
88.33
82.68
87.53
83.03
84.16
96.05
97.11
95.3
79.4
66.83
80.14
75.18
79.6
83.06
89.69
89.04
75.29
77.08
78.93
61.09
66.94
75.19
62.46
77.63
82.33
77.92
83.1
87.21
87.44
87.69
87.24
82.79
80.94
61.18
76.53
80.96
68.88
75.21
72.36
72.03
61.9
77.62
70.38
86.86
74.75
68.44
74.03
87.84
90.88
93.72
88.55
88.29
86.38
88.76
91.68
86.01
85.2
80.39
76.58
83.37
73.76
78.97
81.85
80.58
79.12
89.02
92.57
92.13
91.77
90.78
84.18
76.46
87.81
78.28
77.08
81.63
73.89
78.74
69.27
74.28
79.23
83.78
76.23
84.65
91.94
94.4
82.49
78.01
81.81
64.52
74.2
80.16
81.86
79.6
68.31
73.56
80.54
95.75
83.75
74.87
73.67
60.16
66.29
68.34
73.14
76.7
78.3
77.41
73.99
68.98
62.77
61.25
70.12
57.56
49.65
62.23
60.57
61.93
62.79
59.5
49.73
56.98
64.24
71.45
65.63
61.74
60.64
62.92
64.94
62.9
59.87
61.45
56.1
58.93
58.61
60.67
72.29
68.04
79.6
64.77
81.41
77.85
83.44
77.87
66.73
67.8
65.34
59.65
73.76
72.61
79.32
93.46
76.17
65.03
66.24
62.58
67.11
64.7
61.35
60.67
62.24
54.3
78.53
79.07
94.3
95.31
74.51
76.1
64.17
73.46
74.45
60.23
56.34
56.77
67.53
72.04
65.1
53.52
62.25
61.74
61.9
67.97
68.41
70.74
71.87
70.64
67.66
71.21
69.51
73.26
73.4
77.15
81.58
65.19
58.32
69.05
79.03
80.21
70.93
86.32
61.66
65.06
65.57
62.26
63.9
66.11
70.78
65.61
73.12
76.24
84.67
88.7
80.14
85.97
71.37
87.72
79.11
79.96
86.93
78.69
81.66
76.98
72.6
74.93
75.33
67.01
74.8
76.15
76.76
75.41
71.49
67.27
68.24
68.31
73.29
67.95
74.97
72.66
73.86
79.49
60.57
80.98
64.66
72.21
67.77
85.56
67.42
65.43
64.91
67.81
62.08
67.2
71.58
65.86
65.66
65.84
64.86
64.65
67.77
63.16
62.11
68.35
67.84
64.11
63.24
66.05
62.76
56.08
58.44
54.25
61.15
59.66
62.02
78.36
69.16
57.91
60.93
68.37
65.43
61.01
59.75
72.11
70.32
76.43
70.81
67.55
64.1
81.37
77.87
63.46
68.56
66.56
66.93
68.9
64.8
66.55
66.78
64.25
78.38
81.94
82.39
80.94
87.09
75.73
72.07
75.62
74.07
82.85
78.58
69.73
74.41
78.58
78.99
74.08
74
83.86
75.16
78.58
91.13
82.33
79.69
89.55
84.44
94.47
86.3
82.21
78.51
76.37
74.98
81.47
83.96
90.38
85.76
87.78
80.59
89.78
81.43
79.57
81.46
86.29
83.39
84.67
82.35
80.96
80.94
82.06
83.73
92.92
71.69
74.72
78.35
80.69
81.6
76
91.75
86.7
87.37
89.14
88.45
95.21
92.77
95.52
95.18
88.36
87
83.3
76.34
81.7
94.29
94.92
93.79
91.97
90.98
91.16
87.21
92.97
84.56
85.43
88.77
84.24
91.99
86.34
82.77
73.15
78
97.32
97.4
93.33
86.98
70.25
86.07
85.44
87.96
85.15
79.84
81.61
90.67
92.85
96.88
95.46
91.84
88.33
70.96
76.59
89.08
90.63
96.94
92.04
90.05
89.29
85.26
92.36
86.1
86.54
92.25
91.9
91.33
89.68
83.04
90.84
97.66
82.35
80.94
77.4
90.09
93.92
87.34
95.84
86.77
82.24
77.52
94.62
85.43
77.65
61.56
80.74
84.5
82.27
81.69
92.62
95.02
85.43
82.39
80.41
83.02
92.24
86.29
76.84
77.64
66.94
61.79
66.17
70.25
70.98
71.25
72.46
81.77
82.98
91.72
90.74
71.07
88.55
84.84
73.14
80
76.92
74.26
75.98
79.45
80.37
81.28
80.77
81.69
77.58
81.48
90.44
89.88
77.64
77.54
80.94
82.46
88.5
87.48
85.94
87.84
79.48
78.48
81.24
82.59
86.82
76.25
75
74.11
72.16
76.83
77.08
80.07
85.84
75.13
67.68
53.6
72.49
76.15
80.19
87.19
88.43
73.4
85.44
96.84
80.68
77.72
75.87
74.13
74.04
72.86
76.96
77.76
69.66
67.14
69.65
73.26
79.69
81.08
81.14
70.93
63.94
75.1
93.01
75.61
75.74
64.76
67.59
63.8
68.62
82.43
76.18
76.33
77.91
70.13
68.84
64.06
74.2
89.58
81.91
73.41
80.39
69.72
53.15
65.23
79.58
72.02
70.13
67.67
72.22
65.1
71.54
90.12
84.92
75.95
57.7
63.51
64.27
67.99
62.03
69.28
79.02
68.59
56.97
57.86
66.85
64.73
65.89
69.26
68.95
87.16
72.84
79.15
79.48
76.67
63.49
69.69
75.66
69.2
65.93
74.03
71.79
70.82
67.92
75.89
85.59
73.4
78.76
72.82
73.52
80.56
84.68
76.59
83.46
76.58
71.91
69.52
63.59
63.16
65.33
76.98
74.97
64.45
64.28
66.45
72.71
68.79
70.77
71.53
73.48
79.99
77.39
69.62
73.2
71.39
69.53
77.19
82.58
72.34
72
71.82
84.05
75.26
70.42
88.32
79.53
73.46
72.97
78
81.32
76.13
69.54
71.86
70.21
73.29
73.12
72.16
76.38
76.94
74.66
71.12
73.23
82.29
71.65
72.16
82.1
78.34
72.06
79.01
77.48
75.37
74.6
81.04
76.59
70.65
73.4
75.3
71.13
71.61
78.13
79.45
75.97
74.36
73.8
76.36
69.38
72.51
75.13
71.97
74.99
83.92
92.6
88.23
90.47
85.52
85.16
78.57
77.98
81.35
83.71
82.43
92.17
78.48
79.45
76.04
79.39
77.61
77.43
83.13
81.5
87.63
74.75
77.88
76.89
81.45
81.24
91
90.54
92.07
94.2
89.03
80.42
75.68
85.64
89.69
76.81
86.27
92.5
77.64
69.52
72.04
77.18
80.5
76.77
74.11
72.58
74.5
79.48
80.2
83.05
78.43
81.63
81.55
80.31
91.27
90.88
75.77
74.18
84.53
83.32
80.69
82.09
75.43
73.63
84.19
92.63
93.13
82.46
90.33
94.12
94.67
94.52
95.02
95.65
95.4
89.49
89.52
86.7
85.91
82.79
91.74
88.07
88.97
95.35
82.64
75.07
73.57
77.68
73.21
71.91
75.85
88.94
87.64
87.62
83.18
90.91
92.29
92.15
78.45
83.44
81.35
89.99
94.48
90.58
75.57
73.71
84
69.27
78.54
80.8
77.14
79.03
74.36
77.94
87.2
82.87
74.4
79.15
87.34
75.36
84.36
92.44
92.39
88.72
88.72
82.14
90.36
87.75
86.55
73.68
86.91
78.5
83.75
86.04
88.46
93.62
94.91
93.02
86.52
81.53
72.5
72.84
80.93
82.24
84.95
71.94
77.63
90.79
74.22
80.39
88.21
88.37
81.14
75.49
75.88
83.89
74.97
88.14
81.94
56.09
56.04
65.18
69.32
85.66
78.25
62.33
67.57
69.62
72.5
78.27
74.65
74.44
63.6
58.45
65.85
71.5
73.15
90.53
71.45
68.9
67.47
67.76
64.76
62.12
72.11
75.92
60.72
64.01
66.84
59.15
76.37
91.97
78.87
81.48
72.05
79.49
93.9
77.84
84.81
72.27
66.63
67.8
66.48
69.71
69.12
59.96
68.48
75.13
64.07
70.3
61.86
61.96
59.3
65.31
66.57
69.41
61.77
68.53
59.93
53.42
68.09
50.58
51.09
53.15
72.37
70.3
63.87
64.29
68.72
69.04
80.23
84.32
80.69
77.19
69.66
70.66
69.48
65.13
64.82
62.7
76.63
81.84
74.04
69.81
65.3
66.87
66.39
64.48
62.76
53.95
68.31
76.23
76.81
72.84
84.1
69.86
59.16
62.78
62.86
59.35
67.92
65.9
66.89
84.76
77.63
80.59
80.71
79.92
66.95
69.66
79.72
83.43
84.85
81.16
91.28
87.46
73.28
60.17
69.72
69.62
65.46
80.92
79.94
72.63
70.99
57.75
65.16
64.6
58.65
60.66
69.06
64.81
62.71
59.25
59.68
66.79
63.2
73.95
72.68
73.25
70.42
65.21
79.24
75.01
86.34
81.9
61.28
77.82
71.99
65.81
74.78
63.52
65.75
64.46
64.55
63.94
55.85
57.78
62.93
62.49
56.3
56.15
59.54
62.86
58.79
62.97
61.09
62.25
55.61
58.1
57.27
57.58
57.45
54.12
57.46
59.86
60.19
54.96
61.45
60.11
57.89
56.46
55.61
55.44
56.15
60.38
76.98
68.3
60.67
56.85
56.86
58.95
50.1
54.15
59.83
72.96
64.71
60.41
83.1
67.34
60
60.95
68.28
72.21
75.76
73.12
69.12
73.76
74.22
76.26
72.43
71.99
68.49
72.17
71.81
69.41
71.69
70.26
68.95
65.6
65.87
64.29
69.67
73.19
76.82
78.47
79.8
77.01
81.3
88.79
84.83
81.05
83.69
90.85
96.6
95.22
76.78
73.16
79.8
87.24
95.74
93.9
92.83
80.69
95.14
98.04
86.55
92.02
89.45
76.55
81.57
78.6
80.32
87.08
97
95.96
89.4
96.8
91.72
93.68
90.68
90.05
98.05
87.95
79.64
82.18
90.23
91.41
88.19
81.86
89.06
77.8
97.97
93.13
88.54
86.77
85.41
87.93
96.21
100
98.66
93.63
82.98
92.19
93.04
91.49
83.43
82.95
70.68
82.31
73.24
84.12
70.88
91.97
97.51
93.66
94.9
96.87
85.61
86.18
93.23
99.39
98.24
95.24
93.93
96.22
97.47
96.57
84.05
87.04
73.54
76.31
88.66
75.09
85.13
85.07
89.41
86.67
70.93
71.27
79.85
84.83
84.42
83.8
95.37
85.9
90.69
82.32
72.43
76.85
79.41
83.46
81.52
85.06
86.69
88.03
87.97
75.96
78.72
77.09
75.58
72.21
59.29
63.6
76.1
89.18
84
78.62
84.68
83.83
80.45
79.33
88.08
81.57
80.91
81.34
79.3
82.75
85.76
90.3
87.61
86.2
88.55
80.06
84
75.76
78.59
70.42
67.49
62.14
52.4
74.06
86.13
83.94
76.89
74.69
77.08
88.56
97.78
74.31
67.09
76.92
79.33
68.61
70.39
77.12
81.96
76.96
78.69
78.23
79.1
79.26
78.29
68.97
63.91
70.61
66.8
65.64
72.58
80.65
79.64
69.24
61.7
66.95
53.6
62.03
61.49
60.32
72.53
82.52
88.55
77.44
78.27
75.61
67.87
69.28
72.28
87.86
94.56
82.66
73.54
86.93
57.78
65.44
69.39
69.98
77.04
71.82
64
64.41
58.62
60.44
50.93
66.08
65.04
69.77
68.31
65.37
68.57
71.44
72.01
84.87
86.18
79.61
75.72
82.34
76.4
67.58
62.71
64.94
70.87
74.63
71.27
68.13
67.95
68.4
64.93
60.06
57.8
69.62
69.95
67.79
69.94
59.7
63.35
68.47
64.53
73.01
65.93
58.26
86.53
80.02
72.92
69.54
72.89
71.03
64.48
63.04
64.41
78.12
73.49
73.44
73.34
62.78
81.57
69.45
66.77
62.87
75.99
76.21
64.47
85.76
67.2
76.11
83.74
82.38
64.22
68.87
58.8
62.25
65.32
58.68
65.7
77.84
57.05
61.81
59.72
56.35
62.25
77.98
66.42
60.11
76.06
72.27
69.32
75.44
77.33
77.55
87.36
65.09
61.69
61.58
61.94
84.06
67.09
73.55
72.81
66.28
59.83
59.1
64.13
65.02
62.9
66.66
79.17
67.07
70.12
86.97
76.97
69.46
68.2
66.43
68.03
65.12
63.01
68.57
66.85
65.37
68.13
63.61
58.75
51.94
71.17
91.32
85.15
86.43
79.78
67.77
68.75
77.05
84.54
79.02
86.91
91.81
75.03
72.56
72.86
75.54
76.82
77.35
84.91
86.63
75.34
70.34
75.67
73.59
90.07
91.78
89.2
80
79.83
80.6
78.36
77.38
91.04
88.54
85.61
86.85
98.76
86.48
81.02
80.37
93.37
93.04
83.75
74.52
81.31
76.79
78.53
79.06
71.68
63.2
66.37
72.86
75.27
80.32
77.4
85.77
95
94.23
96.73
95.81
95.48
86.34
91.9
76.59
84.47
88.56
91.1
97.22
94.31
97.43
97.19
95.09
97.42
97.86
98.89
87.66
90.18
91.81
92.2
90.58
95.78
95.87
91.82
97.89
87.35
77.02
73.99
85.33
90.5
90.34
94.73
94.75
98.48
96.9
84.94
85.46
90.64
94.55
94.76
89.11
86.45
89.74
94.68
94.09
97.1
97.38
96.44
91.04
91.78
94.66
84.55
79.6
78.49
95.78
85.58
90.88
88.42
82.84
67.57
78.1
80.3
73.44
87.41
97.5
97.27
95.33
94.15
94.86
94.69
85.02
83.19
67.34
81.61
78.02
86.17
62.38
65.05
77.5
90.4
93.26
84.97
78.6
85.94
94.05
92.18
94.12
84.62
71.14
81.25
87.92
69.58
77.88
74.45
68.82
74.99
85.54
68.06
63.98
61.24
57.84
67.6
73.63
77.16
68.05
77.88
70.22
78.73
86.45
88.05
82.29
83.09
77.54
89.37
82.56
69.76
71.65
77.82
78.31
78.32
69.36
70.59
70.34
73.15
73.86
84.5
79.65
70.9
55.83
59.48
63.59
78.18
67.62
64.13
64.16
69.49
73.99
79.89
84.63
74.44
61.75
69.87
69.08
63.4
66.95
70.55
71
62.07
56.18
75.13
80.23
83.41
78.91
70.96
71.37
79.2
72.12
68.07
65.22
61.33
55.25
56.36
83.51
67.4
66.04
67.09
57.67
55.74
57.9
63.24
84.49
72.8
87.05
70.24
70.61
66.96
77.19
88.72
76.62
58.78
69.64
68.76
72.32
69.93
69.32
59.72
70.95
63.31
63.96
64.74
65.01
74.95
58.63
62.07
59.31
79.42
68.15
62.74
64.04
63.55
75.91
75.54
68.26
75.55
68.46
59.04
60.48
57.4
61.96
78.75
69.46
69.63
65.6
71.35
71.72
77.69
62.1
74.84
65.58
77.21
83.13
63.56
64.56
64.37
51.26
71.42
73.25
50.94
66.12
64.78
72.92
71.39
73.09
86.48
82.47
66.33
62.69
73.69
78.18
71.77
63.7
67.87
61.55
63.82
70.15
64.68
65.47
65.5
61.28
67.84
73.27
70.17
62.74
61.43
66.11
68.67
75.12
74.91
79.5
74.9
72.69
76.84
67.99
69.93
69.36
65.15
69.43
68.75
66.11
70.82
81.78
85.08
74.75
65.58
61.8
64.61
68.08
64.91
71.29
66.57
62.86
63.02
61.31
63.08
64.75
64.13
65.14
61.24
61.44
62.14
64.8
66.68
58.75
58.8
68.91
72.34
69.8
67.15
66.2
67.4
76.95
72.76
73.42
73.39
80.06
76.06
84.79
91.33
68.31
70.32
72.96
85.04
79.72
78.48
75.29
76.31
91.67
74.54
77.03
79.93
77.17
71.01
82.65
79.06
80.6
76.88
76.96
76.14
66.49
77.73
90.22
78.66
78.43
79.93
86.23
81.53
86.06
82.79
82.84
88.31
80.42
86.79
83.78
86.91
81.56
79.97
79.88
81.39
72.09
69.93
82.62
86
77.39
78.04
79.13
79.99
81.65
81.56
88.03
92.32
76.2
64.07
67.6
80.79
82.12
79.69
84.24
94.23
81.92
80.78
79.38
82.84
85.13
87.19
77.52
77.87
75.09
82.31
75.74
80.3
77.83
83.74
91.06
93.38
89.47
92.18
84.41
84.92
84.19
77.94
88.55
86.39
88.03
75.3
83.54
86
77.06
80.3
92.47
84.79
85.04
91.73
86.91
93.3
83.07
75.67
86.71
88.74
92.4
87.02
96.19
84.61
95.53
95.18
95.18
94.05
86.83
86.63
73.62
64.8
77.78
75.82
79.94
83.39
88.74
86.75
89.7
79.97
87.19
93.74
93.94
88.16
87.51
82.39
72.82
87.09
94.98
85.52
74.5
62.52
76.95
82.31
79.84
76.51
79.81
76.49
74.23
73.12
65.67
61.18
78.93
73.82
78.89
88.24
87.8
88.16
89.28
88.28
67.81
85
78.04
63.99
59.95
62.7
75.72
72.63
64.49
69.75
66.04
70.25
79.13
81.52
79.24
66.87
73.17
75.28
66.38
79.71
72.31
77.54
88.28
77.54
84.3
74.89
87.2
70.19
68.81
70.87
74.49
75.35
90.79
71.21
84.81
75.57
73.32
68.8
79.58
87.94
91.86
78.47
81.32
67.43
62.82
64.65
66.63
73.3
73.8
81.02
74.15
79.43
90.24
75.87
61.63
67.71
81.64
65.23
70.05
76.26
74.25
66.47
78.89
73.08
60.48
68.01
59.95
62.26
72.1
75.74
48.53
55.38
68.65
72.6
62.45
57
62.33
64.9
85.85
72.3
73.2
77.76
82.74
78.28
59.98
57.84
57.2
59.59
63.24
60.63
59.25
73.8
77.23
83.22
72.6
76.35
75.19
75.97
72.66
55.66
59.04
60.96
59.45
62.59
66.01
63.91
73.53
76.13
77.41
87.08
73.87
67.82
62.64
62.29
83.58
79.16
78.05
67.67
78.02
68.33
66.95
71
69.39
67.51
64.93
67.2
76.08
72.15
82.23
86.28
77.13
68.86
75.76
85.44
86.95
86.19
73.16
78.19
75.5
83.15
86.23
72.51
83.96
75.94
75.42
70.54
79
68.66
68.47
71.54
86.14
75.94
88.7
87.58
82.51
78.09
61.28
64.45
69.65
68.42
73.26
67.21
68.05
79.66
85.24
72.38
70.75
68.56
70.04
68.59
70.56
72.93
77.26
80.59
68.42
78.53
70.43
70.9
67.56
70.83
69.32
68.8
61.01
61.3
64.77
67.93
78.43
88.84
71.6
70.81
69.44
71.49
67.16
69.53
73.17
72.03
75.99
77.84
90.37
72.01
66.79
67
68.09
68.02
75.72
72.52
76.84
71
83.31
83.57
89.41
80.55
78.27
76.33
78.09
68.42
72.45
90.89
77.36
76.18
74.99
85.3
88.26
84.42
87.24
80.27
80.43
76.73
85.28
81.91
76.94
80.32
80.87
85.54
93.8
93.82
85.87
87.67
85.35
89.47
85.3
77.15
78.6
82.79
81.35
85.07
85.19
79.47
91.27
78.18
75.57
80.47
78.5
82.74
83.96
80.47
84.89
86.68
84.32
84.73
86.28
86.03
84.55
82.01
86.4
85.08
81.51
83.13
83.18
83.45
84.34
77.58
73.06
75.93
76.01
78.45
81.32
83.17
89.59
88.33
93.73
90
88.11
84.73
78.32
63.43
74.54
62.25
68.4
65.02
77.74
85.53
87.89
93.87
95.49
97.09
92.76
79.05
88.43
71.25
74.11
65.96
70.54
82.65
88.44
84.07
96.29
92.7
90.09
93.92
96.88
95.25
96.52
97.29
91.41
95.72
94.84
95.47
97.21
97.49
97.26
95.1
92.95
92.34
95.31
97.99
95.38
98.22
97.55
96.48
96.83
93.25
75.66
85.75
76.34
78.61
94.11
96.41
92.53
83.75
88.92
86.19
93.75
97.7
94.38
88.18
86.49
86.8
90.97
92.86
99.33
98.93
96.16
92.25
88.79
89.93
96.82
94.85
95.84
93.17
91.78
88.12
89.19
93
88.62
90.27
90.07
84.34
93.92
94.94
89.35
91.45
84.51
79.24
85.77
82.71
89.83
94.01
75.09
80.17
79.89
85.75
68.24
76.26
76.64
85
93.24
91.21
73.72
76.8
76.42
71.39
66.28
92.23
73.96
67.78
70.69
72.28
72.9
71.57
75.55
77.45
78.69
85.88
70.13
73.77
68.9
67.37
75.6
80.42
73.2
74.51
70.86
67.82
82.28
89.64
83.97
86.64
85.75
86.89
88.99
76.95
70.56
63.13
72.09
80.99
75.22
71.22
74.02
74.97
55.15
62.16
78.83
77.58
75.95
94.98
91.29
95.07
89.98
83.75
74.68
69.91
79.29
70.18
67.41
76.94
89.35
83.08
84.63
58.9
67.35
66.46
60.75
61.32
52.7
51.27
49.22
74.02
80.68
86.88
87.97
81.33
69.45
83.28
94.81
70.65
72.98
69
76.37
79.45
78.33
85.84
79.95
78.86
83.3
94.74
93.43
94.52
83.25
83.9
72.54
58.98
56.03
82.99
77.58
84.65
79.75
74.29
65.49
85.58
90.34
74.47
59.83
66.95
74.34
77.67
76.58
68.59
74.65
69.35
77.23
75.74
71
71.58
73.72
71.58
73.61
75.01
57.68
66.39
67.74
67.09
66.41
75.55
78.84
89.52
83.25
86.82
76.1
83.6
89.14
70.65
76.02
72.23
80.97
92.54
90.02
78.88
79.23
77.5
64.68
73.92
78.07
60.08
75.48
78.19
81.92
74.41
71.12
73.33
70.91
63.31
63.4
61.83
66.08
65.07
66.33
65.56
70.62
86.49
76.53
74.45
75.72
80.31
87.34
69.98
69.34
73.53
80.51
73.28
71.21
76.15
76.97
87.87
79.37
76.02
73.23
86.99
80.72
79.68
89.87
80.01
77.21
79.56
76.17
73.61
76.16
80.02
72.56
74.63
87.78
79.57
81.23
85.13
82.91
84.34
74.48
83.53
98.49
98.53
92.08
93.42
81.53
78.95
74.54
86.88
84.78
82.13
87.98
90.41
93.37
84.38
81.89
84.5
92.11
86.22
98.46
97.39
95.82
99.28
96.1
98.56
88.05
88.96
91.88
83.94
83.41
69.14
79.25
86.85
87.4
98.22
97.75
97.85
89.81
88.01
92.69
94.42
88.44
90.81
89.47
88.55
91.21
92.81
94.33
86.43
79.89
94.26
83.8
84.86
81.89
83.3
83.32
84.35
90.84
79.77
74.32
79
87.52
79.81
87.64
87.61
72.38
81.89
75.47
80.6
88.13
87.2
73.73
62.86
66.79
83.18
90.83
95.56
94.01
93.53
91.58
87.8
92.65
98.42
92.34
90.47
83.13
98.02
97.81
97.56
89.23
94.16
81.98
83.56
86.22
86.44
98.17
98.33
98.4
98.13
97.6
99.13
99.71
97.87
96.83
96.93
92.68
98.73
98.63
99.21
95.44
98.08
89
86.27
97.32
89.99
87.18
67.31
74.32
86.42
80.5
84.3
90.58
88.4
88.55
95.79
99.02
98.89
97.38
96.77
98.39
98.54
96.87
95.59
93.85
94.05
95.94
97.03
98.23
97.8
97.58
97.17
98.99
97.51
98.67
98.81
99.04
98.57
88.78
83.59
85.5
89.92
92.49
88.74
87.37
76.84
85.21
86.17
87.44
81.71
81.2
80.19
82.59
81.57
84.95
83.85
84.2
70.55
74.83
72.66
79.04
79.38
77.21
68.69
68.06
75.78
74.51
74.59
72.75
80.18
80.9
70.05
72.74
72.54
73.26
83.28
85.68
84.56
80.19
63.05
65.37
72.92
67.98
71.06
70.52
76.29
70.94
75.13
87.84
70.96
88.73
87.32
75.3
88.59
82.64
78.9
84.92
76.18
77.14
79.98
72.48
68.64
79.55
82.38
72.63
64.36
67.74
75.93
65.83
59.05
56.95
62.39
57.92
57.09
55.34
67.94
61.33
61.56
75.08
70.78
49.54
70.98
95.31
70.9
67.59
52.33
59.26
56.64
67.39
79.99
89.77
78.4
73.86
67.23
62.73
58.59
58.94
54.76
59.31
63.16
88.44
68.31
63.61
61.68
54.48
56.29
58.69
60.56
61.57
70.23
66.41
63.9
57.96
62.18
91.16
84.92
92.23
72.5
79.25
76.8
81.72
66.79
71.06
64.62
70.8
88.6
81.63
81.7
76.68
84.94
81.58
74.88
79.75
80.01
75.7
78.84
84.53
80.1
74.78
77.05
87.45
92.11
87.09
82.2
76.13
63.74
78.07
86.47
76.03
77.26
73.15
72.89
78.27
73.92
72.73
71.51
64.17
67.79
86.25
88.3
80.24
83.6
64.99
76.21
89.42
80.3
83.71
78.1
81.86
80.46
80.23
93.08
81.46
66.49
74.18
81.98
79.98
82.52
87.5
68.07
70.44
82.74
92.45
79.06
76.55
85.02
73.32
74.73
78.15
78.66
92.17
76.86
78.92
83.64
85.66
77.71
76.6
74.36
72.3
75.74
79.79
79.62
83.9
77.85
86.74
82.12
77.82
77.28
76.87
77.74
80.1
84.38
75.18
87.96
68.11
67.67
79.71
81.87
81.97
82.44
83.75
83.86
88.92
84.66
81.82
70.99
77.05
81.74
75.6
92.74
81.72
82.47
86.4
87.05
86.7
76
82.34
85.15
83.57
82.55
80.38
81.94
82.41
83.29
84.74
89.62
97.65
94.32
77.61
82.48
83.98
86.74
73.74
87.83
81.59
82.16
82.89
92.6
78.51
83.21
81.09
84.06
78.35
86.41
87.34
85.13
85.28
72.69
96.44
80.87
73.12
81.59
88.7
82.01
78.5
81.6
73.77
81.73
91.89
85.58
76.27
83.33
78.82
76.9
89
86.87
91.24
86.17
83.23
100
89.87
85.62
100
98.35
88.02
81.89
88.22
92.15
92.33
100
100
100
100
100
100
100
100
100
98.79
100
81.87
87.75
91.33
92.66
86.24
94.38
99.64
88.31
93.48
91.32
86.72
86.69
91.74
84.64
87.02
93.56
99.97
100
100
99.89
100
99.1
88.19
100
98.03
89.07
92.51
89.86
99.78
84.14
97.58
84.94
92.84
77.97
78.98
88.41
89.08
86.36
89.65
99.84
95.46
98.45
97.96
96
91.74
82.46
85.68
74.74
76.24
84.96
85.79
88.4
83.78
78.42
81.08
84.69
82.49
82.15
74.47
58.14
76.43
78.79
75.2
76.81
74.66
74.8
71.23
62.09
56.69
64.18
60.64
57.48
73.2
60.93
56.54
55.58
66.75
63.72
72.11
66.43
49.13
67.12
71.19
74.19
76.97
73
69.49
89.89
84.85
72.38
59.95
65.1
59.97
47.72
75.45
66.3
58.15
57.7
53.93
61.66
61.78
57.47
56.21
94.03
85.34
71.21
67.48
69.83
67.01
65.57
57.72
53.14
54.06
55.09
49.36
62.62
54.28
57.73
58.78
65.33
62.73
57.83
57.94
85.93
68.98
65.17
81.72
70.25
56.13
67.89
72.27
79.92
65.57
83.43
78.03
84.52
64.03
62.7
61.9
75.97
75.96
70.65
68.35
65.84
55.83
54.88
79.16
62.24
70.27
65.72
66.71
84.78
61.33
65.5
65.91
57.99
58.8
60.82
63.31
61.62
61.92
56.46
58.69
61.18
79.66
83.37
87.03
63.49
71.34
72.31
64.76
72.4
89.26
79.28
70.6
66.76
78.3
72.1
67.91
74.84
81.45
75.43
80.95
81.51
74.83
63.51
79.43
80.63
79.6
92.48
95.39
92.38
85.61
78.62
81.96
89.46
76.45
79.51
77.3
74.23
83.98
91.02
89.54
85.28
88.1
82.39
88.61
87.73
87.84
78.32
83.99
90.25
75.78
80.23
82.99
87.23
75.44
80.74
73.84
84.78
94.71
80.53
92.24
81.26
72.7
78.08
78.28
79.72
77.12
71.88
74.98
78.06
76.79
79.57
78.99
83.38
89.8
78.71
72.51
77.74
81.46
80.9
81.85
75.43
80
72.76
71.74
72.38
72.6
64.68
71.81
70.81
67.81
72.16
71.38
80.95
76.44
73.96
82.88
76.14
75.66
87.02
81.59
85.35
78.64
76.23
82.84
82.99
79.24
77.41
81.88
83.23
83.87
86.12
95.79
97.29
88.39
88.55
93.14
89.23
94.27
91.57
95.97
93.52
96.09
88.2
86.61
94.57
87.26
83.68
85.76
78.04
86.64
88.65
88.23
86.68
80.86
84.31
98.51
89.83
86.9
91.18
93.84
92.85
85.98
97.84
94.93
94.63
96.2
92.59
78.22
80.38
91.75
80.88
81.67
85.51
88.88
80.73
86.87
98.32
95.1
89.6
87.76
88.13
94.4
96.87
85.99
81.05
73.94
75.01
81.25
81.47
75.79
82.72
86.52
99.08
97.61
93.36
90.79
86.75
84.57
90.2
82.66
86.98
88.23
87.48
93.63
86.99
89.01
79.43
82.42
80.05
74.13
89.55
96.47
95.58
94.78
98.04
95.45
97.87
97.47
94.9
97.15
94.98
95.59
95.73
94.47
94.64
90.03
91.83
90.12
86.56
90.35
90.63
96.32
86.27
99.53
97.73
95.73
94.5
97.12
96.28
92.01
83.09
90.84
89.02
95.16
95.54
85.52
88.16
97.46
95.9
98.94
98.43
95.83
96.83
98.64
96.15
92.28
97.26
99.53
99.59
98.22
100
92.07
95.21
84.03
87.89
79.16
82.08
97.35
99.76
100
98.79
95.69
96.18
96.3
97.26
97.35
98.25
94.9
80.92
60.67
61.65
63.39
89.25
86.13
88.66
73.17
63.8
73.83
73.3
84.16
89.39
75.85
68.87
83.57
92.67
90.9
79.18
79.14
65.93
67.62
75.86
93.5
98.32
72.48
66.94
68.11
69.88
60.53
64.64
76.13
71.91
72.52
62.9
73.07
84.81
86.55
76.36
64.39
66.2
76.37
71.05
76.49
72.96
76.29
77.88
74.67
65.77
65.6
64.58
66.92
68.66
79.68
74.12
56.86
57.78
73.83
98.34
87.82
79.46
69.85
64.71
64.8
51.53
59.6
66.87
66.47
62.43
88.48
68.05
67.39
81.78
78.21
88.92
77.73
61.22
88.32
93.72
84.68
85.1
81.85
79.74
78
95.59
93.2
83.73
78.02
74.43
77.52
76.08
77.31
80.55
75.37
80.45
85.87
87.07
71.86
75.69
72.1
82.93
71.13
74.4
86.69
82.15
91.82
86.78
72.59
73.57
77.6
68.32
81.75
80.21
77.92
66.45
67.37
70.44
70.56
72.93
71.85
70.01
71.21
70.13
70.6
71.43
56.86
76.38
69.41
61.76
62.14
79.78
68.39
67.11
80.62
79.27
79.2
76.64
81.36
84.97
86.29
79.09
69.89
69.69
91.18
81
62.72
67.69
69.56
68.42
71.95
70.46
68.68
71.47
66.59
68.24
69.13
69.41
67.13
61.09
82.47
77.82
88.24
87.75
82.62
84.92
80.01
78.36
63.73
71.77
72.06
70.77
71.06
72.11
73.16
80.24
72.48
71.33
70.77
81.84
77.55
73.67
66.44
63.21
71.63
71.85
72.65
69.04
78.02
77.79
79.36
76.94
75.81
69.22
69.16
77.77
71.85
75.27
70.84
70.87
80.83
84.57
81.98
78.17
83.66
82.4
75.36
74.87
76.1
75.29
75.07
79.14
79.45
84.93
92.32
83.43
84.02
87.49
91.6
92.24
93.66
85.18
85.66
82.44
79.19
75.89
79.82
79.4
79.81
80.49
84.07
81.99
84.94
92.03
87.57
82.36
93.15
86.4
85.48
87.96
81.7
75.09
89.16
89.64
78.6
76.63
82.89
80.88
72.47
87.56
79.41
70.72
77.93
81.76
85.16
79.7
82.12
82.98
82.94
77.99
79.46
75.04
76.05
74.02
74.2
78.76
81.36
87.87
86.22
80.36
68.53
86.98
82.94
86.98
90.83
87.76
84.98
79.98
83.8
88.62
87.49
88.09
85.3
82.09
83.36
96.71
96.42
92.75
89.22
85.35
89.3
83.84
85.58
91.41
93.66
95.63
91.62
94.72
91.44
90.59
88.3
88.83
89.1
96.59
96.22
94.41
93.24
93.42
92.24
84.14
78.65
83.51
76.77
79.3
80.17
80.76
80.91
93.88
92.78
94.05
87.69
92.43
79.54
76.36
77.27
79.21
84.68
75.92
77.53
84.74
87.36
89.15
94.1
91.59
91.08
84.03
87.9
87.03
83.9
93.05
94.59
90.24
90.63
89.83
94.15
92.92
93.47
95.22
89.32
88.98
90.82
89.76
92.53
80.43
76.74
77.31
68.61
65.15
64.37
63.71
78.84
67.74
74.09
71.5
69.14
75.53
75.21
77.66
84.68
80.7
81.05
69.71
72.97
71.57
75.14
78.77
79.73
67.2
74.57
78.43
76.95
78.34
64.72
67.55
80.16
70.64
68.34
65.54
79.36
71.32
70.1
79.04
80.74
63.06
72.94
74.92
67.05
61.17
69.46
73.19
64.44
67.76
65.78
60.57
66.8
65.46
60.16
64
69.75
73.51
71.36
74.44
66.64
75.13
86.29
65.6
77.86
69.95
78.28
69.48
64.86
67.56
81.94
74.36
76.66
69.13
86.47
72.98
67.85
89.45
70.9
67.88
72.04
89.65
64.82
56.27
66.36
60.05
57.41
76.23
72.03
71.6
56.31
62.35
61.8
56.01
68.58
64.35
66.81
68.63
62.39
59.05
65.27
87.6
80.37
75.67
68.84
78.31
78.59
89.94
77.48
61.73
69.6
60.64
62.51
66
71.54
68.83
67.3
66.55
82.67
75.52
70.15
68.65
66.41
61.53
59.88
88.35
96.72
70.57
90.65
77.57
74.59
70.86
72.45
63.55
65.07
87.64
65.12
75.75
62.07
65.65
63.5
63.12
65.56
70.21
85.17
72.37
67.12
61.06
68.04
68.71
67.21
68.34
77.59
59.47
55.67
58.39
59.46
60.1
58.92
57.82
58.8
68.11
93.1
77.48
71.34
68.92
61.82
71.34
65.64
60.47
55.56
59.27
61.31
63.47
59.45
78.46
77.88
57.61
85.84
80.25
60.94
70.58
95.84
75.15
61.65
84.18
76.98
82.12
72.93
73.31
69.88
67.63
58.7
70.1
66.41
81.71
73.58
77.67
76.1
69.9
64.23
67.73
65.9
86.28
81.9
74.83
72.78
74.11
70.33
68.44
61.7
64.58
70.39
68.86
64.79
61.67
60.69
57.89
51.48
49.84
51.41
54.88
60.97
57.95
57.85
59.55
67.74
68.78
59.77
75.81
89.47
86.12
79.97
78.93
71.79
73.44
92.31
82.75
76.84
73.98
74.03
76.33
74.6
75.18
88.3
81.15
87.78
86.93
88.63
87.66
92.64
85.01
83.11
92.27
88.13
87.24
81.61
79.1
74.17
77.16
89.23
89.47
94.89
92.16
89.41
88.13
91.83
84.59
95.71
93.8
82.8
68.85
80.24
88.65
90.26
86.61
80.52
91.25
94.46
81.43
82.78
84.88
83.53
88.93
88.35
85.03
93.31
81.64
86.34
84.27
68.41
95.44
98.98
84.49
94.28
97.83
83.28
86.94
80.57
79.01
88.73
92.3
80.71
74.21
65.72
85.37
97.85
98.75
96.05
98.87
93.68
84.51
90.88
81.6
88.07
98.38
95.33
90.48
85.02
80.77
96.75
100
100
99.65
100
100
100
100
83.8
90.39
98.54
96.64
95.28
91.47
96.25
97.36
85.49
90.5
94.87
98.47
88.19
78.13
73.6
76.46
81.98
84.87
98.85
99.73
99.21
95.12
99.23
97.74
96.07
93.65
96.92
96.5
94.87
76.46
86.51
98.36
77.32
81.99
89.52
79.78
83.26
85.08
87.01
92.95
87.05
91.29
95.65
95.5
90.29
93.78
97.65
98.11
97.04
100
91.53
96.52
94.32
85.35
68.4
70.04
77.96
79.18
72.94
77.02
76.21
67.38
62.91
73.49
78.76
77.91
80.26
82.52
71.62
80.99
78.43
80.84
72.16
59.22
66.26
63.38
61.69
79.4
76.35
65.52
65.26
62.62
72.06
93.09
78.04
87.75
71.9
79.26
73.8
73.83
76.72
69.91
75.82
68.58
70.05
89.65
86.45
79.48
73.06
70.6
70.52
76.35
87.02
96.16
100
83.48
75.09
77.04
85.7
84.15
75.83
82.16
85.02
74.72
74.09
65.1
62.78
58.32
73.82
63.65
66.81
96.09
76.52
73.92
93.79
76.05
62.64
63.83
57.82
78.05
78.28
64.92
79.01
92.83
89.99
80.63
70.22
61.93
64.58
83.09
69.1
66.39
65.61
71.99
63.11
58.64
62.95
65.37
78.14
77
79.23
82.56
81.14
65.29
71.19
53.45
56.18
55.21
60.27
60.33
58.95
67.44
69.21
67.4
74.33
69.73
55.3
56.63
59.13
49.83
57.17
60.38
59.4
57.93
80.9
62.74
60.63
81.88
66.71
64.33
76.36
76.92
67.4
65.21
71.47
89.3
70.89
72.45
79.96
67.86
65.22
88.32
75.01
62.11
63.19
57.99
79.82
78.26
68.94
65.95
63.43
71.2
78.3
81.82
67.2
83.63
60.19
56.03
83.57
79.96
75.61
62.99
58.47
81.54
80.09
70.8
76.18
73.27
71.48
66.95
63.13
88.83
78.08
66.75
83.41
88.63
70.23
77.52
82.48
71.89
65.46
67.33
65.4
62.54
68.74
63.98
62.91
63.53
64.06
62.3
57.91
58.42
60
62.52
65.61
72.13
85.01
63.97
63.01
66.47
69.47
68.1
64.01
62.48
65.51
65.42
69.19
76.29
74.88
78.13
72.75
64.54
64.4
60.54
60.75
62.81
79.91
87.12
85.32
72.77
80.59
97.15
90.11
77.82
87.1
93.9
83.21
84.58
80.43
75.83
77.52
97.4
90.59
97.29
87.07
89.67
78.83
81.94
86.99
98.91
89.24
91.41
91.2
82.72
82.8
88.83
91.38
91.44
79.65
75.9
82.54
86.62
86.56
86.64
76.93
84.35
92.97
88.21
85.18
87.73
89.12
89.43
90.12
94.23
96.47
97.27
94.15
77.47
87.37
85.71
93.7
94.41
85.02
88.07
91.06
93.13
90.02
68.99
66.49
71.56
84.12
76.41
78.84
85.96
91.54
83.15
86.67
67.86
87.7
96.87
95.02
66.83
78.01
81.56
84.84
97.13
92.3
74.52
75.75
79.22
72.25
69.48
70.36
87.26
94.57
97.63
96.11
95.34
88.6
96.64
98.33
97.67
95.17
95.9
90.15
82.26
82.59
82.38
92.04
96.11
77.23
78.89
82.8
78.32
80.68
88.03
87.41
84.52
78.79
81.58
89.05
79.88
69.27
83.54
81.6
78.99
72.9
77.75
80.79
71.19
61.5
55.96
74.38
71.15
66.16
77.91
88.54
87.49
97.68
97.38
95.96
97.11
93.41
90.6
93.14
94.14
91.57
91.67
88.89
81.26
82.63
80.94
78.32
89.49
91.51
74.06
77.66
67.9
72.42
68.75
86.21
83.01
86.92
97.66
87.18
77.85
96.53
94.99
94.52
84.57
73.5
66.48
79.01
82.93
67.73
74.63
92.04
98.13
87.87
75.4
75.69
53.3
62
64.04
53.97
57.78
67.23
87.57
93.73
93.82
84.21
80.56
70.34
67.63
60.43
59.65
61.55
60.21
59.18
61.44
65.85
54.63
58.99
78.57
73.77
69.3
76.31
73.52
82.29
79.61
71.27
74.84
65.08
65.52
59.31
61.48
61.44
53.81
55.31
57.08
59.33
55.73
56.65
59.73
47.39
56.41
50.27
52.4
92.75
95.29
96.73
96.38
87.52
84.29
78.86
86.6
89.69
89.26
90.22
79.09
69.96
69.89
86.18
72.53
68.23
84.77
69.64
60.32
68.86
61.26
54.25
61.2
62.08
80.06
74.92
73.78
63.43
73.89
68.86
67.59
73.85
81.15
79.92
67.5
69.54
63.01
65.02
71.13
72.34
74.36
75.83
62.83
65.31
69.05
89.16
80.69
80.35
61.58
57.4
60.75
64.32
59.22
63.33
65.25
79.16
79.57
77.1
71.59
83.1
85.3
55.5
66.56
66.25
73.01
72.27
69.98
70.48
65.76
63.38
63.32
64.64
63.17
61.9
63.85
74.63
61.13
58.74
85.96
66.49
64.14
60.62
58.64
62.72
80.43
68.41
65.2
75.68
62.93
64.07
64.59
49.34
49
64.73
69.1
77.1
76.9
68.99
78.31
70.13
66.22
64.9
84.51
71.26
75.02
71.97
63.31
59.59
66.08
76.24
70.09
85.91
83.52
75.17
69.83
83.19
76.47
87.3
89.62
84.98
77.62
77.2
90.5
85.75
70.25
74.98
74.61
75.67
73.92
74.86
74.53
74.35
83.58
88.6
80.48
78.64
76.85
72.9
86.78
85.19
81.77
78.03
72.24
79.24
71.42
74.33
81.61
82.26
81.73
78.74
79.09
80.67
91.53
83.78
65.36
76.07
73.08
82.65
75.79
78.68
79.42
85.59
91.17
90.19
98.68
98.89
99.03
95.71
84.41
84.12
81.47
71.12
78.28
81.8
82.68
85.94
88.62
80.71
89.88
77.15
75.73
90.57
93.8
99.1
96.65
89.55
85.78
89.13
80.8
66.65
93.78
93.79
82.41
76.25
80.81
72.87
87.79
84.26
70.75
78.13
46.48
66.03
73.82
91.05
90.79
95.19
88.52
96.4
78.4
68.72
90.85
86.2
82.54
75.1
75.67
79.18
83.24
66.92
56.47
55.08
75.16
90.01
78.27
82.54
77.66
90.64
87.67
79.48
82.23
88.39
95.83
99.1
97.19
95.86
98.15
98.17
96.48
97.3
97.44
96.28
96.75
90.12
80.02
73.66
76.22
82.44
88.64
91.17
95.13
94.16
97.16
88.85
80.35
83.76
87.35
92.26
94.74
76.78
66.85
87.56
90.74
87.94
96.18
80.7
86.36
75.71
87.24
83.61
85.23
81.08
77.67
90.38
83.36
86.33
86.48
75.33
79.68
75.14
77.29
83.63
89.11
87.3
93.66
94.29
95.23
96.1
97.88
98.55
93.64
88.7
94.38
89.54
86.4
85.02
89.93
94.09
76.71
76.95
67.54
91.79
70.97
60.46
67.15
86.36
81.47
81.96
89.24
81.1
77.29
76.42
74.24
86.38
78.83
74.02
80.75
86.67
84.46
75.89
91.52
84.26
73.33
83.37
75.43
77.83
73.14
76.25
92.33
85.45
87.72
86.61
79.68
79.44
73.14
70.3
66.28
59.49
58.31
71.61
75.84
69.02
67.93
63.1
62.49
65.56
43.49
46.77
48.38
44.07
47.21
51.96
50.33
51.03
57.75
61.15
65.72
48.48
54.58
71.32
57.29
60.94
55.26
57.1
48.68
55.06
61.21
91.11
90.47
64.19
66.56
65.65
58.35
59.88
55.31
65.47
58.32
50.02
47.07
63.57
64.02
58.75
49.11
79.84
70.67
60.92
61.97
58.89
58.24
60.28
60.05
55.26
52.34
52.5
56.17
40.22
64.5
72.61
67.98
65.53
61.62
55.48
58.54
55.82
59.35
54.82
75.42
72.6
62.47
54.38
64.3
64.45
76.18
79.27
73.71
75.59
69.05
66.19
81.66
79.21
80.88
71.2
67.68
68.12
72.51
67.13
65.83
65.68
67.97
66.51
63.08
70.18
82.37
77.95
63.27
88.74
70.54
72.1
63.17
61.22
60.36
64.2
67.9
60.13
65.43
66.48
76.15
68.02
56.76
71.18
77.92
83.26
68.86
67.16
63.04
57.33
60.52
64.83
59.03
67.36
70.23
61.02
58.08
58.97
64.04
62.56
59.81
60.72
59.91
55.75
82.92
70.75
79.47
69.54
57.68
64.25
72.17
69.78
85.08
79.68
68.4
63.67
66.15
64.38
61.83
53.37
53.69
51.74
50.31
43.09
47.85
48.71
56.65
68.11
74.94
66.06
54.94
58.75
61.57
60.01
57.9
53.17
56.89
59.11
57.65
51.34
46.11
55.27
76.9
94.86
76.38
76.66
68.09
68.52
72.63
73.35
64.36
62.24
85.49
97.89
86.51
78.39
88.87
74.96
73.13
75.59
75.16
75.67
77.3
76.62
75.63
69.9
59.98
84.7
75.05
75.58
77.93
77.27
97.07
85.64
81.07
82.22
86.49
90.01
86.83
73.48
83.33
78.16
73.27
77.3
84.04
82.16
75.52
77.98
82.78
81.08
78.56
82.35
87.06
90.73
89.37
86.15
92.05
92.97
87.67
82.59
87.13
83.18
92.93
95.48
81.93
70.5
95.64
94.3
90.49
86.62
95.01
93.14
93.68
93.58
94.36
85.17
78.45
81.42
89.74
91.02
96.94
92.77
97.79
86.81
91.31
94.74
85.72
76.38
77.68
83.48
98.49
94.79
95.34
96.33
97.28
98.81
98.95
100
100
95.22
85.76
71.68
82.26
81.56
89.36
89.14
89.59
90.37
92.97
84.35
81.63
70.37
82.97
89.82
90.81
83.18
95.58
63.8
63.91
71.88
74.72
85.59
82.12
89.22
98.48
99.31
89.21
78.7
73.65
77.53
78.59
77.47
82.41
87.9
95.29
99.65
94.92
86.46
86
77.75
94.46
73.24
82.97
99.26
86.98
86.53
66.86
68.25
72.14
73.55
75.86
79.23
89.38
91.42
89.52
77.54
69.12
77.88
81.19
90.97
83.65
66.52
71.31
70.93
80.27
67.8
77.26
74.2
65.75
79.86
91.68
85.73
86.93
83.71
83.52
76.79
67.85
59.42
93.62
96.94
87.48
85.05
97.27
95.87
91.59
86.29
79.53
70.59
65.85
68.12
67.64
73.99
82.63
98.61
87.59
81.64
86.38
84.52
80.95
80.33
85.24
76.55
69.09
62.83
47.58
59.76
65.34
90.16
97.93
97.46
93.45
82.42
87.18
79.71
72.21
75.84
73.69
78.97
62.32
67.69
72.43
93.86
95.76
92.48
71.92
79.94
93.47
80.08
73.67
82.65
83.22
81.58
78.84
90.09
85.07
82.37
97.19
76.67
70.97
68.64
80.49
71.91
75.17
74.73
68.35
63.62
70.83
74.95
71.38
66.81
80.62
80.37
81.59
80.98
89.69
78.91
76.76
73.98
70.5
82.51
61.75
64.16
75.52
83.19
71.83
78.51
66.05
69.19
87.97
79.02
63.61
60.31
56.22
70.87
90.94
85.12
68.1
66.33
82.49
93.59
86.8
91.55
95.59
83.7
69.28
67.95
62.57
70.46
78.31
87.6
87.35
72.91
71.61
82.72
66.26
75.35
82.07
87.89
80.34
75.01
76.02
68.36
93.42
74.11
73.79
79.76
85.73
76.36
70.47
92.17
72.09
70.34
71.58
78.73
80.48
74.23
69.04
67.06
81.2
72.48
67.49
73.36
81.31
73.21
71.85
65.64
67.1
71.42
66.92
71.48
76.34
74.02
71.14
71.3
64.16
71.14
76.62
80.26
65.1
75.03
74.73
79.25
73.29
70.84
75.51
87.16
80.18
81
76.9
75.39
75.36
75.05
74.16
70.16
69.59
68.13
51.75
56.9
69.5
79.27
71.9
71.81
71.85
74.54
90.91
71.41
72.19
72.1
75.05
83.05
87.15
87.23
82.7
81.05
78.81
77.52
76.85
67.06
62.75
69.17
68.04
74.89
79.92
78
87.74
78.98
64.78
75
85.12
82.91
83.23
86.7
83.54
94.65
83.72
79.5
79.21
83.43
81.01
87.05
88.89
91.54
86.67
81.58
85.91
81.61
89.52
87.19
91.47
94.8
83.21
74.65
88.11
93.74
94.62
94.42
92.5
83.63
89.12
86.37
90.58
96.13
94.59
88.77
87.59
82.87
83.04
79.33
70.35
79.66
88.44
91.38
96.01
97.86
94.5
89.91
72.88
85.27
82.02
96.21
93.16
94.64
95.16
89.52
66.53
76.38
75.88
73.33
73.59
66.9
71.09
66.2
75.73
65.77
56.29
60.57
75.53
87.32
88.54
86.63
97.5
97.93
89.88
92.28
93.6
95.56
94.44
95.21
88.89
81.73
81.92
86.15
93.13
93.18
92.03
92.86
94.19
96
93.65
78.21
69.08
81.53
90.67
80.08
72.57
79.3
84.92
97.48
96.09
79.45
73.93
83.71
84.46
81.11
77.39
72.69
75.58
76.93
75.02
73.15
88.37
87.49
94.38
88.38
96.1
86.43
71.53
76.13
78.17
90.92
88.33
77.98
69.62
72.38
75.38
89.78
80.4
82.47
68.64
77.72
73.53
65.29
70.1
72.06
79.46
95.42
87.36
84.61
84.2
85.74
77.26
74.6
71.16
67.7
74.8
81.71
78.94
70.74
81.28
67.64
68.73
75.76
74.8
89.15
93.87
92.63
85.66
95.43
85.01
65.78
60.88
64.34
69.06
70.17
91.08
81.43
69.92
61.17
62.94
80.52
69.55
64.62
71.56
75.41
74.84
73.87
69.57
61.86
58.9
74.5
64.64
72.06
63.51
58.28
69.59
87.07
80.52
79.64
78.86
75.24
91.56
59.48
58.46
64.71
60.99
53.25
47.83
50.84
47.53
47.21
81.95
79.78
82.82
89.44
86.26
76.06
65.33
56.41
67.24
73.24
94.61
92.43
57.07
57.24
55.15
61.08
74.43
72.09
62.6
70.63
64.33
67.84
66.33
64.3
57.36
79.44
87.3
67.36
66.58
79.64
80.52
84.86
66.11
62.94
62.4
65.49
78.4
79.34
71.1
91.34
79.31
65.03
68.97
67.22
68.43
65.11
60.96
64.85
68.26
66.44
66.18
63.24
60.62
59.28
60.86
59.47
61.45
84.61
74.54
80.91
67.49
67.79
68.74
65.72
72.66
65.17
60.17
74.18
78.78
66.62
64.89
56.49
65.64
61.46
69.48
64.42
61.3
64.15
80.51
83.67
83.35
82.06
85
91.55
78.82
64.11
66.45
86.36
68.86
74.11
89.04
91.51
83.1
88.49
94.83
81.68
75.49
70.5
70.54
71.81
69.32
70.59
67.24
84.75
79.48
86.64
80.52
75.95
79.15
79.03
78.25
74.33
75.21
68.41
63.54
68.54
89.5
79.91
66.95
72.2
85.52
70.23
68.29
70.36
79.08
83.65
78.3
75.55
89.03
87.59
92.67
82.14
81.89
82.16
93.86
90.81
86.67
84.13
77.48
82.36
86.2
89.3
82.67
83.5
82.87
85.78
89.33
82.02
83.73
81.73
80.26
81.24
79.25
82.29
90.4
88.44
77.87
84.51
84.58
85.63
78.69
91.7
93.74
96.21
93.18
89.59
93.6
89.65
87.18
87.99
90.99
90.16
93.39
99.32
84.05
82.71
84.89
96.13
94.31
86.39
86.37
85.17
79.82
87.71
85.64
91.57
86.46
91.35
90.69
86.5
76.75
74.2
80.88
84.82
87.66
86.01
82.34
80.42
88.29
82.95
84.16
88.05
88.61
71.59
82.94
85.14
89.64
91.92
92.38
90.48
89.91
89.11
90.2
91.2
91.48
99.62
97.09
94.61
95.11
92.23
90.93
92.88
84.7
91.72
81.36
79.49
89.07
91.14
84.66
95.19
90.1
97.72
98.14
99.33
97.08
95.86
89.35
95.97
82.26
91.16
89.74
98.62
93.3
89.1
87.99
75.93
83.37
88.53
96.04
91.23
83
78.17
75.63
67.47
62.18
71.02
76.76
89.32
84.41
85.09
91.58
94.56
96.11
97.15
97.65
90.64
84.15
98.09
98.81
95.27
90.23
98.97
99.4
96.79
93.8
95.07
94.85
93.72
92.38
96.12
87.56
86.19
86.06
94.69
90.74
84.66
91.18
87.21
75.74
65.04
74
75.39
79.46
82.56
80.4
83.91
90.81
92.77
98.17
98.76
97.66
91.99
72.73
71.76
70.63
68.96
78.06
83.55
75.85
70.18
77.77
79.44
77.95
83.74
96.17
80.16
73.75
75.84
86.37
80.79
79.42
89.68
98.16
91.06
74.85
74.16
73.47
78.41
78.82
84.27
97.54
82.77
74.84
65.99
68.22
91.42
82.01
73.07
55.53
73.39
74.14
81.45
79.84
85.72
75.24
70.47
69.02
73.21
57.88
57.37
67.06
72.9
68.45
69.87
75
54.04
71.74
72.99
72.53
79.37
68.76
73.56
67.12
59.49
57.47
54.13
57.79
86.89
58.2
63.39
67.28
69.8
78.91
77.16
74.93
54.94
60.55
64.59
64.96
65.59
68.14
64.04
64.83
90.38
94.48
94.61
93.77
82.56
83.39
78.96
66.38
64.77
67.67
82.85
72.72
70.7
59.29
57.87
58.93
62.03
84.25
72.66
70.31
80.77
71.55
87.49
84.35
87.78
69.28
58.67
88.78
70.62
72.52
73.43
81.55
93.56
93.65
70.54
74.16
86.1
88.59
70.72
70.58
87.69
73.08
68.48
67.89
86.33
79.7
72.39
74.43
72.54
68.33
75.74
78.06
75.55
68.07
66.43
76.19
71.48
74.13
71.93
71.2
66.26
71.43
69.32
88.72
79.52
72.89
84.42
90.67
74.85
67.25
66.52
69
72.05
72.24
73.3
69.73
71.3
70.74
69.26
54.21
54.72
57.29
61.94
62.67
62.96
64.43
63.89
70.67
71.93
72.02
67.68
69.97
64.78
65.67
73.23
68.58
82.65
81.35
84.33
86.17
77.52
77.67
88.67
71.87
68.57
69.13
74.88
93.13
82.67
83.35
75.88
74.03
69.4
64.45
74.29
71.55
77.97
78.93
82.26
76.87
89.18
80.5
82.67
78.48
71.68
84.68
66.83
74.22
79.99
84.04
80.58
80.2
77.5
82.32
79.57
75.17
77.31
81.41
77.82
77.78
80.87
82.56
89.76
83.67
94.22
93.76
81.36
82.6
83.94
78.08
82.29
84.12
78.9
82.35
82.92
83.42
86.1
84.86
84.92
68.53
85.46
85.26
80.42
81.34
72.98
81.46
83.26
83.96
85.03
87.16
84.05
84.18
72.96
78.94
77.96
76.82
72.62
80.29
85.89
73.42
77.79
89.16
85.94
92.9
90.94
86.9
69.91
71.73
85.53
69.21
80.14
78.32
58.6
74.08
83.57
85.72
79.77
67.63
75.77
86.26
78.5
78.11
84.1
75.11
74.19
80.99
91.61
96.69
95.96
95.28
80.79
86.55
74.32
93.66
96.62
97.6
96.88
90.97
89.08
82.45
93.88
96.63
92.79
79.97
82.52
77.17
76.53
92.62
96.32
96.6
97.01
97.34
97.78
97.2
97.81
87.53
71.36
71.68
83.2
84.37
88.53
94.6
81.03
75.72
88.78
95.04
93.8
93.92
97.49
86.12
89.88
73.8
72.98
82.82
76.72
77.29
88.66
84.45
79.48
72.31
63.58
58.19
81.63
79.24
84.13
85.25
75.31
83.91
93.42
87.24
90.88
94.64
92.33
88.4
82.81
84.96
79.89
66.44
75.8
79.78
64.97
70.98
69.62
68.67
65.37
72.19
93.66
78.64
86.46
92.95
89.69
83.62
80.64
67.24
80.31
81.48
79.46
82.19
88.74
84.34
95.1
91.25
79.46
78.03
77.77
93.73
87.09
79.67
73.54
85.74
94.75
70.95
71.61
68.86
70.48
92.72
77.67
69.01
59.41
70.43
72.39
66.27
59.54
69.64
62.76
58.33
86.05
94.52
84.26
72.84
72.97
91.53
78.18
68.5
65.93
68.15
82.66
76.38
65.34
65.42
53.02
63.45
72.39
49.64
56.66
55.69
53.61
63.48
54.48
60.64
64.84
62.57
58.11
56.46
53.42
55.21
58.68
55.43
55.87
49.43
55.49
52.56
65.06
64.73
65.51
59.72
53.48
54.6
52
44
41.39
60.48
79.14
85.8
83.02
66.98
75.81
86.62
73.78
60.87
78.67
70.1
51.05
79.82
79.22
77.13
61.01
67.77
74.59
73.81
67.31
66.14
69.03
66.72
66.39
61.5
78.82
74.73
78.16
69.06
68.79
81.55
75.22
81.39
81.44
80.23
81.43
80.87
76.86
73.55
70.49
75.67
70.78
70.92
64.01
64.59
66.22
61.14
71.43
69.54
61.66
57.53
65.02
60.41
55.42
54.57
74.33
74.26
66.69
71.21
60.33
55.78
64.55
81.31
61.64
58.35
60.3
63.31
61.85
81.78
68.19
65.46
62.06
62.41
61.38
53.4
49.16
56.51
58.52
55.1
54.29
46.39
48.87
59.1
60.79
54.16
58.05
62.59
69.66
89.45
66.48
59.03
58.96
76.7
56.22
53.76
60.59
61.73
65.14
67.46
77.91
83.11
80.62
69.79
66.81
67.93
61.48
58.33
61.41
74.22
84.81
70.35
73.5
73.38
75.05
67.64
65.21
64.67
71.38
85.21
82.53
76.39
74.4
73.49
70.5
82.95
69.63
86.76
92.94
79.33
77.73
74
77.1
77.7
75.23
75.92
80.92
76.54
76.42
85.6
76.03
75.26
75.44
75.48
77
76.89
77.98
78.03
89.98
79.54
74.81
75.85
78
80.08
83.01
89.78
91.77
79.26
74.36
78.61
79.57
82.74
74.37
78.46
71.82
69.59
70.36
74.52
74.33
85.39
65.14
74.68
75.44
77.95
85.54
89.95
87.09
89.2
88.99
90.65
89.63
88.74
76.98
75.64
78.53
84.1
79.99
71.8
88.77
73.25
76.96
81.69
67.16
80.75
66.03
76.56
87.35
76.9
70.98
75.81
92.52
92.08
88.92
84.02
77.38
71.36
80.68
93.28
78.43
79.76
81.8
80.53
86.7
84.6
90.79
84.76
87.74
80.79
83.58
80.91
85.88
87.37
93.5
90.5
88.23
67.72
77.08
83.81
86.04
81.13
85.01
86.16
88.04
91.45
93.03
93.17
93.44
92.59
92.09
91.19
91.06
92.3
92.58
92.14
91.58
89.28
89.13
89.04
86.44
92.96
94.45
91.32
93.89
95.46
93.17
82.89
85.09
90.84
82.95
78.76
88.55
91.89
92.35
78.68
81.93
78.26
62.38
69.49
76.7
75.02
60.39
60.02
71.58
66.76
76.52
76.43
74.09
81.63
81.99
84.69
86.39
64.47
61.93
74.07
76.87
77.47
76.64
75.61
81.56
65.67
46.04
45.62
42.48
60.4
66.78
63.52
61.12
68.32
68.08
62.25
60.39
57.83
66.09
69.26
63.13
56.43
66.92
68.3
57.16
53.92
63.62
90.73
80.22
65.58
78.2
75.86
56.16
65.73
68.66
65.09
72.88
82.3
70.67
74.5
61.68
81.6
88.58
83.33
65.2
55.17
69.03
74.66
78.65
64.99
55.56
60.55
76.43
68.23
59.57
64.23
61.31
68.32
68.09
66.57
62.46
67.24
78.03
70.37
70.8
78.05
70.78
79.04
71.23
69.26
66.65
77.8
78.09
74.25
63.76
76.22
74.68
65.53
53.47
67.75
68.14
73.62
68.34
63.19
62.52
71.98
75.05
63.61
59.54
62.79
64.56
57.93
58.92
58.2
61.62
57.1
61.55
60.59
72.94
76.54
88.17
85.52
75.6
73.39
73.01
72.01
70.81
59.2
55.98
55.06
66.35
65.08
67.8
71.45
80.29
86.39
89.62
82.89
91.82
85.38
77.26
72.93
79.53
79.86
70.99
73.03
71.04
71.3
83.97
87.88
73.71
74.71
75.43
70.2
67.05
70.28
77.11
69.78
79.24
72.16
72.44
82.59
70.76
70.58
64.03
70.43
64.41
62.94
67.15
87.22
70.42
72.22
62.89
64.07
72.7
88.56
70.29
65.56
74.84
84.68
70.99
70.41
83.26
72.28
84.73
76.65
79.22
77.8
73.04
73.03
72.6
79.8
75.47
73.59
75.29
71.67
74.58
83.89
70.02
67.84
81.01
78.67
71.41
69.44
62.04
57.25
70.05
71.67
84.07
77.3
73.73
69.8
70.21
70.65
72.35
75.82
81.62
75
72.81
74.63
72.27
71.69
71.68
67.17
70.84
73.95
72.92
64.9
66.33
63.72
68.99
79.56
75.91
75.26
75.76
82
76.34
85.67
91
79.44
67.92
73.94
73.1
69.11
82.77
88.79
83.9
82.69
90.66
79.96
79.66
81.8
77.97
76.24
73.02
78.53
88
85.8
74.3
78.21
83.59
85.29
85.07
86.65
87.72
86.71
84.68
82.78
82.2
77.21
89.78
83.77
84.22
85.03
87.85
85.44
76.6
81.58
85.7
83.99
87.47
79.31
72.17
71.81
68.7
89.64
94.86
85.46
90.09
89.92
90.91
97
97.01
93.03
95.16
94.59
96.85
93.95
93.17
89.28
96.92
77.41
82.15
81.69
69.06
85.13
71.27
65.12
64.45
93.86
81.27
75.5
82.31
95.25
92
85.85
90.77
96.87
97.81
83.9
94.76
89
86.85
83.5
68.64
87.4
92.01
95.17
94.72
93.14
97.16
97.61
94.1
95.12
85.52
77.13
86.35
84.63
80.55
88.82
81.42
82.87
82.95
82.15
85.1
80.81
88.12
84.93
80.48
82.47
83.75
86.08
81.48
76.34
80.4
88.01
86.31
88.59
88.71
92.09
93.33
94.48
92.97
91.94
89.56
74.96
92.48
91.84
92.34
95.93
86.05
87.15
95.12
93.56
86.74
76.19
80.68
92.3
94.84
98.34
97.85
88.94
79.35
83.73
95.4
67.49
73.76
78.63
71.77
54.19
51.93
57.9
62.31
71.56
62.2
57.3
62.55
79.42
84.17
87.39
90.47
77.97
74.95
78.51
72.09
79.45
90.83
93.59
90.67
92.02
90.87
73.03
57.06
67.95
54.83
60.35
65.26
66.53
69.24
77.37
69
71.72
52.8
88.17
76.81
64.11
51.7
46.88
61.4
50.4
68.36
63.55
59.09
83.27
83.86
80.4
91.79
60.21
72.99
70.14
65.58
64.18
59.03
54.82
60.04
55.84
51.56
54.4
61.97
66.85
61.85
55.28
65.68
65.26
78.34
80.17
63.64
55.9
83.38
69.13
68.29
53.19
52.72
64.17
84.17
79.92
61.2
63.18
70.13
70.31
56.82
64.04
65.45
64.4
67.3
65.91
61.92
81.66
90.41
89.43
82.55
75.83
76.94
74.92
74.19
69.63
66.2
76.6
78.13
76.69
78.9
69.59
88.7
64.16
69.3
86.51
71.9
78.79
75.85
60.65
75.58
90.36
68.16
84.48
76.44
63.42
66.99
80.73
66
68.83
66.3
67.66
70.44
75.63
68.95
64.25
84.93
68.17
86.73
95.53
92.55
80.21
90.18
83.94
91.88
86.65
77.31
79.65
80.25
78.15
76.98
79.09
77.66
78.1
88.37
78.36
90.84
72.71
67.93
72.24
72.72
74.26
71.02
68.65
84.12
66.33
68.93
68.97
65.21
53.79
61.23
73.73
65.66
65.57
69.04
68.97
68.6
62.63
66.63
60.16
67.61
88.81
74.03
71.53
72.97
72.13
70.65
69.07
78.9
70.9
78.29
83.1
76.34
73.45
73.68
71.96
72.31
71.84
67.9
77.59
72.53
75.29
73.17
74.58
75.28
73.36
81.33
65.78
70.53
74.6
78.49
71.89
90.04
81.5
74.37
75.62
75.76
76.11
74.54
79.8
75.49
76.68
89.13
89.6
82.58
89.43
91.69
88.01
80.1
80.14
78.68
79.07
79.58
75.97
74.38
77.92
79.2
81.59
77.02
81.33
90.02
80.19
75.06
75.42
72.72
77.37
81.33
86.61
87.85
86.21
86.19
62.82
64.82
59.57
69.78
77.68
84.69
76.41
76.51
73.17
72.56
89.28
87.86
85.48
92.22
81.05
81.64
88.58
79.57
85.09
94.58
90.07
93.39
92.76
92.65
97.07
95.28
98.55
95.5
92.75
83.15
86.34
85.3
79.76
88.94
89.36
84.17
89.56
90.95
87.92
98.8
97.14
97.9
90.73
85.83
80.2
83.64
94.86
81.61
65.7
88.5
95.67
95.71
91.78
90.31
96.47
94.94
96.36
76.78
79.93
92.23
85.12
78.24
90.88
84.03
82.19
86.94
85.31
89.79
84.68
82.54
78.62
80.78
81.29
78.98
84.29
94.16
92.29
94.73
91.32
95.02
96.87
73.81
63.48
78.86
94.28
93.19
93.6
96.84
97.93
98.26
89.59
86.98
90.73
88.51
87.25
88.3
95.63
94.58
95.72
91.46
86.9
79.87
80.31
82.65
76.98
78.94
73.78
78.47
74.11
79.23
66.79
69.44
74.28
67.95
82.27
87.12
94.78
80.95
78.52
84.92
89.49
94.94
83.39
73.57
76.61
81.16
84.51
83.93
87.63
93.22
86.25
70.09
71.09
77.07
80.54
78.05
85.03
63.13
50.94
77.2
67.65
70.84
80.43
53.12
62.03
67.29
61.91
55.47
79.22
91.79
77.75
63.48
59.1
65.91
71.5
70.44
71.77
61.22
60.54
65.91
92.52
88.48
83.65
80.66
66.02
74.66
68.09
57.34
55.32
88.46
70.41
75.59
65.27
58.07
82.24
54.65
68.08
72.72
66.82
62.89
78.71
94.65
94.92
88.29
81.81
80.1
66.85
80.67
72.86
64.03
69.37
68.98
77.44
72.51
71.99
68.8
69.13
67.07
63.36
62.13
54.45
66.51
75.22
84.44
95.66
73.45
66.62
75.49
71.33
65.98
75.27
81.05
92.71
83.12
87.57
82.93
73.24
71.66
64.36
78.42
81
70.61
70.35
65.02
64.83
64.86
65.94
72.62
76.09
84.36
83.7
81.18
95.36
91.14
89.03
72.17
75.02
77.64
76.63
67.31
59.42
50.35
50.04
68.05
76.43
73.64
94.16
90.53
80.91
82.45
84.38
84.15
61.39
56.96
64.05
79.52
86.13
67.41
68.94
70.06
67.1
67.52
71.53
71.19
69.1
72.4
69
54.47
62.18
61.8
62.43
65.21
66.35
80.1
73.59
74.76
76.19
72.38
71.89
68.98
76.68
75.58
71.58
73.84
81.96
76.64
74.4
70.14
66.43
77.52
93.45
81.17
75.57
77.57
87.09
75.86
78.12
87.58
86.07
76.04
86.13
81.13
77.68
76.74
82.82
84.59
81.69
79.16
74.58
77.68
82.61
77.18
77.46
75.9
74.04
83.22
85.4
80.92
78.4
93.51
77.56
90.1
86.52
62.36
78.01
89.89
91.54
82.93
89.27
97.62
97.97
90.69
84.72
85.42
90.71
87.64
79.21
83.88
92.86
98.63
96.13
91.81
82.37
83.97
85.93
86.49
88.46
93.36
97.68
93.52
86.67
85.56
85.88
84.12
83.42
79.99
85.24
92.47
97.78
89.63
91.08
89.07
88.6
87.45
88.21
90.53
87.2
84.57
86.47
94.32
96.35
87.92
96.98
87.67
86.65
84.75
78.64
90.97
73.66
78.69
81.75
73.68
70.43
67.58
80.67
88.69
90.34
90.63
84.97
90.1
83.17
89.56
81.75
89.73
79.21
72.02
74.48
69.41
69.99
87.02
89.75
93.26
98.83
97.95
99.03
98.96
93.19
88.62
90.07
98.05
92.42
97.83
96.14
92.24
95.24
98.6
97.36
92.62
89.58
82.46
84.03
82.49
85.44
87.83
85
82.35
64.38
63.61
65.82
78.12
82.09
89.36
82.82
82.06
86.96
90.15
89.77
90.41
79.57
61.37
73.22
80.15
83.98
91.82
94.35
96.32
97.16
94.03
91.99
86.15
84.62
76.5
78.54
77.62
92.76
99.64
96.15
92.9
89.25
88.31
86.07
96.02
99.14
98.73
72.47
72.16
65.32
69.66
79.09
76.59
82.56
94.45
87.17
89.95
82.74
77.3
78.56
81.94
85.91
78.93
71.32
79.84
74.69
76.4
81.35
80.03
71.77
69.75
77.62
95.56
83.39
95.12
97.86
96.22
87.54
81.17
74.32
71.5
64.07
61.81
63.17
68.67
86.69
80.54
90.03
84.58
87.94
85.71
86.46
61.61
52.14
59.43
59.31
64.55
68.34
60.37
55.95
62.52
68.95
90.58
80.17
80.85
76.26
60.3
66.16
65.2
64.6
60.24
56.01
61.76
90.12
92.95
74.18
64.2
61.57
75.51
71.96
67.6
71.5
65.04
70.64
63.97
54.87
42.97
43.36
51.34
69.73
54.92
59.24
67.95
66.16
65.67
61.42
60.49
60.08
59.4
60.02
57.31
51.44
73.54
91.05
82.31
80.64
86.46
90.68
90.9
73.26
76.49
59.97
63.85
62.96
59.84
78.49
67.43
62.74
61.39
58.91
65.86
64.79
87.11
60.42
70.72
71.57
73.39
68.17
73.94
70.39
69.69
68.45
61.02
58.38
62.49
83.59
68.83
66.77
66.02
81.75
73.28
79.1
86.98
80.36
73.86
74.96
83.58
87.25
66.31
64.96
69.39
69.85
79.89
74.37
70.04
72.11
62.63
91.56
70.51
66.82
68.05
69.47
88.35
65.3
78.17
73
56.44
58.98
63.04
44.72
65.72
69.76
70.09
78.41
70.66
63.73
57.35
58.71
60.61
62.35
62.45
58.33
63.21
63.87
62.9
57.29
61.84
70.33
85.94
69.47
75.74
89.37
91.09
84.29
82.94
74.26
94.55
77.88
78.36
77.71
78.29
74.44
75.25
90.91
78.97
78.5
70.46
79
74.26
69.21
68.27
71.35
74.09
72.19
74.41
76.13
73.36
70.66
78.31
79.2
74.15
76.49
67.38
67.75
72.01
66.62
62.51
65.94
72.02
58.31
64.02
77.16
82.37
80.1
73.82
69.91
68.43
74.77
77.74
84.37
75.25
73.57
72.43
75.92
71.69
77.19
74.73
75.21
67.71
80.16
79.48
80.07
85.97
78.9
79.02
77.77
77.45
79.94
78.97
69.99
74.61
76.94
73.01
75.23
76.18
76.08
74.35
88.21
84.64
78.01
82.72
80.17
86.09
79.9
71.71
75.99
72.15
73.84
69.49
70.19
90.96
82.07
85.74
93.95
95.55
94.08
90.73
93.79
92.27
90.21
86.94
90.85
96.71
93.5
93.93
80.31
73.44
84.07
89.43
93.57
99.2
97.36
76.89
86.86
86.46
87.27
89.07
97.3
98.28
98.83
98.67
98.11
97.3
97.47
97.99
98.32
96.88
95.68
97.35
93.9
98.56
98.98
98.88
98.38
99.17
87.71
81.36
82.98
86.43
67.45
69.26
79.88
75.49
92.08
90.67
83.61
95.61
85.67
82.14
82.7
86.68
74.37
84.55
85.18
87.95
85.33
74.7
80.54
90.87
95.09
96.25
95.42
81.69
83.86
78.27
94.44
89.98
83.08
63.32
64.74
75.92
75.66
75.48
79.45
75.19
74.39
68.07
68.66
66.62
64.89
66.19
63.59
84.11
74.79
66.51
77.51
89.71
69.46
66.68
78.36
80.55
77.09
79.22
72.75
68.34
58.05
56.75
48
49.94
68.35
80.44
73.18
74.02
77.21
81.92
73.91
69.38
70.99
69.22
67.21
63.18
68.5
77.48
74.49
72.02
74.19
74.14
64.97
72.12
76.22
54.69
75.42
69.04
85.19
78.33
55.83
59.86
60.05
61.92
55.71
48.32
63.47
64.6
65.3
79.32
73.03
72.97
65.97
66.93
49.72
53.13
64.44
63.24
66.6
60.12
56.76
56.34
52.18
37.1
41.26
54.61
56.81
70.11
57.66
43.87
46.76
49.91
60.56
67.75
90.05
92.19
57.81
53.39
49.48
55.52
80.39
76.87
81.65
76.85
79.61
55.9
65.91
64.88
65.33
77.42
78.38
82.28
81.68
68.34
48.66
60.99
57.76
51.12
56.27
57.61
54.79
72.63
85.14
60.95
61.76
87.77
73.46
66.96
63.27
64.85
71.43
63.45
68.47
70.69
66.37
50.02
59.4
63.95
66.8
83.58
95.06
81.39
71.11
58.29
64.05
63.19
67.93
72.69
73.03
83.33
75.97
82.09
69.95
74.28
68.65
71.3
69.59
60.74
83.03
83.12
89.35
94.31
76.9
73.39
73.91
65.09
67.42
66.5
67.67
66.79
68.77
68
60.77
62.32
85.59
75.6
68.04
67.07
66.51
67.43
63.62
56.64
58
66.72
67.08
62.72
60.75
57.5
57.57
72.41
73.9
70.78
76.34
71.8
87.36
70.03
65.62
63.17
57.21
67.11
83.86
73.79
57.57
77.89
87.53
83.83
76.17
69.28
77.04
72.87
72.55
65.3
66.13
73.38
72.04
66.54
51.5
53.15
63.89
70.39
65.54
72.19
68.03
62.8
56.82
57.26
55.41
60.68
61.38
58.67
55.85
59.22
57.54
61.61
53.55
52.02
74.23
67.1
64.79
63.83
59.42
70.94
89.44
80.37
73.86
72.8
73.21
66.41
66.22
64.94
65.45
63.4
62.66
72.96
91.66
74.15
75.58
76.53
81.74
82.44
85.55
73.89
73.09
72.58
75.51
75.35
76.44
65.95
71.71
80
88.09
76.26
83.61
91.25
86.37
82.96
75.87
81.93
81.67
74.77
79.69
83
86.65
88.49
89.87
90.44
84.86
93.44
88.01
76.68
79.25
87.72
94.39
90.85
97.47
96.13
93.62
95.41
94.52
83.71
89.72
82.65
78.33
96.38
95.89
84.43
76.21
90.71
93.41
84.29
81.69
89.69
87.03
83.79
95.45
88.59
86.31
90.46
88.47
89.71
95.62
97.04
97.53
95.87
96.5
97.8
92.64
94.75
88.48
67.73
76.3
86.16
82.45
82.4
93.01
83.92
89.9
95.52
96.43
82.9
83.99
65.85
77.36
81.16
74.39
76.83
79.61
87.28
98.82
98.88
97.82
93.97
87.37
95.89
93.87
92.32
88.25
73.22
88.73
87.17
84.59
82.37
88.7
92.86
91.61
98.25
84.8
84.16
78.51
90.58
92.95
93.2
94.78
97.08
88.19
76.36
92.34
96.63
96.36
93.06
92.98
90.92
87.3
91.47
97.75
94.38
97.73
95.82
78.72
80.99
83.34
91.19
92.07
81.36
66
76.59
84.44
61.78
67.17
76.1
92.99
78.21
73.25
72.88
89.47
78.47
94.98
95.81
93.9
92.59
87.41
86.51
84.19
78.65
82.04
75.9
87.73
91.51
97.66
95.68
97.9
89.24
88.79
93.04
67.47
72.61
72.26
68.7
69.62
76.63
75.95
89.23
97.82
88.56
88.27
85.07
87.68
48.98
58.08
60.05
83.31
75.3
71.86
65.52
59.25
69.54
89.81
89.83
91.41
78.72
77.42
95.33
97.23
92.99
81.54
93.96
90.08
77.2
93.35
80.98
73.01
66.42
70.4
73.07
70
69.48
73.97
62.5
59.51
57.83
65.93
64.85
63.09
76.4
71.44
74.48
73.38
61.67
62.64
52.94
58.63
63.47
63.23
60.96
64.22
86.92
80.18
78.56
87.13
89.29
80.8
79.28
71.41
71.1
87.39
70.91
54.07
66.64
60.9
73.63
90.45
63.29
60.48
58.84
55.95
69.23
61.93
67.7
84.98
78.34
80.88
72.22
68.4
91.17
88.76
89.15
89.16
77.06
87.76
87.59
82.59
78.89
79.15
68.84
70.83
88.74
66.88
66.7
70.54
72.87
74.97
72.07
71.43
73.24
69.96
56.74
71.77
75.78
92.76
81.03
70.45
66.22
71.11
68.26
69.27
64.23
65.25
62.59
62.14
61.18
67.81
70.1
63.06
64.92
65.55
79.35
67.99
71.69
65.45
71.2
63.52
62.64
62.66
64.16
58.88
55.09
59.39
58.58
62.66
68.41
65.29
63.39
61.28
43.97
52.78
56.33
59.28
58.66
58.9
54.27
63.24
56.03
50.35
49.08
60.22
70.37
62.83
61.03
69.2
89.24
65.82
63.06
63.67
64.65
62.95
60.13
57.7
60.57
66.54
88.85
92.73
87.78
86.34
84.34
66.91
68.24
70.28
86.79
77.38
67.59
80.43
79.42
75.43
71.32
65.64
90.56
87.08
84.56
84.25
82.98
75.66
81.27
83.2
92.85
86.35
79.81
79.58
77.9
79.41
79.98
81.91
85.62
84.2
87.75
86.54
96.21
97.42
79.87
75.4
75.48
76
78.99
90.08
82.62
79.2
86.7
86
87.98
89.02
85.04
86.55
87.75
79.1
74.89
81.44
77.94
69.96
78.46
80.9
68.48
78.68
81.91
83.98
81.56
76.06
78.37
81.44
79.68
83.22
86.58
85.15
91.86
94.79
94.66
87.99
88.63
87.38
94.51
80.83
78.68
89.39
84.62
92.96
94.06
95.69
90.9
93.43
96.81
97.33
96.05
94.18
92.09
60.48
68.04
68.59
74.56
75.51
85.24
86.29
83.7
86.92
87.17
86.04
77.32
65.93
78.33
78.79
79.98
67.68
82.98
96.69
97.58
96.29
97.34
96.77
96.1
93.49
92.69
92.98
95.06
97.46
79.93
64.22
75.56
90.23
88.8
87.25
81.78
90.88
91.82
80.38
86.06
89.36
84.62
88.73
94.6
98.09
98.52
95.97
96.6
85.81
89.07
82.25
91.65
83.49
70.14
74.64
84.89
91.78
82.04
85.15
85.93
95.33
78.41
80.16
84.03
87.99
87.76
88.79
86.19
86.75
93.97
92.14
93.48
93.85
97.14
83.23
91.07
85.27
88.28
94.31
93.24
83.18
84.86
72.6
75.65
94.93
95.97
90.5
88.51
93.18
88.21
78.5
76.46
90.12
79.27
74.38
75.02
73.57
81.82
93.14
88.69
74.07
71.16
71
73.14
71.84
71.74
62.63
60.57
64.46
67.71
66.55
55.18
60.43
69.06
62.86
58.61
54.64
56.12
70.71
83.68
80.99
72.79
74.45
61.58
65.59
64.51
68.17
67.51
67.62
65.47
65.86
77.48
87.07
79.75
71.65
64.63
81.46
73.04
82.32
82.36
74.62
68.75
63.81
62.46
54.7
71.86
92.31
89.43
86.25
83.57
81.34
97.22
91.59
79.71
79.95
83.84
77.04
74.37
81.1
83.24
52.69
61.14
65.16
69.88
77.22
74.25
73.22
86.01
73.77
92.44
65.91
65.02
85.34
86.14
84.87
70.94
66.07
68.75
67.22
66.1
72.18
74.26
84.64
68.73
76.83
73.9
64.27
69.38
74.36
68.13
76.29
71.06
77.86
68.64
67.81
68.29
66.17
64.39
63.2
73.3
72.45
65.03
61.02
64.93
77.55
66.4
62.44
78.24
66.77
65.74
68.76
88.52
94.45
70.62
70.16
67.9
65.44
85.86
67.74
71.6
70.76
64.38
67.66
69.12
68.65
75.25
81.14
89.88
85.26
69.6
80.99
82.84
74.41
67.58
65.25
68.31
69.87
70.26
70.41
91.2
74.56
70.04
79.21
72.5
87.67
90.48
82.18
87.6
86.73
82.09
78.72
76.57
81.82
78.79
74.37
74.44
72.07
75.63
78.27
75.79
79.44
82.07
91.65
82.87
75.38
70.17
73.37
79.63
87.08
79.83
81.25
89.77
82.96
76.25
80.88
85.4
73.67
75.74
77.3
82.68
93.91
93.39
87.94
87.98
86.96
94.54
90.61
85.88
87.51
95.89
98.06
95.98
90.59
95.47
92.53
91.21
87.37
84.09
83.74
87.7
83.19
82.75
76.97
80
91.45
94.89
93.64
85.71
86.04
97.26
93.44
92.93
90.4
91.07
86.18
86.66
86.89
79.19
68.63
74.41
80.3
86.29
73.46
74.39
93.45
87.72
89.74
85.27
84.05
85.19
91.69
84.9
89.09
84.35
93.38
95.64
92.25
94.34
90.9
88.3
87.54
88.44
90.47
90.65
70.1
69.5
91.44
95.66
90.69
95.29
89.9
85.99
93.24
90.78
92.67
94.1
91.13
97.95
87.5
90.18
87.36
90.92
90.43
93.99
94.62
95.1
87.87
81.58
96.83
99.37
99.41
98.72
98.68
97.9
96.98
98.03
98.54
97.23
91.52
74.37
78.58
84.56
81.99
73.05
87.92
92.72
98.01
95.36
92.46
82.09
86.11
69.02
73.45
74.1
88.8
87.41
79.76
86.71
89.08
66.65
70.54
76.96
70.97
86.97
90.08
76
83.52
83.93
81.21
87.43
85.95
74.2
90.32
75.06
68.98
74.2
89.92
72.36
68.36
90.42
93.04
95.49
97.82
97.59
94.24
89.91
78.32
76.79
94.65
87.8
86.99
94.99
89.31
95.76
94.8
96.26
93.02
84.69
80.79
76.41
77.66
81.91
88.97
89.68
89.84
86.82
84.4
81.48
81.83
86.49
82.14
82.15
71.3
61.04
88.53
96.58
97.56
76.43
74.31
86.77
83.43
80.46
82.37
67.3
66.12
61.04
61.45
69.79
71.79
73.31
71.97
74.92
62.77
71.03
81.18
88.98
82.51
74.34
67.35
68.55
68.65
60.02
66.46
68.37
71.15
83.38
85.82
78.47
53.92
61.73
66.11
67.71
54.43
57.93
50.78
67
59.86
55.21
56.53
67.78
70.83
65.03
60.13
65.43
59.98
52.01
54.06
48.57
66.69
73.51
67.73
57.73
46.44
49.32
49.45
64.16
66.5
58.91
66.23
87.9
56.83
66.23
73.48
80.48
86.15
77.31
62.62
66.73
66.25
64.28
75.55
59.85
54.54
58.77
69.13
81.21
91.14
86.7
79.21
74.47
70.73
74.94
86.88
90.05
93.37
80.41
83.17
81.66
59.44
65.95
67.98
68.53
80.61
76.39
72.84
70.13
67.8
69
70.76
68.07
66.33
69.58
68.67
70.35
64.22
52.57
59.69
72.9
70.18
56.07
60.69
80.81
83.06
72.44
65.27
89.17
82.45
70.33
63.04
78.83
73.68
70.06
68.63
62.78
62.17
61.79
59.82
62
64.54
62.61
74.62
80.51
68.23
67.37
68.73
86.16
77.41
71.17
72.65
72.45
67.01
68.24
63.45
66.71
64.37
66.9
70.28
74.35
78.49
89.67
82.23
84.81
87.35
70.27
69.78
71.45
75.77
74.77
68.33
67.66
66.17
63.24
60.95
60.19
57.77
56.2
56.73
61.27
61.29
70.51
90.2
76.79
75.61
83.51
75.79
77.1
77.77
69.43
75.54
65.94
78.38
69.8
69.37
67.86
61.15
57.04
71.73
79.33
78.48
94.57
85.02
70.79
71.69
72.12
80.07
89.51
81.21
75.5
72.81
79.72
70.68
67.15
62.4
69.27
70.14
67.79
74.73
72.41
74.72
89.5
78.95
68.63
66.83
68.97
72.09
75.43
77.79
84.66
78.89
85.22
87.63
94.41
93.06
93.06
92.7
92.24
75.31
90.77
96.69
97.71
94.98
92.9
93.53
94.03
86.12
88.23
83.52
88.12
88.13
91.97
89.07
89.87
92.66
92.43
86.75
86.97
78.51
83
82.53
87.91
90.02
89.72
85.99
83.05
86.89
76.45
79.23
82.79
88.36
89.91
83.11
78.06
86.47
78.16
87.6
73.53
90.3
86.7
91.49
85.67
86.22
86.47
77.14
85.7
79.96
73.33
75.2
88.78
96.3
93.54
97.52
97.19
98.9
98.72
96.21
80.09
89.44
97.59
95.43
93.15
95.8
95.29
97.5
97.66
95.73
98.61
96.56
96.65
92.81
91.59
97.07
92.52
96.83
92.91
95.34
80.12
88.87
88.89
93.75
85.32
88
92.26
95.92
96.16
97.95
97.38
98.23
83.59
87.27
82.83
73.57
86.76
79.13
73.58
70.5
78.66
80.42
79.61
78.37
86.56
82.87
87.21
80.03
83.65
77.97
84.85
83.66
79.39
87.47
85.15
92.04
73.91
76.78
73.64
66.06
66.41
68.64
91.04
78.93
92.09
95.32
91.12
95.37
85.62
95.09
98.61
95.56
85.82
71.07
69.03
75.4
68.8
83.75
67.76
76.2
89.75
94.87
84.36
78.7
90.02
73.92
65.32
75.16
90.69
86.13
77.08
75.33
81.81
78.78
83.05
66.82
86.93
87.9
76.79
76.42
73.39
74.61
73.91
76.61
77.19
67.03
67.99
79.4
71.66
75.23
77.47
76.81
61.65
60.43
59.28
58.81
49.35
46.57
58.38
66.02
84.11
80.05
73.24
74.69
75.68
66.54
79.26
64.24
49.79
53.13
73.74
59.77
56.58
62.68
63.17
69.97
62.6
57.48
57.02
82.52
87.2
70.95
73.54
91.95
93.57
71.69
74.85
75.04
71.55
72.05
72.28
70.56
86.8
88.49
95.77
78.3
88.4
78.58
72.68
72.44
73.56
70.36
79.62
70.09
65.69
69.51
89.14
69.87
75.77
70.4
67.4
66.79
68.46
65.22
72.67
83.92
81.11
82.67
90.56
77.51
66.03
71.88
79.08
84.52
84.13
87.79
82.27
79.37
85.64
71.01
64.69
70.68
88.12
90.14
79.12
75.52
75.32
76.1
78.3
80.06
86.14
70.68
70.87
72.12
73.74
71.39
69.47
66.47
66.57
68.99
65.21
68.43
70.18
66.61
61.65
65.81
76.84
70.74
63.61
79.01
73.36
75.59
71.45
73.63
74.31
78.85
79.87
78.97
86.11
86.51
82.41
83.15
75.46
73.82
74.4
78.25
67.32
69.73
69.29
74.88
69.98
63.89
68.18
70.29
90.04
77.5
71.67
75.38
72.4
82.92
83.3
81.48
83.83
90.94
84.18
86.52
79.11
66.54
74.53
75.04
73.47
75.36
72.48
76.18
71.05
70.19
75.95
78.45
77.83
79.31
87.47
92.83
86.25
81.92
78.66
78.36
78.4
81.82
81.98
82.01
80.66
74.09
85.52
90.67
78.47
65.27
80.13
76.97
77.36
77.93
78.38
82.51
77.95
77.62
77.57
80.31
72.42
89.74
91.58
84.63
64.44
73.69
89.95
82.66
83.83
93.92
92.83
86.57
86.2
77.37
92.31
88.95
88.37
92.79
90.35
97.01
96.35
90.49
89.22
84.21
81.12
85.79
84.61
87.82
83.44
85.8
83.58
80.37
80.99
89.45
88.02
83.58
89.45
93.07
95.62
91.79
87.75
93.99
91.86
75.03
85.34
88.59
82.87
87.45
80.1
81.11
89.25
86.86
84.08
87.66
91.71
95.74
96.31
91.4
60.42
70.79
71.09
72.48
72.76
82.04
86.96
88.32
96.52
96.26
97.15
94.37
83.32
83.55
74.59
66.49
79.65
81.97
86.96
90.04
96.39
95.96
96.55
94.79
93.36
94.56
97.14
94.45
88.05
66.82
76.5
70.41
82.55
82.74
79.19
86.52
82.24
75.13
69.99
56.78
55.7
82.56
76.66
76.88
71.05
69.35
88.78
92.4
90.24
86.5
76.55
74.36
80.11
82.37
82.57
84
90.83
90.33
83.09
86.34
88.58
92
93.36
92.62
91.58
97.63
93.98
79.56
88.03
90.42
96.55
80.81
82.13
87.92
83.17
82.16
76.16
78.22
82.67
81.16
88.36
95.47
88.67
83.21
86.12
73.02
76.66
65.9
73.18
67
71.15
68.7
58.66
82.04
70.86
69.45
59.31
78.01
85.73
75.18
64.55
69.84
72.84
62.26
68.91
69.52
68.78
75.76
69.66
61.91
76.54
73.96
74.37
74.2
74.73
73.99
76.27
68.21
58.53
59.45
58.03
59.2
66.33
64.17
54.79
57.61
57.89
69.09
80.64
62.63
74.63
75.36
70.97
63.41
68.87
60.66
62.17
67.51
81.16
68.71
64
66.29
74.73
68.32
58.16
58.71
56.45
61.17
59.22
57.51
86.94
96.27
81.46
69.9
64.85
68.67
92.08
80.53
92.75
69.48
85.43
68.17
71.68
66.38
65.53
63.8
80.35
73.17
88.88
68.64
63.73
60.95
57.95
59.18
67.04
63.34
74.96
86.56
64.76
62.48
62.86
61.72
61.98
63.46
71.55
70.74
73.77
75.6
74.34
74.46
77.64
85
68.02
63.62
76.37
62.55
67.23
70.53
60.72
67.41
79.86
60.4
55.77
62.1
60.41
68.86
63.62
62.51
67.35
85.62
74.31
70.11
79.77
72.07
67.66
70.06
71.1
65.01
64.27
61.63
68.32
76.49
69
68.49
59.43
65.95
75.46
64.7
76.61
68.97
61.69
60.3
58.64
58.42
64.75
63.78
67.07
74.92
86.17
70.08
80.56
81.27
68.68
60.23
66.42
67.86
63.1
62.37
59.82
60.71
68.34
77.5
72.62
78.05
75.13
73.65
74.74
67.62
66.46
67.31
64.69
63.86
67.09
62.84
72.41
71.64
65.6
66.03
66.41
66.55
67.87
66.63
65.8
81.39
71.3
64.71
65.49
81.61
87.9
82.1
69.47
72.14
80.23
95.48
85.84
82.1
78.46
93.09
87.85
76.97
70.98
93.24
95.41
97.33
91.8
98.29
82.3
71.18
76.51
82.34
89.73
90.48
92.33
91.73
83.88
82.47
80.4
80.39
80.94
90.09
86.37
78.22
86.29
81.44
86.84
82.9
85.93
86.58
84.89
86.71
86.23
88.7
85.89
88.38
80.97
92.92
90.59
93.16
97.22
81.85
70.24
86.55
86.52
91.85
85.18
67.21
78.26
79.1
82.47
86.41
89.25
82.66
79.15
92.94
88.93
98.31
96.83
93.24
91.87
89.8
76.89
67.64
84.95
90.1
92.22
92.46
97.67
76.89
80.45
80.32
79.75
99.43
87.05
80.86
79.72
75.6
88.36
97.21
96.92
87.76
75.45
82.42
87.72
89.28
97.9
85.94
92.79
82.09
73.19
79.78
95.18
90.18
93.83
94.38
94.17
85.25
82.03
88.77
84.46
90.73
85.21
78.45
90.81
77.8
72.69
87.38
86.73
82.07
75.42
87.1
96.76
87.87
82.69
82.46
77.44
92.11
99.67
97.95
98.87
96.07
93.94
96.64
88.42
91.64
87.48
91.79
68.62
85.5
86.58
80.76
74.17
82.96
83.2
81.88
91.38
95.17
94.34
87.98
83.98
90.01
74.58
98.68
98.69
90.76
93.48
91.18
98.84
96.62
88.69
88
83.8
94.9
89.59
82.48
75.49
79.23
92.16
89.33
75.99
97.62
93.12
94.96
95.68
71.42
64.13
70.68
78.47
67.64
81.49
90.82
83.97
75.5
88.82
93.17
88.23
84.95
72.2
68.51
77.87
72.22
75.54
84.17
81.43
95.03
99.29
89.92
87.05
72.82
65.78
65.83
76.38
72.23
77.94
74.66
82.19
80.47
84.87
91.98
92.07
71.12
56.86
49.66
58.84
78.07
64.78
79.91
74.62
67.4
74.77
63.92
76.08
69.08
66.79
77.04
79.92
73.87
64.29
63.99
65.78
64.43
66.14
73.72
77.01
67.23
79.64
80.72
74.23
66.33
61.12
55.82
75.34
75.32
72.46
77
53.5
63.78
70.38
72.72
77.86
87.55
79.94
78.2
94.95
88.92
81.23
78.93
76.92
78
76.69
70.52
80.77
82.54
85.14
88.18
78.31
75
77.36
73.67
71.21
73.31
84.82
81.11
79.41
77.42
76.82
81.02
84.76
84.9
88.5
80.85
75.24
75.35
90.1
86.17
68.4
68.8
74.07
62.74
58.86
69.36
72.46
80.57
71.06
77.93
83.95
76.33
76.08
90.8
88.51
68.99
63.77
69.41
69.44
81.17
73.54
93.84
71.29
64.1
66.03
69.63
94.48
82.74
76.89
79.15
80.97
78.7
71.35
60.79
65.37
71.29
74.45
87.02
85.04
68.92
67.34
69.59
77.7
79.39
72.31
69.27
68.06
74.03
85.68
81.23
70.62
72.6
73.95
73.33
71.17
68.13
72.56
80.57
68.17
68.61
86.11
72.96
69.1
72.92
73.32
69.84
68.62
67.61
69.11
68.45
77.53
82.95
85.09
68.55
72.86
74.6
74.11
75.78
92.12
96.24
93.99
99.16
84.27
80.46
85.05
81.03
80.93
79.09
77.01
78.78
82.98
83.37
85.71
80.34
78.67
76.03
80.51
81.83
80.18
89.5
82.59
70.6
68.47
74.98
74.94
73.7
65.44
76.6
74.47
82.46
77.82
78.52
77.87
79.51
93.31
90
87.33
84.52
84.07
83.02
81.92
76.36
78.15
85.34
85.39
82.39
83.94
83.02
67.03
74.87
77.85
77.4
75.73
82.64
85.27
90.33
84.21
56.59
77.03
82.69
92.96
98.75
98.7
96.36
91.37
88.47
95.55
98.63
90.82
79.53
78.97
91.98
89.79
88.88
85.82
75.45
82.79
98.69
99.09
100
100
97.86
98.91
100
98.56
85.97
73.87
83.83
80.01
82.77
90.05
95.34
86.28
73.12
82.17
82.02
89.41
81.02
79.17
79.39
81.91
95.9
96.75
91.63
85.59
91.04
94.9
89.93
93.32
93.33
76.24
85.77
77.51
82.93
86.73
83.09
90.99
85.6
90.03
75.92
86.31
74.08
62.39
65.83
82.54
73.47
75.81
89.68
86.69
89.08
67.47
70.2
63.98
66.52
67.27
58.27
67.74
90.7
85.78
89.02
80.45
89.64
95.29
88.16
71.33
74
77.24
95.19
96.01
95.88
97.53
86.41
74.99
83.06
82.2
91.02
87.88
87.77
89.78
93.54
83.96
80.8
64.11
70.86
75.87
83.01
80.44
76.64
75.65
75.98
77.24
76.95
75.93
52.29
57.88
54.66
54.41
54.97
52.85
58.69
82.56
68.7
55.65
74.43
65.98
53.22
66.4
69.97
66.8
67.61
70.72
68.55
68.02
56.89
68.92
66.97
84.75
76.28
61.61
62.89
60.83
64.55
63.03
77.36
57.47
67.69
71.22
66.48
63.6
60.71
62.08
55.96
63.74
61.07
81.42
83.5
76.15
71.17
66.23
76.25
87.64
66.91
71.65
87.61
70.47
63.05
63.49
67.72
63.64
55.59
55.91
54.44
80.34
73.04
57.6
60.45
74.19
64.52
71.64
81.1
59.12
52.66
70.63
93.17
88.38
76.27
65.31
67.2
86.88
81.04
78.1
73.56
75.08
66.9
93.45
89.58
85.07
79.66
84.35
75.82
73.93
71.63
74.7
64.91
64.95
69.09
90.68
91.35
94.12
85.83
73.98
73.09
78.52
74.23
73.93
80.6
72.39
61.04
57.36
66.07
72.01
69.16
66.26
66.13
67.58
75.1
73.24
77.38
84.03
82.1
74.5
75.39
88.53
95.6
77.75
77.99
74.85
79
55.03
65.31
67.24
63.09
74.39
72.79
72.48
72.99
70.26
77.84
81.3
82.18
64.57
64.03
76.68
80.55
66.49
65.4
64.15
65.67
80.66
72.32
69.21
71.58
72.57
64.65
66.24
67.39
80.52
79.52
91.61
86.46
77.93
74.56
75.98
89.63
81.98
73.78
74.28
75.71
68.71
82.58
77.77
74.73
65.45
73.69
70.25
76.82
70.25
80.75
74.64
71.75
71.4
74.31
70.2
73.89
78.34
76.96
82.39
83.16
78.48
75.99
79.82
71.84
72.56
74.51
81.74
73.77
72.57
75.16
83.29
91.76
88.29
90.49
81.72
81.16
76.86
77.53
79.82
76.7
80.59
83.24
70.41
72.96
72.23
73.43
69.5
78.13
79.99
91.74
84.71
81
88.66
87.89
70.22
67.96
85.7
74.1
76.94
81.24
73.15
87.86
78.73
70.46
96.13
93.24
85.8
87.12
88.01
80.28
89.04
89.03
84.99
76.6
66.54
71.91
89.53
89.05
79.67
83.14
83.85
86.77
89.04
93.37
95.04
92.51
84.39
88.81
81.4
94.68
91.21
92.5
94.39
99.92
95.45
91.78
97.04
100
99.44
95.73
95.77
97.99
94.1
86.33
94.02
100
94.81
98.41
89.53
96.53
100
99.2
95.08
99.99
98.02
77.05
75.37
93.43
90.82
94.46
89.02
95.15
98.72
98.06
94.27
76.64
80.25
96.66
96.65
88.57
86.55
78.43
69.1
72.43
82.23
73.86
79.24
98.5
76.27
70.02
78.67
77.56
85.74
64.39
64.45
78.97
73.15
88.9
89.88
94.62
89.75
61.73
76.06
80.19
79.98
82.41
91.35
81.69
85.87
95.18
97.64
97.83
97.71
98.72
98.75
94.52
89.22
92.17
95.58
89.47
96.27
98.46
98.48
98.89
93.43
91.27
75.65
67.63
74.7
74.16
70.35
72.25
61.66
58.77
68.97
75.71
70.34
68.54
65.72
68.18
73.17
68.91
71.74
73.13
64.32
73.5
70.5
59.25
53.16
58.39
62.93
56.85
68.21
95.81
67.79
60.96
59.98
70.68
73.52
76.65
69.61
66.18
91.02
71.08
63.49
69.11
63.76
58.68
62.67
89.53
76.07
49.56
61.84
64.67
67.31
65.99
61
77.2
52.42
60.17
62.04
89.97
80.1
63.95
64.84
56.6
48.98
48.41
56.26
51.58
52.32
51.05
52.99
49.38
42.45
45.83
47.68
56.14
57.62
52.59
48.74
58.31
55.86
55.81
52.59
60.71
79.25
66.18
53.77
53.04
57.9
56.63
53.9
62.17
70.42
67.14
82.33
72.58
76.67
73.71
70.81
60.74
82.8
60.78
57.58
61.93
68.81
56.41
53.84
71.62
78.05
68.51
70.13
69.08
83.1
72.65
89.97
69.26
54.09
60.24
72.63
62.46
81.67
71.58
63.75
62.58
64.35
62.55
75.56
69.69
62.1
81.42
70.28
88.96
82.58
68.96
73.93
82.22
85.61
70.83
64.34
66.27
73.67
93.25
79.48
82.82
87.4
80.43
84.69
89.59
59.9
56.6
64.58
79.93
82.14
73.69
74.31
88.54
81.93
74.19
73.08
84.84
66.59
66.18
68.17
68.62
65.98
68.03
65.97
74.32
66.45
64.12
67.33
65.92
77.91
81.72
76.4
80.96
76.03
73.02
81.41
78.41
84.79
93.19
82.35
74.67
74.69
73.43
74.32
73.42
67.86
71.06
80.87
84.41
81.48
80.13
74.74
72.37
73.93
73.41
81.63
79.81
78.94
84.4
87.64
86.99
85.21
88.83
78.97
76.94
76.28
75.17
77.23
77.9
70.83
74.82
69.47
72.74
72.2
75.52
82.82
84.95
81.58
87.07
81.9
80.78
80.49
75.96
74.43
80.68
78.37
83.67
80.27
80.77
80.48
81.09
81.51
75.51
69.6
78.81
78.28
81.06
79.43
83.83
83.61
91.66
91.48
85.55
94.44
89
80.02
83.64
84.99
79.98
80.6
87.56
76.28
93.8
83.48
86.14
85.74
90.54
82.64
89.13
78.86
96.86
93.81
92.29
87.42
86.57
82.3
73.02
84.98
87.48
95.71
93.64
77.91
90.76
91.83
96.41
95.05
84.05
96.73
91.18
89.19
81.76
75.57
85.11
89.06
96.4
98.68
95.48
96.58
90.87
94.92
96.25
98.22
96.59
94.44
91.72
98.42
80.42
80.05
80.41
87.44
85.26
95.44
95.07
95.8
97.66
87.33
87.29
93.85
89.55
97.27
97.14
96.76
90.82
90.08
96.57
95.24
98.27
96.57
97.36
95.78
96.82
90.25
93.11
96.93
98.6
98.85
98.67
98.57
98.35
85.94
85.28
95.33
69.15
88.68
87.36
85.43
95.95
92.77
