19710101	
-5.96	-0.91
-9.87	-6.65
-8.09	-4.6
-15.97	-6.27
-17.51	-6.46
-8.19	-2.58
-13.75	-5.47
-12.68	-0.91
-13.75	-5.16
-10.22	-4.82
-12.75	-2.43
-7.99	0.66
-14.86	-0.48
-12.71	-1.88
-3.31	-1.69
-4.78	-1.63
-2.25	0.32
-1.24	0.16
-1.4	2.22
0.1	3.8
-0.03	4.55
1.51	9.1
-1.69	8.23
2.68	9.24
-2	9.22
-0.52	10.98
5.02	10.21
-0.65	10.07
-1.46	9.05
-1.94	10.2
2.32	12.28
1.52	12.37
-1.02	4.77
-6.87	1.97
-0.06	2.65
-4.01	5.85
-4.58	6.59
-0.37	5.29
-0.83	7.63
3.58	11.16
0.21	8.93
-2.02	8.05
-4.58	8.07
-4.38	12.53
0.17	10.66
1.08	6.57
1.33	9.14
3.7	5.88
2.24	10.35
-0.79	9.09
-0.6	8.29
-2.72	8.92
-2.86	10.35
-2.29	7.14
-1.15	6.1
-3.03	7.25
-3.49	3.75
-8.53	-3.07
-8.67	-1.63
-6.61	-2.59
-5.66	-1.78
-8.32	-1.83
-9.3	-3.89
-11.44	-7.45
-9.3	-6.6
-6.1	-2.27
-11.64	-0.35
-10.43	-0.66
-1.99	4.14
-7.37	5.49
-3.27	1
-6	8.31
-2.48	10.08
4.22	10.39
0.2	8.11
4.57	7.8
3.79	12.2
9.12	14.77
8.89	17.55
6.95	18.83
5.98	11.26
5.87	8.8
0.51	8.43
-1.87	12.13
4.34	8.44
4.17	6.25
5.87	7.93
3.57	8
4.1	6.39
5.16	8.01
4.97	8.66
6.94	11.51
7.08	10.84
7.51	14.4
10.12	16.25
4.46	16.95
4.46	18.75
3.56	19.63
6.49	20.06
5.97	18.74
10.19	14.6
2.85	12.81
4.85	12.28
5.64	13.85
-0.57	12.17
0.37	17.73
6.03	19.49
4.85	15.8
2.81	18.94
3.32	19.53
5.84	18.52
4.7	21.82
8.72	22.89
14.59	19.22
11.01	14.62
6.06	11.56
7.75	17.76
7.6	13.25
0.29	13.54
3.23	11.14
8.03	10.84
10.03	11.62
8	11.21
8.32	14.31
8.67	13.24
9.65	17.08
6.8	16.84
5.47	16.6
4.36	20.11
6.16	21.03
12.94	22.85
8.61	24.09
8.41	24.54
7.5	24.92
8.88	25.41
10.72	26.08
10.5	25.78
12.92	26.9
13.1	27.5
12.05	26.75
15.67	26
11.56	24.63
10.09	21.28
10.02	22.41
13.89	23.44
14.3	23.11
10.31	23.54
9.03	19.1
6.91	20.95
12.53	19.39
14.98	19.8
12.77	17.51
11.99	23.39
11.17	24.49
10.95	23.85
9.98	25.59
11.64	24.65
10.57	23.43
11.92	21.29
13.31	21.62
13.08	23.06
10.16	22.85
9.95	18.9
9.98	20.59
4.94	22.76
13.41	25.28
9.27	22.05
8.96	20.33
9.73	17.71
5.43	18.4
10.44	18.54
11.84	24.26
11.9	22.65
12.37	23.47
12.85	23.06
14.17	20.95
11.52	26.34
12.92	22.33
12.11	22.29
12.12	20.4
6.19	18.69
8.59	15.85
10.34	21.89
10.04	22.34
13.91	24.57
12.36	25.33
14.36	24.16
11.84	26.69
15.71	26.36
11.63	29.01
14.4	29.07
15.05	29.33
14.8	31.24
14.71	28.68
14.29	23.74
11.12	25.21
12.62	28.01
14.62	27.8
15.87	22.16
14.67	20.5
12.1	21.29
11.37	20.83
8.15	22.08
8.85	24.13
11.71	25
14.81	26.79
12.02	28.13
13.17	28.94
13.39	29.53
17.77	26.66
15.82	25.83
17.38	24.52
16.33	27.59
15.32	30.04
15.73	30.23
16.16	29.86
16.47	28.7
15.54	30.89
16.16	33.84
15.86	29.97
12.08	24.47
9.02	25.44
9.76	28.52
15.07	24.32
12.37	25.09
11.38	29.36
12.82	31.23
18.4	27.7
16.3	23.56
8.36	25.6
8.09	27.63
12.16	28.45
10.71	29.58
11.64	26.85
12.06	25.83
12.92	21.42
9.45	19.6
10.89	24.75
14.82	20.61
12	22.69
7.74	24.78
10.53	26.76
13.84	19.53
8.27	20.38
7.26	22.03
8.95	21.32
8.54	23.35
9.37	23.62
9.46	18.89
5.08	16.93
6.87	14.11
3.98	16.03
3.65	20.08
7.09	15.73
6.96	13.45
5.85	17.61
10.28	17.01
6.09	12.38
6.99	11.62
1.03	10.89
0.39	15.34
2.77	17.09
2.52	19.26
3.5	20.2
5.1	21.25
5.17	22.04
5.15	21.21
10.29	18.69
8.82	23
11.11	19.4
7.76	18.49
10.75	14.87
10.58	13.98
8.67	17.59
4.94	19.48
4.55	20.57
6.68	22.03
5.89	14.41
0.9	11.06
-2.95	16.88
0.71	21.9
0.34	19.09
1.4	19.11
2.29	20.51
2.14	20.17
5.02	20.3
5.06	20.31
5.04	16.26
1.82	5.58
-3.25	8.4
-4.39	9.54
-1.35	16.84
-0.31	15.18
2.02	16.8
3.82	18.44
8.8	25.21
3.26	19.77
2.16	22.83
4.56	13.09
2.05	8.9
-3.77	6.89
-6.86	8.63
-4.54	6.18
-6.94	7.3
-4.04	10.67
4.69	8.55
6.02	12.87
1.16	12.51
-1.1	17.96
2.38	17.54
6.37	15.27
2.54	14.6
9.28	17.38
6.97	14.14
7.36	9.58
7.57	8.45
5.03	6.27
3.98	6.64
1.43	10.5
0.98	9.13
0.56	6.78
4.14	7.72
1.88	15.38
0.16	1.45
-8.19	2.54
-1.6	-0.33
-2.43	-1.16
-13.68	-2.69
-14.09	-4.22
-10.54	0.27
-8.92	1.73
-6.71	-0.47
0.06	0.69
0.31	0.61
0.66	1.61
1.22	2.04
0.55	2.72
-0.49	4.38
-2.14	3.71
-0.2	8.56
4.08	7.89
1.51	8.88
-4.17	1.2
-6.4	1.7
-1.3	8.04
-0.21	10.3
-1.54	9.19
-3.58	8.02
-3.53	8.37
-1.97	7.83
-3.26	6.58
-4.65	6.4
-6	-1.81
-2.7	0.11
0.43	4.99
-1.22	11.15
-1.13	8.86
0.49	6.89
-2.69	6.97
-4.18	5.23
-3.6	-0.88
-4.68	-0.54
-2.26	-1.3
-0.45	0.42
-0.02	0.48
0.18	0.82
-0.08	0.87
-0.84	0.48
0.54	1.19
0.61	2.02
0.37	1.03
-0.41	0.35
-1.15	1.91
-0.52	0.34
-1.71	-0.82
-0.97	0.78
-0.95	0.55
-6.45	-1.31
-10.24	-3.64
-6.61	-4.05
-6.95	-6.03
-10.39	-6.73
-9.58	-6.85
-8.29	-3.65
-8.11	-3.47
-3.23	-0.37
-7.2	0.39
-9.54	-1.58
-9.89	-2.42
-4.15	-1.38
-9.87	-2.26
-6.02	3.06
-3.5	0.36
-2.61	0.62
-6.31	-1.98
-6.56	-1.49
-3.48	-1.87
-3.29	-1.63
-6.95	-2.44
-7.65	-3.9
-6.25	-2.13
-6.16	-1.05
-1.11	3.96
-1.37	4.78
0.36	4.27
1.17	3.37
0.93	10.67
1.48	6.01
3.02	5.05
0.71	6.33
3.59	5.42
-2.89	7.61
-1.96	9.82
4.08	13.31
0.55	8.99
2.05	11.67
0.3	5.02
3.43	4.06
4.06	7.2
3.17	8.3
5.12	6.67
4.48	6.79
5.08	7.5
4.92	8.09
6.71	7.7
5.81	8.84
2.96	8.35
5.21	6.78
4.59	7.42
3.38	8.67
4.56	6.77
4.83	13.2
9.11	14.05
7.59	14.42
4.87	15.01
4.83	9.85
-2.17	3.14
-6.15	1.84
-6.38	7.37
-2.82	12.1
-1.26	15.81
1.11	15.78
0.6	15.19
0.33	15.32
-0.74	14.81
1.01	15.4
2.42	16.87
1.95	17.88
1.8	14.17
-2.26	12.91
-0.7	20.05
8.14	15.83
6.65	16.79
3.37	11.96
2.55	14.11
1.97	19.67
5.7	17.4
4.65	12.7
7.94	18.63
8.08	18.6
10.4	15.83
8.84	13.59
5.01	18.94
7	22.1
10.02	17.4
6.18	15.01
10.61	15.99
11.58	14.41
10.02	12.48
9.08	10.98
9.55	12.22
9.06	10.83
8.83	13.33
6.63	10.65
8.62	12.43
8.38	12.33
10.05	14.55
11.91	16.13
4.65	16.74
9.39	14.09
3.65	9.46
3.54	9.15
1.45	11.64
3.61	10.51
-0.63	12.64
1.4	17.04
3.61	19.31
3.91	20.93
9.85	15.47
8.33	12.3
8.61	15.55
9.23	18.72
9.36	18.53
9.01	18.76
9.69	20.61
9.61	20.42
10.22	13.2
7.24	17.99
8.33	13.1
10.25	17.98
12.63	16.04
12.46	17.25
8.58	19.33
5.88	18.04
12.45	21.79
12.73	19.59
9.62	18.6
7.9	21.01
7.98	22.57
8.98	24.8
11.74	23.74
11.51	25.98
10.9	22.65
8.92	16.08
8.07	19.67
9.08	23.37
13.36	20.47
10.28	15.8
10.03	15.53
10.99	19.23
7.51	22.77
10.48	24.93
13.1	25.55
15.18	26.66
14.38	25.65
12.79	21.6
10.68	25.66
12.49	26.07
12.57	26.05
12.61	23.7
13.12	22.68
14.17	25.06
15.61	24.21
12.97	19.57
11.2	19.61
8.16	24.53
12.48	23.44
12.07	23.99
13.67	26.46
14.13	24.44
11.89	17.67
9.05	20
8.25	22.98
10.55	24.09
14.8	24.72
15.21	25.34
14.25	23.69
12.57	21.13
13.47	21.76
10.07	21.95
14.8	21.7
12.54	23
15.41	24.38
16.39	23.8
14.01	26.66
14.7	29.91
17.67	29.78
14.85	22.19
12.08	14.99
13.03	14.21
14.36	17.14
15.4	24.76
17.54	27.64
17.16	27.43
16.86	27.69
16.46	27.29
18.5	27.11
16.83	28.18
17.71	27.13
18.32	24.17
17.24	27.6
17.91	25.94
18.26	24.57
17.92	22.36
14.34	20.84
15.98	21.53
12.77	23.74
14.79	21.13
15.07	22.95
13.36	23.26
13.54	20.02
11.74	20.02
7.05	22.86
11.51	24.35
11.58	25.82
13.36	27.61
15.36	28.26
14.65	29.06
15.6	28.89
17.8	26.25
15.25	28.84
17.99	29.55
19.21	30.53
18.91	27.26
13.97	23.46
14.79	19.67
10.12	14.57
9.98	14.85
12.52	16.53
11.7	17.96
6.08	20.6
6.4	21.15
9.85	20.96
11.51	19.44
10.85	19.24
13.31	18.35
13.62	16.96
13.07	17.52
10.46	18.6
6.19	18.68
9.36	18.58
7.92	19.74
7.72	22.17
9.46	22.75
10.95	23.78
11.19	23.4
11.1	24.81
14.39	19.78
16.36	22.92
9.74	18.65
2.98	14.84
2.51	14.76
3.11	15.8
2.72	13.29
8.67	13.43
8.63	12.87
7.29	11.94
7.28	12.58
7.6	16.24
5.31	17.51
4.41	18.76
8.15	12.66
5.85	14.02
0.02	13.23
0.47	13.9
2.54	13.4
3.26	13.07
4.08	12.79
5.9	11.63
5.87	10.07
6.06	8.87
1.91	9.27
2.2	9.33
4.04	12.38
3.36	14.44
7.2	11.8
8.3	10.64
7.79	11.46
8.07	13.93
2.14	16.9
5.08	18.12
4.98	14.21
5.36	12.39
-1.31	12.58
1.04	11.31
-0.23	12.86
-1.98	12.79
-1.15	7.42
-5.88	11.4
-0.46	7.08
-4.69	8.06
-0.35	12
3.16	15.8
1.43	14.19
0.39	13.89
2.45	15.41
11.28	17.42
9.98	13.49
5.67	12.92
6.51	13.41
2.18	12.89
1.48	14.64
2.13	14.47
3.17	12.81
2.82	15.22
2.07	16.45
1.81	15.73
1.9	10.49
2.32	13.47
1.29	10.73
3.49	14.04
2.94	10.39
-1.18	10.58
4.79	7.95
4.09	5.1
-2.54	6.21
0.91	10.59
1.1	14.86
-4.32	1.57
-1.37	3.31
1.72	7.36
0.29	6.77
4.12	5.33
3.53	4.42
0.26	4.41
-1.66	5.43
-5.19	3.96
-3.01	4.39
-4.52	5.4
-4.11	9.08
1.97	6.42
4.14	6.62
6.09	13.35
1.09	10.19
1.98	5.03
-0.79	7.41
-3.47	3.59
1.03	2.63
1.51	11.85
0.6	7.64
-0.83	3.01
-0.38	2.08
1.66	1.93
1.06	1.36
0.77	1.6
0.03	1.03
-1.02	-0.48
-1.91	-1.27
-0.87	3.07
0.6	2.36
-3.11	1.38
-8.89	-0.33
-9.06	-0.01
-7.94	-4.47
-5.08	-4.64
-5.06	-3.52
-2.93	-1.33
-6.11	-1.47
-11.44	-2.55
-12.4	-1.66
-11.76	-2.16
-9.02	-1.01
-2.23	1.17
-3.04	-0.2
-0.98	0.87
-0.81	2.59
-0.4	1.36
-5.92	2.8
-1.31	0.12
-0.96	-0.55
-0.88	-0.44
-1.33	2.23
-3.37	2.84
-7.02	3.14
-8.27	2.29
-8.02	-2.8
-2.57	-1.09
-3.58	-1.76
-2.68	0.73
0.28	1.21
0.36	1.68
0.71	1.67
0.02	0.55
0.56	0.8
0.43	0.91
-2.74	1.23
-10.35	-1.65
-15.64	-4.69
-9.83	1.19
-7.38	5.26
-1.94	1.42
-2.15	7.07
0.49	1.3
0.41	1.84
-0.47	2.46
-3.21	2.77
-4.31	6.5
-5.74	2.45
-2.24	5.81
-1	6.55
-2.52	4.65
2.92	8.8
-0.97	6.69
-4.16	4.98
0.08	4.87
1.56	5.5
1.04	3.05
0.38	4.29
-0.59	3.46
-3.2	5.98
-4.99	6.48
-2.07	4.8
-0.38	9.41
1.28	10.71
-1.2	8.59
-2.92	6.57
-4.18	4.36
-2.26	2.74
-2.91	0.77
-4.19	2.71
-2.47	6.56
-3.41	9.62
-0.31	9.02
0.11	4.51
2.9	9.2
-2.04	11.42
1.56	9.12
2.33	6.09
-1.93	2.11
-2.33	3.18
-2.18	3.51
-2.57	6.24
-2.71	5.19
0.62	1.77
0.65	2.59
1.06	3.63
-2.18	9.42
-1.78	9.59
1.35	8.91
-0.42	10.46
-1.03	10.52
1.47	12.44
-1.03	15.62
-0.31	16.9
1.59	17.38
1.64	13.67
5.61	16.7
2.7	16.56
2.22	13.7
5.33	14.87
2.86	17.71
9.39	15.8
6.67	16.85
5.82	14.64
5.78	9.43
3.83	11.88
1.14	16.72
7.11	14.25
5.84	8.92
5.98	9.62
5.94	16.34
3.25	9.66
4.21	8.56
2.98	5.45
2.1	4.3
3.46	8.7
6.58	11.56
1.99	14.24
5.29	10.46
0.99	12.46
2.09	5.98
5.1	6.65
2.14	12.02
0.7	14.42
7.43	10.46
8.78	12
6.48	13.29
4.77	14.73
3.93	18.92
13.13	19.15
8.87	21.56
9.39	22.13
11.84	24.96
15.05	24.33
11.62	25.03
11.54	26.93
18.06	27.98
13.13	19.33
7.14	20.76
4.28	15.5
3.3	16.65
5.67	20.5
8.32	15.61
1.99	18.11
2.66	20.41
7.79	21.71
8.41	12.27
1.68	15.29
0.89	14.51
6.43	22.11
11.45	23.41
10.35	24.67
11.55	25.65
9.13	23.95
14.67	22.39
12.36	20.39
9.05	19.17
9.82	19.22
10.09	21.92
7.61	23.85
11.34	23
11.03	22.39
11.03	26.1
14.03	28.01
15.48	24.27
14.55	21.06
10.84	24.11
12.97	21.44
12.51	17.19
10.03	20.67
9.94	20.2
12.36	23.56
14.29	23.69
12.56	22.72
13.46	24.28
13.02	24.72
10.08	19.63
11.42	16.94
10.11	19.81
7.9	19.83
7.22	20.65
5.89	22.93
13.24	20.3
13.16	14.63
14.44	22.27
10.65	19.87
13.34	20.97
11.51	25.53
11.83	26.46
14.33	27.36
16.43	25.56
14.81	21.73
15.55	21.58
14.25	24.47
15.62	25.99
15.91	26.42
14.71	26.22
14.41	27.25
17.2	25.01
17.45	26.51
16.48	24.22
17.99	22.78
11.11	24.65
12.81	25.14
14.55	20.9
12.53	24.72
17.81	26.42
21.64	27.36
19.33	29.04
17.15	26.1
12.65	23.47
12.76	24.89
13.41	27
14.62	21.36
13.13	22.57
11.77	19.87
10.14	19.8
9.92	21.1
12.32	21.33
9.03	20.75
13.41	22.46
12.63	23.25
12.27	24.23
9.35	25.58
10.27	26.44
14.52	22.55
12.56	24.43
11.75	26.46
11.93	26.94
14.13	28.77
15.58	25.12
8.67	23.35
8.01	24.72
8.49	26.12
12.31	27.55
13.46	25.84
11.52	24.39
7.69	24.22
8.58	24.56
8.48	26.7
10.27	29.53
12.71	30.47
12.34	29.77
14.7	26.78
15.3	21.05
14.82	20.41
15.01	26.33
12.99	25.32
15.17	21.24
8.99	23.63
12.46	19.14
14.16	15.2
14.51	21.31
11.39	18.44
13.39	21.09
10.19	24.42
11.16	27.05
11.95	28.58
11.91	28.72
12.01	29.3
12.15	29.06
11.68	29.46
10.16	28.83
12.63	23.46
8.94	18.88
5.68	18.41
4.75	17.19
9.58	18.33
5.41	18.08
6.65	21.32
12.26	20.31
12.59	22.14
11.98	17.14
11.38	20.25
12.77	22.9
12.08	18.72
6.57	18.11
11.24	15.83
9.69	13.55
8.96	12.02
8.68	10.92
7.01	16.98
4.19	18.51
7.37	13.03
8.84	12.82
10.21	16.72
10.44	18.5
8.28	17.59
5.53	18.43
4.78	18.23
3.01	17.74
4.62	17.42
8.73	16.86
3.37	18.34
2.69	18.11
4.94	9.36
-1.2	5.13
4.39	14.97
8.61	17.86
5.96	14.9
10.29	21.01
4.16	13.94
0.5	10.76
-0.63	12.38
1.1	9.05
4.3	11.31
-1.2	9.5
2.24	5.44
-4.77	5.17
-6.63	7.4
-5.51	8.31
-5.17	10.43
-5.06	12.09
-2.61	10.46
4	9.54
-3.22	4.62
-7.35	6.66
-6.67	8.06
-5.82	7.92
-3.68	16.2
6.37	16.31
1.09	7.17
-1.56	8.24
2.09	8.46
1.05	11.83
-1.31	9.08
-1.13	9.64
-1.01	6.54
4.03	8.03
-1.28	6.53
1.98	10.63
0.31	9.78
-2.93	6.04
-2.79	9.84
0.29	11.62
-3.04	9.11
-3.76	6.34
-4	8.35
-0.97	6.07
2.99	8.5
0.67	4
-2.47	1.24
-7.63	0.17
-7.71	-1.74
-8.2	-1.27
-11.18	-2.84
-14.08	-5.28
-14.98	-4.16
-14.34	-0.85
-7.04	4.31
-3.31	7.01
-1.9	5.99
-2.46	9.01
-0.71	8.88
-5.13	-0.66
-9.64	-0.85
-10.77	-1.73
-9.24	-0.36
-4.52	6.16
-0.47	3.41
-5.71	2.45
-0.9	2.52
-0.11	4.57
-1.26	0.84
-0.85	12.49
6.39	11.49
3.56	13.07
-0.51	10.25
8.56	12.07
4.44	11.77
3.34	7.73
-2.18	3.4
1.43	1.57
0.07	1.63
0.6	1.74
0.57	1.34
0.03	0.45
0.29	0.82
0.43	1.02
0.57	1.52
0.54	1.06
0.44	0.76
0.8	2.38
0.86	1.18
0.5	1.08
-1.24	-0.02
-1.69	-0.08
-1.24	3.53
-1.99	0.1
-1.1	-0.34
-2.02	-0.2
0.04	1.27
0.3	4.61
0.24	3.68
2.09	8.35
6.28	12.43
-1.52	7.94
-4.19	6.96
-1.92	5.5
-0.25	7.98
-0.39	8.38
-1.77	5.96
-1.6	0.51
-1.01	6.41
-1.62	2.49
1.66	3.11
2.12	10.93
1.52	11.34
2.59	6.78
1.88	11.77
3.47	7.38
2.78	7.01
0.32	8.75
0.58	7.51
-0.8	7.08
-1.92	10.04
0.35	13.15
-0.78	13.76
4.37	16.03
0.97	13.32
-0.2	8.72
3.58	8.43
0.56	7
5.7	11.47
3.46	11.3
4.21	8.57
2.29	7.91
1.41	6.78
0.41	7.83
-2.48	4.25
2.94	6.58
2.99	5.62
0.01	2.93
0.3	4.47
-2.49	5.13
-3.11	4.06
-1.62	3.12
-2.06	3.49
0.12	4.28
4.08	5.04
3.66	4.55
2.48	4.76
1.39	2.74
0.45	2.61
0.97	1.99
1.78	4.51
1.85	4.3
2.12	9.59
-1.27	12.14
-0.08	9.82
2.1	12.87
1.91	15.76
5.49	17.34
8.97	16.94
11.57	18.24
7.08	22.53
4.29	23.12
3.92	20.01
5.81	20.05
6.91	14.77
3.11	17.33
4.9	19.9
6.35	19.8
5.36	19.23
4.52	14.63
3.83	14.14
6.95	10.45
7.05	13.13
0.29	14.26
-0.4	14.92
0.28	15.98
2.85	15.72
2.32	15.22
6.04	15.09
2.41	19.15
2.78	20.6
4.82	16.35
8.71	18.35
10.22	14.52
3.7	9.54
3.33	11.28
0.39	10.21
4.25	10.14
5.52	10.12
5.79	12.3
-0.23	15.78
6.71	12.05
1.82	11.75
2.71	15.93
2.36	16.36
3.1	10.55
7.72	10.91
3.23	14.04
10.33	18.03
11.16	19.09
8.82	18.55
12.64	15.34
10.81	15.68
10	18.1
10.7	15.29
9.19	10.7
10.1	13.67
8.14	14.82
5.19	14.03
3.42	16
2.95	18.69
6.63	18.22
10.45	16.02
11.06	20.38
8.72	22.1
6.09	14.99
7.02	15.69
3.61	15.5
6.33	19.09
6.94	21.42
9.02	23.52
11.63	21.66
11.13	17.94
8.05	16.52
6.28	15.19
9.06	15.44
5.22	20.29
7.05	23.39
9.88	22.9
12.62	22.35
11.95	23.55
13.92	24.26
14.84	20.31
14.24	18.35
7.05	22.67
8.4	24.85
13.27	21.33
13.47	23.23
10.4	18.46
4.13	17.96
7.43	20.67
8.15	13.24
8.03	16.02
4.69	15.59
7.14	12.24
8.92	19.13
7.41	21.72
9.19	21.2
8.78	23.15
9.08	24.08
13.55	20.24
7.81	20.03
10.62	20.4
7.68	19.86
9.46	24.49
14.25	19.83
13.27	23.02
9.9	25.99
15.73	24.68
11.17	23.87
13.14	20.87
14.04	21.78
11.83	25.25
14.64	22.69
9.21	24.53
12.54	21.58
13.47	23.55
13	26.74
14.2	19.66
12.03	19.44
10.56	20.75
12.1	22.55
13.28	23.44
14.5	26.25
16.42	29.13
16.69	29.5
17.28	25.83
10.83	26.54
16.81	29.48
15.35	26.22
14.17	18.28
9.61	17.8
12.19	18.41
14.56	19.8
14.74	22.57
12.58	27.24
14.58	22.59
9.86	21.64
10	24.58
10.72	27.45
13.72	28.47
14.06	29.12
18.42	29.93
15.44	29.37
15.15	30.49
16.57	29.59
16.07	31.45
16.51	28.97
15.16	24.16
12.49	23.19
9.59	25.89
13.49	23.4
9.15	23.38
13.22	20.57
9.65	19.09
6.49	23.8
9.94	28.36
14.84	31.91
16.63	32.11
16.11	31.79
13.73	31
14.73	29.92
15.77	28.74
15.91	26.99
16.66	23.6
16.56	23.64
16.53	23.73
15.37	23.25
16.08	20.11
15.97	22.57
14.11	18.52
12.63	23.55
10.11	23.11
9.87	22.7
14.7	20.44
12.6	21.44
12.43	26.2
12.82	20.56
7.11	20.41
7.9	22.52
14.09	18.05
6.15	22.69
7.69	23.46
11.74	21.34
7.06	19.25
7.88	20.69
8.52	22.93
10.2	26.38
13.42	22.49
14.56	19.83
13.2	21.87
11.06	20.15
11.92	21.37
9.9	18.23
11.92	15.02
10.8	13.67
9.74	14.16
8.22	17.27
8.54	10.44
6.12	13.27
3.78	16.27
1.64	20.02
6.77	14.86
7.41	8.38
6.74	11.03
3.25	9.02
2.84	13.15
6.71	9.55
5.7	7.9
6.08	9.62
-0.21	11.46
4.74	8.16
0.74	7.67
1.59	13.48
0.75	11.66
3.79	9.95
5.83	9.5
4.29	8.36
1.24	8.41
4.31	7.91
1.04	12.4
1.33	12.66
-0.96	13.58
7.26	11.91
4.17	7.06
3.38	12.15
-1.22	12.03
1.52	8.2
3.36	13.94
3.87	9.76
-0.4	9.04
3.43	7.36
1.15	6.96
-2.41	7.95
-3.25	6.27
1.12	8.07
-0.59	8.56
1.37	9.84
-1.73	10.15
3.64	4.49
4.09	5.06
2.79	3.63
0.89	7.47
-3.11	9.72
-2.93	9.39
1.75	10.54
1.43	13.25
0.5	8.85
2.96	15.04
10.15	16.24
13	16.49
5.79	15.29
4.17	12.63
6.04	13.16
0.39	9.56
0.34	4.53
2.61	4.55
4.52	6.98
5.68	6.49
6.6	7.82
4.51	9.1
0.63	7.72
2.39	5.94
0	3.98
-0.67	7.14
-0.65	9.12
1.37	9.64
3.82	15.73
3.77	13.18
-0.26	7.66
-0.71	3.65
1.46	7.72
4.94	12.57
6.7	9.39
4.67	6.97
4.24	5.48
0.36	5.46
-3.11	1.4
-0.97	2.55
-6.49	3.78
-4.23	3.76
-3.42	3.59
0.54	8.39
-2.49	6.06
-1.12	7.86
-1.76	9.24
-4.62	6.21
-5.29	7.55
-2.93	-1.23
-1.39	0.36
-1.52	2.24
-2.1	10.64
0.04	11.52
2.91	17.99
1.56	10.31
-0.5	2.43
-3.16	2.83
1.23	6.26
-0.11	5.27
-3.77	2.28
-1.21	4.23
-0.35	15.36
-1.19	6.52
0.42	4.15
-3.11	2.83
-5.41	6.55
-5.94	5.87
-2.26	4.93
-4.47	6.8
-3.99	10.05
-3.53	4.18
-0.81	9.5
6.61	13.25
8.01	11.5
6.35	13.63
2.69	8.41
-1.08	3.36
0.76	6.32
0.08	5.32
-0.14	8.46
1.22	10.23
1.21	11.46
-0.86	8.88
2.95	7.81
-1.15	9.32
-0.63	3.75
-2.06	6.94
-0.99	2.23
2.25	8.11
2.22	5.56
-0.67	2.47
-5.55	4.35
-5.62	6.92
-5	10.19
-0.82	2.49
-6.68	3.9
-7.23	7.66
-5.39	11.37
-2.83	3.59
-2.06	2.79
0.28	7.73
-0.23	5.21
-0.97	2.59
-8.39	0.96
-9.04	4.47
-1.69	3.86
0.26	2.76
0	3.73
-4.37	6.57
-6.23	8.8
-4.76	8.2
-4.99	7.54
-0.77	3.85
-4.23	6.79
-7.36	12.62
-4.48	13.46
-2.75	15.5
1.84	16.36
4.12	14.44
6.22	13.29
1.61	15.1
0.32	14.7
4.21	15.6
2.94	15.78
1.62	16.19
5.17	16.07
3.49	12.22
6.16	12.88
6.47	8.08
2.16	11.6
0.98	8.76
4.18	5.77
2.14	4.31
3.19	10.28
5.69	10.97
4.26	8.05
-0.78	4.39
-0.06	2.6
-0.25	5.98
-1.43	7.28
-2.26	11.52
2.14	12.01
9.18	14.54
1.53	10.58
1.19	2.81
3.42	4.93
4.43	6.32
4.95	7.41
4.96	10.22
8.58	14.17
7.29	18.94
10.63	20.03
8.12	15.23
4.26	13.16
2.91	13.8
1.65	7.15
6.4	10.04
-1.04	11.25
4	12.84
6.11	15.43
6.9	19.59
7.92	14
4.9	13.48
5.77	12.91
3.15	13.93
1.28	17.69
7	14.93
9.26	17.29
5.49	15.18
7.66	17.56
9.65	14.35
3.91	10.8
2.64	13.1
1.48	17.51
2.52	20.16
2.98	21.78
8.19	17.68
6.99	19
5.62	19.9
8.36	17.08
9.42	16.94
10.17	17.95
10.98	23.67
13.92	18.96
7.45	17.56
6.57	20.84
6.51	21.64
9.35	21.31
10.98	18.19
10.39	22.91
13.55	22.89
10.84	25.26
12.12	24.97
10.95	26.43
12.42	26.88
12.33	25.48
12.82	24.03
13.15	24.11
11.7	15.15
10.17	17.46
12.98	13.58
11.49	18.81
11.76	19.13
14.53	20.54
9.42	24.12
16.07	23.25
10.98	21.28
9.16	17.84
6.04	13.15
8.98	15.12
9.48	16.5
4.79	15.43
5.46	16.43
6.25	17.09
11.3	15.94
10.17	18.4
10.97	19.39
12.09	22
9.84	24.44
11.61	26.35
14.08	27.18
14.15	28.42
17.17	24.76
12.83	19.08
11.95	16.62
7.4	19.37
14.31	17.58
13.11	23.62
15.52	27.09
15.3	28.27
14.85	26.2
13.99	21.6
12.98	24.06
10.48	26.84
13.08	25.81
12.18	21.77
11.89	15.75
11.13	12.16
11.4	21.17
18.1	24.32
11.98	26.15
16.55	23.23
15.72	24.45
13.58	25.49
13.15	26.32
15.15	26.6
16.65	27.12
17.96	25.39
16.38	22.42
17	24.76
14.81	27.03
16.56	28.6
18.04	26.57
15.55	26.15
16.4	28.24
16.85	25.14
12.35	24.19
14.56	22.87
15.04	24.39
13.07	25.67
14.99	27.25
14.94	23.19
9.95	20.85
10.89	22
11.34	24.46
13.35	26.05
16.84	26.04
14.06	25.18
12.5	25.52
12.92	25.1
12.37	24
12.66	23.93
11.92	22.01
11.72	24.62
13.31	24.71
14.63	23.99
13.54	25.67
14.33	27.42
13.37	27.62
14.76	25.52
15.09	23.07
10.95	22.32
11.48	25.19
14.61	21.69
13.37	26.83
15.05	25.16
14.98	21.95
9.1	23.04
9.33	25.51
10.1	24.47
10.8	24.73
13.81	24.5
14.86	19.38
13.61	20.49
13.7	20.18
14.48	19.41
14.71	18.38
13.25	23.05
14.6	23.85
12.08	24.84
12.98	24.9
13.87	24.1
12.55	24.29
13.46	23.8
12.69	22.58
12.53	19.52
13.05	19.27
8.31	20.23
9.13	21.69
9.33	22.03
13.73	17.23
10.6	14.25
4.68	19.83
13.26	23.82
14	24.77
12.94	27.05
14.89	25.48
10.56	23.49
8.31	24.18
7.9	23.86
10.36	21.92
8.7	22.94
11.22	22.69
11.12	21.81
14.43	22.95
11.82	19.8
11.07	23.92
11.77	23.62
12.32	23.02
12.31	24.17
11.94	21.36
9.29	23.1
11.75	18.39
5.39	16.45
6.76	16.33
4.75	18.17
2.26	15.9
3.55	13.99
4.03	10.88
3.76	8.69
2.18	7.51
6.16	7.81
6.1	9.12
1.24	12.51
2.83	12.61
8.91	10.41
8.33	12.48
6.25	12.48
7.68	10.53
4.7	11.92
5.69	11.79
1.2	13.52
5.2	12.28
0.83	12.96
0.12	15.53
-0.47	17.19
-0.55	16.89
0.25	16.27
2.15	9.35
1.23	10.67
3.92	4.93
5.51	7.36
6.75	7.46
7.56	8.38
7.39	7.86
6.55	7.08
6.39	6.95
4.82	9.08
4.76	6.56
4.69	5.16
5.26	6.66
3.91	5.83
4.47	6.13
3.98	5.46
3.04	6.12
0.44	3.95
1.47	2.07
3.48	6.03
0.79	8.44
2.86	5.87
0.22	5.57
-3.11	3.45
-1	0.26
-3.61	1.02
-9.4	0.64
-9.23	2.31
-5.46	4.26
-1.67	8.11
-0.91	6
1.41	5.39
0.71	4.16
2.61	5.11
4.24	6
4.18	6.3
1.18	5.19
0.28	7.13
-0.54	6.75
-3.33	3.93
-3.99	2.27
-3.83	2.93
-2.03	1.98
-1.32	0.61
-0.67	0.17
-0.43	1.17
-0.33	0.47
-0.06	0.68
0.71	1.22
-1.11	1.39
-8.71	-1.82
-10.18	0.17
-7.9	-0.24
-6.45	3.62
-6.22	2.17
-7.35	1.1
-4.32	-0.28
-5.12	3.95
-1.67	6.15
-3.94	5.72
-5.09	-0.33
-2.23	-0.75
-3.4	-2.64
-3.86	-1.37
-2.02	6.75
0.41	9.91
1.08	5.29
-3.76	2.69
-0.33	3.42
-0.93	0.84
-4.12	5.17
-5.82	0.61
-4.8	-0.1
-2.41	7.69
-0.2	14.14
4.92	11.57
2.08	9.25
-0.45	7.57
-5.22	1.69
-8.15	-0.53
-3.66	1.08
-2	6.51
-4.86	6.37
-1.76	7.39
-1.68	7.16
-0.85	13.38
0.29	5.6
-3.96	0.16
-6.99	1.02
-3.16	-0.1
-6.3	-1.51
-5.39	-2.38
-11.84	-3.23
-6.04	-3.45
-6.21	-4.95
-4.93	-2.87
-2.52	0.09
-1	1.22
0.22	1.58
-0.07	0.47
-6.92	1.47
-9.06	-1.53
-10.72	-2.61
-7.13	4.08
-1.72	0.27
-2.13	-0.49
-4.42	-2.36
-5.6	-0.64
-0.15	2.39
1.11	3.71
0.78	2.85
-0.28	0.83
-1.11	1.16
0.19	1.49
-0.58	2.09
-2.11	5.06
-3.91	1.05
-3.6	-1.21
-1.77	0.31
-0.72	14.72
-1.06	13.15
-2.08	11.87
-2.4	14.33
-0.74	17.71
-0.86	15.56
-0.63	8.09
-0.7	3.65
-4.13	-0.79
-5.92	-1.29
-3.92	-1.76
-7.51	-0.24
-2.18	-1.5
-2.94	0.67
-13.71	0.61
-14.98	2.34
-10.35	2.46
-6.45	2.67
-1.64	5.03
1.32	3.01
2.54	9.46
0.2	12.57
3.88	14.09
1.06	7.51
-2.74	1.28
-6.45	3.89
-1.1	3.48
2.73	5.47
-1.16	9.5
2.08	15.33
-0.21	13.45
-0.15	12.09
2.41	14.67
1.35	18.65
5.23	16.14
2.7	20.25
3.7	22.02
5.33	23.83
2.8	23.32
4.7	21.99
5.45	22.98
7.93	18.06
7.08	9.24
5.98	8.7
4.53	9.72
1.4	10.41
0.33	15.25
3.52	15.35
4.02	15.81
3.19	18.5
7.15	15.43
5.71	16.62
4.12	18.73
4.12	20.55
5.04	20.24
5.89	18.32
5.14	14.01
3.04	5.45
7.04	12.71
10.68	15.6
6.87	12.29
8.57	15.75
5.17	11.49
3.98	7.04
-1.31	9.91
-1.31	13.42
0.63	11.19
5.09	18.36
5.32	21.11
11.26	22.02
8.48	25.02
9.01	24.78
10.22	23.67
8.96	22.99
10.35	23.52
8.53	22.52
8.52	22.14
11.69	19.87
7.94	16.85
2.46	18.57
5.77	22.85
8.04	22.98
10.02	23.6
9.68	23.79
8.83	23.43
10.76	20.97
11.54	15.66
6.36	14.03
10.68	15.23
7.13	19.34
9.22	21.09
12.48	17.82
8.26	18.42
7.37	20.77
8.94	22.54
13.16	18.78
10.34	18.32
11.14	15.73
8.23	14.95
6.03	16.02
4.45	14.98
6.45	18.36
10.66	20.65
10.52	23.73
10.09	23.51
10.07	21.71
8.97	22.8
13.92	22.11
10.88	26.16
14.65	22.44
9.77	25.24
12.52	22.06
9.96	18.8
7.87	22.86
8.99	25.54
10.6	27
12.1	27.25
13.29	27.48
13.11	24.61
10.73	24.63
9.44	25.22
9.87	26.3
10.76	25.97
10.69	26.7
12.59	29.84
15.4	28.1
12.2	28.12
12.23	27.62
11.7	28.17
12.13	30.17
14.43	30.96
16.28	24.2
9.72	25.1
10.81	27.35
12.56	27.26
14.11	24.45
13.46	26.03
10.76	26.86
12.67	28.98
17.85	25.49
14.22	27.61
14.4	29.76
15.22	30.5
15.96	30.55
14.88	31.23
15.75	30.85
16.92	27.85
17.82	22.26
15.76	18.65
16	19.2
15.5	17.24
14.17	22.02
14.9	21.07
15.92	23.91
15.23	21.4
8.27	23.14
11.82	25.23
13.81	21.83
8.15	19.98
9.76	22.82
11.4	20.55
10.38	18.76
6.05	19.96
6.83	23.68
10.9	22.29
8.91	20.76
9.4	22.47
14.59	21.19
13.29	23.45
10.76	21.61
10.47	22.9
8.48	23.74
10.54	19.23
13.91	19.42
11.39	22.14
10.32	21.55
9.24	20.88
10.2	16.35
9.43	13.71
8.34	20.37
8.8	21.01
6.7	22.9
6.97	23.37
7	24.22
8.44	24.22
9.07	25.21
14.82	20.33
13.95	23.62
14.56	20.77
12.91	21.28
10.5	17.65
9.21	10.77
9	14.85
5.32	15.99
6.18	18.39
3.85	20.33
5.16	20.74
10.19	19.27
8.68	15.55
6.6	22.19
11.81	22.3
12.91	22.59
9.95	15.94
9.04	14.98
8.9	17.49
9.74	14.17
10.68	17.42
8.35	15.85
7.49	14.55
6.47	12.27
8.05	14.65
3.55	18.12
7.4	21.95
11.24	15.73
9.39	18.16
10.06	24.38
13.63	24.17
14.36	18.19
10.57	15.48
13.22	22.66
10.81	24.06
15.37	22.52
11.66	17.62
11.28	18.56
4.82	21.31
6.36	23.31
7.47	23.29
7.23	22.47
8.38	20.78
11.21	22.4
11.42	22.34
12.67	17.38
9.42	16.51
9.67	12.37
5.77	10.29
3.75	5.17
4.34	5.57
4.79	7.68
5.03	7.54
0.37	10.79
-1.71	10.16
-1.61	8.53
0.63	4.61
2.19	4.85
2.39	4.12
0.1	5.69
4.4	12.71
5.5	10.13
8.43	16.75
6.24	12.73
5.41	8.41
7.08	13.72
9.39	12.12
8.34	13.69
9.08	12.56
8.14	13.74
5.82	14.66
4.67	15.6
9.06	15.54
9.89	15.31
9.27	12.55
8.95	9.31
8.26	8.88
6.87	7.97
3.54	9.49
5.32	7.74
4.53	6
0.95	5.84
2.22	4.28
3.01	3.62
3.16	3.67
-0.65	4.73
-3.67	4.5
0.5	3.11
-0.61	1.77
-3	-0.18
-1.71	7.61
-2.18	4.44
-1.72	5.96
1.97	10.33
2.95	12.28
1.39	8.93
0.51	2.71
0.72	1.89
-1.81	1.73
0.44	6.29
0.32	7.99
-0.98	7.96
0.23	2.34
-1.94	3.38
-3.31	0.15
-4.93	0.82
-6.29	1.22
-5.47	-1.08
-4.7	-2.95
-2.67	-1.02
-0.77	0.7
0.92	3.43
2.06	3.74
-0.24	2.64
1.73	2.92
0.23	2.23
-1.2	-0.5
-1.1	1.35
-4.14	2.56
-8.74	-0.31
-9.44	1.38
-3.87	-2.56
-13.16	-2.74
-18.96	-6.43
-11.56	0.74
-2.24	5.2
0.27	0.63
-0.69	0.13
-1.77	-0.88
-2.17	-1.26
-1.86	-1.51
-2.39	3.61
-2.26	-0.18
-2.5	4.15
3.41	8.43
2.18	6.07
-0.35	4.42
-6.44	0.8
-3.27	1.73
-5.14	0.16
-5.84	2.29
-4.19	0.94
-9.74	-3.54
-6.07	-0.21
-2.65	-0.14
-1.08	0.05
-2.65	5.24
0.15	1.95
-0.9	2.45
1.33	10.3
3.23	7.2
-1.71	9.26
2.59	6.55
1.6	10.06
1.14	4.38
-2.45	1.61
-5.46	0.01
-9.21	0.94
-7.8	0.6
-2.49	2.17
-0.48	2.38
-0.7	3.72
-0.42	10.22
0.47	10.64
4.05	11
5.56	13.34
1.33	9.46
2.53	12.14
2.02	6.17
0.03	5.3
-1.1	8.03
-1.5	8.7
-0.6	11.47
0.74	13.13
9.28	13.88
10.44	13.27
4.95	11.28
8.1	14.11
1.55	15.69
4.48	15.32
2.41	12.53
0.92	6.84
-2.18	0.72
-5.02	6.06
-3.24	7.83
1.98	13.69
7.11	12.08
6.02	12.86
-0.26	13.83
-0.54	10.43
-0.74	12.18
0.72	15.34
1.04	14.61
0.58	14.57
9.64	14.46
6.82	8.98
1.47	15.42
6.4	13.75
0.22	14.93
1.95	16
3.79	16.41
3.77	17.08
6.23	16.16
2.89	14.97
7.52	18.79
6.67	22.27
4.07	23.56
4.36	22.02
6.32	17.49
5.45	18.31
8.48	16.8
2.93	12.43
-0.95	1.73
-1.5	2.88
-2.46	8.98
-0.15	12.91
2.66	10.74
7.36	9.55
6.24	8.36
0.12	12.35
2.56	16.54
7.54	12.3
3.53	6.71
2.37	6.58
-0.71	6.1
-0.02	6.6
2.26	9.47
4.51	12
4.14	8.9
0.03	8.99
0.27	13.77
-0.64	17.72
6.91	12.82
7.36	10.93
-1.11	14.44
5.26	19.01
10.1	19.3
7.99	16.2
3.63	14.44
5.88	17.96
5.76	23.29
12.04	19.11
10.02	24.61
10.43	25.35
12.4	25.35
11.14	23.13
9.39	24.73
10.15	27.27
15.91	23.66
8.71	18.03
9.46	13.84
5.69	15.63
6.37	16.03
5.69	18.23
6.76	20.23
8.76	23.52
15.1	20.77
11.06	14.94
9.58	16.28
8.67	18.1
9.02	19.05
9.48	18.07
14.63	21.83
15.31	26
12.13	25.89
11.73	22.35
10.46	14.92
3.81	19.38
5.45	22.5
11.99	18.43
8.84	15.17
2.99	17.66
3.14	21.66
6.54	23.65
10.88	16.59
5.18	15.32
0.11	17.1
6.59	17.38
7.18	16.36
10.66	20.25
10.35	22.39
8.04	22.52
10.96	26.15
10.52	28.45
11.46	28.77
13.77	27.96
15.92	28.54
13.74	29.53
16.31	30.66
12.03	25.45
14.2	21.39
14.89	25.32
14.52	28.71
16.01	27.06
15.19	25.59
11.58	23.57
14.13	19.68
13.13	22.81
9.4	24.79
10.88	25.56
10.31	22.9
14	19.77
8.91	21.46
9.4	25.03
14.55	21.96
14.42	22.58
10.83	24.99
13.16	28.01
15.65	26.36
16.3	25.02
11.02	23.68
12.97	27.24
13.82	26.33
17.14	24.25
16.53	24.13
14.57	24.81
14.89	27.18
11.67	27.52
16.36	26.27
14.19	18.61
10.08	20.45
13.18	22.56
14.63	23.24
16.22	22.03
14.23	24.65
15.57	22.02
13.15	18.87
12.38	22.98
14.07	25.31
13.66	26.79
13.02	23.17
8.52	21.16
9.04	22.63
11.34	24.15
13.25	25.27
15.8	23.33
14.92	18.88
12.06	19.71
13.52	23.35
10.83	26.17
11.11	26.95
12.95	26.25
12.19	26.03
12.99	27.23
13.46	26.48
13.31	25.39
13.12	22.32
10.22	22.68
12.68	19.67
11.27	21.26
12.23	24.45
10.89	23.06
14.78	21.31
14.41	25.12
16.57	23.39
11.24	22.49
15.66	20.43
14.29	21.36
11.29	20.55
8.11	18.35
7.45	20.95
9.16	22.32
10.26	25
14.66	21.02
15.7	23.01
16.45	24.85
14.84	25.56
11.93	24.58
11.66	24.7
11.77	25.7
10.86	25.84
11.51	25.35
11.78	25.33
11.61	26.35
12	26.62
11.43	20.79
4.3	17.41
11.3	21.07
9.41	24.3
10.49	18.18
3.4	15.61
4.22	21.08
6.02	15.04
2.94	10.49
6.7	7.67
2.5	12.49
5.82	8.55
7.17	12.8
3.82	15.59
6.47	13.73
5.5	14.06
6.03	14.61
4.69	14.64
7.67	11.95
1.46	12.25
-1.81	13.7
3.55	18.39
2.92	20.18
5.88	14.43
0.57	14.86
-0.97	16.77
2.57	20.08
6.85	20.87
12.51	22.56
15.06	22.95
6.02	21.65
7.15	17.1
12.46	13.87
10.88	13.62
7.53	16.62
7.53	16.13
7.87	11.76
4.96	14.22
-0.08	14.33
-1.35	15.63
1.11	14.8
1.5	14.29
2.23	9
4.64	10.93
8.46	11.77
5.33	15.86
6.07	18.44
4.96	16.81
4.81	14.37
5.96	10.64
8.65	11.31
8.32	12.94
4.53	11.23
8.67	11.37
7.21	12.67
6.23	14.55
4.73	19.88
9.14	13.25
9.32	12.59
6.11	13.54
3.02	8.91
6.29	9.68
6.63	16.69
3.54	20.34
2.21	16.08
4.13	10.13
1.22	7.07
3.03	7.71
4.61	6.51
-0.14	8.31
-1.04	8.67
-1.57	7.51
-4.19	5.1
-0.9	7.95
3.46	7.57
0.38	7.58
-2.26	8.55
-0.96	7.13
1.18	3.32
2.27	4.01
-0.57	3.53
-5.71	2.22
-5.94	-0.2
-2.54	0.09
-3.07	1.12
-0.89	1.32
-5.81	1.74
-9.49	2.23
-10.6	-0.91
-1.57	2.24
0.12	0.92
0.33	0.9
0.73	1.74
-0.89	0.02
-8.89	-1.3
-5.64	-3.71
-5.95	0.19
-2.1	2.47
0.59	4.88
-2.21	0.52
-2.26	-1.37
-3.92	-1.97
-4.29	-3.94
-4.45	-3.57
-4.46	-0.93
-7.8	-3.05
-5.38	0.38
0.43	9.43
0.95	7.27
0.12	7.08
2.44	7.02
0.31	2.42
-1.51	0.23
-3.39	5.31
-3.8	4.17
-5.45	5.82
-3.75	7.32
-0.02	6.65
-5.23	0.46
-10.32	0.57
-0.5	2.74
-2.59	0.68
-5.21	-2.9
-4.76	-3.48
-4.58	-3.07
-4.15	2.21
0.31	3.89
-1.15	3.31
-1.97	1.39
-1.77	-0.08
-0.75	-0.41
-1.7	0.4
-2.44	0.63
-1.25	-0.31
-2.06	0.44
-1.38	0.33
-4.83	0.67
-5.68	3.8
-0.34	6.89
-3.61	6.45
-3.73	7.03
-4.22	3.12
1.71	7.82
-0.64	3.79
-1.87	4.78
-2.43	5.17
-0.39	2.95
-1.79	2.35
-1.11	3.48
-0.57	1.02
-0.73	3.42
-4.05	1.91
-2.12	-0.09
-5.33	-1.86
-8.18	-0.13
-2.33	0.44
-0.33	0.44
-0.72	0.77
-4.4	2.31
-6.28	2.74
-9.81	2.42
-1.34	1.06
-3.81	1.26
-9.18	-2.39
-6.16	-1.11
-19.48	-0.58
-14.73	0.78
-11.43	4.53
-0.92	10.64
7.18	13.47
4.7	16.02
6.96	11.74
2.68	11.13
5.24	9.45
3.65	16.04
2.7	14.68
2.65	16.05
3.41	12.27
6.97	9.73
1.74	6.87
0.01	8.76
2.64	9.66
1.73	9.88
0.58	14.99
4.86	9.22
-3.27	9.67
5.43	12.87
6.39	9.02
1.28	13.08
5.09	10.4
2.68	6.38
0.21	7.42
-1.97	9.76
3.06	9.49
0.22	8.17
-2.58	9.7
2.75	5.44
2.25	10.2
-0.18	9.51
0.74	10.96
4.98	16.18
1.69	19.56
4.88	20.09
5.15	19.5
3.36	18.45
3.39	17.57
9.68	13.65
8.21	14.26
4.23	12.72
3.97	8.6
-2.63	8.93
1.78	12.16
0.74	12.02
0.02	14.72
10.57	16.13
2.73	13.19
2.87	5.04
2.72	5.89
4.12	6.58
5.26	5.97
3.64	7.62
1.8	10.14
2.57	8.3
5.69	13.06
5.17	13.11
7.04	15.77
3.36	16.74
3.63	17.85
3.77	18.04
3.71	17.95
5.2	14.86
5.65	18.11
6.31	19.91
14.03	21.06
12.58	19.68
9.04	16.55
5.72	18.04
9.58	20.45
5.84	19.46
12.79	17.33
12.61	18.45
9.97	17.46
7.27	15.73
10.3	14.43
4.55	9.74
-2.23	9.76
4.39	11.3
6.76	10.65
3.09	16.22
8.25	16.48
4.81	17.95
9.89	17.25
11.76	19.62
13.04	18.23
8.92	18.83
14.28	16.8
12.15	19.69
11.39	17.57
13.33	18.46
11.93	18.71
8.63	17.65
10.62	18.81
11.61	18.54
11.75	20.45
10.66	22.35
10.33	25.28
10.83	25.28
9.85	26.62
10.54	26.92
11.57	26.38
12.79	23.49
13.56	26.25
14.34	26.88
12.84	24.15
14.88	25.71
11.13	17.78
11.27	17.61
8.98	14.92
9.72	16.67
5.83	19.72
7.04	20.63
12.21	20.44
12.74	20.09
9.82	20.52
9.48	22.18
11.33	21.56
11.32	23.48
11.28	24.29
14.35	21.88
8.13	19.68
9.66	19.07
6.48	17.58
10.1	17.1
7.35	20.05
7.58	23.29
11.19	23.78
15.85	20.15
12.45	24.99
13.2	25.5
13.42	22.6
8.8	21.3
12.8	18.89
10.9	19.29
8.57	20.59
12.08	19.48
12.36	19.38
14.3	26.44
16.76	26.44
15.15	24.4
16.71	22.43
12.27	19.35
11.56	23.55
15.23	25.7
15.79	19.5
10.44	22.58
13.56	19.76
9.45	18.3
7.75	20.23
8.05	22.09
10.2	24.25
11.2	25.04
12.67	25.73
11.93	27.04
13.65	27.91
14.35	24.01
13.64	25.53
12.61	26.43
14.73	28.23
14.33	27.4
15.33	23.07
14.38	27.48
13.72	27.17
15.13	28.41
15.06	24.95
10.35	23.6
11.39	19.65
9.8	21.54
9.52	19.46
8.55	20.6
12.41	19.22
7.12	23.73
10.85	26.59
12.98	23.06
12.49	21.36
8.06	21.01
8.18	23.85
8.63	23.03
9.07	23.97
8.46	24.89
10.1	23.67
10.87	24.52
11.01	18.42
4.38	19.87
7.19	16
6.9	19.23
7.85	19.09
9.05	14.96
2.91	18.36
5.53	19.42
4.61	20.81
9.79	21.42
7.87	21.86
10.87	21.14
10.49	21.81
8.37	21.2
8.53	22.04
10.71	19.62
9.92	29.57
11.28	19.8
6.77	16.61
4.45	18.23
6.31	21.98
8.5	22.28
5.2	23.05
7.6	20.33
11.57	15.35
6.65	14.64
0.81	13.8
4.89	18
10.26	18.88
10.84	20.84
9.04	26.77
9.57	24.37
10.38	15.02
8.57	12.99
1	17.11
4.65	14.52
6.58	12.01
7.72	11.63
10.9	15.26
9.36	17.68
7.75	13.87
5.42	17.22
5.95	19.48
5.46	18.54
6.05	19.28
4.57	19.23
5.06	18.83
5.08	19.14
4.05	20.04
2.94	15.98
4.73	14.89
4.65	13.86
2.45	14.09
3.24	10.08
8.01	11.82
6.65	11.47
3.02	12.6
2.97	10.81
3.79	14.1
2.22	14.18
0.32	15.92
7.12	10.94
2.21	8.42
-2.42	8.35
4.41	13.92
0.05	12.66
4.24	14.94
-0.28	13.32
-0.12	10.84
3.97	4.97
4.42	7.52
1.95	6.27
3.52	4.83
3.04	3.61
2.82	3.12
1.98	2.74
0.88	1.44
0.23	0.76
-0.74	0.11
-1.57	-1.02
-0.99	1.53
-2.56	-0.11
-1.57	-0.62
-1.11	3.01
-2.08	4.54
-0.72	-0.01
-1.57	-0.26
-2.04	0.16
-1.2	1.83
-2.19	4.08
-3.43	4.74
-2.12	-1.3
-1.8	-0.55
-0.43	0.6
-5.08	0.9
-0.17	2.7
-3.44	5.82
-8.99	1.33
-7.84	-0.39
-8.52	-0.37
-5.77	-0.73
-5.3	-1.44
-15.11	-6.02
-14.88	-4.71
-7.54	-4.88
-5.62	-2.34
-6.45	6.07
0.61	5.8
-1.02	4.48
2.21	11.27
0.88	8.53
-0.97	7.26
-2.43	9.07
0.58	7.29
-3.38	2.12
-6.31	-4.2
-5.99	-0.17
-11.28	-4.97
-4.35	-0.08
-1.46	-0.1
-0.65	0.16
-0.09	2.16
-1.18	3.71
-2.61	2.06
-2.25	6.12
0.01	11.16
5.46	11.97
1.47	11.85
-6.62	7.46
-8.6	-3.68
-10.14	-3.12
-12.3	-2.85
-12.97	-3.54
-14.57	-4.86
-14	-2.32
-11.75	-2.97
-10.99	-1.63
-1.87	1.17
-2.24	1.27
-8.74	-0.19
-12	-2.03
-11.74	0.94
-6.43	0.61
-2.38	-1.31
-9.56	-2.67
-10.06	-3.32
-17.09	-3.27
-16.16	-3.52
-8.01	-2
-2.04	-0.5
-1.42	-0.56
-0.61	-0.07
0.08	1.22
-1.43	2.63
-2.17	2.3
2.54	13.59
0.8	11.65
-1.33	6.77
-1.52	4.91
-2.51	6.26
-0.68	8.58
2.38	7.25
1.77	4.19
2.82	8.83
1.7	5.02
-3.43	2.34
-1.1	5.97
-0.52	2.82
-0.78	0.7
-1.89	-0.36
-1.71	-0.04
-0.16	6.79
1.85	5.75
2.84	4.95
3.52	5.66
0.84	5.36
-0.45	0.99
-0.48	1.82
-2.08	3.35
-8.44	2.77
-10.01	2.63
-10.37	3.82
-7.61	4.42
-4.9	0.86
-2.1	-0.91
-6.9	1.48
-5.27	-0.42
-3.69	6.27
-1.29	6.77
-2.19	10.9
-1.06	13.49
1.41	10.37
2.8	6.25
2.7	9.62
1.91	7.17
-1.84	9.61
3.71	9.24
-1.35	7.28
3.4	12.1
6.48	15.08
5.33	17.19
10.13	17.28
10.89	16.63
4.9	11.39
2.43	13.56
4.41	15.9
2.41	16.37
7.41	13.49
3.97	8.74
4.43	14.36
3.69	10.32
-1.81	11.8
6.86	16.25
8.53	11.39
6.03	15.59
6.24	11.59
1.95	8.53
3.59	12.23
5.63	9.53
2.64	12.7
0.61	14.12
6.42	13.36
2.05	11.06
5.23	8.42
4.54	9.69
3.52	9.05
0.35	8.78
2.5	12.8
1.16	15.77
3.99	14.3
2.61	17.16
3.44	18.82
4.81	19.99
6.63	19.06
10.49	15.42
6.23	10.9
1.76	8.66
-0.71	10.76
0.92	13.06
5.58	14
2.43	17.92
12.33	16.66
10.38	15.37
7.5	16.12
9.51	12.66
7.76	9.91
4.85	13.46
4.29	15.84
6.71	11.88
6.75	15.53
3.53	13.2
-0.4	12.04
2.33	9.48
0.22	13.67
3.4	13.16
2.2	16.08
4.86	17.47
3.79	19.19
6.51	18.29
7.54	16.06
11.48	17.82
10.7	19.14
7.02	21.34
6.74	23.08
7.97	24.03
11.02	24.5
12.57	26.89
11.23	28.4
13.56	26.09
9.37	24.58
9.31	26.57
12.35	27.61
15.22	25.56
10.57	25.24
13.18	26.87
16.96	22.84
10.56	25.37
14.35	24.88
11.2	27.24
13.41	29.2
12.98	29.38
13.86	29.52
14.63	29.43
14.03	29.72
13.37	29.17
11.56	29.6
15.75	24.95
15.01	25.95
12.75	27.38
13.79	27.12
15.87	25.61
15.4	26.81
15.37	23.25
12.02	22.59
13.14	19.72
10.48	19.55
10.56	17.79
10.49	19.22
13.3	16.75
13.26	15.81
10.74	22.03
12.64	20.2
13.04	24.89
13.44	26.96
15.94	25.28
15.02	28.36
15.72	25.21
16.8	24.12
14.18	24.75
13.9	20.82
11.76	16.37
10.39	10.69
12.23	18.36
12.22	19.36
10.18	22.86
12.07	21.29
14.59	17.97
8.58	21.15
15.14	23.17
9.91	21.31
12.99	22.77
16.54	23.95
17.5	23.55
15.52	23.82
12.26	20.61
13.76	19.19
13.53	23.72
15.36	27.14
16.22	26.48
16.03	24.46
15.94	20.45
13.18	19.89
9.82	19.3
12.89	23.14
13.84	25.31
13.74	23.39
14.81	21.03
12.46	23.92
16.9	26.96
14.4	26.8
17.1	28.88
15.76	29.02
17.18	28.61
14.24	25.11
9.81	23.56
10.46	24.26
13.27	25.5
14.1	26.22
16.51	22.26
14	19.39
10.89	19.04
8.41	19.97
7.69	21.07
11.08	24.57
11.14	26.72
12.26	26.61
13.7	24.57
10.65	22.5
11.67	17.39
13.73	21.06
10.37	22.51
11	23.82
11.18	25.05
11.79	22.77
11.03	16.23
5.77	16.99
9.76	19.9
7.95	17.49
7.57	18.75
7.28	18.35
6.61	21.04
6.47	22.82
7.29	23.88
9.93	24.84
13.62	17.95
11.2	16.71
8.74	20.77
7.21	22.84
10.24	24.3
11.77	24.51
12.11	21.73
11.49	22.56
11.52	23.97
12.07	25.57
11.23	24.2
12.03	17.87
7.05	13.54
1.37	16.86
3.24	22.57
6.36	24.75
6.51	23.51
9.68	22.84
10.63	21.5
9.95	15.34
10.34	11.63
9	10.72
4.16	16.22
3.41	17.98
6.35	18.19
10.64	13.56
6.28	16.68
4.41	14.9
5.97	12.63
3.1	11.95
-2.39	13.48
0.75	15.01
6.2	10.53
5.09	9.68
2.63	9.39
5.47	12.56
1	9.96
5.18	14.99
5.51	19.19
9.1	19.29
14.66	21.54
8.45	19.51
11.59	22.78
11.68	21.48
10.17	16.19
5.43	10.97
0.12	15.23
-1.63	15.47
-0.07	12.14
4.41	8.28
-3.37	9.95
-1.72	5.9
-7.29	6.28
-6.86	4.44
-1.84	7.23
4.01	5.25
3.76	4.49
4.73	8.97
0.4	6.51
3.16	11.25
1.36	8.17
-1.89	6.67
2.31	5.87
-0.79	10.02
2.08	11.08
3.15	18.22
5.43	17.37
5.25	9.17
4.21	4.61
1.07	4.67
-3	6
1.13	9.64
3.55	10.07
6.99	11.76
5.9	7.9
6.07	7.26
5.24	7.13
4.24	5.19
2.05	6.28
2.63	7.12
1.34	5.46
0.67	5.66
-0.17	6.49
-3.47	5.87
0.12	5.84
3.41	4.54
4.03	8.45
0.89	14.5
-0.48	11.07
2.84	12.06
-1.37	11.51
0.2	13.09
-0.69	12.88
0.54	7.25
2.31	9.19
0.84	12.88
-0.08	7.9
-0.29	9.79
4.14	12.47
1.5	8.44
-3.5	1.55
-1.6	1.91
0.52	3.44
0.93	8.69
-2.04	5.19
-1.43	2.9
-1.84	0.53
-0.58	1.68
0.48	1.04
1.43	2.82
2.22	6.13
3.02	4.66
4.38	5.47
3.28	3.63
0.75	2.82
-0.43	1.03
-1.05	0.89
-3.78	0.21
-3.07	-1.1
-4.3	3.03
-5.48	2.15
-7.81	-0.34
-10.43	-1.07
-12.79	-2.36
-4.39	-2.76
-4.99	-3.08
-5.75	-0.88
-3.37	-0.34
-2.95	0
-6.07	-1.76
-9.53	-4.12
-16.9	-5.87
-19.06	-9.23
-12.95	-8.23
-8.52	-2.85
-3.21	-2.21
-3.13	-1.2
-3.79	-2.11
-4.11	-2.21
-2.88	-0.37
-1.93	1.76
0.7	5.27
-1.37	3.26
0.09	2.38
-4.73	0.94
-5.34	0.34
-11.28	-1.4
-8.36	-1.98
-7.83	4.97
-0.07	10.9
3.57	9.36
-0.84	4.83
1.72	10.07
1.51	11.35
1.14	6.2
0.97	10.09
-0.38	5.29
-0.04	10.17
-1.91	10.97
2.59	6.04
0.58	6.4
-0.57	8.46
0.14	7.13
-0.61	3.33
-1.7	2.28
-2.78	3.91
-1.41	6.42
-0.16	3
-0.1	1.82
-1.57	5.5
-3.8	6.28
-4.94	7.22
-4.47	0.36
-1.82	3.86
-5.59	10.76
-4.75	5.45
-4.54	2.56
-5.61	1.48
-5.56	4.61
-0.09	10.22
-2.64	10.56
0.03	6.11
-4.75	3.13
-4.93	7.28
-1.22	8.03
2.65	8.56
2.45	5.96
1.98	7.25
0.57	7.89
0.73	7.81
2.53	5.08
0.21	9.88
0.82	9.57
0.94	6.75
1.32	7.04
-0.08	10.02
-1.62	9.7
-1.78	10.82
2.22	7.76
-0.58	1.16
-0.06	5.36
3.11	4.02
4.18	5.1
4.94	8.98
1.41	13.46
2.31	15.22
8.24	18.94
5.53	18.41
8.91	13.81
0.25	13.58
5.44	13.53
6.91	16.49
4.81	10.34
3.97	6.26
3.39	4.74
3.89	7.52
5.64	8.93
2.19	9.7
1.65	9.45
0.48	10
3.32	9.96
3.03	11.18
0.09	14.21
2.01	17.66
2.86	19.54
2.75	19.34
3.59	20.32
6.21	20.61
9.31	16.99
3.96	11.48
3.85	6.96
4.7	6.33
4.91	9.66
5.1	8.98
5.25	9.36
0.64	11.7
6.12	11.17
3.95	13.18
6.91	14.71
3.35	16.74
7	16.74
6.96	17.82
8.3	13.54
6.74	11.57
5.25	6.12
7.48	9.72
5.04	18.63
11.37	20.94
8.92	18.6
9.32	11.06
9.74	17.01
2.94	16.81
3.18	16.15
3.48	13.37
2.43	11.88
7.95	11.85
8.01	14.84
5.28	13.93
9.85	16.61
9.82	19.44
7.05	18.5
7.75	16.76
8.44	14.13
5.68	16.88
6.47	17.78
5.31	21.91
7.41	22.48
12.21	19.52
8.97	20.64
11.85	20
11.19	15.91
4.93	17.64
4.23	18.29
7.34	19.91
10.49	20.09
13.36	23.29
10.43	20.67
12.58	22.11
10.16	21.87
13.64	22.07
14.34	21.73
10.81	23.36
10.49	26.66
12.02	28.02
13.56	29.41
16.59	29.18
13.35	24.22
11.82	24.41
12.75	18.09
12.24	20.38
8.11	23.37
11.15	18.18
12.68	21.82
9.4	22.43
12.56	21.57
12.86	20.68
9.3	19.11
10.77	16.29
7.73	19.85
11.27	20.15
10.63	18.92
10.17	21.66
13.31	17.7
9.84	20.7
12.32	20.58
8.7	22.02
12.87	24.25
15.5	21.86
13.49	25.07
16.32	26.03
15.02	22.65
10.46	20.28
11.53	18.69
9.95	20.13
13.1	22.01
12.86	25.66
14.64	25.81
14.32	15.95
14.21	19.69
11.61	22.69
14.83	24.79
12.61	22.03
11.68	17.64
12.51	23.55
11.65	25.77
13.67	26.28
12.32	26.82
15.47	25.14
16.1	26.47
16.93	25.67
17.71	24.04
14.25	25.78
13.25	26.1
12.85	27.4
15.26	29.24
17.53	27.04
14.34	28.9
18.93	25.25
14.44	26.96
14.91	29.61
14.92	26.35
15.29	24.24
14.18	24.45
13.46	21.76
13.09	19.7
11.43	20.72
11.02	24.09
12.16	25.85
15.27	24.06
11.29	22.52
8.83	24.74
10.8	22.2
14.65	28.01
14	23.68
11.42	19
9.27	17.42
5.06	19.89
4.68	21.42
7.43	24.01
11.19	25.75
15.09	24.16
14.07	25.94
13.33	21.52
11.06	18.42
8.39	16.37
4.12	19.02
5.56	20.99
6.87	22.98
9.29	20.67
12.03	21.12
12.71	16.25
8.57	18.03
11.26	15.63
5.04	15.98
9.66	21.12
9.42	21.92
10.99	17.58
7.87	21.39
8.39	16.93
10.58	19.21
9.9	18.38
14.54	19.01
14.59	20.5
12.13	23.04
11.51	20.11
11.81	22.1
13.59	18
12.22	19.45
9.89	18.65
6.33	15.5
6.62	16.53
5.57	17.31
5.77	18.66
9.64	16.98
3.76	16.4
5.95	16.64
5.05	16.57
4.96	14.41
8.02	15.25
11.04	21.08
8.11	17.32
6.09	9.09
5.57	8.13
0.23	12.76
7.12	11.56
7.67	11.12
4.85	12.32
5.38	13.18
7.46	18.05
9.83	19.08
10.67	15.73
8.31	11.77
1.87	12.83
-1.13	10.78
-2.92	9.12
0.86	14.24
0.64	16.25
7.1	13.33
5.8	10.58
-1.99	10.71
-0.29	16.59
0.32	16.98
4.68	11.34
-1.53	9.97
0.19	5.16
-1.12	-0.17
-2.13	-1.42
-1.34	-0.33
-0.08	0.62
0.54	0.92
1.1	2.8
1.04	2.73
2.24	4.08
1.53	2.89
-4.12	3.06
-4.72	2.74
-0.43	2.88
-5.44	3.39
-5.06	2.14
1.42	7.85
1.69	15.02
2.61	8.99
3.23	10.67
1.7	9.2
-0.1	10.18
-0.38	11.04
-0.2	11.84
-0.27	14.36
-0.24	12.68
-0.93	14.29
1.14	8.28
-0.31	1.11
-0.82	1.35
-1.71	1.13
-5.4	-1.84
-7.34	-3.93
-12.71	-2.97
-9.3	-2.7
-11.71	0.71
-5.73	3.54
-6.31	-1.5
-5.93	-2.52
-13.85	0.76
-8.85	0.54
-1.17	3.4
-2.76	5.67
-5.74	4.2
-0.75	9.76
-1.44	9.71
0.88	4.61
-0.74	4.39
-1.95	1.64
0.15	0.72
0.7	1.47
0.28	1.22
-0.98	5.75
-3.14	4.64
1.05	6.67
-3.42	6.23
-2.38	2.55
1.29	3.98
0.02	3.01
-6.57	3.59
-6.9	3.81
-6.98	4.09
-5.27	2.19
-2.75	5.11
0.35	8.34
0.07	7.51
-0.7	3.15
-4.45	1.33
-5.39	-0.94
-7.72	-3.58
-12.42	-1.93
-14.95	-1.12
-12.95	-2.18
-8.95	1.46
-7.33	-2.19
-6.34	1.01
-11.33	1.4
-12.4	2.84
-11.94	1.38
-10.35	2.41
-7.44	3.99
-6.43	2.68
-6.8	2.4
-1.31	0.89
-8.56	1.44
-11.17	0.9
-9.2	0.02
-2.7	4.64
-5.83	0.82
-9.64	-0.3
-12.72	3.86
-7.34	4.87
-8.8	6.15
-6.08	10.99
-5.77	12.7
-4.1	12.33
1.96	9.17
-0.21	7.11
-5.24	5.47
-1.65	8.1
-0.27	14.83
-2.35	11.38
-2.21	6.41
0.67	5.9
-4.15	1.71
-9.43	2.61
-3.69	-0.55
-8.57	1.27
-7.76	3.8
-2.87	1.43
-4.03	-0.32
-3.62	-1.6
-3.24	-0.02
-1.88	0.09
-1.38	0.17
-0.4	1.69
0.28	1.42
-1.01	3.47
-9.02	2.64
-9.52	1.48
-4.95	1.55
-0.22	2.2
-0.45	2.27
0.97	1.82
1.4	4.28
-2.24	4.53
-1.09	9.65
0.64	13.9
0.5	13.22
4.89	17.71
4.67	16.93
6.79	11.81
5.96	19.6
8.13	13.01
2.08	14.62
2.1	12.88
2.92	10.78
0	12.25
3.06	8.43
4.34	7.29
-0.87	13.47
-0.98	16.92
-0.02	16.41
1.39	16.98
6.83	18.29
9.24	18.11
6.12	20.79
7.5	17.14
1.68	16.27
5.02	16.04
4.83	14.91
5.45	17.18
5.94	17.48
5.76	18.21
6.11	12.93
0.68	13.93
7.59	11.99
9.46	15.63
6.27	18.75
5.21	20.52
11.25	19.09
8.63	17
7.26	15.52
2.12	18.02
4.71	22.61
6.55	19.13
4.76	19.42
3.61	17.74
2.24	7.95
1.18	7.1
2.84	8.9
-0.54	12.46
6.26	13.09
0.76	17.97
1.93	14.15
5.57	11.1
6.71	10.09
5.68	19.16
12	16.38
5.58	13.16
0.91	13.04
6.84	18.09
9.13	17.29
6.97	12.99
6.43	7.99
2.5	6.71
4.04	13.96
2.55	15.21
5.09	17.98
4.08	19.22
5.62	22.71
8.63	22.24
7.2	21.44
13.34	15.55
9.27	16.32
6.73	20.44
9.42	20.84
10.7	19.85
9.6	20.91
8.25	21.15
7.32	24.05
13.02	23.99
10.81	22.57
15.28	20.72
13.95	18.05
11.29	20.52
14.11	22.67
16.69	23.95
14.84	22.51
12.12	18.81
7.43	21.56
10.95	24.06
11.47	26.59
10.68	27.65
11.69	28.7
13.73	29.2
17.74	28.04
13.85	23.07
13.89	20.04
11.28	24.01
10.94	25.95
16.5	25.56
15.96	22.97
11.79	25.05
10.68	28.23
16.22	24.44
7.67	24.73
13.06	28.42
15.15	27.7
11.89	20.96
9.18	12.71
9.16	17.22
6.58	16.82
8.02	19.53
10.6	18.48
12.86	16.82
12.26	16.71
9.11	22.67
10.98	20.24
10.99	24.63
12.16	26.17
17.03	27.91
14.39	25.05
12.71	21.44
10.45	24.18
16.92	28.02
16.24	24.75
9.53	22.65
10.31	23.49
13.07	24.61
12.38	24.7
13.96	25.83
14.05	26.9
14.52	28.44
16.28	27.04
16.54	24.97
17.77	20.54
13.83	23.27
13.6	23.12
15.23	26.67
15.92	27.69
14.5	23.66
9.23	17.82
10.69	21.05
13.5	25.91
14.73	26.93
15.44	27.36
13.55	23.19
11.01	19.56
7.77	21.3
11.14	20.3
11.21	22.99
13.34	26.26
13.86	27.56
15.17	29.79
16.98	31.08
17.01	31.77
16.99	26.47
15.05	26.82
13.41	28.46
15.49	28.83
13.95	30.51
16.92	30.37
13.52	25.97
15.25	25.14
12.69	24.58
13.44	25.31
11.06	26.89
11.19	28.42
11.96	29.09
15.56	24.23
9.16	22.82
5.48	24.58
7.46	25.97
13.46	21.92
7.92	22.3
10.62	17.28
7.09	18.89
7.78	19.5
10.85	20.64
11.95	21.65
9.83	15.85
6.54	19.47
10.28	19.87
8.15	23.1
13.79	19.12
11.49	19.14
6.7	19.51
11.03	18.91
8.98	19.3
10.77	22.08
7.2	21.87
7.29	23.06
8.69	23.18
14.78	17.59
12.19	18.68
11.29	22.15
10.04	23.58
12.48	17.45
6.02	16.66
5.47	19.06
10.98	14.86
9.83	16.67
10.75	17.49
11	23.15
11.88	26.16
12.12	27.08
18.17	26.19
13.85	19.51
14.25	21.1
9.15	22.89
14.44	22.97
11.14	19.42
13.39	16.81
9.17	13.26
9.06	18.23
9.04	17.89
12.39	18.99
12.97	19.74
7.21	22.81
8.74	23.03
12.05	21.76
10.63	18.6
5.6	19.63
6.87	14.54
9.1	18.06
2.92	10.81
4.73	13.24
-0.36	13.31
6.26	16.18
6.83	14.08
7.3	15.52
6.01	21.46
9.17	18.73
7.32	17.53
8.59	19.52
8.62	15.01
5.02	9.54
3.45	8.26
1.54	10.05
2.7	12.44
4.79	8.56
4.27	12.33
-0.2	13.01
0.06	14.22
3.6	16.53
6.4	15.52
4.69	17.9
6.65	15.66
4.97	16.02
1.66	14.48
3.38	11.1
-0.81	5.74
-3.12	5.17
-3.41	3.27
-1.62	2.43
-3.89	4.79
-0.91	8.61
2.24	9.58
1.18	7.14
-1.69	3.5
2.69	4.36
-2.95	4.7
-5.38	4.08
-2.57	5.58
1.49	15.22
0.28	15.56
5.6	14.93
-0.36	13.87
1.13	14.04
3.05	7.38
-2.13	5.27
0.54	6.2
-0.33	2.4
0.42	4.9
-0.45	7.17
2.09	5.03
-1.76	4.65
-0.58	1.95
-3.8	1.98
-2.14	4.4
-2.73	4.93
-0.08	4.59
-0.42	9.54
2.83	10.38
1.96	6.19
0.43	1.71
1.54	4.36
-3.28	2.46
-7.89	1.9
-3.9	2.37
-3.32	0.69
-5.28	-0.61
-2.79	-0.83
-2.11	-0.55
-11.53	-2.57
-18.66	-5.33
-10.09	-3.71
-2.93	-0.94
-7.71	-1.17
-2.06	1.28
-3.23	2.31
-12.78	-1.1
-9.17	-2.46
-6	5.84
1.51	6.14
5.25	13.83
1.78	6.84
2.69	8.24
-0.35	6.43
-0.05	7.38
-0.61	5.41
-0.08	12.36
-5.14	5.37
-11.89	-4.92
-6.97	-4.93
-8.87	-5.22
-10.22	-4.31
-5.42	-2.39
-15.31	-4.35
-16.2	-4.9
-10.49	-7.63
-8.42	-7.58
-9.15	-7.64
-7.4	-6.26
-7.55	-6.85
-8.57	-7.07
-6.94	-5
-8.75	-3.99
-7.97	-1.68
-5.92	-0.97
-3.58	-1.32
-4.42	-2.19
-5.65	-1.65
-5.07	3.37
-3.32	3.45
-2.73	4.93
0.92	10.88
-0.7	4.03
-3.43	-0.09
-8.29	0.6
-9.79	0.81
-8.41	1.92
-8.45	3.45
-2.78	9.61
-3.12	8.57
1.15	8.21
-4.1	7.09
-2.82	1.9
-2.8	-1.41
-3.32	-2.64
-3.45	-2.85
-3.68	-2.92
-3.12	2.32
-0.53	4.95
-3.03	2.09
-1.25	0.49
-5.23	-0.86
-9.6	-1.62
-8.21	-4.95
-8.32	-3.42
-9.66	-0.94
-5.7	-0.41
-0.84	2.16
-2.99	3.27
-6.7	6
0.07	12.43
1.04	6.77
-0.37	10.25
1.49	12.99
3.47	8.28
2.09	5.14
-0.12	1.99
1.2	5.98
-1.65	6.49
-2.68	11.18
5.56	8.2
-0.08	8.98
2.64	6.55
0.98	6.96
-2.43	9.21
-1.79	9.63
0.02	12.42
2.47	9.11
2.54	8.29
-0.79	8.63
2.39	6.63
0.86	5.14
-0.46	7.24
-2.73	9.56
-2.92	10.76
-0.47	14.92
1.02	18.07
5.57	16.3
8.8	17.34
6.81	12.49
7.89	9.98
7.02	13.34
4.21	14.18
6.62	16.96
8.43	15.03
3.14	16.67
6.66	20.27
10.22	17.09
6.82	19.22
4.9	15.17
0.35	8.57
0.25	12.59
3.19	8.39
1.86	5.92
2.9	7.31
4.42	9.57
4.66	12.71
4.48	14.96
3.73	13.05
1.32	10.33
-0.2	11.01
0.59	11.87
1.98	9.51
2.44	8.57
-0.92	12.83
4.38	13.77
5.82	15.77
1.74	10.96
6.14	13.1
6.97	13.17
2.17	12.38
0.93	8.91
1.46	15.51
3.22	19.71
8.27	21.85
12.24	19.29
10.24	21.93
10.94	21.21
7.68	9.75
8.38	15.74
12.12	14.28
9.32	16.15
6.34	17.26
6.38	17.36
6.55	20.01
7.94	20.3
7.2	22.61
9.22	24.36
11.75	25.13
11.44	24.37
13.19	24.36
12.66	20.54
10.95	24.28
13.68	21.19
11.9	16.56
8	18.4
9.82	21.19
11.17	24.49
12.84	25.81
14.39	23.07
12.45	18.91
11.73	23.29
9.16	25.37
10.19	26.69
12.28	27.59
11.11	27.74
13.91	26.08
12.27	27.79
13.24	26.01
14.02	22.77
11.31	25.93
14.84	23.94
12.31	25.35
17.17	23.92
11.73	17.53
10.21	18.55
5.65	18.05
8.72	19.69
9.39	17.99
11.01	21.13
13.94	18.72
9.86	22.13
9.49	24.95
14.08	25.59
16.72	27.91
14.33	24.33
13.26	26.43
18.64	29.05
13.3	23.94
12.23	23.09
9.98	19.08
12.09	21.31
10.9	21.74
13.33	23.43
14.76	27.24
15.04	27.1
12.04	24.38
13.86	25.17
15.13	21.85
11.96	21.98
12.96	23.75
12.05	24.5
16.13	24.17
16.82	21.19
15.34	24.89
14.51	25.06
15.89	27.27
17.91	27.98
16.94	27.96
16.68	23.43
17.39	26.28
16.97	28.6
17.75	29.05
16.76	28.98
17.65	24.87
18.03	24.15
16.39	22.45
16.5	20.55
16.37	20.17
14.39	21.83
14.26	24.83
14.28	24.13
15.75	25
13.14	25.61
13.24	24.93
15.54	24.73
16.22	25.47
14.98	22.16
13.72	24.78
15	24.21
14.65	22.06
14.12	24.27
14.77	24.41
14.63	26
14.29	26.5
15.96	28.96
15.98	28.19
16.34	26.89
16.86	28.78
14.86	25.75
11.92	24.68
13.34	26.81
14.19	25.26
11.28	21.92
11.73	20.71
8.4	22.74
8.99	22.51
11.33	22.47
10.71	24.54
12.95	26.33
13.64	21.86
13.7	17.78
11.88	18.5
8.59	21.25
11.82	20.17
9.64	22.14
10.3	22.17
9.69	23.2
12.58	25.44
14.48	27.94
14.02	25.79
14.28	23.67
14.9	21.32
13.1	20.83
11.71	23.58
12.87	24.14
11.08	23.21
11.3	23.94
10.68	24.1
10.09	24.49
9.25	24.08
9.28	23.57
8.78	23.19
8.29	22.59
12.37	22.26
15	24.24
11.5	19.95
9.91	16.29
10.97	15.23
12.89	23.58
13.27	22.05
11.96	19.57
10.15	21.18
7.76	20.04
11.56	15.81
13.95	16.15
8.87	15.29
6.69	12.06
8.7	10.42
9.77	13.8
9.15	17.21
8.68	14.03
3.86	9.76
6.54	15.44
2.83	16.64
7.7	10.28
4.07	14.76
6.97	14.97
5.63	12.48
2.4	14.6
1.23	13.47
1.51	16.22
5.19	11.11
8.55	16.04
6.13	12.52
7.5	16.58
8.91	15.73
8.88	19.54
9.92	14.4
7.88	14.59
3.33	15.38
3.93	10.92
8.5	12.47
6.21	12.36
1.79	7.09
4.78	6.13
4.27	5.1
3.47	4.67
3.68	4.35
3.46	8.09
-2.71	3.98
-5.31	2.54
-3.63	6.16
4.53	17.27
9.29	12.49
7.53	12.21
0.85	8.74
2.87	14.42
5.46	12.82
0.92	8.84
0.46	4
1.51	4.27
-2.47	7.94
2.74	11.13
2.94	9.07
-0.81	8.48
-0.4	8.05
0.83	4.72
-0.73	14.58
2.11	13.33
8.82	14.27
5.47	10.99
2.84	5.73
4.35	6.95
5.27	5.81
2.72	4.27
2.86	5.1
-0.85	5.24
0.03	3.83
-0.75	0.27
-1.67	-0.44
-0.7	2.26
-0.37	12.04
8.3	14.77
6.79	13.51
0.48	11.68
-2.86	2.04
-0.66	2.9
1.07	3.17
-1.1	3.78
1.39	8.32
6.16	11.85
1.95	12.01
1.11	2.86
-3.42	4.32
1.51	8.54
0.24	2.07
0.31	1.81
0.78	2.44
1.68	5.95
2.19	5.94
-3.4	4.65
-0.1	7.12
-1.12	4.45
-1.41	2.54
-5.41	3.06
-4.46	1.61
-2.3	5.78
-0.56	2.96
1.1	5.5
0.46	5.56
1.9	11.73
-0.61	5.4
1.17	4.52
-2.59	5.63
-1.73	4.68
-3.39	10.12
-2.26	8.35
-4.22	2.94
-4.34	-0.05
-2.3	3.55
-1.37	3.31
2.73	10.5
0.44	13.24
-0.42	5.77
-2.26	2.42
-4.5	3.99
0	9.96
-2.7	5.26
-1.41	4.23
-4.73	4.63
-0.88	9.01
2.03	13.57
3.64	11.72
3.77	10.3
1.96	10.85
0.82	7.35
-2.54	7.99
1.14	7.11
-2.87	4.49
-3.32	4.64
-5.57	2.43
-1.48	1.1
-1.25	1.34
-2.25	0.58
-1.87	-0.9
-3.38	-0.44
-1.49	-0.96
-1.58	3.55
-3.22	1.02
-2.05	-0.76
-4.65	-1.52
-11.77	-4.54
-9.2	-1.37
-7.84	2.96
-4.46	0.87
-6.86	2.77
-7.75	4.24
-9.12	-2.23
-13.58	-0.02
-11.35	2.28
-10.38	1.98
-7.23	5.89
-0.53	6.42
1.31	9.86
-0.64	7.4
0.02	3.43
2.18	5.98
1	3.98
-4.3	8.72
-0.73	11.24
4.51	15.23
2.79	16.03
3.97	19.4
6.17	19.78
2.3	20.07
2.01	11.37
-4.97	5.65
-2.33	9.04
1.5	12.53
4.26	13.19
-0.44	14.35
1.68	16.12
6.52	17.03
7.31	15.46
4.23	18.7
5.31	12.54
1.38	10.31
1.45	14.21
8.42	14.25
1.04	9.39
1.02	8.07
-2	12.72
3.15	8.33
4.21	9.94
1.8	12.04
6.25	10.55
6.17	12.56
5.78	11.44
3.78	10.62
0.87	8.79
1.33	12.4
5.74	10.82
3.32	18.43
9.3	20.65
9.45	19.84
8.11	21.48
6.86	18
3.94	11.7
1.78	9.7
4.33	11.59
5.74	12.29
4.03	15.81
5.64	17.79
11.21	20.57
13	21.64
11.79	24.09
12.51	19.48
9.45	19.99
9.86	22.29
8.94	21.39
9.21	22.93
12.83	22.48
11.98	21.77
11.91	23.21
10.87	21.09
13.26	23.01
10.39	19.48
4.38	19.77
6.96	18.75
7.64	17.81
7.61	16.63
3.94	16.64
9.06	13.63
9.99	13.04
6.94	19.49
10.17	19.02
11.77	21.69
14.08	24.03
12.82	25.16
17.54	28.41
15.36	27.29
14.75	26.39
11.04	24.86
10.78	23.61
9.6	22.41
13.86	25.17
15.65	27.17
15.51	22.9
12.87	16.67
8.43	14.86
10.07	16.22
9.65	14.11
10.18	16.86
6.44	20.45
8.39	21.02
10.48	24.53
10.33	26.05
12.13	27.3
14.2	25.13
12.09	27.12
13.01	28.48
13.7	24.92
8.85	17.94
4.95	21.92
8.56	26.55
14.81	27.73
13.61	22.02
10.1	22.53
10.63	22.72
11.04	21.54
12.07	20.34
9.73	14.92
8.84	16.48
8.38	15.45
10.55	14.57
12.04	18.32
13.96	21.68
11.45	21.59
12.74	22.75
11.16	23.63
12.33	25.75
12.92	26.71
13.65	26.51
14.71	22.77
11.78	19.92
7.99	23.24
11.41	24.34
14.56	23.86
14.98	25.38
13.72	27.13
14.62	28.35
15.4	28.94
16.73	28.58
16.73	25.39
16.95	28.54
14.74	29.6
16.52	29.5
15.35	24.22
18.24	27.83
16.61	24.64
14.37	26.15
14.31	28.31
15.52	30.04
15.67	30.9
19.47	33.69
18.69	29.5
14.6	22.02
9.3	25.86
13.66	30.61
16.46	29.58
16.29	26.84
15.24	29.62
16.74	33.68
21.08	34.91
18.84	25.76
16.77	29.51
15.97	30.22
16.55	32.16
16.98	28.91
14.86	19
10.37	19.28
10.58	21.8
9.52	19.33
9.98	20.78
13.12	23.11
13.12	26.44
14.19	27.57
14.37	27.15
14.35	26.7
15.17	21.95
8.89	22.52
8.53	23.76
9.96	25.22
13.16	25.41
15.35	25.83
13.15	27.55
13.38	28.36
12.41	28.55
12.64	29.09
16.26	28.69
14.09	27.76
16.42	21.87
15.71	26
13.76	28.52
13.9	28.09
13.69	26.37
15.2	21.23
14.84	24.35
12.16	25.61
12.85	25.06
15.85	24.58
8.05	19.65
5.92	22.6
12.13	22.6
13.1	18.76
6.24	19.1
7.78	24.5
14.52	26.56
14.5	25.33
11.32	15.17
8.64	19.16
5.49	20.66
9.68	22.68
11.5	23.22
8.46	19.14
8.83	16.53
6.29	20.17
8.41	23.44
8.17	21.2
11.52	23.32
11.66	18.6
5.33	19.04
9.1	17.23
6.77	16.25
2.75	19.14
4.18	19.84
6.16	19.09
8.74	22.34
9.48	16.1
-1.21	13.53
5.35	19.88
7.94	24.57
8.77	24.12
7.95	23.61
7.32	18.35
4.66	19.09
6.62	17.61
5.16	18.29
7.08	17.01
6.05	14.12
0.03	16.53
5.28	18.23
8.75	20.12
11.74	20.98
6.96	16.36
5.22	13.26
1.49	15.2
5.57	16.67
6.76	11.78
0.06	8.67
-1.2	10.56
-2	10.63
-2.26	10.23
-0.6	11.75
2.12	16.31
0.55	15.4
2.37	10.28
4.58	9.15
4.46	8.14
3.62	11.34
-0.67	11.69
-0.09	10.14
3.16	8.19
7.01	8.1
5.41	11.97
1.72	10.38
3.57	5.97
3.93	8.9
-0.73	6.91
3.01	5.47
-0.93	5.9
-6.47	3.28
-5.28	-0.85
-10.49	-1.02
-4.55	4.68
-6.7	5
-6.33	2.87
-8.19	1.83
-7.72	0.77
-6.64	1.28
-5.24	3.81
-5.92	3.03
-7.81	2.91
-7.32	-2.28
-3.64	6.22
3.57	12.41
2.95	10.38
1.13	9.33
-0.63	5.95
-4.11	-0.37
-5.09	-1.62
-8.32	-4.24
-5.25	0.6
-6.99	3.45
-6.52	2.63
-2.56	4.53
-4.84	1.26
-7.9	1.53
-6.46	-0.77
-4.46	0.84
-9.57	-1.6
-10.12	-3.44
-10.5	-4.43
-5.86	-3.25
-4.95	-3.43
-5.16	-0.86
-1	5.43
3.52	12.9
4.51	10.61
-0.62	10.03
3.32	7.01
-0.14	9.15
2.59	8.63
2.09	10.4
1.29	12.16
1.74	8.81
-1.14	13.04
-0.5	12.4
0.16	8.65
-0.23	7.19
0.4	10.73
-1.72	11.54
-0.26	11.23
0.36	9.62
-2.88	2.35
-6.29	2.23
-2.81	2.69
-4.1	0.02
-1.18	2.39
-5.54	2.05
-9.02	0.58
-12.71	-4.56
-6.74	0.66
-4.17	4.3
0.7	5.81
-2.73	5.23
-2.43	5.59
-0.03	6.23
-5.46	0.02
-1.93	0.24
-5.63	-0.87
-3.73	-1.81
-2.85	0
-1.33	0.34
-2.74	3.72
-6.12	3.23
-9.39	2.02
-2.31	4.4
-0.45	0.55
-1.78	-0.1
-1.87	0.86
-3.07	-0.16
-0.21	0.79
-0.03	1.56
-0.11	7.62
-3.71	6.56
-1.62	3.35
-0.48	8.29
-2.03	3.24
-1.26	5
0.62	2.45
-1.15	1.73
-2.99	0.34
-4.32	-0.58
-5.35	-1.53
-6.13	-3.23
-6.09	-2.75
-6.86	-1.57
-5.86	0.34
-2.93	-1.09
-3.47	-1.07
-3.7	0.08
-5.6	-0.65
-1.06	-0.06
-0.42	1.02
-0.15	2.7
0.64	3.22
-0.42	7.18
0.41	2.98
-1.51	1.79
1.4	4.76
1.64	2.48
0.53	3.98
1.73	4.45
1.87	4.49
0.82	7.72
2.44	8.81
2.7	6.01
-0.59	4.65
-0.59	5.32
0.21	5.29
-0.14	3.81
0.63	7.16
2.47	7.32
1.71	5.82
1.29	6.54
0.73	8.14
-0.01	8.4
-1.66	4.19
-5.19	3.53
-4.37	6.7
-3.24	8.95
-2.28	10.47
-2.31	12.06
1.97	14.38
4.7	14.66
2.05	16.1
7.55	17.04
10.13	17.25
5.31	13.01
2.68	10.91
2.41	12.35
7.31	9.94
4.66	9.13
4.22	7.22
1.94	9.57
2.69	13.58
8.38	15.43
8.74	14.71
6.81	10.66
6.4	11.95
4.01	12.48
4.23	12.75
7.34	11.58
7.24	17.07
5.96	18.98
7.95	19.66
8.08	15.42
7.01	12.2
4.84	13.06
2.39	14.68
3.05	15.86
5.02	17.21
10.03	19.47
9.37	14.14
5.61	16.51
5.05	19.19
2.97	15.15
0.89	9.67
1.44	10.86
-0.62	11.84
6.24	12.12
5.55	21.26
9.35	20.61
13.16	24.73
11.18	24.44
9.57	23.3
10.22	23.46
6.6	16.74
5	10.4
6.56	8.75
6.32	8.47
6.99	11.91
9.11	11.96
9.04	16.43
6.32	18.06
7.64	20.62
10.74	19.81
8.35	21.39
11.32	22.56
10.81	24.85
13.92	22.11
11.42	18.44
10.28	15.23
9.33	19.06
7.79	18.86
8.59	18.89
10.56	19.85
11.58	16.92
8.52	16.96
7.36	15.84
5.3	19.83
8.53	20.82
8.72	24.08
10.76	24.6
10.76	21.74
11.77	21.16
12.84	20.46
8.18	16.41
7.21	19.97
10.17	21.12
9.86	23.03
10.81	22.03
8.38	17.58
4.38	20.71
10.17	26.65
13.45	23.38
7.49	18.63
8.62	20.15
11.37	22.65
9.6	24.06
11.47	26.94
15.22	28.08
15.62	23.83
12.79	25.16
10.02	14.38
7.87	18.44
10.43	20.52
9.13	22.54
12.06	26.19
12.54	21.39
10.08	18.54
12.7	20.42
15.82	24.45
13.07	18.39
7.68	18.08
10.56	18.84
11.27	18.04
11.94	16.76
6.78	20.79
9.72	23.09
12.52	27.72
16.32	29.44
19.57	31.31
19.47	27.8
17.88	26.17
13.99	25.61
13.43	18.63
9.64	20.17
12.13	20.62
12.2	21.74
12.86	21.81
12.63	24.15
13.53	25.82
12.72	24.06
12.72	22.1
12.37	24.01
15.59	20.71
12.72	20.27
12.29	18.05
13.98	21.33
12.97	26.82
15.62	28.54
14.93	27.98
13.34	24.64
11.48	26.5
11.98	27.01
13.3	28.22
15.5	24.86
15	22.13
14.09	22.73
11.92	23.28
15.27	24.1
14.15	23.81
13.77	23.69
14.3	21.26
12.66	21.96
12	23.23
10.62	22.39
10.16	22.67
9.29	23.38
12.14	21.15
8.14	21.24
6.79	23.38
7.27	23.34
9.21	24.34
13.17	24.51
14.61	22.66
14.16	21.51
12.74	20.77
6.98	20.88
5.97	22.36
8.97	24.9
10.34	25.08
12.62	26.64
11.38	28.52
11.18	27.9
13.15	26.46
17.29	26.81
13.62	22.65
10.22	19.21
7.81	18.5
8.73	17.14
8.79	18.56
5.91	19.43
8.61	21.43
10.44	22.31
8.85	20.97
10.62	20.78
12	17.72
7.81	17.56
8.78	17.06
7.8	20.38
9.93	19.37
12.92	15.3
9.5	12.99
6.75	18.89
8.58	15.62
6.77	9.9
5.96	15.99
4.28	17.14
3.67	16.67
5.8	18.58
7.28	20.6
9.52	20.57
11.43	19.82
6.2	17.07
10.44	17.52
9.13	19.39
9.41	19.43
8.37	13.9
6.14	16.88
2.58	17.43
2.44	18.77
5.54	18.9
9.21	16.74
6.52	14.51
2.73	17.3
5.14	18.36
7.23	14.34
1.63	12.28
0.99	17.48
7.09	19.01
10.72	18.9
10.13	13.6
7.73	12.87
3.89	16.14
3.49	16.74
3.48	17.41
6.77	19.12
8.72	13.2
6.25	9.36
1.14	13.41
-0.85	12.78
1.07	11.44
4.72	6.74
2.24	8.77
3.02	8.44
-0.33	6.51
0.64	4.91
3.89	12.06
4.83	16.5
2.51	16.24
6.13	16.84
3.26	12.93
4.78	7.72
0.02	6.2
-4.55	4.06
-2.78	1.03
-1.96	-1.34
-0.77	-0.12
0.94	2.45
2.39	3.74
3.03	3.45
3.84	5.5
1.1	7.54
0.87	9.71
8.07	15.38
6.15	18.4
5.93	14.08
4.07	9.59
5.48	8.98
-1.89	7.38
-3.09	2.34
-0.7	0.51
-0.58	1.31
0.81	3.99
0.09	2.34
-2.89	1.15
0.25	1.75
-0.34	1.11
-1.02	0.77
-0.06	0.79
-1.44	-0.3
-2.79	1.08
-2.36	11.53
0.03	6.49
-3.79	1.26
-1.1	-0.29
-1.29	0.23
-1.85	-0.07
-1.77	0.09
0.06	5.06
1.09	3.98
0.94	6.04
-1.36	1.93
-1.33	6.13
-3.88	4.55
-2.09	1.27
-1.93	-0.82
-2.18	-0.78
-3.81	-1.36
-4.94	-1.4
-3.15	-0.85
-3.03	-2.06
-5.59	-2.3
-10.4	-5.29
-12.06	-3.75
-10.47	-5.13
-13.59	-3.18
-10.27	-8.11
-17.82	-8.98
-20.63	-9.07
-23.26	-11.22
-17.3	-9.89
-10.43	-4.57
-16.73	-4.94
-18.75	-5.1
-11.16	-8.24
-14.29	-9.39
-9.27	-4.48
-5.32	-3.61
-12.96	-2.81
-12.98	-6.06
-15.86	-6.65
-10.65	-1.38
-5.24	-2.2
-6.09	7.82
5.91	13.19
-0.27	11.23
-3.82	1.11
-4.69	6.18
2.47	7.87
-2.35	4.12
-2.88	3.36
-6.25	1.88
-3.85	6.18
-0.11	8.66
2.83	12.2
0.62	8.06
-5.87	3.27
-3.71	5.7
-3.02	7.52
-1.22	3.64
-4.84	-1.27
-5.45	-2.32
-6.99	-1.84
-11.84	-6.44
-17.13	-10.13
-19.85	-6.31
-16.75	-5.19
-10.74	-4.64
-15.26	-2.54
-15.31	-0.79
-12.32	-3.37
-10.74	-1.55
-11.15	-0.7
-13.55	-1.17
-9.99	3.2
-5.65	-1.37
-8.01	1.22
-0.08	7.73
-2.84	3.27
-0.34	1.32
-3.34	0.23
-1.67	3.65
-0.26	2.02
0.55	1.36
1.18	4.25
1.7	8.91
2.64	13.12
1.95	7.81
2.59	4.37
2.7	6.44
0.56	4.38
-0.57	0.45
0.25	2.68
0.59	4.18
-0.43	3.18
1.04	5.73
-1.54	6.73
1.38	5.13
1.07	4.19
0.29	1.55
1.14	5.5
1.77	4.23
3.47	7.12
3.87	6.87
4.37	6.29
1.38	12.51
3.94	15.22
3.31	15.82
4.77	11.88
-1.57	10.63
1.31	16.57
1.81	16.63
9.49	18.2
7.13	22.14
8.74	17.15
4.48	20.3
9.15	22.21
11.78	19.05
9.36	15.62
7.76	20.7
9.71	20.69
9.52	17.18
6.07	15.93
6.92	12.16
4.78	15.15
5.59	11.42
4.23	12.95
4.65	11.44
6.22	10.55
6.74	9.11
7.91	15.33
3.12	16.34
5.74	17.97
6.42	20.3
7.67	20.49
5.8	11.95
0.27	12.32
0.77	11.38
4.98	8.88
2.28	6.84
1.5	10.53
-0.46	14.36
5.09	17.7
6.76	14.41
4.01	11.55
0.3	13.35
5.15	10.54
6.64	13.09
11.38	14.02
7.01	16.5
7.18	17.82
6.76	19.54
7.82	21.64
8.98	23
12.47	25.96
13.81	26.47
13.39	26.39
14.61	23.6
14.65	17.83
13.73	23.36
13.42	22.65
9.94	19.92
14.29	23.94
13.4	20.87
9.4	20.44
10.29	21.52
10.87	23.05
10.72	23.14
12.32	24.97
12.15	25.31
14.35	24.44
12.35	21.36
12.1	19
11.77	23.23
11.87	20.06
13.05	19.18
12.95	23.27
12.02	26.09
14.33	27.93
14.36	27.84
14.1	21.47
8.35	16.66
6.5	19.5
9.49	17.57
5.63	18.78
10.63	17.31
10.44	20.15
13.58	19.09
5.11	17.96
9.68	15.32
7.36	17.14
4.1	18.97
11.04	15.49
11.02	19.12
8.81	22.3
12.22	19.61
9.71	21.69
10.07	21.82
8.15	22.51
13.28	20.07
11.53	19.67
8.55	22.35
10.36	24.12
14.01	24.54
13.26	19.33
10.81	20.3
10.87	22.03
11.14	22.99
12.48	22.02
11.59	23.66
14.11	22.48
11.88	21.48
14.55	20.12
11.77	22.45
11.68	24.34
13.26	26.19
14.51	26.36
16.13	27.67
16.63	28.02
18.46	24.81
15.75	26.07
15.89	27.54
18.57	27.93
14.23	25.23
9.01	21.68
12.3	26.63
16.76	24.59
15.32	26.04
16.05	28.67
17.47	29.25
16.37	27.99
19.44	30.52
19.02	27.46
14.51	22.18
11.61	24.25
12.21	22.14
9.64	24.56
12.88	22.07
13.36	24.62
14.87	26.97
10.72	19.53
10.01	17.7
12.75	20.43
8.38	25.95
15.78	23.54
12.87	28.02
15.3	29.54
14.58	30.37
14.68	30.7
14.58	30.17
14.91	27.79
12.6	23.5
7.96	23.1
14.49	27.25
11.23	24.54
12.45	28.14
14.42	26.24
13.57	28.75
17.28	29.99
13.43	25.22
9.68	17.48
12.31	16.02
12.63	20.26
14.14	23.23
11.75	25.94
11.15	26.46
14.5	22.75
11.52	24.47
10.99	21.61
8.25	21.37
11.05	17.82
7.59	17.7
6.89	14.57
8.05	14.61
3.49	17.31
4.05	21.29
7.46	20.03
8.09	18.36
5.95	19.06
5.33	19.96
9.5	18.27
7.48	21.69
13.84	24
11.87	26.72
10.95	25.88
11.47	26.73
13.29	27.83
12.05	28.31
12.95	24.74
10.4	23.44
12.63	18.91
8.3	18.6
6.19	22.42
10.46	20.26
5.26	18.7
5.52	20.81
6.9	22.67
7.71	23.45
7.39	22.16
8.99	23.05
9.57	22.17
9.55	21.89
8.37	20.65
10.5	17.6
8	18.55
8.48	19.41
6.95	16.77
5.92	13.16
3.47	13.07
5.94	15.32
4.52	9.78
-1.87	15.11
0.54	14.82
1.32	10.08
3.05	11.68
-1.77	11.52
6	10.56
5.22	10.1
-1.59	9.88
-3.45	11.5
-2.58	11.17
-3.6	8.29
-2.14	2.59
-1.06	1.11
0.11	2.07
1.63	3.76
3.51	10.75
6.09	8.13
0	10.24
-0.05	10.51
1.57	12.11
5.09	11.52
-0.95	9.78
-1.29	10.31
3.44	13.76
9.04	18.07
2.43	14.24
0.8	1.92
0.55	0.85
0.28	4.78
-1.91	5.19
-2.18	2.65
-1.28	1.49
-3.56	-1.95
-3.1	-0.75
-0.52	-0.15
-0.29	0.16
-0.14	0.16
0.3	1.23
0.9	1.2
0.2	0.76
-0.67	0.17
-2.09	-0.01
-5.05	-0.46
-6.12	2.23
-5.09	0.62
-3.18	5
-1.69	7.17
-0.06	11.73
0.64	13.14
1.39	11.65
7.65	13.98
4.44	11.64
3.64	10.68
1.98	12.37
-0.48	8.4
2.3	2.81
0.98	3.11
1.64	4.51
2.02	4.07
-0.52	8.47
2.01	13
0.57	14.83
2.07	8.69
0.68	9.09
-0.08	7.27
2.68	9.14
-2.28	7.96
-1.52	1.6
-1.98	-0.33
-2.45	1.14
-0.83	6.72
-0.74	7.95
-1.1	9.37
5.6	15.26
-3.05	5.15
-4.03	-2.65
-5.95	-3.05
-7.51	-0.88
-2.03	1.85
-1.75	0.85
-4.62	0.67
-5.66	0.82
-4.21	1.71
-7.66	-1.21
-2.85	-1.55
-5.96	-2.76
-8.06	0.18
-2.72	2.21
-4.21	3.61
-0.18	7.84
-0.56	7.97
-1.09	5.28
-5.27	2.89
-6.96	-0.13
-0.28	9.64
3.47	11.86
-3.06	9.32
-0.07	9.29
-0.23	10.23
0.96	8.26
-0.94	4.82
-3.53	2.6
-6.47	2.12
-5.93	1.38
-4.12	-1.43
-1.79	-0.06
-0.5	0.21
0.36	2.18
0.41	1.54
-2.2	0.35
-5.03	-1.79
-10.97	-3.67
-5.89	-4.05
-7.08	-3.44
-12.64	-7.78
-10.35	-8.17
-8.46	-5.38
-5.74	-3.66
-8.62	-2.76
-9.05	-2.4
-15.1	-0.87
-6.95	-1.41
-4.26	-1.38
-3.48	0.16
-0.95	2.77
-0.36	1.2
-1.73	0.51
-6.67	-2.29
-5.09	-2.09
-4.53	-2.64
-8.86	-4.15
-16.33	-3.11
-12.11	-5.85
-18.38	-3.03
-17.34	-5.28
-9.28	-6.62
-6.13	-3.57
-2.92	0.98
-0.97	0.92
-6.77	5.19
-1.69	5.8
0.63	3.14
1.5	4.03
0.32	4.15
0.36	7.04
1.32	5.43
0.86	2.65
0.9	1.82
1.27	2.25
2.08	3.88
1.01	3.8
-2.09	5.47
-3.1	7.75
-2.53	6.27
-2.15	6.58
0.19	2.99
-1.84	6.02
-1.07	7.15
3.49	10.23
1.72	8.99
0.01	9.38
1.46	13.44
3.4	17.34
3.47	14.01
4.2	10.45
0.82	16.43
5.08	12.71
6.53	14.2
5.58	17.19
9.22	15.74
4.33	16.02
5.26	16.91
8.72	22.31
9.13	22.93
10.36	22.62
7.12	14.19
3.64	7.75
-0.92	2.99
-1.22	-0.11
0.22	7.26
-1.14	12.66
6.5	10.5
8.38	16.56
9.25	13.67
6.85	12.78
3.78	11.69
3.39	18.03
10.51	17.13
12.15	19.38
12.9	23.14
11.8	24.99
10.21	22.89
11.72	21.97
9.63	24.27
12.47	21.31
11.54	21.99
14.62	21.33
11.03	21.24
9.44	22.51
12.19	22.66
13.03	23.48
9.02	22.68
9.89	23.08
11.39	21.55
7.7	18.14
8.72	18.51
10.61	21.09
12.17	21.21
10.79	24.41
13.14	24.63
12.78	25.28
13.74	20.51
12.11	17.71
8.9	21.65
12.21	25.48
16.47	22.81
15.5	24.96
17.33	24.59
12.75	24.98
14.55	24.91
10.52	19.83
9.11	22.04
10.6	25.08
12.11	25.94
15.23	21.9
9.08	16.48
8.37	14.11
6.33	12.52
4.94	17.91
9.09	14.19
5.62	18.28
6.55	14.11
6.87	12.43
3.71	15.53
6.55	17.9
6.59	19.99
8.8	22
11.17	25.32
12.72	22.02
10.15	17.85
13.61	24.05
15.24	26.07
13.83	27.35
16.09	27.93
15.33	29.26
16.36	25.06
15.07	26.91
14.16	26.83
15.09	22.67
15.81	21.2
13.19	21.23
13.56	22.17
11.14	23.36
11.79	25.93
12.5	26.79
15.16	24.35
12.87	20.48
13.59	24
13.76	25.9
13.46	27.05
14.16	28.17
16.02	28.34
18.59	28.27
16.2	24.42
10.08	22.67
10.5	20.78
10.57	21.54
11.06	21.76
12.44	20.74
12.61	17.84
11.1	20.39
9.53	22.11
10.45	24.27
11.85	25.86
13.83	27.17
16.49	22.7
13.77	18.21
13.54	21.45
10.03	24.79
12.09	26.5
11.02	26.63
7.58	20.72
11.16	23.35
13.11	23.74
14.15	25.35
12.66	26.03
15.29	27.99
16.51	29.44
16.29	29.23
14.34	27.9
15.42	29.21
17.04	29.81
17.35	25.84
14.33	24.31
13.3	26.88
15.12	28.46
15.75	27.26
14.63	28.05
15.72	28.87
16.24	30.1
13.43	27.81
14.18	23.85
11.58	26.43
13	27.59
13.92	30.36
14.92	30.4
14.2	26.78
14.59	22.85
12.45	21.57
9.22	24.42
12.89	27.79
8.54	19.1
10.54	20.2
8.97	22.97
12.81	22.8
12.14	19.48
11.14	16.67
7.95	18.06
5.13	18.09
6.52	18.76
9.23	20.41
8.52	22.87
11.2	18.47
4.05	18.73
4.27	20.21
6.84	22.41
8.67	22.86
12.31	20.04
9.94	16
8.22	17.95
7.35	19.87
12.34	23.29
11.05	24.27
11.71	25.1
15.51	26.91
13.27	24.23
14.76	22.32
8.28	15.33
1.57	16.97
2.42	20.46
6.61	23.02
7.2	23.22
6.73	22.59
11.18	16.08
8.62	11.85
7.51	15.85
8.29	16.98
4.06	18.05
5.8	19.9
3.64	18.59
5.5	20.79
5.53	23.16
8.16	17.74
7.25	16.49
3.73	17.76
5.54	20.52
7.24	18.25
9.15	16.78
2.93	17.9
3.25	18.77
4.35	17.27
1.26	16.59
1.96	15.78
-0.13	15.59
-1.01	15.63
-1.99	16.05
-0.17	15.85
-0.8	15.93
7.87	12.48
5.35	14.66
6.98	17.19
8.23	16.81
3.86	12.36
-0.96	10.24
4.25	8.08
4.16	6.76
5.18	10.61
-0.21	12.36
2.46	10.47
2.59	10.54
1.86	11.71
4.87	10.68
4.21	8.59
-3.24	6.51
-1.99	10.65
2.06	15.38
2.4	11.78
-0.59	10.84
-0.99	10.57
-0.51	10.9
-1.64	5.86
0.5	6.97
-2.16	4.47
1.73	13.58
7.57	17.81
3.48	11.95
2.78	4.6
4.02	5.85
5.12	5.94
4.93	5.78
4.39	5.66
3.07	4.61
3.59	9.7
4.57	8.6
0.15	10.99
-0.38	6.57
2.41	7.16
1.76	6.65
0.11	5.7
-3.91	0.84
-2.03	-1.31
-1.94	-0.38
-3.17	5.83
-3.35	-0.06
-5.74	2.43
-3.84	-2.42
-4.14	-3.18
-3.77	-3.07
-3.19	-2.73
-2.83	-2.14
-2.97	-2.3
-1.93	1.71
-3.75	-0.92
-3.12	-1.76
-2.07	-1.38
-3.21	0.79
-4.01	3
-5.83	0.64
-1.98	6.46
-0.21	5.76
-4.13	5.96
-5.3	3.85
-6.49	1.74
-6.22	-0.8
-8.25	-3.45
-13.69	-5.18
-7.57	0.71
-4.76	3.11
0.12	9.4
4.57	10.22
0.6	7.88
-1.06	9.18
1.89	6.17
-3.11	2.53
-7.19	1.14
-8.13	2.55
-4.39	5.74
-6.27	0.22
-10.76	-4.69
-12.08	-0.62
-6.74	-3.15
-11.83	-6.45
-16.22	-10.93
-22.24	-13.34
-16.14	-11.91
-11.38	-4.91
-5.6	-2.02
-2.82	-1.84
-4.93	-1.7
-4.51	-1.67
-9.06	-2.23
-8.29	-2.21
-15.29	-4.39
-5.84	1.02
-2.12	3.19
-7.33	2.9
-7.16	0.36
-7.32	0.1
-8.55	-2.02
-7.22	1.02
-13.53	-5.07
-21.27	-6.14
-14.35	-4.63
-11.65	-4.87
-7.15	-2.77
-14.51	-1.26
-13.11	0.32
-7.78	0.2
-4.51	2
-2.18	2.75
-0.68	9.05
-0.49	9.18
-1.59	9.08
2.9	11.32
2.66	7.36
1.8	5.02
2.08	4.53
2.15	4.01
0.6	2.14
0.36	1.99
-0.49	1.97
1.83	4.97
1.09	8.16
-2.72	6.6
-3.03	5.14
-5	-0.26
-8.51	1.22
-7.48	3.52
-1.05	2.91
-0.32	6.29
1.05	4.13
-4.72	-0.33
-8.6	-5.84
-15.62	-4.12
-16.9	-4.32
-11.09	-3.74
-9.96	-3.37
-10.95	-3.61
-11.94	-2.01
-7.22	-2.5
-7.57	1.05
-9.65	-0.74
-10.93	0.72
-10.43	0.8
-8	1.8
-5.21	3.99
-2.47	5.16
-0.48	10.22
1.15	5.52
0.34	1.66
-3.28	6.15
-1.04	9.5
0.33	9.69
-0.65	13.82
5.29	17.02
5.09	16.24
8.13	15.71
8.86	13.74
5.04	10.29
4.09	5.85
1.58	4.43
1.74	6.11
3.07	5.34
3.11	12.03
7.67	17.23
9.48	17.86
7.38	17.56
4.69	19.74
6.45	20.05
11.36	16.82
11.2	15.4
6.69	10.3
5.5	13.88
7.71	10.71
5.91	12.86
6.12	12.5
2.93	12.48
8.19	17.11
5.64	22.28
7.1	18.98
8.86	20.46
10.69	14
7.12	12.41
3.11	14.25
2.72	18.04
5.46	21.91
9.06	21.37
7.78	14.17
1.57	13.91
3.61	17.13
5.29	19.86
5.26	23.55
10.03	24.75
12.05	21.83
7.18	18.82
9.33	13.83
10.23	11.59
7.63	13.69
7.66	14.61
8.32	18.8
6.27	23.43
9.56	18.28
8.58	18.51
11.69	14.73
6.92	13.09
4.07	16.85
9.34	16.46
5.47	16.05
12.18	17.75
9.57	22.14
11.22	18.56
8.36	12.73
6.71	11.16
7.98	10.98
8.36	18.34
11.1	20.46
9.61	19.63
9.33	22.52
12.41	19.1
10.67	18.78
11.13	16.51
8.24	15.76
9.92	16.74
8.17	21.18
9.79	20.67
12.24	22.11
11.07	19.13
9.63	23.31
11.65	26.05
16.38	25.89
11.37	22.17
12.01	23.95
11	24.34
10.21	24.08
11.81	26.77
16.5	28.58
16.68	27.23
11.57	23.12
8.98	17.85
4.85	19.03
7.36	18.59
11.16	17.38
11.87	15.3
11.82	15.36
11.25	22.42
11.36	23.34
13.61	22.03
12.11	24.87
13.95	22.46
12.56	25.32
14.43	27.36
14.68	28.37
16.71	29.31
19.22	28.49
17.18	26.39
17.47	25.48
16.55	23.31
12.51	24.15
11.45	25.3
12.59	27.15
16.29	24.73
12.03	23.34
12.24	24.76
13.32	27.28
16.16	28.26
15.67	26
16.08	28.46
17.04	28.32
18.13	28.32
20.27	29.7
20.78	30.33
16.67	27.65
13.6	27.05
13.85	27.71
15.6	31.31
17.05	31.1
17.9	27.57
14	18.15
6.48	20.73
12.53	22.26
13.14	22.05
12.97	24.8
16.2	22.41
10.05	22.9
13.62	19.81
10.94	23.87
13.56	18.22
10.13	15.22
5.32	19.02
7.29	16.05
11.48	20.13
9.04	22.14
13.76	21.79
11.8	19.81
11.4	19.86
11.8	18.32
8.56	21.91
13.34	24.44
12.26	22.01
11.91	22.45
12.05	24.99
14.51	26.15
15.06	24.14
11.61	23.92
10.3	23.58
9.61	23.25
10.94	26.12
13.05	25.96
13.73	23.52
12.56	23.95
13.38	23.03
12.13	21.21
13.93	23.72
12.26	24.89
14.04	22.23
13.98	22.91
12.57	25.84
13.22	25.8
13.03	25.67
13.38	20.43
10.7	21.89
10.49	22.11
10.45	18.69
9.69	21.27
9.84	22.96
11.73	24.36
14.48	27.81
14.01	29.38
15.6	26.17
14.67	23.77
12.43	24.9
14.57	29.51
14.06	24.75
14.77	28.36
14.6	23.46
13.29	24.58
12.7	25.68
13.81	20.49
12.95	19.57
14.04	23.67
7.83	21.41
4.65	12.59
3.21	12.83
2.43	11.45
2.04	13
0.58	12.68
1.96	13.71
2.04	13.7
3.52	17.92
10.51	17.83
13.15	22.17
11.02	20.94
8.78	16.42
6.75	18.2
11.78	22.12
12.93	18.74
7.65	14.56
3.41	16.5
6.6	18.66
13.44	21.33
10.11	18.59
9.53	14.89
8.21	14.21
7.69	11.48
8.09	11.22
9.33	12.89
8.33	12.68
8.53	12.05
10.04	13.21
6.69	11.7
5.57	11.31
3.96	7.81
-0.32	5.44
2.36	4.61
-0.46	9.6
-2.48	8.3
1.79	5.63
5.24	9.12
4.45	8.5
0.79	9.25
-1.21	9.03
-2.48	4.48
0.42	5.77
1.56	2.6
2.2	2.63
2.83	6.63
2.35	10.4
4.21	14.24
5.05	12.77
3.45	5.54
-1.43	4.72
-0.36	6.72
2.42	11.73
2.58	9.76
4	7.77
0.4	6.93
2.07	7.23
-1.56	7.25
1.99	4.85
4.82	12.36
1.97	8.32
5.13	7.15
3.87	5.81
3.1	4.15
3.51	4.26
1.99	4.16
0.57	1.81
0.39	3.04
1.2	3
0.03	6.75
0.66	4.16
0.79	4.16
-3.05	0.42
-8.92	-3.51
-8.31	-1.42
-11.09	5.28
-5.46	3.64
-7.42	-0.67
-4.53	-2.58
-3.97	-2.8
-2.92	-0.87
-1.39	1.39
0.12	3.44
0.61	7.18
0.49	7.8
2.57	11.9
1.78	7.13
0.14	6.74
-2.75	5.33
-3.91	3.46
-2.92	-1.27
-4	3.36
0.12	14.95
3.5	13.92
-0.58	14.42
0.36	9.7
-1.82	3.4
-2.23	4.67
2.72	8.13
0.36	7.52
1.42	10.7
4.11	14.59
4.07	11.39
1.4	7.01
-1	6.28
-4.09	4.16
-3.04	0.68
-3.78	5.73
-5.1	3.34
-3.24	-1.2
-3.33	-2.88
-2.74	-1.35
-2.04	-0.85
-2.15	-0.27
-0.16	1.86
0.24	1.65
-0.07	1.4
0.57	2.76
0.59	5.01
-2.15	3.98
-1.17	7.83
3.58	10.41
-0.89	11.25
-0.44	9.89
7.79	14.95
2.12	11.41
-0.81	8.16
-1.21	7.85
2.66	5.59
-2.02	9.47
-1.73	10.28
4.08	11.24
0.45	11.83
9.17	15.62
1.82	11.83
1.33	8.34
0.73	4.36
-1.13	5.04
-1.97	8.48
2.87	5.3
-0.14	5.8
-1.95	7.99
-2.07	6.93
-4.87	4.23
-1.52	7.69
-0.42	8.6
-0.67	3.63
-6.26	1.47
-3.9	7.06
-3.29	7.47
0.17	3.3
-0.18	4.28
-4.2	2.65
0.32	1.28
-0.75	4.23
-1.76	3.88
-2.88	7.19
-1.83	3.47
-3.88	6.22
-2.57	8.82
1.7	4.83
0.93	5.47
-0.64	4.37
-1.09	4.77
-0.7	3.22
-0.36	5.77
-1.6	9.05
-0.54	11.37
-0.28	4.01
0.88	6.63
0.78	8.13
1.39	12.39
4.79	14.28
1.4	7.99
-1.44	8.17
-1.91	8.44
2.18	11.48
5.71	9.09
5.48	13.4
2.04	10.05
3.26	9.48
3.13	15.59
0.96	12.02
0.86	9.68
-0.15	12.38
1.57	14.87
6.3	14.01
2.94	12.71
1.24	12.06
1.95	14.23
7	12.78
8.47	10.11
9	14.3
10.17	13.26
7.58	17.98
8.03	17.93
3.67	9.75
-0.19	12.71
1.38	19.76
10.87	17.85
2.66	11.43
-1.05	10.65
-1.47	13.98
1.16	13.9
1.77	19.36
6.84	21.2
7.52	21.26
11.9	17.34
9.63	19.72
6.65	17.16
1.13	8.7
-1.54	10.56
0.16	14.34
2.93	16.75
5.22	14.55
10.3	13.91
10.29	15.37
8.18	19.15
11.89	21.2
12.65	19.24
5.94	21.6
12	20.98
10.22	21.53
8.13	21.86
10.94	17.08
7.78	19.5
6.47	20.3
8.9	15.76
4.12	18.82
9.28	18.99
12.48	19.35
11.85	17.31
10.79	21.32
10.14	23.86
12.39	23.55
11.65	22.26
10.66	21
9.7	13.13
8.75	14.12
6.37	15.71
6.45	20.3
8.82	21.43
9.97	22.21
11.08	21.94
9.38	22.44
11.88	21.8
10.95	22.72
14.02	19.59
10.8	16.1
7.73	19.27
9.15	21.95
9.13	26.57
13.48	21.94
12.95	22.22
9.55	22.17
8.83	22.2
9.05	24.58
10.84	25.58
14.16	23.01
12.94	20.98
12.61	19.57
8.33	24.36
12.26	23.8
13.32	22.11
10.73	21.03
8.1	23.1
11.88	23.39
11.12	19.53
9.72	22.12
10.99	24.05
11.19	20.5
5.71	18.83
9.49	20.01
11.23	20.33
9.27	23.56
12.74	25.63
12.13	25.93
12.45	28.13
15.24	25.88
15.63	23.06
12.69	25.81
13.01	28.28
19.25	29.58
18.77	32.1
14.76	29.92
15.95	26.77
15.52	26.27
13.51	24.48
13.56	26.41
14.58	23.68
13.3	25.79
15.15	24
13.63	17.05
10.85	21.3
10.86	23.08
12.71	23.64
14.75	21.93
11.75	24.66
12.77	28.13
17.01	29.46
15.98	31.8
17.4	33.02
18.64	28.89
13.36	31
15.71	31.7
15.84	26.94
11.96	28.38
16.58	24.95
10.81	25.28
11.17	27.57
13.91	30.62
15.74	31.18
9.62	17.53
9.51	22.73
8.69	23.1
10.15	25.72
12.46	27.67
14.19	26.92
12.4	28.56
13.42	31.91
16.3	31.76
15.11	31.78
15.22	31.46
16.2	33.47
16.52	32
14.79	26.08
11.16	26.41
10.16	28.82
11.85	31.41
12.59	26.24
10.35	17.14
11.92	16.16
8.47	20.66
10.79	22.34
9.15	21.37
10.16	20.66
8.49	24.06
11	25.74
14.26	22.42
12.23	24.19
10.98	24.77
16.11	23
8.86	21.57
9.73	23.28
12.14	23.09
15.71	22.46
11.17	18.04
10.77	18.53
6.91	20.67
7.9	21.74
8.53	23.18
12.7	22.47
10.29	18.12
8.77	11.63
8.89	11.75
8.93	15.94
5.11	15.8
10.6	17.03
10.48	17.6
10.42	15.46
9.21	17.11
8.82	17.51
7.74	18.99
9.06	20.61
9.11	17.93
9.46	21.58
9.9	22.52
10.03	23.65
10.17	23.58
9.09	21.43
10.06	17.66
6.45	16.39
8.78	16.68
3.37	16.71
3.24	16.36
7.97	14.02
7.07	16.18
5.95	11.57
0.24	16.26
7.27	19.45
9	19.31
10.69	19.25
9.1	20.67
9.92	21.16
11.18	19.45
8.32	17.82
5.67	17.56
5.73	17.37
7.68	11.79
7.27	10.97
6.82	9.41
7.07	9.95
7.04	9.42
3.68	9.02
6.46	11.27
1	8.06
-2.8	6.79
-0.07	7.26
-1.3	9.58
2.36	6.94
-1.15	5.44
-1.62	9.59
-2.54	11.56
0.48	6.56
-2.2	2.63
-6.86	3.56
-6.32	3.83
-5	6.54
-2.94	6.75
-2.03	2.8
-4.37	2.29
-7.47	-2.08
-2.77	-2.14
-1.88	-0.24
-1.29	10.47
2.01	8.05
-0.51	5.45
2.56	10
-1.37	8.52
-0.46	10.15
-2.61	4.64
-2.39	-0.85
-4.05	-2.01
-12.29	-2.79
-13.68	-0.34
-3.01	0.8
0.06	2.54
-0.21	6.61
-2.04	4.79
-0.43	7.37
-1.41	4.33
-1.42	-0.16
-1.77	-0.02
0.31	2.8
0.4	6.28
3.08	11.18
1.78	6.76
-2.41	5.96
-2.08	2.63
-3.27	1.6
-4.13	3.06
0.01	10.75
2.09	6.72
-0.2	4.31
-0.59	8.24
-2.8	1.34
-8.54	-2.42
-13.48	-2.54
-10.42	2.78
-3.34	6.4
-1.82	4.59
-5.32	0.58
-2.1	6.97
-3.96	5.69
-2.27	9.24
-1.01	7.27
-2.3	10.78
-1.84	8.62
-2.17	10.57
-2.25	6.89
-3.31	6.74
-3.4	0.95
-2.94	5.08
-0.03	3.13
-6.76	1.17
-6.92	-2.62
-6.54	-4.34
-7.17	0.04
-2.69	0.37
-2.14	2.03
0.1	10.76
-1.64	3.71
-0.81	5.63
-0.61	1.37
-0.68	1.94
-3.35	5.65
-2.38	7.54
-2.59	6.52
-2.96	6.48
-2.71	2.31
-3.69	3.65
-4.79	-1.53
-3.58	-2.64
-3.1	-2.26
-2.61	3.63
-2.13	0.73
-1.39	-0.93
-2.33	0.28
-4.63	0.88
-1.9	-0.95
-3.14	-1.88
-3.61	-0.9
-7.73	6.14
-1.79	5.55
1.27	2.52
-0.05	1.15
-0.25	0.43
-0.2	0.91
-0.4	9.49
-2.31	9.87
-3.28	8.08
-0.59	3.23
0.87	3.79
-2.1	3.35
-3.53	-0.71
-1.33	8.51
-5.76	4.89
-2.71	5.86
1.86	10.06
-0.49	6.28
-1.64	9.17
3.76	12.22
2.05	17.11
2.9	11.73
1.69	5.04
3.88	12.17
6.42	15.58
6.78	13.23
5.12	10.6
-0.07	8.21
-0.99	11.29
0.88	12.25
1.74	12.54
1.73	8.65
4.3	11.49
3.16	11.6
0.43	11.9
0.07	14.75
-0.27	13.71
4.91	12.22
1.79	12.78
3	11.9
4.07	11.79
5	11.12
5.26	10.01
-0.43	10.99
4.91	14.82
6.89	15.86
6.38	12.94
4.17	9.85
5.51	8.57
5.94	7.22
4.37	13.43
4.31	16.18
1.41	11.22
3.57	17.6
6.13	16.11
3.05	15.36
3	18.77
5.18	24.28
9.96	21.67
8.33	23.69
14.03	21.08
2.96	14.56
2.24	7.64
7.11	18.7
9.52	16.83
4.97	14.62
5.58	15.54
6.1	17.73
8.95	18.57
5.04	20.18
8.91	22.1
11.2	22.18
10.49	19.71
10.6	13.7
8.79	12.71
8.73	18.78
10.62	15.59
6.61	11.75
6.47	13.53
5.55	17.35
7.81	18.86
9.93	19.36
4.92	11.51
3.3	17.22
5.19	14.84
8.93	19.88
9.45	16.33
7.2	9.86
6.49	12.3
5.49	8.13
6.12	7.36
6.94	10.62
10.27	17
8.86	17.61
10.45	21.8
8.23	17.87
3.98	12.68
6.21	17.01
3.86	18.64
6.52	23.94
11.87	23.73
11.59	22.5
10.7	22.29
11.86	15.75
10.03	12.89
9.68	12.17
10.98	16.02
11.12	20.33
12.39	19.72
12.72	20.8
10.86	20.99
13.89	19.28
6.96	17.57
5.15	19.86
6.65	20.7
7.79	19.83
8.05	22.34
9.48	23.23
9.37	23.14
10.57	24.28
13.85	21.59
12.25	16.16
13.48	20.59
11.88	19.55
10.09	19.69
7.87	20.63
8.1	17.88
9.39	20.61
8.67	17.17
6.75	21.75
7.58	24.25
9.84	23.53
10.7	21.34
13.45	18.17
12.51	20.12
7.91	21.58
9.07	16.66
7.48	13.37
10.69	15.89
8.24	22.58
11.6	19.3
11.64	18.14
11.7	24.36
12.28	21.31
13.97	21.63
13.86	23.58
12.66	24.31
13.38	26.36
12.9	23.31
11.89	22.37
9.98	22.42
13.31	24.75
13.25	25.42
17.04	24.98
16.94	26.93
16.56	26.81
16.16	26.37
16.14	27.88
17.12	28.86
18.45	29.64
17.5	28.54
15.95	29.17
17.52	24.81
16.83	23.89
16.22	23.35
13.32	21.06
11.15	24.24
14.63	20.87
8.74	22.46
12.36	21.4
8.87	24.58
11.03	26.17
12.51	24.48
15.29	26.76
17.67	28.89
16.43	26.91
17.11	19.85
16.18	26.05
14.73	23.28
14.92	24.19
13.27	25.59
13.98	23.68
9.01	19.63
7.63	19.63
9.28	15.53
9.17	22.58
10.53	25.47
12.68	25.91
15.43	27.26
15.35	26.44
15.82	22.69
11.54	24.63
13.11	24.83
14.83	27.29
16.37	24.25
14.01	28.14
15.87	29.64
16.81	30.47
17.04	28.66
16.54	26.35
15.91	22.73
15.18	24.09
15.06	27.44
15.86	26.33
16.33	27.05
15.45	25.68
13.44	25.07
11.95	21.42
12.29	21.96
11.92	18.18
9.73	16.43
8.03	12.6
9.38	19.1
7.41	20.06
8.02	19.33
11.43	15.53
9.3	14.75
10.04	16.42
7.64	18.33
6.11	18.39
6.89	19.43
9.2	17.76
10.77	20.01
10.21	22.69
12.8	18.12
12.43	17.43
9.36	15.24
9.15	19.85
12.34	24.67
10.3	24.66
11.58	24.84
12.53	25.5
12.26	24.96
12.66	24.2
11.37	23.2
8.49	22.05
8.62	21.81
7.84	21.17
8.11	20.59
8.53	17.24
9.62	14.01
10.27	14.97
5.88	15.18
7.73	15.11
6.87	17.99
3.97	13.02
2.91	12.04
-0.26	14.53
0.53	16.05
5.25	11.15
4.29	9.46
7.09	11.12
6.35	12.52
0.85	14.48
4.73	15.71
2.28	17.14
1.75	16.84
5.1	13.75
1.09	13.84
-0.16	16.67
1.82	18.67
1.65	18.15
4.45	18.44
5.33	19.39
6.49	20.68
6.02	21.3
3.95	20.85
5.93	21.16
6.27	21.25
5.59	20.85
5.57	19.27
8.45	17.64
5.2	14.82
7.18	14.84
5.7	18.9
8.95	18.97
4.84	18.9
12.07	16.9
7.1	13.69
6.19	10.34
5.48	10.85
1.29	11.01
5.34	9.32
2.36	11.43
-1.15	10.75
-3.21	2.67
-0.61	0.82
-2.31	3.39
-2.28	9.96
3.2	6.53
-2.82	4.16
-6.18	2.7
-5.28	2.69
-2.18	3.01
-3.03	0.84
-2.12	11.99
-1.28	10.86
-5.25	3.06
-6.18	0.99
-8.96	-0.58
-3.23	4.1
-5.46	6.72
-4.75	2.17
-10.63	0.85
-11.49	0.19
-8.64	6
-7.41	4.69
-7.62	-0.28
-7.96	3.92
-2.96	0.44
-5.32	4.22
-6.32	2.32
-9.28	3.04
-6.43	0.96
-10.69	-0.9
-8.83	1.87
-0.82	8.82
2.73	12.43
7.05	15.97
8.14	16.4
12.81	18.75
6.67	15.47
10	18
4.71	11.18
5.74	15.14
6.81	15.03
1.66	10.99
-2.2	5.89
-0.02	6.62
-2.22	0.7
-2.31	-0.69
-4.47	2.87
-4.58	2.3
-6.75	-0.83
-5.9	-2.51
-2.34	-1.83
-2.62	-1.75
-2.75	-1.41
-8.24	0.01
-7.74	-3.86
-6.85	-4.99
-9.7	-5.1
-13.15	-7.75
-9.7	-2.48
-10.26	1.5
-9.33	0.16
-7.88	-3.19
-7.61	-5.31
-8.08	-5.2
-6.56	-4.92
-6.78	2.15
-4.17	11.21
-1.85	4.62
-2.86	7.02
-4.38	6.49
-1.45	7.84
-1.16	13.75
-3.34	10.23
-0.49	9.09
-0.66	10.71
1.11	11.11
-0.17	7.33
0.33	11.14
3.57	11.1
1.38	10.2
3.14	9.68
2.23	11.74
3.8	12.49
4.51	11.55
3.36	13.28
-2.62	12.63
-2.74	10.61
-2.8	7.68
-3.72	10.1
2.46	8.57
-2.84	7.88
0.12	3.31
-0.96	1.96
-1.12	8.15
-1.8	7.96
0.38	11.33
-0.05	8.07
-0.61	8.73
-2.01	11.58
-0.25	13.75
0.73	16.25
1.15	16.14
2.2	15.01
0.26	14.66
-0.04	17.44
1.07	18.7
5.49	15.71
5.11	15.42
1.71	10.55
3.84	11.74
-1.42	9.78
-2.38	7.17
-1.45	10.12
0.64	12.02
-1.47	13.91
6.34	18.49
0.87	20.89
5.53	14.93
4.03	10.66
2.73	21.74
3.76	22.2
6.75	14.56
0.41	15.27
3.21	12.52
2.79	13.84
-1.31	12.93
-1.96	16.76
-0.38	19.24
1.54	20.54
3.88	20.68
6.65	23.38
8.61	18.51
7.55	16.72
5.71	12.66
3.58	8.31
4.52	8.19
5.98	13.27
3.89	11.73
7.5	12.62
5.12	17.21
6.39	17.12
5.83	19.94
11.01	17.88
7.96	13.86
6.25	9.59
6.75	15
8.44	12.16
5.34	8.68
2.29	8.14
1.98	10.85
0.74	13.15
1.96	12.45
2.2	13.37
1.22	17.27
5.35	16.94
7.7	13.49
7.18	14.05
7.05	10.85
6.63	13.51
4.42	9.93
4.72	9.37
5.08	16.28
9.17	13.78
8.48	17.54
4.82	18.1
5.34	17.25
7.87	18.67
7.36	15.46
4.51	13.87
3.34	16.96
11.91	17.14
9.63	23.05
9.87	18.68
9.11	19.01
6.67	23.28
8.35	24.41
9.28	24.09
9.68	23.96
9.99	23.06
10.45	22.62
9.79	23.78
15.4	19.95
9.33	22.99
9.97	24.96
13.77	23.01
12.04	25.06
12.22	26.32
11.25	22.07
10.56	16.82
11.6	17.24
9.91	20.51
9.75	22.2
12.58	22.75
13.94	26.15
12.61	22.42
8.17	16.6
6.06	16.96
5.38	17.96
8.35	14.99
3.52	17.11
5.2	18.28
6.1	20.23
6.91	22.83
10.94	19.97
7.05	21.02
11.85	16.39
9.23	18.44
11.14	20.05
12.8	20.75
10.03	20.47
8.93	16.71
6.29	19.09
7.39	20.98
11.28	16.18
12.07	20.75
10.51	19.78
11.99	20.37
11.05	20.61
9.65	24.46
12.16	25.03
13.39	27.5
14.2	24.52
11.84	25.1
12.69	22.63
10.85	22.83
10.69	23.26
13.19	25.4
15.34	26.29
15.03	27.6
15.39	28.29
16.73	30.07
17.7	28.23
14.76	18.82
10.66	20.5
14.94	19.65
9.14	24.54
13.34	22.64
8.59	20.1
10.39	18.7
13.79	26.79
13.61	24.31
11.33	20.32
9.38	23.03
10.36	26.65
13.94	23.18
9.59	21.75
10.61	27.09
14.24	28.12
14.49	22.94
10.46	22.97
10.83	23.31
12.93	27.65
14.63	29.04
16.22	25.19
14.47	23.9
14.98	24.22
11.79	25.15
13.17	25.57
13.02	27.51
13.97	29.81
15.77	31.02
16.77	29.63
17.73	29.66
14.93	28.85
12.45	26.91
10.9	27.45
10.56	28.73
12.83	30.91
13.95	20.06
12.16	21.38
9.24	23.49
8.97	26.74
13.78	24.4
10.57	27.35
12.15	29.47
12.7	30.31
14.01	28.27
14.52	27.61
11.86	27.97
10.66	21.9
7.97	25.11
10.62	27.69
12.51	23.32
10.79	18.68
10.17	22.91
11.16	24.24
9.33	25.93
11.08	27.17
13.79	26.79
12.73	28.03
11.83	27.54
12.06	27.99
12.07	28.24
13.67	25.07
12.14	18.91
8.26	20.33
11.71	19.58
12.46	20.53
6.5	19.53
7.54	20.84
8.57	18.69
6.56	20.89
8.93	15.66
7.92	16.71
8.1	15.96
5.06	17.97
6.04	18.93
6.1	20.93
9.53	16.27
3.76	18.19
8.35	16.87
5.28	17.97
9.07	21.79
10.18	16.85
8.09	16.03
7.32	23.22
10.39	18.87
3.9	16.54
7.7	12.1
6.62	15.68
5.69	15.03
3.35	18.11
5.05	21.26
11.08	23.89
11.03	17.3
5.14	17.32
6.6	15.41
8.92	13.44
5.94	16.29
9.14	21.41
7	16.23
3.51	12.78
1.14	15.3
0.83	16.71
1.33	17.61
5.69	21.13
9	21.71
7.1	18.69
7.22	19.85
4.85	17.78
7	18.17
9.44	20.11
8.92	14.08
4.43	12.43
-1.97	7.76
-4.41	8.07
-4.61	8.22
-4.19	8.46
3.04	9.62
3.71	8.11
4.93	11.19
5.62	10.67
7.06	12.43
2.99	13.67
6.01	11.36
2.68	9.14
2.6	7.3
2.64	8.82
-0.9	8.9
0	6.45
-3.23	5.65
-1.18	8.41
0.13	8.75
-2.09	6.21
-0.9	0.17
0.94	6.47
2.86	7.74
2.8	7.81
4.22	6.86
4.21	10.68
0.64	7.99
2.75	10.48
4.61	9.88
4.55	8.6
5.46	12.93
4.61	8.33
2.68	13.97
5.45	11.01
3.11	10.9
8.01	12.94
5.91	7.8
2.6	6.38
3.64	4.74
1.24	4.44
-2.72	2.02
-6.84	-0.64
-6	1.58
-9.06	-0.13
-5.14	2.28
-0.26	1.56
-2.93	-0.49
-5.14	-1.78
-4.77	1.03
-2.37	3.2
0.95	4.18
0.72	2.42
-0.85	2.95
1.58	4.15
-0.46	1.91
-0.38	0.9
-1	0.23
-1.25	-0.53
-1.36	-0.18
-4.08	-1.63
-7.25	-0.35
-3.9	1.82
-0.42	2.11
-4.35	0.91
-5.11	-3.36
-3.54	-1.54
-1.56	6.09
-0.54	5.17
-3.32	1.76
-0.38	10.74
0.54	7.62
2.75	5.01
-1.95	5.27
0.15	10.58
0.6	12.61
1.8	5.86
-1.56	4.32
-3.3	8.15
2.49	6.99
2.13	9.49
-0.87	9.88
3.19	13.32
0.22	5.97
3.71	6.25
0.09	4.53
-4.21	1.8
-7.72	-1.12
-9.57	0.54
-10.84	4.11
-8.49	2.46
-8.98	-1.8
-9.57	-5.51
-6.26	-3.9
-4.1	-0.99
-2.79	2.91
-1.47	2.28
-6.51	2.84
-4.78	-0.16
-1.75	2.84
-8.56	3.34
-2.84	1.99
-11.34	-0.83
-14.85	-5.61
-16.25	-3.1
-14.53	-1.18
-13.2	-1.36
-11.19	-4.77
-16.57	-9.13
-10.06	-5.23
-10.96	-3.27
-10.32	0.91
-2.3	8.41
-2.15	6.77
-4.49	-2.06
-5.23	0.81
-10.04	0.66
-12.01	-0.45
-10.77	2.59
-8.01	1.96
-10.41	3.25
-8.83	4.19
-7	5.55
-5.15	5.46
-3.29	6.43
-3.05	9.74
2.14	10.62
-1.2	10.77
-0.89	8.39
0.46	4.74
-1.01	0.62
-0.16	1.92
1.18	5.6
2.71	4.41
2.55	5.63
0.66	9.1
0.59	7.2
3.25	14.61
5.89	15.22
4.21	12.04
4.19	10.71
5.34	8.22
3.91	12.87
0.35	13.75
1.36	14.81
2.46	17.42
2.37	15.2
1.72	15.52
1.6	14.93
3	13.64
7	18.14
7.69	19.54
11.51	19.48
8.44	14.32
4.34	19.19
7.24	14.46
6.06	11.61
2.45	7.54
1.57	7.6
0.88	3.23
1.33	2.89
3	10.71
3.11	10.56
1.15	14.63
6.87	10.83
7.25	14.66
9.24	16.83
8.25	17.7
5.04	16.12
4.74	15.51
5.25	16.2
7.09	14.85
3.42	13.13
7.97	15.42
5.17	16.55
5.78	16.84
5.12	17.96
4.62	19.94
1.76	15.27
1.04	3.91
2.03	9.34
-0.06	10.37
3.34	9.22
1.1	10.24
-0.64	12.05
5.13	11.45
5.06	10.46
0.87	13.46
2.87	13.16
8.58	15.46
4.21	18.06
7.08	16.53
9.13	20.48
7.26	17.26
9.88	12.6
7.04	9.95
6.78	15.34
4.05	14.44
4.66	14.07
6.66	16.76
4.89	17.57
9.53	16.97
12.01	18.5
6.5	18.57
9.61	16.59
4.68	18.14
9.49	15.2
6.46	10.41
5.47	8.38
5.45	7.91
5.94	13.26
5.1	16.47
6.35	22.34
13.36	24.77
12.82	19.81
5.74	12.57
2.97	13.73
6.91	13.31
4.84	14.13
7.4	17.15
8.38	18.4
6.88	19.27
10.84	22.73
8.78	25.16
10.42	21.23
9.25	23.68
8.14	16.29
7.69	16.76
4.44	18.47
11.84	17.84
10.19	20.74
10.81	22.78
10.97	24.91
13.04	21.16
7.84	23.22
10.45	25.36
13.71	22.65
13.69	24.1
13.44	28.45
15.06	28.51
11.84	23.25
9.31	15.32
6.83	20.53
11.34	22.14
10.79	25.98
12.65	27.44
14.77	28.52
15.61	24.05
14.8	28.85
16.05	25.07
9.3	23.13
7.84	18.89
6.88	19.43
9.02	22.95
12.66	24.53
17.58	24.93
20.14	25.9
18.49	27.27
18.19	26.31
15.51	27.47
15.15	28.73
17.34	28.3
18.15	28.81
17.3	29.56
18.6	31.66
19.07	31.39
16.24	27.84
15.81	22.84
13.55	26.15
15.18	26.92
14.66	23.17
13.97	26.66
19.08	25.15
17.14	24.8
13.91	24.16
13.42	25.32
15.18	27.65
17.1	21.38
13.65	20.9
12.41	19.96
15.03	17.6
15.59	23.82
15.13	25.83
16.71	27.2
15.68	24.53
14.56	21.97
15.97	21.19
17.28	25.15
15.93	25.08
15.63	26.85
15.26	28.39
16.31	29.12
14.42	29.91
17.13	26.78
15.86	27.44
16.92	28.43
15.41	25.46
15.03	24.98
14.97	24.83
11.97	25.19
11.6	25.9
14.56	22.74
14.41	21.36
9.18	22.04
13.11	19.13
11.59	22.41
13.95	24.18
13.03	25.14
16.12	25.23
14.31	24.42
12.09	21.83
9.03	21.85
11.96	19.27
8.7	20.84
8.57	21.73
7.97	22.02
8.27	23.57
9.17	24.95
9.98	24.74
10.25	25.19
10.87	23.57
10.72	19.64
8.94	16.89
7.39	19.98
7.21	21.45
7.75	24.31
12.29	19.32
11.84	15.23
13.52	20.28
14.89	20.85
14.56	21.46
11.6	21.92
12.53	20
6.48	20.32
9.34	20.83
11.62	18.76
13.09	22.48
12.47	18.32
6.02	19.41
7.49	19.19
9.3	22.43
15.4	21.75
9.96	18.17
11.07	21.89
14.81	25.35
12.68	21.42
9.11	15.4
3.82	16.08
2.51	16.09
1.43	15.36
2.3	17.51
5.46	20.21
8.93	14.67
8.97	13.27
8.1	14.18
6.61	12.14
10.08	16.51
12.96	18.59
7.33	19.18
11.78	20.28
11.27	17.1
7.1	18.43
7.53	13.36
6.17	8.19
4.84	9.76
0.29	7.88
0.64	7.27
-2.24	10.58
0.5	8.73
1.68	6.72
-4.6	5.27
-2.95	4.58
-4.06	3.88
-4.68	6.02
-6.16	4.94
-6.15	2.75
-3.23	6.02
-3.42	5.56
-1.95	9.69
5.75	15.05
5.05	13.36
4.27	8.71
-0.93	7.72
2.35	12.54
-0.65	11.6
1.47	8.28
-3.6	7.25
-0.95	9.57
0.26	13.25
8.69	11.79
1.6	10.14
6.09	8.21
4.35	7.24
-0.61	7.31
-0.67	6.48
4.29	6.1
4	5.43
2.64	3.79
1.79	2.6
2.24	3.49
4.29	7.16
4.32	7.84
5.62	6.48
3.93	5.46
3.37	4.73
1.75	2.89
0.78	1.74
-0.72	4.16
-2.68	3.49
-3.54	-1.15
-3.58	6.51
-1.38	2.08
-3.01	1.3
-8.1	-0.82
-13.52	-5.6
-16.26	-6.49
-9.19	0.37
-12.44	-1.67
-11.64	-1.35
-11.05	3.6
-9.58	3.92
-10.23	-0.32
-5.11	-3.12
-4.91	-0.87
-3.38	4.67
-0.52	2.64
-3.27	4.87
-0.53	3.65
0.22	2.68
-1.11	5.51
-1.98	4.9
-3.49	1.18
-2.46	4.2
0.53	2.79
-5.35	1.62
-4.5	5.02
-5.57	4.64
-5.8	3.08
-3.28	12.2
-3.77	11.2
-6.05	2.97
-3.8	8.5
1.08	11.11
-0.7	9.83
-2.65	7.33
-1.31	11.56
1.95	9.05
1.14	3.23
-0.92	2.68
-2.57	3.21
-0.91	1.71
0.36	8.68
-2.88	2.47
-2.31	6.83
-3.23	4.29
-1.24	8.63
-3.5	2.63
-8.25	-3.9
-5.58	-3.41
-3.85	0.35
-5.98	2.87
-5.96	-0.53
-3.48	-2.05
-2.7	-0.96
-3.66	-0.94
-5.19	6.55
-0.86	6.9
1.69	8.31
-1.35	6.09
-3.9	4.91
-3.92	4.56
-1.71	7.35
-1.24	6.46
-0.87	6.61
3.7	12.14
-0.86	10.05
-3.07	8.33
-3.39	3.54
0.84	8.47
1.12	11.52
0.38	13.87
4.97	8.39
-0.59	10.38
3	6.95
0.27	4.85
-3.87	2.1
-6.95	1.57
-6.54	4.01
-3.81	4.39
-1.19	2.32
-3.09	6.78
-0.99	11.48
-3.03	9.88
-3.13	11.37
-2.36	13.23
-2.08	12.38
-1.01	15.1
-0.19	14.79
0.22	17.31
3.59	13.79
2.47	18
0.94	15.02
0.78	12.26
2.61	8.81
-0.93	7.67
-3.54	10.13
-2.7	8.97
-3.02	9.05
0.63	11.55
3.38	9.98
3.99	9.96
2.19	11.31
-2.33	9.18
-0.6	7.9
-3.38	8.07
-3.47	12.64
1.46	9.4
5.64	9.09
4.64	8.96
3.95	11.35
7.08	14.77
8.21	13.01
1.44	8.36
1.82	10.52
1.77	6.47
-0.75	7.95
-0.89	10.54
4.28	13.95
9.16	13.62
3.41	14.01
2.36	16.97
12.65	18.1
7.34	16.89
5.93	10.81
5.11	11.9
2.51	11.28
6.02	11.79
1.91	12.47
0.07	12.35
4.52	16.54
4.66	18.53
5.31	15.38
3.82	16.71
8.26	13.3
6.29	9.25
2.17	11.58
0.65	17.86
7.09	14.61
3.3	13.39
3.41	21.11
9.85	17.62
5.88	19.2
6.6	24.92
9.99	25.98
10.89	26.34
11.63	21.7
9.97	20.31
7.64	11.17
9.78	16.86
8.99	20.19
9.35	20.84
9.16	17.94
7.99	18.8
8.44	19.72
7.53	21.33
12.62	22.56
11.06	18.33
9.81	19.44
12.05	23.52
6.71	18.36
6.09	22.19
8.97	23.41
11.12	23.16
9.08	23.08
9.27	22.71
11.42	16.74
9.3	16.3
9.52	17.24
11.5	17.86
7.21	22.09
12.23	20.63
12.42	20.5
8.53	20.05
6	19.69
6.41	21.04
11.88	18.39
7.43	21.38
8.19	20.98
11.2	21.72
13.97	19.89
12.98	25
15.32	23.48
13.52	21.45
12.57	23.06
10.52	22.63
8.18	22.3
11.81	19.49
9.33	16.86
11.13	20
8.66	21.78
12.9	16.65
13.15	20.61
13.22	23.24
14.07	23.98
11.2	24.55
13.84	24.92
14.35	22.24
12.42	22.56
13.52	25.83
13.49	26.27
13.16	26.23
16.54	27.1
14.47	27.43
13.97	22.94
12.63	22.72
9.86	21.41
10.13	22.98
9.36	25.42
9.98	26.62
12.09	26.97
12.09	26.58
12.78	27.54
14.32	28.93
15.59	25.34
14.8	24.14
13.42	21.97
13.9	23.77
13.32	23.47
13.45	21.3
11.95	25.29
15.23	19.55
15.59	20.71
12.6	25.9
15.77	23.98
13.08	23.8
16.68	26.28
14.11	28.95
17.4	25.52
12.68	27.38
13.39	27.98
14.25	30.65
18.74	28.5
15.26	28.23
12.49	28.59
14.23	30.56
17.01	31.2
18.25	27.45
10.01	25.97
12.24	28.56
14.63	32.81
17.12	32.75
17.56	30.43
16.27	33.32
16.71	32.12
15.56	30.15
13.49	31.99
14.82	33.29
16.25	32.69
14.61	33.43
17.32	34.07
16.54	27.42
13.42	28.11
12.58	29.36
13.2	29.96
15.05	24.99
10.75	27.11
11.38	30.56
14.31	33.27
14.59	35.33
15.08	35.46
15.91	34.02
15.62	30.44
14.25	29.3
13.88	27.77
15.08	31.84
15	33.66
17.05	33.26
16.26	34.82
17.46	33.89
19.22	30.9
13.3	27.63
9.11	23.54
4.62	21.21
7.99	24.83
9.42	19.03
8.19	15.89
6.11	17.32
3.79	21.88
6.44	24.62
12.37	21.23
8.35	22.87
11.66	25.34
11.97	26.22
10.69	24.43
11.01	25.73
9.75	21.76
7.62	24.77
9.17	22.72
9.68	20.34
4.54	19.68
4.55	20.91
6.05	21.78
6.16	24.6
10.47	25.9
10.85	22.43
9.11	20.92
3.58	21.55
12.5	24.95
10.69	25.52
11.21	24.87
12.09	17.63
9.58	15.22
7.03	18.26
6.42	17.26
10.27	14.39
11.28	19.53
13.37	20.24
8.84	20.24
10.62	15.29
7.11	14.82
6.8	11.69
7.69	9.58
5.98	11.65
-2.71	9.42
-3.18	10.28
-2.61	9.57
2.78	8.39
6.66	15.35
2.55	13.41
-0.91	9.6
3.29	8.19
6.15	7.84
3.42	11.43
-0.45	10.42
0.74	11.87
0.52	12.15
5.22	14.3
2.19	10.06
2.82	16.74
4.94	14.62
3.52	5.75
5.27	8.53
4.73	6.59
5.51	8.63
8.15	13.4
5.15	9.26
5.3	10.81
4.58	15.49
2.08	8.53
1.11	11.9
0.91	7.39
-0.66	8.49
2.94	10.01
4.47	8.81
-1.26	7.06
-1.96	8.39
-3.27	4.18
1.97	15.05
5.12	9.37
1.57	6.55
-2.28	5.98
-0.62	7.85
-2.52	7.73
0.32	9.16
3.38	5.77
3.79	4.72
4.07	6.35
3.59	10.64
3.45	11.51
-0.42	7.74
3.71	5.36
1.95	4.75
-0.5	3.04
0.93	10.1
7.73	13.65
6.25	12.97
6.25	12.98
3.18	6.11
1.15	5.79
0.49	2.42
1.33	1.86
1.4	3.46
0.68	2.39
-1.01	1.74
-1.16	6.78
-1.1	4.22
-3.15	6.67
-2.83	0.77
-1.12	-0.07
-1.1	-0.21
-0.82	-0.45
-2.12	-0.68
-2.28	-0.4
-0.52	0.49
-4.06	0.1
-8.94	-4.64
-7.09	-5.29
-6.73	-3.02
-11.62	-0.79
-6.34	-1.65
-11.74	-1.14
-12.84	-0.3
-9.45	-4.86
-7.46	-3.63
-10.6	-7.4
-10.55	-6.47
-9.32	-3.94
-13.91	-3.03
-13.81	-2.59
-6.29	0.74
-2.82	3.7
-0.41	3.12
-2.31	5.56
-1.34	10.29
6.24	13.2
2.04	7.79
0.53	13.45
-0.82	9.57
-0.63	13.39
-1.97	12.6
-2.25	11.26
-1.86	7.76
-2.5	8.78
0.84	15.38
-1.59	11
2.57	11.87
1.53	9.78
3.18	9.68
-2.13	5.99
-1.88	7.06
-2.86	2.38
-1.64	0.96
-7.27	-0.63
-10.86	-0.64
-11.71	0.55
-10.56	3.88
-6.81	7.14
-5.86	8.64
-6.64	6.62
-4.63	7.7
-0.42	5.09
-2.68	6.69
-4.72	4.77
-5.59	5.33
-5.6	5.19
-6.44	4.14
-5.64	5.47
-1.83	0.21
-0.86	1
-4.06	1.03
-8.84	-1.21
-1.85	4.6
-3.59	3.89
-1.94	7.18
-2.23	7.3
-3.71	1.63
-6.32	-1.15
-3.83	-0.51
-2.02	-0.15
-4.64	2.93
-6.85	5.72
-5.89	6.94
-3.57	3.16
-0.32	2.32
-1.14	-0.34
-4.54	-1.24
-5.89	-1.76
-8.99	0.93
-1.05	3.61
-0.31	2.53
-1.9	4.04
-5.01	7.07
-2.15	8.54
-2.03	11.14
-1.57	11.43
-0.32	12.55
-0.78	13.95
0.76	15.9
3.56	13.54
8.08	21.22
6.83	18.48
1.53	19.5
3.67	22.53
5.66	20.19
9.71	20.02
5.9	12.56
3.88	7.24
2.25	5.29
0.2	4.6
0.51	3.72
1.08	7.03
-2.91	6.45
-1.34	12.12
4.76	11.8
4.56	8.19
0.37	9.34
5.2	10.13
4.06	13.11
1.32	13.8
4.52	14.85
3.76	12.3
2.19	12.3
0.23	11.66
3.82	8.46
3.95	5.58
3.85	13.66
5.43	15.47
6.38	12.08
8.57	14.34
2.1	13.8
4.28	15.76
9.42	18.12
9.23	15.28
4.85	20.32
8.7	22.25
7.69	23.34
8.51	23.39
10.25	23.26
13.54	21.97
13	18.66
6.27	23.27
7.42	22.57
10.57	20.44
6.8	22.11
7.99	22.31
9.31	22.19
10.17	20.52
10.66	14.76
6.92	18.35
10.32	19.88
10.09	21.42
10.34	20.68
10.11	20.74
7.91	22.66
7.52	23.62
6.89	23.63
8.28	23.14
10.32	22.35
11.46	21.34
10.79	22.71
8.66	24.53
11.99	25.44
12.5	25.98
12.09	27.71
9.96	23.43
9.32	18.07
9.97	22.11
10.37	25.01
12.26	28.43
17.26	25.02
16.47	26.92
10.95	22.94
11.83	26.96
15.34	23.73
9.73	24.8
11.47	27.94
14.3	24.9
13.49	22.06
14.26	25.59
13.03	28.26
14.13	29.51
14.7	23.47
13.69	25.14
12.86	28.05
15.63	29.59
13.76	25.29
7.87	20.3
12.49	19.93
7.98	21.98
9.79	21.25
11.42	19.5
8.01	22.03
9.78	26.84
12.27	29.64
15.15	23.84
12.9	23.9
16.46	27.28
13.99	23.5
6.52	20.75
9.92	17.83
8.18	16.84
11.4	18.33
7.57	20.76
7.17	23.64
11.2	22.45
10.07	25.92
13.53	28.35
16.96	30.86
18.36	30.11
13.85	22.17
8.31	21.03
13.32	22.39
10.51	25.6
13.44	27.9
15.76	25.71
10.32	19.53
8.59	18.85
7.38	20.98
11.99	21.76
16.16	28.44
14.91	29.39
16.81	27.21
17.58	26.66
17.99	24.2
13.86	19.78
14.43	21.71
11.57	22.37
11.14	26.59
13.6	29.3
13.69	25.16
9.65	23.32
14.89	23.54
16.41	25.85
15.62	30.31
18.7	32.83
14.2	24.82
11.13	28.4
13.77	32.12
14.26	33.93
15.33	33.51
15.12	28.49
13.47	25.37
12.87	25.21
14.82	21.03
13.04	25.05
10.94	23.3
8.91	25.83
11.39	29.82
13.75	29.49
12.45	30.31
11.89	31.22
13.34	31.05
14.59	24.25
12	25.86
11.31	28.04
14.22	30.87
14.33	32.95
18.86	31.71
14.39	28.09
10.18	16.48
9.7	16.68
8.65	17.35
11.88	17.9
10.94	17.68
4.77	19.91
9.74	18.69
7.51	15.97
6.89	18.76
9.26	18.89
8.32	16.55
9.04	16.86
3.8	17.57
4.79	22.49
9.22	24.09
13.07	26.22
17.33	24.6
10.43	20.62
10.34	19.89
9.92	23.95
15.31	22.42
10.37	21.18
8.88	22.28
11.92	16.49
11.31	15.63
8.12	15.83
11.91	17.38
7.93	20.92
9.89	21.89
10.11	25.7
14.56	25.09
11.44	21.18
12.12	17.26
9.74	15.85
5.33	17.84
9.25	12.21
3.11	10.29
6.96	18.36
11.29	19.13
11.77	16.57
9.67	12.29
4.34	19.4
10.18	21.58
14.6	19.98
12.91	22.54
11.38	19.62
6.17	18.66
7.37	22.27
11.9	23.16
14.48	23.19
14.14	25.33
12.01	20.62
5.16	18.07
11.36	17.89
4.1	11.86
4.26	6.78
5.7	8.07
6.34	7.92
4.94	9.12
8.76	13.07
6.99	15.31
4.7	11.03
3.2	8.69
-0.67	8.14
-2.3	10.11
-1.63	10.91
-1.83	4.88
0.7	6.1
1.72	4.84
3.97	5.47
4.25	8.51
7.3	8.44
8.13	9.09
9.43	10.39
9.29	17.57
6.45	13.15
6.69	10.14
6.32	7.84
5	7.65
0.02	5.83
-2.29	-0.82
-7.52	0.33
0.06	0.86
0.62	3.44
0.27	2
-4.51	0.02
-8.7	-2.93
-8.86	-5.34
-5.21	-2.87
-5.28	-1.17
-8.37	-2.38
-4	-2.05
-2.14	-1.07
-6.73	-2.41
-9.41	-4.37
-6.79	-5.76
-6.31	-4.1
-3.19	-0.62
-5.61	-1.77
-5.35	-1.69
-7.65	3.64
-6.23	5.02
-7.35	2.7
-3.16	3
-4.45	-0.17
-2.93	3.65
-1.81	9.33
-2.34	6.21
0.9	3.93
-2.63	7.12
-4.11	7.27
4.42	9.03
1.39	4.5
1.6	7.42
-0.78	5.16
-0.34	6.93
-2.03	9.78
7.49	12.24
7.16	14.38
2.17	7.21
0.52	9.88
-0.97	7.35
-0.29	6.08
-2.42	-0.43
-1.23	0.01
-1.41	0.95
-7.86	1.03
-10.27	-1.96
-7.1	3.56
-0.72	5.23
-0.23	3.89
-2.95	6.55
-2.33	7.83
2.92	8.42
3.78	9.98
6.83	13.7
6.37	12.78
3.29	9.6
2.73	6.42
3.8	10.29
2.84	10.08
0.9	9.34
0.78	6.59
2.09	8.03
-0.03	2.89
-0.06	3.5
-2.55	2.44
-6.77	3.71
-6.3	-1.65
-1.85	2.45
-7.45	5.12
-5.32	6.47
-2.33	11.54
-1.98	8.95
1.87	9.37
-2.37	8.5
-0.24	6.59
-1.98	5.51
-1.03	8.48
-0.18	8.73
-0.95	8.89
-1.89	9.17
3.5	12
-0.41	7.73
-0.83	12.76
5.43	12.2
1.83	7.48
-0.97	7.14
3.26	5.79
-2.07	6.2
-0.37	6.11
-1.2	2.71
-6.03	-1.86
-7.97	-6.15
-13.27	-3.45
-16.18	-2.84
-13.92	-4.66
-10.23	-2.65
-3.82	-1.34
-11.96	1.78
-4.91	4.41
-5.12	6.8
-3.07	9.69
-0.48	6.45
-0.24	12.52
-0.65	13.29
3.69	17.32
9.29	13.74
9.62	16.52
7.29	13.21
3.84	14.76
3	9.85
-0.66	10.85
-0.57	9.58
3.58	12.47
5.38	12.05
8.32	12.49
5.52	18.77
5.95	14.69
2.95	16.5
6.02	17.1
5.11	17.4
4.37	19.01
4.58	13.6
5.67	12.31
-0.79	10.52
1.77	15.26
4.48	11.96
1.85	8.11
4.74	6.62
4.59	13.04
8.14	17.77
9.25	18.15
7.15	14
0.42	8.07
-1.92	8.71
0.82	15.01
7.14	19.66
8.02	21.61
7.95	19.94
6.22	14.88
2.41	11.08
0.57	13.04
5.09	10.09
2.52	8.06
3.54	12.32
0.26	13.2
4.34	13.51
2.98	9.7
5.12	12.71
3.21	8.45
2.62	12.4
6.89	16.67
6.31	17.79
8.09	14.98
9.1	13
8.03	11.42
4.21	10.96
6.95	10.66
6.22	16.35
5.14	18.37
6.89	20.08
6.79	21.56
7.46	21.57
8.04	19.59
8.76	20.06
10.32	20.14
9.06	20.85
8.58	23.98
10.19	20.93
6.45	13.23
3.14	16.02
2.86	19.32
11.49	15.63
6.53	13.16
5.62	16.23
3.27	14.63
3.05	17.7
5.76	16.56
7.02	17.98
6.9	19.39
7.68	20.25
7.3	20.39
12.01	24.48
11.39	25.64
16.37	25.66
14.07	25.99
13.12	21.1
11.9	18.82
11.38	21.06
11.19	23.15
12.4	21.35
12.41	24.45
16.02	22.93
13.64	25.66
13.47	22.36
7.41	20.24
12.81	20
10.45	17.35
7.11	18.51
7.11	24.48
10.74	26.7
17.64	26.56
13.02	23.32
10.68	17.42
7.65	16.31
4.31	19.41
12.74	24.12
11.64	23.85
9.55	15.32
8.49	16.05
10.48	14.26
11.65	18.04
12.64	18.73
13.05	22.83
11.45	22.65
11.6	19.45
9.34	23.4
13.52	28.03
13.6	25.37
15.28	23.57
12.03	27.54
14.49	25.36
14.8	24.34
16.55	25.47
16.51	30.12
17.57	30.94
15.05	31.98
17.48	28.95
17.33	29.03
18.36	26.79
14.22	27.58
14.97	28.85
17.49	30.7
18.8	28.48
15.85	26.57
17.23	23.52
14.54	21.27
15	22.5
13.51	20.33
13.64	25.19
14.97	26.13
15.83	26.57
16.24	26.81
15.01	26.31
15.39	28.25
16.54	29.35
18.65	29.95
17.25	25.24
18.07	22.85
17.16	25.04
14.25	27.66
14.19	29.24
14.54	29.33
15.38	29.67
16.73	30.6
16.87	29.42
18.04	31.2
16.44	30.83
16.5	30.92
14.81	32.33
14.99	32.56
16.4	32.1
16.84	31.81
17.07	30.55
15.81	31.94
16.52	32.3
16.74	31.25
15.92	31.21
15.7	29.76
17.11	32.94
18.95	30.5
15.47	24.96
13.74	25.41
13.26	22.53
11.74	23.12
10.35	23.93
11.14	25.78
12.77	21.57
9.73	23.45
13.1	25.49
15.59	26.62
15.62	27.4
13.56	26.63
13.7	22.67
13.96	18.09
12.92	22.81
10.62	25.61
12.07	26.61
14.73	22.16
14.6	20.3
14.93	25.92
15.07	28.11
17.02	27.31
15.26	20.18
11.92	21.88
11.5	23.61
13.69	23.31
13.19	26.1
14.55	26.06
12.55	21.78
8.04	21.82
9.9	23.92
11.76	25
13.37	27.1
14.05	25.8
15.64	21.91
8.27	19.94
10.39	14.49
7.3	12.32
5.92	15.44
7.26	16.38
4.67	18.28
8.87	22.66
10.02	19.07
14.57	24.52
13.57	24.22
13.56	23.16
15.59	24.95
13.16	19.5
11.84	21.76
9.56	21.48
12.06	22.62
13.39	21.16
13.31	22.03
6.72	17.55
4.68	12.4
1.14	9.11
1.52	4.94
1.46	5.55
-1.4	10.75
1.16	12.43
-0.78	13.96
-0.51	15.44
0.8	16.42
2.97	15.99
1.92	14.47
1.9	12.92
4.45	9.82
-0.16	7.94
-2.75	9.4
-1.75	9.59
0.16	7.4
3.3	6.85
3.64	8.49
5.48	8.02
5.34	15.97
3.63	16.22
4.6	14.57
4.28	14.55
6.45	12.13
1.63	11.15
4.21	17.1
6.2	17.54
8.94	13.73
8.94	11.13
7.17	13.95
8.57	10.64
4.47	9.4
3.97	5.86
5.14	9.95
6.33	8.21
7.7	11.23
7.32	9.74
1.22	6.56
0.81	3.71
3.27	8.36
5.26	13.36
5.31	14.63
3.62	10.39
3.6	9.41
0.98	7.86
2.03	7.33
2.64	11.14
6.01	9.34
3.15	12.2
2.9	9.74
3.51	11.62
4.19	9.54
3.21	6.94
3.79	9.94
-0.83	10.79
0.38	8.18
-2.84	5.7
-6.06	2.25
-5.8	-0.11
-5.55	1.42
-1.42	9.36
-1.36	7.73
2.1	8.46
-2.67	3.52
-1.11	3.36
1.28	4.26
1.8	8.41
2.38	13.8
1.86	12.07
1.41	8.13
-2.13	3.13
-6.6	1.87
-3.27	6.27
-6.6	3.6
-3.03	1.44
-2.28	0.01
-2.1	-1.22
-2.12	-1.4
-2.84	-1.39
-3.04	-1.04
-2.27	0.06
-1.22	-0.05
-4.94	1.23
-2.05	3.95
0.89	8.37
4.56	10.28
0.45	7.5
-0.82	2.1
-3.29	4.16
-5.8	1.93
-3.95	-0.35
-5	-3.32
-4.89	-2.04
-4.87	-0.14
-8.45	-2.6
-7	-1.08
-7.45	1.47
-3.05	3.87
-4.45	4.31
-1.84	1.9
-5.14	-0.63
-11.23	0.74
-2.43	4.65
-6.55	2.76
-5.51	-1.98
-4.79	-2.23
-5.13	-3.72
-3.89	-2.75
-3.67	0.92
1.14	10.68
1.01	8.9
-1.57	9.65
3.59	13.75
2.21	12.25
-2.34	6.32
1.14	10.48
1.8	10.67
-1.01	7.29
-4.78	6.44
-2.77	8.39
-1.49	5.39
-3.73	4.94
-1.88	7.9
-0.62	11.77
1.88	17.65
2.15	12.32
2.83	10.72
-0.4	3.32
-2.58	7.16
0.61	14.17
-0.8	13.22
6.6	8.83
1.38	11.6
3.34	8.55
-0.61	11.36
3.93	6.99
-0.54	9.54
0.32	12.85
1.36	13.09
1.01	8.34
1.33	9.3
0.36	7.16
1.22	11.94
0.72	9.21
0.54	7.41
-2.09	9.88
-0.88	12.97
4.1	8.5
2.81	7.76
1.63	5.71
2.08	6.97
-0.37	6.7
1.32	7
-1.78	9.93
1.35	9.01
-0.01	11.14
-1.92	11.4
-0.72	11.79
0.23	7.89
-0.31	4.48
-2.35	2.23
-0.69	2.14
-1.29	8.83
4.82	14.8
5.97	15.43
1.52	11.84
-0.71	7.72
-0.35	6.35
1	6.72
2.34	15.09
2.33	19.23
5.45	13.33
5.34	14.59
-0.07	11.24
-2.5	7.46
1.26	5.11
0.29	6.23
0.84	7.98
6.68	15.82
10.02	23.5
8.33	23.65
8.46	16.79
6.72	19.6
7.73	20.48
8.27	15.07
1.35	8.76
1.24	8.73
3.93	7.85
1.59	9.77
4.51	7.14
2.07	7.45
2.2	7.17
2.94	9.87
5.78	13.5
5.53	17.33
6.47	18.78
10.84	20.09
7.81	22.17
7.89	25.14
8.5	26.02
10.28	22.28
10.48	14.94
8.37	14.17
8.46	17.07
7.59	18.73
8.11	19.95
9.16	21.13
10.15	19.14
9.79	15.27
2.57	13.93
2.47	18.7
8.3	20.57
6.9	22.76
9.92	25.91
8.81	23.86
12.21	19.7
9.95	15
7.21	14.32
11.39	15.04
12.68	16.89
8.85	14.63
3.62	12.97
4.31	18.62
11.52	14.82
9.27	18.75
11.19	16.05
9.01	11.74
7.55	11.85
7.84	16.19
5.78	20.19
7.75	23.57
10.12	24.82
12.32	25.15
14.56	26.67
14.03	24.49
14.77	26.71
14.08	27.16
14.78	24.97
13.24	17.96
8.93	20.07
8.35	20.14
8.59	21.97
11.39	20.89
11.08	19
12.03	19.22
10.63	23.45
11.34	24.6
11.16	21.38
14.44	20.99
13.95	19.03
9.39	21.58
8.73	20.56
10.63	19.01
10.86	21.28
11.39	22.8
9.67	22.02
11.71	24.01
14.5	26.26
14.48	28.39
14.12	22.88
8.02	15.11
9.91	12.93
10.93	17.03
11.91	21.31
14.2	22.67
15.55	23.87
11.17	23.91
11.89	27.46
14.78	28.69
16.71	27.84
16.4	28.76
15.34	25.73
16.51	22.5
15.73	20.63
12.5	24.27
14.52	27.45
14.83	28.37
15.47	28.65
15.35	28.52
15.69	29.54
17.11	29.56
18.71	29.4
17.06	26.5
17.22	28.66
17.36	24.12
15.03	26.54
17.45	26.85
17.3	28.1
15.93	28.59
16.66	29.56
17.35	28.2
16.08	25.84
13	27.37
13.01	28.72
15.92	29.79
18.73	24.94
17.51	20.4
15.98	26.95
14.12	28.24
14.04	29.65
14.55	25.72
11.19	26.57
11.9	27.32
13.14	27.61
13.65	27.83
15.93	28.39
15.17	27.31
15.19	18.98
13.85	24.42
9.8	26.89
11.32	26
10.19	26.5
9.86	27.75
12.9	22.72
10.86	20.2
9.53	21.59
12.02	25.75
15.47	23.48
14.9	22.41
13.6	21.4
13.89	26.5
14.44	27.02
15.64	26.79
14.67	25.74
15.78	26.07
10.34	23.44
8.8	16.58
5.37	17.12
6.67	15.78
4.03	17.51
6.33	13.05
9.1	15.48
9.74	20.42
11.12	17.57
5.11	19.22
8.92	20.58
7.51	21.75
13.39	20.52
13.41	22.34
8.92	21.05
9.53	22.98
10.85	24.66
12.65	23
13.51	17.97
11.84	14.36
8.18	19.97
10.94	17.99
9.27	19.8
9.83	17.78
12.35	21.36
10.17	20.49
9.22	16.71
8.71	16.59
6.7	18.14
5.82	18
6.3	18.82
6.61	20.2
7.81	14.38
5.64	12.48
0.42	14.45
3	11.95
5.3	19.91
6.69	19.03
7.92	20.47
7.92	22.57
9.91	19.09
10.27	19.99
10.93	22
10.54	20.65
10.43	20.83
8.03	21.46
7.8	21.46
7.26	21.02
6.88	17.73
8.1	14.37
8.77	17.31
7.92	15.44
5.36	18.21
6.03	19.41
6.87	19.48
6.4	12.75
2.39	11.43
-1.81	11.86
-2.25	11.85
-3.09	12.4
-1.22	14.22
-1.87	12.16
0.68	12.08
3.13	15.27
5.21	11.28
7	13.11
6.77	15.52
3.72	9.37
0.08	11.74
-0.66	6.88
0.33	3.19
-1.38	3.89
2.29	7.98
1.6	5.35
-2.63	4.86
-2.86	7.43
2.45	7.78
1.61	4
3.89	4.18
4.9	5.6
4.28	11.19
5.14	14.21
9.36	13.77
0.54	8.77
-3.78	2.53
-1.58	3.93
-3.4	3.38
-7.98	1.96
-8.05	-0.44
-0.96	5.35
-3.15	-1.43
-3.04	0.71
-1.88	9.33
-0.29	5.64
3.19	4.17
2.32	3.59
0.25	1.6
1.28	2.72
0.01	2.84
-1	0.52
-2.44	-1.05
-2.15	-1.23
-1.86	-0.42
-1.15	-0.35
-1.45	-0.19
-2.24	-0.76
-2.83	-1.65
-2.26	0.94
-3.87	-1.15
-2.68	-0.44
-0.61	-0.28
-0.72	-0.43
-0.92	-0.5
-0.56	0.03
-0.17	1.1
-0.94	3.29
-2.22	0.69
-2.94	4.14
4.36	10.97
4.08	11.9
1.49	9.25
-0.61	3.39
-3.89	-0.42
-10.47	-3.28
-14.95	-6.52
-8.62	-7.28
-7.73	-4.47
-3.25	0.28
-2.68	-0.39
-3.56	-2.24
-7.11	-0.7
-6.58	-2.99
-10.96	-3.8
-5.56	-2.3
-1.68	0.02
0.23	0.27
0.61	4.98
2.47	8.54
2.82	10.44
-1.42	5.34
-4.49	-0.28
-1.74	1.37
-6.9	-1.97
-6.52	-2.59
-6.32	-4.26
-4.3	-2.76
-3.54	-2.84
-3.9	-2.11
-3.9	-1.79
-6.8	-3.31
-5.86	-4.61
-7.63	-6.25
-7.85	-5.4
-4.95	-2.4
-4.04	-2.53
-4.04	-1.26
-6.1	-0.69
-10.1	-1.07
-13.8	-2.47
-12.74	0.24
-5.83	-2.05
-2.55	0.49
-6.35	-1.33
-14.94	-4.31
-8.49	-3.94
-7.37	-3.85
-9.94	0.14
-17.31	-3.66
-9.29	-0.69
-9.88	-2.1
-3.27	-0.15
-0.59	4.28
-3.15	1.28
-9.64	2.97
-1.83	6.93
-3.58	6.45
1.29	6.73
-1.86	5.06
-3.54	0.56
-4.28	-0.81
-9.93	-1.13
-11.64	0.72
-11	3.35
-5.69	6.07
-4.65	6.17
-4.43	4.55
-7.01	6.96
-2.74	1.47
-3.95	1.96
-3.97	0.73
-6.39	-0.79
-9.78	3.57
-0.79	3.93
0.13	4.35
-3.68	2.98
-4.53	1.96
-6.98	3.14
-3.65	-0.2
-3	-1.74
-1.93	0.34
-1.01	8.85
-1.68	3.89
1.21	2.32
2.1	6.98
3.01	5.33
1.67	7.46
-3.2	9.2
-1.27	10.52
1.24	6.95
1.03	9.67
3.17	12.11
6.94	11.16
3.47	11.96
3.27	9.22
0.1	7.62
-3.03	10.28
1.43	7.89
-1.21	7.81
0.27	6.93
1.32	3.24
1.22	3.09
1.8	2.72
4.07	9.2
2.46	16.08
3.99	16.73
4.08	16.49
4.45	15.28
4.69	13.63
4.08	15.09
4.35	13.82
-0.16	3.91
0.8	8.4
1.16	7.53
6.38	9.82
4.28	16.27
3.86	17.92
5.62	19.79
5.15	22.37
8.26	23.15
9.69	24.81
15.05	20.53
11.56	20.75
12.41	18.24
12.25	15.7
9.58	16.13
11.58	20.65
10.11	21.33
11.87	17.93
11.35	16.63
9.85	19.92
11.36	18.54
6.58	19.64
5.79	18.78
11.36	19.52
9.56	23.33
12.37	20.65
13	21.13
11.11	17.47
8.37	19.43
13.2	16.35
14.36	16.78
12.59	17.38
14.7	20.93
13.21	21.81
12.25	25
17.21	25.87
15.25	26.83
12.6	23.88
9.51	18.81
9.5	17.11
8.73	18.69
9.87	22.67
12.3	25.43
14.31	22.25
13.46	19.84
11.7	16.63
7.46	16.53
6.4	21.79
8.87	24.63
11.17	25.72
13.39	27.02
12.59	27.77
15.2	24.44
12.78	23.19
10.72	25.76
12.71	28.06
13.73	29.64
14.19	30.82
15.14	30.94
16.26	31.35
14.68	30.01
16.29	23.72
9.03	20.33
7.65	19.39
6.47	21.51
7.17	23.51
8.27	26.52
13.45	26.81
11.27	26.1
13.71	20.61
11.81	25.33
9.42	14.06
6.18	19.09
7.61	19.29
11.79	16.6
10.77	20.97
12.04	22.8
11.22	26.14
12.22	22.32
10.88	15.97
13.47	17.8
13.47	20.34
10.67	23.47
13.67	25.43
18.07	26.02
14.16	22.87
14.53	27.03
9.83	19.96
7.8	17.72
11.21	19.15
13.1	22.74
11.92	26.16
13.89	28.04
15.43	29.11
17.76	22.8
10.17	20.64
10.73	23.53
9.21	20.08
7.39	20.22
7.02	20.9
8.36	22.05
8.48	24.26
14.99	26.49
16.12	22.35
14.32	23.32
11.51	24.97
17.18	28.18
15.61	27.06
17.65	24.62
14.61	25.49
12.38	28.08
13.32	29.03
15.3	26.38
13.34	20.98
7.75	22.13
8.43	23.58
11.91	23.48
14.24	20.21
10.67	25.08
12.38	25.31
11.63	25.63
15.26	23.61
13.96	23.18
14.38	25.03
15	22.04
14.31	24.05
13.11	23.35
14.01	21.53
14.26	23.87
11.97	25.62
11.29	25.96
12.9	26.39
13.29	25.76
12.58	26.54
13.78	19.99
10.73	24.32
13.44	25.7
14.42	24.92
12.61	21.81
13.15	23.02
13.44	20.59
12.8	17.51
11.88	14.94
12.69	15.73
13.1	20.53
10.6	15.19
6.54	15.5
4.81	14.75
9	16
5.24	15.91
6.64	16.46
7.56	19.98
7.95	17.89
8.46	13.18
4.81	10.93
5.11	16.06
6.79	14.79
3.27	13.7
4.52	12.05
4.6	14.67
9.22	11.02
9.88	14.27
12.25	16.01
9.92	13.17
8.65	11.92
7.37	11.23
3.85	15.56
5.9	16.52
7.09	17.21
7	17.66
11.07	20.48
9.63	21.45
8.98	17.98
7.79	13.84
2.48	14.93
9.45	12.11
9.29	11.36
8.95	13.97
9.26	17.23
10.39	15.03
9.46	16.62
6.87	13.86
6.68	16.75
3.66	16.91
7.02	17.73
9.43	20.8
12.12	18.43
10.8	16.56
7.86	12.55
4.4	15.93
6.89	16.08
7.69	11.28
7.21	14.68
4.27	12.56
3.31	9.59
0.96	11.05
-1.68	11.79
-0.25	13.86
3.06	11.22
5.29	17.29
5	14.67
-0.74	12.47
0.65	10.62
5.51	18.15
3.83	17.49
3.27	18.22
6.81	18.03
7.27	15.04
3.95	16.68
7.74	15.28
4.06	12.54
0.52	11.31
8.44	15.69
12.76	19.02
12.42	18.94
7.44	15.29
3.51	11.41
3.98	12.09
8.27	14.61
9	13.27
6.6	10.41
6.19	10.67
2.54	8.66
0.61	3.34
-1.08	3.05
-1.8	1.52
-4.25	3.24
-1.17	1.04
-0.18	2.03
-1.45	0.39
-1.81	2.63
-2.07	0.54
-1.14	5.1
-3.19	2.44
-3.06	8.2
-2.02	5.5
-2.43	-0.9
-2.33	-1.83
-2.53	-1.98
-2.3	-1.84
-2.78	-1.62
-1.76	-0.11
0.07	0.76
-0.04	0.79
-0.06	3.02
0.71	5.68
-1.36	3.52
-1.44	3.06
-1.54	1.38
-1.15	1.06
-1.94	8.3
0.21	2.89
-2.5	1.92
-4.68	-2.83
-3.83	-2.48
-6.18	-3.27
-6.87	-4.96
-10.24	-5.66
-15.33	-8.39
-18.37	-10.79
-14	-8.12
-14.45	-7.91
-18.72	-10.17
-12.19	-9.34
-10.79	-7.09
-6.99	-4.07
-3.5	-1.96
-4.02	-1.96
-3.6	-1.82
-4.28	-2.73
-4.05	-2.15
-2.41	-1.93
-2.94	-2.14
-1.86	-0.6
-4.92	-1.1
-5.79	-0.45
-2.94	-0.32
-3.26	-1.94
-2.81	-1.85
-3.49	-3.28
-3.82	-3.41
-4.36	-3.77
-2.9	-1.31
-1.42	0.9
-1.35	-0.24
-0.76	-0.31
-1.01	-0.71
-0.86	-0.47
-5.33	-0.76
-7.87	-3.19
-4.64	-1.16
-8.12	4.73
-8.04	1.69
-2.91	0.95
-4.88	2.08
-7.91	1.11
-10.45	0.99
-10.39	1.53
-5.07	5.2
-1.05	6.88
-5.59	5.63
-3.24	9.33
-3.37	11.06
-3.52	10.67
-2.77	10.09
0.44	10.51
2.69	12.05
-0.04	10.29
1.15	7.11
0.25	5.49
-4.79	3.2
-5.12	4.09
-0.47	9.31
-2.64	12.14
2.09	13.57
1.84	15.57
-0.22	16.15
1.63	13.01
6.78	14.62
8.26	14.77
4.15	10.35
2.06	9.3
-1.61	13.96
0.46	17.36
3.62	20.28
3.17	7.44
-0.12	12.83
-0.61	12.31
1.07	10.72
-1.34	10.35
-2.71	13.69
0.28	13.14
-1.2	11.92
-2.92	13.55
-0.45	17.74
2.61	15.69
3.2	15.24
6.06	14.3
2.63	10.18
0.34	2.35
0.59	4.63
1.7	6.78
-0.69	4.11
0.14	5.95
-1.64	4.39
0.83	4.73
0.07	8.26
2.57	8.36
1.05	15.25
3.47	13.49
0.63	10.17
0.09	8.04
-0.04	9.5
6.37	12.85
4.1	17.63
8.44	18.76
5.19	12.36
0.15	8.52
4.11	12.01
0.13	5.44
-1.63	8.24
-2.79	11.83
1.03	19.07
7.75	21.57
2.09	16.06
-0.38	5.98
-2.94	12.94
3.63	10.48
-0.05	5.42
-1.2	9.38
5.39	16.66
2.38	17.74
1.72	10.17
1.02	6.81
2.55	6.64
5.78	11.51
-0.84	14.23
1.75	18.11
6.1	14.12
3.98	17.03
9.39	15.11
7.34	14.75
9.38	17.13
8.28	17.28
7	19.89
7.24	26.34
10.69	25.85
11.17	21.83
13.48	21.99
9.9	18.22
6.07	14.82
4.15	17.26
9.87	19.69
7.27	22.6
12.66	26.62
14.27	28.35
13.6	28.08
11.37	27.26
10.7	27.76
12.63	27.06
12.12	27.96
12.61	25.93
11.99	26.71
14.93	23.76
10.42	19.35
7.56	20.68
12	16.49
7.9	15.58
5.8	15.45
9.61	19.33
9.23	15.22
5.32	16.94
8.94	16.9
7	14.75
1.83	17.64
9.43	15.55
9.47	21.13
11.95	20.49
7.77	22.22
14.21	21.89
12.35	21.95
8.13	23.2
11.84	25.54
11.71	25.95
11.36	26.44
14.38	26.3
16.38	24.53
14.25	28.15
14.55	25.42
13.18	25.12
14.5	25.07
12.98	18.49
8.39	20.78
14.44	22.68
11.52	24.82
15.63	27.04
9.63	23.85
9.22	21.33
9.04	21.35
9.34	22.4
14.08	26.16
15.15	28.52
15.78	29.85
17.7	26.22
12.76	22.03
11.45	24.88
15.45	25.29
14.23	27.82
16.32	25.07
13.8	19.13
12.39	15.53
13.74	18.75
14.51	24.3
13.64	25.4
14.25	21.36
15.2	23.49
13.11	24.04
13.48	23.62
15.43	22.35
14.42	23.15
13.54	25.47
16.2	21.67
15.08	21.02
12.56	23.28
11.95	22.93
15.02	23.97
14.1	26.57
16.66	26.12
16.66	25.42
13.18	22.39
12.18	25.63
14.82	26.11
15.97	19.59
12.34	25.41
14	26.7
11.45	21.69
9.16	21.8
12.43	23.75
11.85	26.81
14.33	27.17
15.75	21.55
11.88	25.38
12.96	25.06
15.48	23.14
12.81	23.12
11.46	25.38
11.6	26.17
11.75	27.44
13.29	28.13
14.81	29.15
12.73	26.25
13.14	25.93
14.86	22.91
14.76	25.08
14.57	21.33
12.82	26.35
12.54	26.32
11.93	26.4
12.16	26.96
12.27	26.19
11.98	27.07
14.01	25.97
14.41	27.84
12.91	22.2
10.1	21.78
11.09	25.26
11.67	25.57
11.85	26.1
12.87	26.86
13.42	26.18
13.91	26.16
13.79	27.14
14.97	23.93
10.92	21.8
10.51	25.31
10.88	19.55
7.75	19.63
7.95	25.13
17.03	25.89
10.33	19.38
5.83	17.25
3.78	19.09
4.97	19.64
6.24	20.64
7.61	23.01
8.36	16.07
2.63	16.79
2.85	17.77
4.16	19.22
5.17	16.93
5.08	17.86
8.24	19.11
7.36	19.79
8.11	18.05
6.18	18.79
6.91	19.07
11.52	14.42
10.79	21.38
6.4	16.09
3.27	16.91
4.02	21.15
6.05	20.86
12.37	23.14
11.07	21.55
11.44	25.31
11.86	22.69
8.52	18.68
8.06	12.15
3.4	13.76
-0.73	11.33
-0.56	12.49
3.15	10.26
3.8	9.24
0.27	10.24
0.52	12.15
-1.62	13.65
0.6	7.93
1.97	7.99
-2.03	7.77
0	11.44
-3.84	10.31
-0.21	5.07
-2.69	1.57
-6.91	4.01
-8.03	4.58
-8.93	4.31
-5.6	4.76
0.66	7.55
-3.89	9.36
-3.36	11.59
-2.95	6.07
-3.66	10.29
5.99	18.26
14.58	20.55
12.57	18.21
5.9	14.05
7.94	14.7
4.24	14.5
6.29	16.58
6.51	13.61
5.25	8.36
0.98	10.84
-0.96	3.05
1.85	4.77
0.89	4.72
-3.8	3
-6.28	1.85
-6.72	2.86
-2.58	5.23
-2.1	0.64
0.66	1.57
1.1	2.8
2.31	3.74
2.37	3.8
3.48	4.39
2.62	2.8
3.87	5.79
4.74	5.63
4.43	6.02
3.7	5.09
0.26	6.43
-2.33	5.01
-4.76	2.36
-4.96	2.13
-0.41	5.61
-0.9	2.31
0.15	3.66
-0.43	7.97
4.14	8.04
1.41	9.14
-1.82	7.15
-3.2	2.28
-5.5	-3.65
-11.71	-5.27
-6.99	-5.4
-5.07	2.95
-0.75	5.26
0.3	2.44
1.41	3.3
-0.49	3.84
0.18	2.97
-0.77	8.89
0.95	9.5
3.27	5.7
-0.47	5.06
-1.08	8.4
-3.11	5.81
-2.88	10.42
-2.07	3.57
-1.71	9.8
3.23	8.12
4.53	12.2
0.91	9
0.67	11.98
0.35	11.66
-1.04	14
1	7.29
-1.08	13.23
-2.09	10.2
-4.15	3.78
-2.16	2.98
-1.21	2.19
-0.07	5.53
-0.96	10.12
-0.95	8.11
-4.43	7.16
-0.4	4.31
0.6	4.92
1.09	3.25
0.65	1.92
0.72	2
-5.3	0.37
-4.05	-0.86
-8	-0.01
-7.53	0.27
-9.17	-0.57
-6.4	2.07
-6.14	3.74
-7.87	4.93
-8.66	-2.34
-11.08	-2.71
-10.66	3.83
-9.05	3.01
-9.75	4.54
-8.49	7.89
-5.47	8.01
-4	7.89
-4.89	6.74
-0.04	15.09
-2.25	15.63
1.41	21.56
7.29	20.84
4.58	17.41
5.16	19.41
5.65	17.99
5.08	15.15
-2.93	9.33
-2.25	16.1
1.17	12.75
0.31	15.91
7.43	15.65
1.61	14.42
1.46	15.27
6.6	12.28
3.39	12.94
-0.24	16.41
0.11	15.36
1.33	9.91
-2.47	7.61
-0.52	12.15
6.74	14.72
7.23	16.3
-0.11	12.26
4.39	15.88
6.54	14.04
1.09	6.82
-1.98	3.95
-5.46	3.38
-6.98	5.91
-1.2	9.09
-1.91	12.96
2.19	8.04
-0.98	7.54
0.95	4.37
3.23	9.1
4.46	9.49
0.48	9.57
-2.82	4.25
-2.07	3.59
-5.14	5.16
-5.45	6.63
-0.59	4.78
-1.96	7.19
-4.27	10.65
3.04	14.58
7.67	15.33
4.3	13.47
0.12	16.93
3.21	21.24
7.31	18.51
6.43	20.16
13.45	17.55
12.92	19.73
9.14	15.98
5.74	16.88
8.15	17.36
7.05	13.83
3.02	16.39
7.84	17.08
6.46	13.36
2.89	11.79
0.69	10.11
-0.16	12.68
6.73	10.18
6.61	13.22
3.32	12.51
7.18	14.78
2.53	16.02
2.27	19.27
9.61	14.07
4.4	17.29
5.06	19.69
10.55	18.96
6.24	20.93
10.96	22.46
12.91	19.76
10.57	17.17
8.19	19.43
8.3	18.34
10.59	19.53
6.57	19.66
11.4	14.97
6.58	15.1
4.52	17.97
9.12	20.27
7.8	22.77
8.78	23.57
9.13	25.22
10.4	25.97
10.32	26.23
12.19	27.3
11.75	20.52
6.74	18.55
5.71	17.37
5.84	12.76
7.46	13.44
10.29	14.4
11.98	22.16
10.26	21.99
10.48	16
5.8	15.6
8.36	12.77
9.42	13.43
7.92	20.6
8.9	23.2
10.83	24.08
12.53	23.8
12.87	24.25
10.89	25.11
14.3	21.39
9.23	25.12
11.54	27.49
14.28	26.87
14.17	28.84
16.72	31.23
17.12	31.88
15.32	27.96
12.98	24.35
13.1	25.73
14.74	22.71
11.6	19
9.5	11.68
8.36	17.18
7.26	22.32
11.71	19.97
9.38	16.33
6.46	20.36
10.32	20.92
12.19	24.61
12.76	28.52
15.42	31.23
14.91	20.26
12.22	22.11
14.17	25.25
14.84	27.21
16.22	28.23
14.24	27.47
14.95	23.29
16.73	26.63
15.48	26.19
15.49	23.41
14.82	19.47
15.07	22.83
12.52	21.41
13.95	22.66
15.16	23.6
11.9	18
8.49	18.53
13.2	23.22
14.47	24.08
15.6	19.2
15.76	27.33
13.5	24.91
12.34	20.87
10.48	23.58
11.95	23.8
14.7	26.57
17.15	28.3
16.37	29.82
18.62	29.86
16.79	30.55
18.05	30.96
19.35	27.18
17.75	27.13
18.53	27.2
16.98	28.36
18.7	25.43
14.41	24.74
14.14	26.91
15.65	26.58
15.87	26.51
17.26	30.9
19.55	30.89
19.21	27.86
17.34	23.44
11.32	23.88
11.19	26.49
12.82	29.47
13.6	31.07
15.79	27.18
13	28.93
15.15	30.73
14.51	31.05
16.83	25.37
14.82	27.66
15.72	26.77
15.6	29.99
15.16	29.89
15.04	23.88
14.06	26.88
15.62	26.87
15.04	22.71
12.86	21.05
11.19	23.77
11.35	20.79
7.07	22.38
10.3	22.74
10.06	16.89
6.93	16.61
6.35	18.55
6.29	20.15
6.32	20.19
12.85	19.69
12.27	18.78
12.26	15.63
13.06	15.15
11.49	20.81
10.41	21.58
13.8	17.76
12.23	22.2
12.05	19.73
12.15	21.5
14.83	20.15
8.86	14.79
7.94	12.04
4.87	16.04
7.65	18.88
10.33	14.31
7.37	16.82
6.89	17.31
8.89	13.91
11.32	17.26
6.28	17.55
5.89	18.32
5.85	18.64
6.13	20.43
12.23	22.29
15.84	21.53
12.87	16.22
10.94	21.08
7.1	20.4
12.16	16.93
11.12	17.22
8.78	12.47
7.03	14.62
6.19	13.09
11.91	17.03
13.1	18.76
12.56	15.95
12.07	17.9
7.72	19.19
6.21	19.55
9.03	14.57
5.92	13.99
0.68	14.05
7.4	18.64
8.66	18.75
8.05	18.69
9.14	19.09
7.98	10.22
4.48	10.37
0.68	11.08
0.83	14.52
2.51	16.25
2.88	11.56
4.11	9.43
3.75	14.31
0.8	13.33
3.87	15.37
7.06	18.58
0.76	13.08
-0.18	11.49
2.7	15.64
0.25	11.43
2.14	16.61
7.68	11.45
3.59	8.57
-0.91	10.13
1.26	9.13
-0.96	9.11
1.73	11.34
5.79	9.57
5.09	11.65
-1.79	7.93
-3.13	7.47
-3.31	5.76
2.66	8.85
-1.16	8.94
-1.89	4.57
-4.93	4.15
-5.33	3.16
-6	0.68
-6.55	-3.23
-4.95	-3.12
-2.54	-0.87
-0.9	3.65
-0.5	2.09
0.16	0.88
-0.69	4.11
-1.82	0.07
-0.51	0.67
0.66	2.09
-2.34	0.98
-3.23	-2.48
-2.66	-1.89
-2.87	-2
-3.61	-0.44
-9.3	1.22
-8.67	2.62
-10.57	-2.82
-10.77	0.29
-13.24	-0.47
-6.93	-3.76
-5.92	-0.65
-7.6	1.66
-1.59	6.76
0.74	4.83
-1.62	8.63
-0.97	6.62
-3.63	7.26
-5.36	0.69
-3.71	4.06
-0.83	0.91
-5.71	3.17
-4.4	-0.02
-8.61	-1.97
-8.39	-6.37
-8.77	-6.68
-10.3	-1.3
-8.47	-0.07
-5.48	-1.57
-1.66	-0.8
-2.89	-0.85
-4.82	-3.43
-6.1	-1.37
-2.46	-0.54
-1.72	5.68
-0.54	8.26
-2.53	9.12
-4.67	5.57
-3.18	2.96
-1.36	1.99
-3.68	5.04
-2.03	0.12
-0.66	5.05
-1.14	1.64
-5.12	5.12
-3	6.96
-1.99	8.58
-2.94	7.09
-3.85	1.18
-1.43	0.32
-2.32	-1.37
-2.88	-2.3
-3.71	-3.34
-3.95	-3.26
-3.45	-3.1
-3.53	-2.63
-3.68	-2.14
-2.97	0.61
-1.87	5.36
-3.71	0.21
-7.85	-4.56
-6.81	-2.46
-8.51	-1.93
-3.56	1.37
0	6.41
1.24	8.72
-1.33	14.46
-1.86	7.41
-4.48	7.25
-1.69	4.26
-6	2.58
-3.57	-0.61
-4.41	-2.03
-5.82	-0.81
-5.12	-0.25
-4.1	-0.54
-7.9	0.77
-11.51	2.54
-5.11	6.11
-7.3	4.96
-4.23	5.15
0.79	9.66
-0.03	4.57
-0.36	3.78
-3.1	6.48
-3.55	6.69
-3.42	7.75
-4.03	7.63
-0.95	15.98
-0.68	15.12
0.22	13
4.94	12.1
5.82	14.95
9.6	16.4
7.92	12.51
1.04	10.82
1.48	9.06
2	9.39
2.06	11.69
4.44	17
4.78	10.91
2.4	11.6
-0.72	12.14
-0.3	10.53
1.22	11.07
0.95	6.79
0.06	3.86
-1.91	6.29
-2.24	8.17
1.64	9.3
-0.67	10.9
0.17	11.89
3.69	10.93
2.61	15.18
2.74	18.75
9.32	17.6
6.85	18.73
6	10.62
8.1	11.83
8.14	13.2
5.11	16.3
8.34	16.97
3.67	17.63
10.17	18.31
5.82	20.36
10.7	17.61
5.51	20.72
9.39	22.01
8.12	12.98
6.21	14.22
4.02	16.45
8.99	15.47
7.57	13.14
8.63	11.4
5.32	14.05
9.18	18.19
9.83	13.96
7.23	10.52
5.01	10.54
1.53	10.19
1.51	12.16
1.09	14.6
10.13	16.67
8.1	14.13
9.25	15.34
9.66	16.79
7.99	18.57
9.5	20.05
9.53	18.54
9.6	21.31
10.31	18.09
10.45	21.11
9.72	21.58
9.44	21.74
11.16	17.59
8	14.28
5.55	13.8
7.53	13.74
8.15	20.6
12.65	18.95
9.01	21.85
10.51	20.17
11.38	16.38
12.68	21.71
12.78	16.11
11.31	19.17
8.48	16.68
4.54	17.89
10.29	14.28
4.58	19.4
8.42	19.72
12.03	17.56
9.03	20.63
11.69	18.63
7.75	20.33
8.37	22.67
13.64	24.07
12.01	25.55
13.34	26.43
12.93	26.18
14.95	27.46
17.02	29.85
16.4	25.05
12.96	26.83
17.47	26.06
12.7	23.65
11.93	23.06
11.51	26.33
13.78	27.1
14.65	24.38
9.06	21.65
9.09	23.18
11.35	23.8
14.26	21.45
9.72	20.16
10.36	22.16
13.28	21.21
14.84	21.79
13.62	21.44
15.28	22.17
11.22	19.74
10.73	23.43
11.1	19.31
9.2	11.99
8.82	19.06
6.18	18.97
6.81	22.02
8.68	23.75
12.05	25.56
13.94	25.7
15.23	25.69
13.49	26.43
17.23	25.64
14.72	27.54
15.96	27.96
17.11	29.36
17.57	29.18
18.84	30.42
16.08	26.98
15.27	21.28
15.13	17.66
17.57	22.97
17.72	24.43
16.46	25.98
16.52	26.75
17.33	25.03
13.77	24.59
13.55	24.43
14.41	24.33
13.06	25.97
13.56	26.55
14.55	27.99
17.51	28.89
16.89	23.74
12.97	19.95
12.73	20.44
15.46	22.42
16.69	23.7
17.31	25.64
16.51	25.26
16.81	24.58
13.95	24.04
12.54	24.87
10.69	25.78
10.99	25.03
11.17	25.64
15.11	24.76
15.74	26.76
16	28.82
16.37	29.89
13.32	29.36
17.13	31.24
17.31	30.44
12.93	25.12
13.53	22.21
12.12	19.19
7.11	22.1
10.82	26.11
13.38	21.61
13.16	22.12
14.93	22.92
14.39	23.47
15.01	21.13
13.09	20.47
11.59	21.74
9.75	21.55
8.89	22.05
9.85	23.1
10.24	22.99
13.73	19.16
12.61	23.77
14.57	19.37
14.3	17.01
12.65	22.76
12.07	20.98
9.35	14.64
10.59	15.46
13.65	17.67
12.49	15.4
10.62	20.89
10.3	22.55
12.87	23.35
12.97	24.4
14.03	24.34
11.75	24.22
11.64	25.07
10.95	24.53
10.28	24.66
11.5	24.99
12.19	25.13
12.25	24.68
13.42	19.76
14.86	23.41
14.46	24.47
15.42	19.3
10.04	22.73
10.2	23.6
12.08	23.77
12.56	24.43
14.05	26.34
13.62	21.48
10.61	20.3
9.24	20.97
9.65	22.71
11.34	19
8.65	20.75
13.93	23.01
7.69	18.26
6.74	15.63
6.64	14.1
1.92	15.15
1.16	15.83
3.75	17.07
9.17	20.04
6.16	19.97
9.53	17.21
8.6	14.83
8.34	16.52
5.09	12.63
0.15	12.13
-1.18	9.6
-3.2	9.47
1.01	6.85
0.15	9.36
2.95	8.41
4.84	8.17
6.22	13.93
9.14	18.65
12.54	23.04
11.75	19.03
9.34	19.79
5.82	15.56
7.73	12.85
5.67	12.91
7.7	17.15
7.7	16.68
4.55	18.16
5.95	13.94
8.45	10.74
7.82	12.58
6.32	17.39
7.04	12.51
6.72	8.95
3.84	6.4
3.48	4.23
4.29	5.62
4.18	8.25
5.36	5.97
3.03	4.87
0.75	3.87
-4.55	0.22
-0.39	0.63
-1.5	3.49
-1.76	-0.97
-7.3	1.8
-8.64	-3.16
-3.48	-1.06
-9.33	2.15
-3.79	0.17
-1.02	5.89
-0.74	7.57
-3.28	-0.02
-4.09	0.29
-4.96	-4.18
-5.61	-4.65
-6.92	-2
-3.7	6.77
-1.51	6.46
2.34	8.48
-0.22	3.93
-4.19	5.5
-3.37	4.83
-4.56	10.17
-0.38	10.67
5.71	11.06
1.52	7.39
-0.65	7.8
3.39	7.8
-2.61	5.48
0.86	4.51
-1.37	0.51
-5.3	1.77
-5.35	3.98
0.31	6.19
-3.32	0.35
-4.87	2
-7.27	-0.43
-11.85	-2.8
-11.75	-7.49
-8.59	-5.67
-7.92	1.09
-1.59	7.26
-1.19	1.37
-1.77	5.44
-3.94	5.08
-8.3	2.76
-8.83	0.03
-2.28	-1.49
-5.42	0.98
-8.32	1.55
-6.83	1.51
-7.6	4.64
-6.34	-1.81
-5.04	-1.29
-4.11	-2.79
-2.75	-2.07
-2.11	1.65
-3.9	0.83
-6.78	-3.03
-3.57	-1.66
-3.08	-2.23
-5.74	1.49
-7.92	4.88
-1.51	8.44
-3.84	3.37
-3.94	3.47
-1.18	7.78
-5.45	-1.82
-5.98	-3.16
-8.62	-3.94
-11.89	-3.25
-13.71	0.76
-10.5	4.95
-10.8	4.44
-7.35	5.94
2.2	8.74
-0.55	13.06
1.33	12.46
0.15	11.88
2.22	10.67
-2.45	7.13
-1.19	13.87
3.68	16.3
1.06	12.65
0.96	12.04
4.17	9.73
-1.47	9.69
-2.59	9.48
1.06	8.45
-2.35	9.2
-1.41	8.96
-1.14	6.34
-0.94	9.75
0.08	6.65
-3.78	6.74
-0.7	10.49
-2.16	8.98
-2.05	3.79
-5.86	3.3
-5.24	5.06
-1.76	6.14
0.85	10.7
-1.59	9.85
0.15	8.91
-1.84	11.11
-0.34	12.78
7.92	9.86
3.64	8.51
-2.38	8.86
2.51	10.58
-2.3	6.26
-2.91	8.83
-2.62	14.71
0.6	16.07
6.15	21.6
6.23	15.65
2.09	11.25
2.52	10.44
0.08	11.78
-0.73	10.76
3.61	9.34
-2.08	8.8
0.19	1.5
-2.55	4.64
-0.76	4.4
0.1	8.69
0.91	8.26
1.31	15.7
1.3	17.77
5.15	14.79
7.2	13.06
4.7	16.77
7.64	13.01
5.19	14.55
5.42	11.08
5.47	11.54
4.47	14.37
1.71	11.35
5.43	15.12
8.17	13.65
9.98	16.4
9.52	13.72
6.14	11.38
1.99	10.81
4.38	10.28
2.08	11.66
4.53	14.63
7.42	15.02
9.62	17.62
6.46	16.73
11.47	19.32
11.01	21.27
8.02	18.17
10.95	23.37
10.88	20.19
10.03	23.78
10.34	22.15
12.16	25.33
11.19	26.66
10.88	26.51
12.47	24.82
12.07	19.15
11.46	21.95
10.14	23.67
11.68	24.17
13.05	22.25
11.63	23.62
12.2	21.33
12.27	21.93
6.96	19.55
8.37	20.6
10.86	20.31
6.75	22.76
10.02	24.75
13.11	21.04
14.56	24.58
11.95	26.88
13.79	28.07
14.64	26.12
9.68	17.22
7.4	22.55
8.72	24.2
10.43	25.87
11.5	26.9
11.97	26.55
11.36	21.55
6.45	11.39
3.94	18.16
7.81	15.16
6.12	18.04
6.93	21.92
10.3	23.98
11.62	25.85
14.03	27.2
12.47	25.52
12.04	21.75
9.31	18.74
10.98	19.31
7.8	19.75
6.34	22.28
10.08	26.41
11.1	28.43
13.22	29.09
16.49	28.24
12.99	20.77
7.78	22.27
9.53	26.89
14.07	29.58
13.69	30.33
16.94	31.49
18.47	32.37
17.61	31.78
16.44	27.36
12.97	22.47
8.87	18.7
5.12	22.93
7.93	25.98
10.86	29.41
14.03	32.62
15.67	33.78
13.99	30.78
12.29	23.58
11.28	20.27
6.65	20.09
7.3	21.09
10.84	23.36
10.57	22.61
10.68	23.26
13.39	28.4
16.76	30.81
19.05	32.09
17.11	32.11
16.42	28.6
16.39	28.12
15.33	30.48
16.17	24.36
11.11	20.64
11.09	25.71
14.2	22.25
11.32	19.34
10.59	19.41
8.99	22.51
11.97	14.56
10.87	18.59
10.18	21.94
9.54	18.95
11.78	22.45
10.06	19.47
9.95	22.4
12.17	24.38
13.12	26.9
16.94	26.9
18.79	27.64
17.91	28.99
15.42	27.17
14.45	23.46
12.62	23
12.69	23.02
12.56	23.32
10.66	25.98
12.81	28.8
16.31	28.12
15.92	25.46
14.1	20.62
15.13	24.38
13.2	24.05
11.27	23.71
10.76	25.34
12.35	27.45
13.28	29.95
13.49	31.81
14.73	30.17
15.38	30.59
14.93	30.88
14.63	32.03
15.11	32.69
15.81	33.04
16.06	35.61
16.86	35.87
16.95	35.14
18.49	29.17
15.38	28.53
13.25	27.61
13.09	28.46
9.54	22.89
8.28	24.06
8.64	22.42
11.01	24.84
9.73	27.9
14.91	24.94
14.43	22.17
11.21	22.72
10.19	22.23
8.62	20.48
6.44	17.34
8.31	18.8
9.7	17.62
8.27	19.05
7.51	21.07
6	23.3
7.33	24.09
10.36	25.5
10.62	26.01
14.56	26.08
12.02	21.67
12.04	24.32
8.81	20.63
11.27	18.36
10.12	15.49
9.35	21.61
13.13	18.89
11.21	15.07
9.65	14.32
9.59	14.73
7.4	17.34
7.04	19.34
7.98	19.64
7.3	18.7
7.73	21
8.39	21.61
13.36	19.08
13.88	19.14
13.14	15.76
11.72	19.68
9.2	19.91
9.89	16.95
8.59	13.7
7.39	11.94
7.46	10.3
7.18	13.6
10.47	17.49
13.02	22.07
12.23	24.02
10.31	22.92
8.17	20.07
9.83	20.16
10.08	20.76
9.82	17.5
9.6	13.55
6.27	14.03
0.32	12.85
0.34	13.19
-0.46	13.81
-0.97	16.31
4.06	16.63
4.06	18.65
5.8	13.13
4.7	14.86
3.21	14.76
3.55	17.99
12.37	19.64
6	14.8
1.93	9.99
6.83	13.9
8.59	13.46
3.98	7.57
3.27	11.6
9.76	12.14
7.96	13.65
6.02	13.82
4.81	12.97
1.48	12.4
-0.01	11.28
8.34	16.93
12.89	20.93
7.43	16.88
7.19	8.26
4.13	8.76
5.2	7.72
-0.14	5
4.92	9.15
4.95	14.36
3.74	13.68
2.99	12.9
7.75	14.85
7.13	8.69
5.33	9.85
1.72	10.45
-1.33	9
0.58	11.02
-1.09	3.86
-1.5	0.03
0.28	1.54
1.38	3.96
3.45	4.14
3.43	3.88
1.64	3.3
1.01	1.66
1.87	14.32
3.6	12.17
4.34	9.59
4.41	11.42
0.98	13.82
2.46	10.41
0.5	7.82
3.25	5.35
0.74	8.5
-2.91	7
-1.68	4.73
-0.74	1.77
-3.47	1.28
-5.62	-2.62
-5.28	-3.16
-8.2	-1.72
-11.55	1.2
-3.04	6.8
-0.07	8.29
0.03	4.02
0.8	5.85
1.42	3.97
-1.45	4.46
-5.77	1.61
-7.94	0.23
-3.99	0.23
-2.82	1.19
-2.87	5.24
0.19	7.75
6.21	13.61
5	12.73
3.29	4.36
-0.03	7.04
-2.57	9.56
-1.7	5.89
-2.07	3.31
-4.18	-0.7
-7.18	-1.03
-9.57	-1.44
-9.32	-4.04
-3.95	-1.07
-3.93	0.43
-3.76	1.07
-2.17	-0.88
-1.86	-1.55
-2.41	-1.81
-1.25	0.08
-0.07	2.45
1.45	2.76
1.91	4.08
2.57	8.96
0.88	4.93
1.81	3
0.57	2.6
1.08	3.34
-1.1	0.97
-5.86	2.93
-6.4	2.41
-1.79	9.19
3.1	13.55
1.94	13.35
6.96	13.78
10.65	14.98
7.72	12.66
3.66	9.77
-2.41	9.83
-2.77	11.66
-0.08	10.11
-0.65	8.97
-2.81	10.09
-2.98	12.79
-2.66	11.53
-2.53	11.51
-0.06	8
0.32	8.37
-2.1	10.37
-1.03	11.07
-2.2	5.34
-3.12	1.24
-6.04	2.13
-2.94	1.35
-5.9	5.02
-3.81	4.06
-0.08	4.86
-2.11	8.26
4.21	12.73
5.6	17.54
6.25	13.59
-0.41	6.27
-0.53	7.95
1.4	11.98
8.25	16.46
4.66	15.24
4.66	18.03
5.39	18.91
7.82	12.7
1.9	12.62
1.74	14.87
4.42	17.52
9.74	16.26
7.94	18.63
8.2	14.84
4.08	9.25
2.13	5.05
4.03	5.54
4.65	14.98
7.33	19.36
10.8	18.39
6.89	16.89
0.23	4.94
0.5	4.38
3.23	8.85
5.45	9.45
8.31	12.43
5.56	15.19
3.24	16.92
4.3	18.56
5.78	19.71
7.66	14.87
2.83	15.43
6.71	16.05
6.97	10.6
5.77	11.37
2.52	12.9
6.84	9.83
8.61	12.94
2.89	8.86
-1.18	6.53
-2.26	9.4
0.04	13.49
6.48	11.27
1.34	13.5
4.55	13.78
4.73	9.31
7.56	9.3
5.39	11.25
3.41	15.38
4.09	18.94
5.12	21.81
9.15	16.67
4.27	17.37
5.35	20.69
7.24	22.88
9.92	24.34
12.56	26.03
11.94	26.22
10.64	25.08
11.4	25.18
11.4	23
12.98	20.05
12.54	16.78
11.41	18.68
12.65	20.34
9.5	20.85
8.61	20.98
9.14	17.06
6.34	17.4
6.3	19.33
8.07	22.15
12.83	23.87
13.81	24.14
11.78	25.33
8.98	18.87
6.56	20.26
8.27	19.65
10.82	21.34
11.61	20.46
7.02	23.31
9.01	24.15
12.99	22.98
9.87	27.1
16.12	28.88
17.24	29.95
16.13	26.25
13.41	22.5
11.7	19.69
4.42	19.39
6.71	19.61
6.71	15.03
4.86	19.11
5.58	21.95
11.29	22.18
9.43	24.73
12.24	23.28
12.49	25.68
10.17	22.92
4.49	19
6.77	21.47
8.7	20.51
9.17	24.91
11.83	26.19
13.36	23.1
12.49	20.78
14.07	17.83
13.58	17.83
12.37	25.24
12.75	24.29
10.14	22.76
9.34	25.2
10.21	25.39
11.65	26.65
11.61	28.87
14.68	28.73
16.82	25.6
13.4	27.36
15.71	22.38
13.04	23.74
15.09	22.22
13.29	19.03
11.25	23.09
14.6	25.8
18.97	30.26
15.86	27.21
15.87	23.67
13.74	25.53
14.12	29.17
15.79	25
11.77	26.11
15.65	29.26
19.07	32.4
19.36	31.34
13.68	24.72
11.35	25.61
15.23	27.76
16.74	24.7
14.56	16.49
14.49	21.32
16.68	20.19
15.62	22.23
16.02	24.47
16.8	27.96
15.89	28.93
15.86	29.59
16.32	29.68
17.4	28.07
15.72	30.26
15.4	31.14
16.15	29.62
17.81	32.61
18.69	33.02
16.83	28.68
14.94	24.91
11.42	29.41
13.05	30.5
14.06	30.38
14.36	27.44
12.41	17.22
8.49	21.79
8.03	25.9
11.76	28.64
13.77	29.27
14.65	30.35
14.85	30.62
14.31	30.31
14.16	31.78
15.63	31.26
16.29	26.35
14.47	25.01
15.05	26.13
14.78	26.18
14.35	28.81
14.49	31.44
14.36	31.81
15.54	24.39
9.68	24.11
6.4	22.49
10.47	17.21
10.95	20.59
11.02	19.89
8.57	22.84
9.12	24.61
10.71	15.09
10.5	13.2
9.37	19.27
9.31	18.88
8.15	15.67
2.49	16.44
8.36	15.73
6.64	18.29
7.54	20.21
11.71	18.3
9.12	11.91
7.52	14.79
7.79	10.41
7.48	16.1
4.43	16.03
7.51	19.76
7.49	19.07
7.51	18.95
11.23	13.83
12.94	21.98
13.07	16.76
10.93	14.32
5.34	18.59
5.77	21.96
6.68	19.54
9.55	17.37
12.68	20.45
10.59	22.61
11.45	23.86
10.27	22.04
10.85	17.55
7.99	21.6
9.59	22.91
14.63	24.47
12.25	23.21
11.5	19.46
9.36	22.23
8.01	20.74
6.19	20.79
7.25	20.02
6.3	18.94
5.12	19.45
8.42	16.25
7.59	13.64
9.98	12.01
10.52	13.95
9.14	20.68
10.39	18.85
6.71	18.15
8.07	10.7
7.91	10
3.72	10.84
-0.76	9.92
2.58	13.31
6.53	12.89
8.17	15.93
7.74	23.03
6.15	17.05
3.66	11.2
-0.68	10.26
-0.77	10.59
-2	12.37
5.21	10.08
2.74	11.76
5.02	13.15
3.3	11.51
1.88	4.4
1.91	3.87
3.04	6.28
1.3	3.89
2.5	4.79
-2.16	5.89
-5.78	7.81
-3.06	7.51
-4.86	0.55
-1.42	0.42
-0.03	7.93
-1.01	9.81
-3.66	8.95
-1.03	5.81
-2.68	4.28
-1.24	5.33
-6.04	2.43
-0.76	2.46
0.98	2.47
-1.42	6.93
1.01	2.44
-4.3	3.34
-5.98	1.02
-4.4	-1.91
-2.51	-0.79
-1.27	0.84
-1.47	1.91
-0.53	3.62
-4.86	1.26
-9.17	-1.31
-10.69	1.11
-3.6	-1.16
-2.01	0.14
-13.06	-1.23
-15.11	-6.32
-16.49	-2.19
-8.61	-2.05
-7.34	-2.99
-4.7	0.92
-9.67	1.68
-11.09	4.52
-12.56	-1.8
-7.15	3.99
-5.17	0.72
-16.09	-2.84
-14.14	-2.94
-7.79	0.21
-5.15	1.15
-10.66	0.26
-4.22	7.12
-0.28	7.07
-4.6	2.33
-8.6	0.99
-6.51	5.92
-6.9	1.02
-14.72	-3.83
-12.88	0.86
-8.12	6.47
-6.07	5.25
-4.9	2.48
-4.03	2.99
-5.88	-2.68
-4.07	-3.27
-4.88	-2.84
-5.31	-3.28
-4.62	-3.37
-4.77	-4.32
-5.28	-4.98
-4.99	-3.74
-3.45	-1.35
-7.68	0.53
-3.94	7.18
-1.51	5.49
-0.9	10.67
-2.4	9.69
6.28	8.71
1.02	9.56
0.52	6.72
1.28	9.54
3.55	16.92
1.64	18.53
0.97	14.48
2.52	12.28
1.26	12.14
-0.08	14.49
0.92	11.84
-1.59	5.16
-2.76	12.96
0.83	11.99
1.86	7.28
2.57	8.96
-0.14	10.6
3.94	10.61
-0.08	13.32
3.52	14.59
2.08	17.62
3.64	6.25
-0.68	3.6
-2.83	3.32
0.69	5.38
2.03	6.29
2.08	8.74
-0.5	8.4
3.57	7.97
-3.57	3.34
-1.66	8.26
-0.88	8.86
-3.05	11.5
0.83	13.16
6.59	13.89
5.48	10.01
4.49	6.7
3.53	6.5
2.56	4.47
-0.33	9.91
-0.67	12.19
4.61	18.1
9.75	16.86
5.37	14.22
-0.15	13.56
0.85	14
-1.92	13.59
-2.07	14.16
-0.32	16.77
2.33	19.38
8.5	17.17
4.96	13.92
2.66	15.94
2.63	15.61
3.13	15.34
7.89	15.43
8.09	14.95
7.15	15.36
-0.48	6.56
1.44	5.56
2.06	4.49
1.5	6.23
1.82	7.18
-1.27	10.09
-2.31	14.65
-0.25	18.08
1.22	18.73
4.02	18.93
5.18	19.02
6.46	16.27
2.95	12.13
5.57	11.9
-0.42	7.85
-1.52	8.63
-1.7	11.32
4.46	10.36
3.26	8.25
4.33	6.64
5.95	7.12
7.97	11.84
9.81	14.78
7.67	10.28
6.97	12.03
7.97	12.87
8.31	12.54
9.44	14.54
9.6	12.05
8.37	17.56
10.2	18.1
8.6	18.38
10.46	15.38
6.21	16.96
7.84	20.45
8.94	15.84
3.33	16.05
7.82	19.95
9.42	17.54
7.2	22.86
13.16	24
11.16	25.12
11.51	25.56
12.39	19.42
9.83	20.09
8.02	21.25
8.89	22.83
10.72	18.82
11.25	22.63
10.92	23.66
9.96	24.35
12.94	22.47
10.32	24.06
11.15	22.94
9.74	23.93
11.67	26.59
14.05	26.97
14.32	22.05
13.65	19.22
12.36	21.63
12.38	23.26
16.01	25.05
15.68	25.06
14.3	22.52
14.03	19.38
12.69	22.38
12	20.46
12.8	22.56
11.09	22.3
9.08	23.02
8.81	21.97
10.96	20.01
6.33	23.06
9.29	25.33
12.8	21.78
15.66	23.27
12.25	19.1
12.71	23.4
11.44	20.14
13.27	18.21
11.69	23.15
8.4	24.24
10.83	27.41
13.59	29.65
13.83	30.93
15.53	30.03
14.93	28.5
16.07	30.57
15.13	30.94
15.55	31.16
16.44	32.09
18.01	31.67
16.7	33.66
17.81	31.88
14.81	24.75
10.03	25.27
10.08	26.89
13.81	23.24
10.55	21.73
8.96	22.72
11.23	26.02
15.6	27.63
17.44	29.42
15.59	26.49
9.41	23.1
11.56	27.09
16.36	24.55
13.33	28.72
14.26	29.95
17.07	31.31
19.28	28.88
16.4	28.28
18.58	29.98
16.98	28.76
18.21	28.38
20.1	27.81
16.01	26.68
16.57	23.24
15.55	24.05
14.31	26.99
14.07	29.87
15.84	25.84
12.25	24.88
14.55	27.95
15.9	22.87
11.86	21.95
13.36	25.32
16.13	27.61
17.08	29.54
16.6	29.58
17.62	24.06
15.65	26.04
15.81	26.94
16.25	28.8
16.52	25.46
15.66	26.9
16.11	22.9
15.28	21.65
14.99	23.04
12.96	25.24
13.19	24.58
16.16	20.23
13.8	19.51
13.94	23.21
13.21	22.53
14.97	23.52
15.4	25.55
14.94	26.72
14.29	26.55
14.04	27.43
13.67	26.29
13.3	23.13
14.93	21.78
13.7	25.08
13.07	26.73
13.33	27.66
14.06	28.15
14.43	22.8
14.12	24.37
14.53	22.51
12.92	26.72
12.78	27.32
14.67	24.55
13.65	21.66
11.06	24.49
11.78	25.8
11.76	24.86
13.69	23.64
11.67	23.88
11.85	24.93
12.34	25.49
12.1	24.98
13.03	21.03
10.05	17.29
4.04	16.99
4.98	19.51
7.74	16.25
6.47	16.82
6.05	19.27
5.42	21.8
7.4	22.04
13.19	20.68
11.05	18.14
10.11	12.51
9.59	11.82
7.28	9.92
5.83	8.18
3.61	13.33
6.95	15.61
3.82	10.62
7.17	14.43
2.41	15.7
2.07	17.34
3.42	17.1
4.6	17.37
7.66	19.26
7.97	17.75
4.25	13.58
3.38	11.67
-0.45	15.24
1.16	8.55
6.03	10.2
8.29	9.97
4.59	7.99
2.64	7.25
4.68	13.3
5.42	16.08
6.59	20.69
14.99	20.62
6.22	17.91
3.81	12.29
1.57	12.95
2.33	17.1
12.04	17.82
10.75	20.96
5.61	14.47
2.48	14.3
9.45	20.9
4.06	15.36
7.97	15.09
1.39	13.8
2.63	15.37
5.78	9
7.14	10.61
7.26	10.62
5.4	8.75
4.85	6.15
1.73	4.51
-0.7	2.21
-0.24	2.88
-1.36	6.39
-1.44	6.61
0.48	9.97
-1.29	13.13
2.44	14.3
4.83	14.12
10.37	17.65
12.27	21.35
14.97	20.33
12.22	17.8
10.28	14.4
7.41	15.17
3.58	12.48
2.25	15.13
7.46	12.58
5.31	14.18
2.34	13.76
4.91	15.94
6.94	14.9
4.43	9.28
5.35	6.99
5.22	7.16
4.76	8.79
1.63	6.97
1.42	3.87
0.91	4.89
5.46	6.06
4.92	5.22
1.75	4.51
-0.46	1.5
-2.7	-0.9
-5.56	-2.7
-9	-3.21
-6.64	-4.67
-5.17	-4.25
-4.1	-3.43
-3.81	-3.35
-2.8	-2.3
-3.31	-2.33
-2.92	-0.77
-1.2	1.33
-4.12	2.08
-6.17	0.75
-5.19	4.98
-1.48	1.48
-0.57	2.3
-3.68	-1.02
-5.73	-3.82
-4.72	-2.91
-2.64	-0.17
-0.26	9.57
1.25	6.4
2.01	9.45
-0.51	8.79
-5.32	-1.1
-2.93	6.45
0.38	13.62
0.53	8.73
-2.99	4.55
-5.16	-3.05
-6.93	-3.77
-13.97	-2.83
-14.83	-9.62
-10.6	-6.12
-7.45	-3.78
-19.03	-5.07
-16.15	-2.14
-5.39	1.61
-5.6	7.09
-8.5	5.02
-7.13	4.85
-8.52	-2.17
-7.36	-2.55
-7.32	-1.59
-5.5	-1.1
-1.25	0.78
-0.78	6.71
-3.02	4.45
0.43	3.05
-1.69	2.54
-3.17	2.16
-0.15	4.95
-1.51	5.27
-4.32	4.97
-1.89	-0.92
-4.07	0.46
-11.42	-1.12
-10.53	2.17
-4.06	1.26
-2.41	3.32
-2.94	2.13
-6.54	3.41
-7.1	-1.5
-9.69	-0.06
-3.78	-0.3
-3.53	-2.14
-6.32	-1.3
-12.06	-2.18
-12.36	0.25
-10.14	0.57
-3.33	-1.68
-6.42	-0.31
-11.43	-0.35
-6.46	-0.05
-8.09	0.33
-7.32	2.44
-2.14	3.03
-7.9	2.8
-10.08	7.92
-6.83	5.68
-8.71	3.88
-6.36	9.22
-4.24	10.02
-2.16	13.19
-1.56	10.11
2.39	5.51
1.86	9.64
0.36	7.68
0.89	2.81
0.17	2.38
-0.44	9.83
-0.09	12.37
4.93	15.57
1.42	17.52
8.41	16.6
2.44	8.93
1.13	2.79
0.72	4.77
2.54	4.63
-2.95	11.92
1.87	8.87
2.69	12.98
1.68	10.86
2.01	6.91
-5.13	4.42
-5.87	10.05
-2.59	17.42
1.12	19.73
2.38	19.68
2.32	19.59
3.51	20.09
4.55	19.12
5.91	20.54
8.71	14.41
0.35	13.14
1.99	15.84
5.41	8.79
4.62	10.13
-0.26	12.57
-0.51	8.23
-3.46	1.5
-0.31	5.41
-3.2	9.12
0.34	12.13
3.14	6.4
1.21	6.91
6.41	15.13
3.44	14.95
8.51	15.74
6.09	18.79
5.72	16.4
7.55	16.26
4.74	16.06
4.66	18.03
5.15	18.16
4.59	19.21
6.96	18.74
5.88	16.88
5.47	19.39
7.78	23.47
12.15	19.46
6.67	21.22
11.88	24.17
11.17	22.12
15.31	21.15
11.79	23.96
13.2	22.48
4.28	21.72
8.09	25.06
10.93	29.8
12.37	29.87
11.18	29.22
17.63	28.74
13.34	24.47
15.2	24.61
12.76	27.47
13.99	25.75
9.96	19.89
7.36	16.15
2.29	17.74
4.53	20.49
6.92	23.84
10.41	26.61
11.6	23.22
9.77	14.5
9.4	17.71
10.08	22.16
8.98	24.85
12.31	27.42
14.09	27.42
13.67	24.73
15.69	25.92
16.12	25.2
13.78	25.77
13.63	27.36
14.19	23.82
11.52	23.99
12.26	25.12
13.05	27.91
13.83	29.87
14.39	30.41
15.35	28.79
16.46	30.75
16.41	29.44
16.82	30.79
17.14	33.3
17.45	31.86
18.41	31.38
17.76	28.63
15.97	25.27
13.88	25.05
13.31	26.78
13.93	23.18
13.34	24.83
13.1	27.3
12.75	24.05
11.51	26.91
13.56	32.8
16.98	30.53
15.28	29.92
12.99	26.02
14.99	24.99
15.67	26.14
16.2	24.2
13.03	31.07
18.12	31.7
14.4	27.08
14.45	24.42
13.84	20.61
13.85	23.6
14.63	24.79
12.24	25.16
12.96	24.82
12.64	25.55
13.45	25.15
14.9	25.94
13.5	29.35
16.25	23.96
11.28	24.69
11.78	27.73
14.99	30.49
19.87	30.68
17.18	27.7
15.45	27.76
14.82	30.38
16.52	33.24
19.82	33.75
18.37	29.17
15.09	28.74
16.23	24.31
14.5	29.12
16.77	31.71
19.51	28.7
17.58	24.22
14.56	22.28
17.42	21.44
16.43	27.07
16.08	29.59
15.97	32.23
17.77	33.07
18.61	32.46
17.64	30.55
15.98	29.35
12.91	32.02
15.31	31
13.55	32.27
17.26	29.32
10.9	31.96
15.53	36.53
18.34	34.98
17.43	29.1
15.98	27.96
15.28	31.22
16.63	35.38
15.72	30.13
15.41	28.99
14.98	30.49
14.9	32.37
19.55	32.2
17.32	30.41
16.54	24.33
10.25	27.79
12.12	30.83
15.57	28.88
19.9	31.13
13.46	25.27
12.06	18.8
6.85	20.29
10.71	18.52
6.01	17.13
4.31	20.55
6.61	21.98
8.34	22.3
9.75	22.64
9.48	21.8
12.34	17.23
13.21	14.87
9.1	21.69
7.81	18.16
11.14	13.91
10.13	18.12
6.82	19.7
5.73	21.28
7.27	23.89
9.01	25.01
9.68	25.23
10.61	26.29
10.33	27.12
10.53	27.34
14.78	26.17
10.61	20.75
4.67	16.54
2.78	17.8
4.34	20.73
5.98	20.31
11.21	15.79
5.51	17.71
6.03	18.72
9.43	23.82
11.06	22.91
13.55	19.67
11.66	19.12
6.09	14.35
2.63	13.19
5.48	13.14
4.35	14.51
4.36	18.8
5.91	19.9
6.37	14.12
6.3	13.6
2.12	11.31
-0.38	11.38
0.4	9.28
-1.8	9.18
-0.48	9.42
2.53	7.49
0.91	14.01
7.03	16
3.98	7.16
-0.19	5.52
-1.62	1.4
-5.79	3.71
-4.8	7.8
-1.36	8.02
-2.66	8.04
-2.44	6.81
3.19	8.64
0.94	12.41
11.14	19.62
8.58	14.48
2.86	13.1
2.83	16.49
2.49	12.05
-0.87	6.14
4.28	6.34
5.01	8.8
5.92	6.93
2.94	5.62
2.02	6.72
1.2	6.36
-1.82	6.29
-1.83	3.82
-1.48	8.86
0.29	4.22
3.5	12.42
1.82	9.22
3.03	18.3
3.96	15.55
0.54	13.54
1.42	14.71
9.3	15.18
10.56	16.85
9.08	16.93
7.16	11.45
8.13	13.88
7.02	11.31
4.83	8.94
5.49	8.36
3.49	6.07
2.91	4.87
2.16	3.55
1.1	2.05
1.63	2.14
1.34	8.37
-2.08	3.01
-6.14	1.51
-7.33	3.54
-6.2	1.78
-4.91	0.84
-1.52	6.06
-3.8	6.19
-0.27	4.4
-1.53	4.71
-3.8	3.26
-3.53	0.22
-2.75	7.5
-5.04	5.7
-5.07	8.75
-1.52	8.89
0.56	7.04
-3.11	0.35
-6.34	-0.62
-12.12	0.06
-9.55	0.43
-8.63	1.46
-4.51	8.02
2.08	7.18
1.41	3.34
2.06	3.42
-0.31	1.84
-2.3	-1
-5.08	-1.65
-8.47	-4.63
-9.17	2.35
-11.88	-3.02
-9.49	-1.66
-6.32	4.21
-2.61	-1.33
-3.36	2.09
-4.59	3.92
-0.33	6.38
1.44	7.81
1.09	12.06
0.75	4.75
-3.26	5.71
1.64	8.67
-2.5	1.35
-1.79	2.98
-2.93	3.16
-3.16	1.67
-5.99	-2.37
-10.17	-2.33
-11.84	-0.22
-11.81	-0.89
-4.08	2.24
-3.8	-2.08
-6.64	-1.42
-12.7	0.86
-11.95	3.25
-7.92	5.1
-2.46	8.11
-0.98	9.58
2.51	12.15
3.6	15.03
4.49	20.7
6.83	13.95
3.6	13.31
0.38	9.99
0.03	7.16
-2	3.21
-2.25	7.85
-5.55	0.51
-7.23	-2.44
-2.74	5.17
-1.74	3.77
-0.26	4.44
-3.99	6.73
-4.42	7.19
-1.41	3.51
-1.4	3.69
-5.91	-0.39
-1.42	-0.31
-0.29	-0.22
-2.53	-0.7
-4.7	1.94
-3.22	0.42
-1.79	1.69
-1.77	1.65
-2.4	2.79
-9.15	0.13
-9.12	2.88
-2.17	7.63
-2.43	3.18
-3.34	0.79
-9.53	0.7
-3.13	0.56
-1.66	-1.13
-0.73	2.37
-3.12	4.62
-5.1	4.15
0.79	5.29
0.38	8.19
3.94	9.52
0.13	15.06
1.52	18.15
4.6	21.82
4.41	22.57
6.37	23.07
7.9	19.43
10.97	18.23
6.37	12.56
3.59	5.49
4.07	5.15
3.13	4.51
1.44	4.85
0.42	4.12
1.33	6.11
1.64	11.53
-0.01	9.5
-0.34	12.75
3.54	12.94
8.04	15.56
5.35	18.68
8.68	20.27
8.36	12.6
5.55	8.04
4.6	8.04
0.76	12.94
1.88	11.13
6.08	7.87
3.49	14.17
4.67	10.58
6.5	9.75
7.51	10.07
4.37	12.65
6.58	16.54
9.77	13.14
10.6	17.49
10.89	17.82
8.31	11.15
9.32	19.03
7.57	21.91
11.73	22.1
10.69	16.85
6.33	12.81
8.05	16.27
5.68	16.63
6.42	19.94
9.2	23.01
10.28	19.73
10.86	20.64
9.55	20.78
7.53	20.83
9.98	18.37
9.64	18.53
10.95	16.06
5.1	14.67
5.25	11.91
4.06	16.12
8.34	16.92
7.45	18.85
7.39	21.35
10.67	15.44
8.97	14.92
4.1	18.32
8.83	14.95
5.98	13.08
5.78	20.62
9.84	22.85
10.85	25.4
11.04	25.62
9.24	16.27
7.15	13.36
2.18	15.21
6.2	18.24
6	21.6
10.83	19.61
9.73	14.12
9.5	14.73
9.14	20.65
8.45	23.58
9.55	20
11.57	16.5
8.12	17.57
12.28	15.61
11.58	14.53
11.38	19.11
10.23	23.11
11.12	26.27
12.58	28.98
14.55	28.26
16.66	28.12
13.96	23.46
11.46	16.16
12.61	21.51
9.71	23.98
12.23	20.58
6.83	20.99
9.44	23.63
12.98	22.8
12.67	20.19
11.35	19.92
11.39	23.68
11.06	24.63
15.13	24.71
11.36	20.91
8.63	22.33
10.37	24.83
15.52	28.03
12.84	19.33
10.19	23.1
13.95	26.47
14.44	21.5
11.19	22.51
13.23	23.64
13.93	27.82
15.33	26.31
14.01	22.01
14.57	27.23
17.94	25.49
12.19	22.18
11.33	17.59
8.12	20.23
9.63	20.46
11.31	18.68
11.34	21.19
15.22	26.54
15.17	27.47
16.53	29.32
15.95	28.33
16.36	29.35
18.84	30.2
17.77	31.38
17.17	28.52
17.1	26.39
19.25	24.67
15.04	24.29
15.18	21.26
13.71	19.12
13.84	16.76
12.25	23.82
13.88	27.71
12.84	29.01
13.17	26.96
14.02	26.92
14.04	27.72
13.34	28.02
14.56	27.15
15.94	22.74
13.71	24.88
13.69	25.33
12.1	26.48
12.88	26.62
14.72	28.36
18.19	24.16
13.41	23.85
13.3	24.06
11.21	24.76
11.92	26.36
17.58	29.59
17.06	32.82
15.75	29.71
13.13	23.81
12.18	21.86
9.82	23.39
10.76	24.98
15.3	22.86
13.51	17.67
9.72	21.46
8.38	24.27
10.68	24.92
11.98	25
12.33	19.98
11.6	18.11
7.9	18.49
11.78	22.13
11.3	24.54
11.21	21.79
9.81	24.41
10.05	24.09
10.3	24.27
7.99	17.69
3.1	17.86
4.06	20.21
7.3	24.31
10.92	21.63
9.99	25.07
13.6	21.2
11.52	15.95
7.72	18.57
3.93	19.17
4.66	19.04
8.09	21.84
9.28	21.37
9.61	16.79
9.5	19.12
8.51	13.74
7.55	14.09
7.58	15.3
5	16.42
10.17	18.38
10.28	19.75
10.58	18.23
8.67	16.8
9.45	16.73
9.66	19.09
7.91	19.83
7.74	20.9
8.46	21.09
9.98	20
9.04	21.23
9.06	15.19
7.36	9.37
4.95	9.99
2.4	9.6
3.39	5.79
2.69	5.3
5.22	8.53
7.41	12.31
3.43	10.08
-0.71	16.06
2.95	14.08
4.21	16.25
10.26	17.27
12.25	14.28
10.66	15
9.29	18.71
5.83	17.91
5.11	20.51
5.7	19.78
10.02	19.86
11.93	18.9
13.71	18.52
10.06	15.2
9.33	12.47
10.88	14.66
12.1	12.82
8.87	12.12
7	11.33
6.96	11.74
2.08	8.41
-0.38	6.45
0.61	4.3
-0.59	3.74
4.9	7
6.44	9.49
4.9	8.12
3.56	4.36
1.54	3.19
-2.63	5.78
0.86	11.08
1.48	14.36
3.68	13.53
-1.28	6.02
-3.12	5.6
-4.17	3.81
1.54	12.53
-1.48	6.81
-4.99	3.84
-5.45	9.16
-3.46	4.99
-2.27	8.1
1.64	7.01
1.7	2.38
2.36	4.26
3.28	11.22
1.38	10.02
-1.45	6.02
-1.15	3.4
-0.38	3.43
-1.57	6.65
0.62	1.26
-0.15	0.36
-1.55	-0.81
-3.01	0.76
-4.03	-3.43
-3.57	-3.52
-3.89	-3.78
-4.59	-4.39
-5.05	-4.65
-4.07	-1.5
-1.34	2.89
-4.73	4.45
-3.65	2.55
-7.8	3.07
-9.26	-3.81
-9.55	1.33
-3.52	7.53
-1.29	10.68
3.71	7.77
0.16	3.78
0.73	2.26
0.09	4.61
-0.92	4.77
-4.21	5.12
-2.23	5.92
-1.27	9.49
-1.81	6.83
-0.06	8.83
-1.81	12.17
-1.06	11.69
-0.47	10.16
-1.97	12.22
-2.01	8.08
-2.6	10.71
-2.61	8.12
-3.28	10.17
-3.2	3.33
-3.36	5.81
-2.03	5.17
-5.29	3.2
-6.38	2.16
-7.44	-2.32
-4.21	-0.13
-7.18	2.2
0.52	7.19
-3.17	6.13
-4.17	5.76
-5.78	0.12
-2.85	-0.59
-4.16	-3.48
-6.31	-3.12
-13.1	-4.23
-7.66	-3.12
-9.82	-0.96
-11.66	1.68
-1.18	5.33
-3.88	3.4
-1.37	0.09
-5.43	1.74
-11.97	-1.36
-14.04	-0.68
-14.71	-3.45
-16.78	-2.96
-18.27	-2.02
-15.78	0.95
-5.15	5.8
-0.2	5.14
1.1	9.05
-1.94	6.6
-2.16	1.06
-1.57	2.45
-0.69	3.47
-1.91	3.92
-5.03	-0.44
-4.88	2.86
-2.85	-0.89
-3.34	1.39
-1.39	1.98
-0.87	4.78
-5.34	-0.75
-2.4	1.91
-5.69	-1.2
-12.47	-3.54
-15.95	-2.49
-15.89	-2.36
-13.58	-0.9
-5.23	-2.03
-5.74	-0.55
-9.99	1.59
-11.84	2.62
-3.5	3.59
-1.66	5.65
-5.61	-0.64
-11.48	3
-2.52	8.72
-1.21	9.43
-2.83	10.54
-1.37	11.53
-0.14	18.19
2.09	22.16
9.1	21.58
3.77	16.48
-2	5.9
-2.79	9.15
-0.56	11.26
-0.03	13.49
2.44	17.59
3.85	14.69
8.56	17.42
7.88	18.01
10.45	17.31
7.97	16.3
7.19	11
5.23	12.35
1.76	10.82
-0.47	13.3
0.06	15.32
1.85	16.96
3.19	18.79
4.55	19.64
5.7	17.77
12.08	18.81
8.39	14.51
6.1	8.13
5.83	7.4
6.79	10.23
8.38	13.33
8.49	18.89
8.25	21.03
7.87	20.49
9.76	16.61
7.38	13.31
9.8	12.79
6.4	10.63
4.48	8.56
-0.83	13.14
1.33	17.58
7.39	18.8
11.66	18.4
10.16	17.73
8	22.22
9.09	19.19
6.52	18.79
9.34	19.98
7.89	24.31
11.02	27.9
12.76	27.61
13.75	21.88
11.62	16.12
8.88	16.51
5.79	16.44
7.7	14.48
3.77	12.31
1.67	13.42
7.83	16.1
2.7	16.74
3.12	18.52
6.49	21.36
13.59	18.75
12.27	20.53
13.59	21.61
10.77	15.42
8.5	11.78
4.99	18.13
5.06	22.55
9.92	23.73
12.99	25.67
12.3	21.25
10.55	22.38
10.46	25.16
11.93	27.45
14.29	29.05
15.63	29.78
16.24	30.39
15.61	24.96
8.67	20.2
8.19	21.66
8.4	23.84
11.21	26.3
13.13	18.7
9.8	20.96
8.16	15.56
5.71	13.58
7.74	12.16
8.03	16.03
6.72	20.28
10.27	20.99
9.18	24.78
11.63	25.27
15.08	25.48
14.95	25.2
12.53	26.9
15.78	25.93
12.57	22.26
9.98	24.61
10.99	26.06
11.85	28.37
15.5	25.99
12.2	26.32
14.17	29.03
16.99	27.1
15.07	26.56
15.25	29.16
13.52	28.34
15.76	25.84
15.14	18.5
13.15	18.11
14.34	24.64
12.36	25.2
11.98	21.58
8.59	21.84
10.92	23.52
14.83	20.13
13.16	15.99
12.13	21.69
15.34	20.4
15.76	16.85
15.38	24.8
14.01	26.37
13.9	27.94
17.93	28.23
16.15	28.73
16.65	29.9
19.41	25.49
14.64	24.57
14.98	21.11
11.61	24.44
14.98	20.46
14.48	23.62
16.12	27.14
16.62	27.11
18.21	28.79
19.18	31.46
19.91	31.83
21.32	31.42
20.15	26.75
16.15	27.5
13.61	28.29
15.82	22.08
14.11	17.67
14.2	20.61
8.69	23.63
10.98	16.09
7.12	18.91
6.08	21.3
8.4	24.67
10.85	22.24
15.42	19.66
9.5	25
14.33	22.59
11.64	17.77
12.11	16.61
13.86	16.74
14.11	24.33
13.46	25.09
13.63	24.99
16.3	19.69
14.43	19.74
12.17	21.87
14.03	23.33
11.51	24.89
14.89	20.47
13.96	17.51
14.5	20.08
13.63	24.83
13.44	25.42
14.75	25.71
14.73	26.76
15.55	25.31
13.58	23.02
12.2	20.73
8.92	22.66
9.32	22.84
9.88	23.42
12.17	25.19
14.98	24.69
16.78	22.81
14.56	23.48
14.38	25
11.79	24.04
11.21	22.35
10.26	23.08
11.85	23.6
10.87	18.39
8.26	10.45
7.8	9.86
8.32	9.97
8.73	13.2
10.81	15.41
8.82	18.51
7.44	20.25
8.04	20.74
8.45	21.18
8.3	20.37
10.84	18.32
9.65	13.34
6.63	14.76
3.45	15.4
4.4	16.5
10.45	14.48
13.34	17.64
12.89	18.87
7.84	19.08
6.36	18.05
6.95	14.73
6.31	16.53
4.99	18.31
4.44	14.42
4.94	15.51
3.8	15.28
5.21	15.65
6.37	14.99
3.41	13.08
2.04	10.39
-0.19	12.51
-2.3	11.3
-0.16	12.37
7.87	17.01
8.13	19.05
8.92	21.12
9.59	17.29
8.06	18.46
6.13	19.84
6.5	20.03
5.01	17.75
5.46	13.9
1.99	9.95
1.57	8.03
-1.11	7.58
5.83	13.28
4.93	10.68
4.99	10.91
5.83	12.23
7.12	10.72
5.77	10.51
5.52	12.45
0.75	11.82
3.08	5.28
4.4	6.55
5.11	5.45
3.54	4.29
2.69	3.32
3.32	11.99
2.02	10.26
1.65	9.36
-2.91	7.62
-2.35	3.32
-3.67	3.09
-1.14	3.5
-2.58	0.9
-2.39	-0.64
-3.06	-2.23
-3.51	-0.07
-1.1	0.56
0.65	1.16
-1.13	1.71
-2.78	1.54
-0.07	0.59
-2.78	0.69
-2.38	-0.17
-2.49	8.71
0.01	9.55
4.1	8.25
1.03	4.31
0.66	8.51
-1.4	8.53
-2.49	6.72
-1.61	2.09
-6.85	0.69
-7.57	2.63
-1.73	-0.22
-0.65	1.36
-1.82	5.3
-0.94	4.85
-2.58	5.29
-3.25	3.01
-3.75	5.45
-2.45	6.8
-2.32	4.3
-5.51	1.48
-4.07	3.97
-1.26	7.99
-3.11	7.75
-2.62	1.01
-2.8	-0.83
-2.91	-0.78
-4.98	-1.52
-7.41	-0.61
-13.21	2.03
-2.15	1.88
0.42	0.71
0.47	2.61
-0.12	1.26
0.11	0.13
0.29	1.32
-0.42	1.94
-3.64	0.65
-8.51	1.79
-8.77	0.87
-9.8	2.42
-9.06	2.82
-8.4	-3.45
-4.08	-2.57
-5.19	-0.38
-7.26	-3.09
-9.36	-4.11
-4.95	1.3
-4.55	0.87
-8.76	1.72
-6.2	7.13
-7.38	4.47
-13.7	-8.07
-17.5	-5.87
-16.64	-6.96
-15.05	-5.89
-14.85	-5.76
-10.92	0.01
-9.08	-2.29
-3.52	-0.52
-4.83	-0.44
-5.72	0.46
-5.64	-2.64
-7.97	-4.6
-8.05	-2.02
-9.08	-2.87
-11.82	-2.56
-13.84	-1.49
-2.86	6.32
-2.91	7.89
-4.05	5.4
-2.81	4.24
-4.51	3.69
-4.57	2.25
-5.86	3.66
-4.2	4.98
2.01	8.77
0.01	8.01
-0.83	10.76
0.09	12.08
4.51	11.7
-0.37	10.39
0.66	5.47
-0.09	3.23
0.44	2.06
-1.52	0.34
-2.28	0.04
-4.65	2.16
-8.64	1.62
-6.63	5.03
-3.45	2.15
-5.73	5.39
2.96	8.16
-1.79	1.24
-5.73	3.16
-5.81	4.41
-4.77	4.09
0.1	7.59
3.02	5.33
1.57	9.4
-1.88	3.19
-1.79	0.03
-1.89	0.43
-1.01	0.43
-0.8	2.11
0.75	3.68
-0.7	4.22
-2.84	9.47
-2.54	13.75
-0.47	13.92
7.64	15.55
3.07	10.05
-3.39	9.3
0.95	12.86
2.95	14.4
6.1	20.3
7.52	18.26
6.94	14.38
5.02	17.1
9.34	16.06
5.77	19.72
7.02	18.43
7.99	14.45
4.6	14.85
4.82	12.52
3.53	10.41
-0.23	11.89
-0.44	15.31
3.18	17.66
8.73	18.87
4.98	14.01
4.62	9.77
5.08	13.04
5.52	18.63
4.16	16.36
9.27	14.81
6.63	17.76
8.65	16.7
10.35	18.59
9.11	19.52
7.57	20.47
6.72	22
7.61	23.08
8.22	23.25
10.66	24.41
10.8	23.73
13.29	18.06
12.49	14.55
8.61	12.77
4.84	7.11
5.85	14.15
4.77	16.53
6.01	19.31
6.27	17.84
5.31	19.83
6.93	19.69
6.88	16.05
8.1	19.19
5.83	20.63
9.99	20.56
6.79	19.39
7.3	22.54
8.44	24.47
11.05	21.7
9.74	21.73
11.08	24.98
13.86	22.49
9.5	24.79
13.82	20.54
11.55	18.35
13.49	16.95
12.18	24.85
16.25	22.98
10.66	16.26
8.17	19.98
9.75	22.5
13.62	23.11
14.03	24.5
10.65	14.96
9.09	9.59
5.15	15.74
3.16	16.1
6.19	10.84
8.46	12.24
8.25	16.25
5.88	16.69
8.07	14.81
7.07	17.14
6.59	18.79
7.36	20.05
10.42	17.49
9.08	19.07
8.62	23.68
11.16	24.55
11.6	24.08
11.88	26.5
13.89	27.83
15.62	27.76
16.02	28.85
17.06	29.86
18.32	30.3
17.18	30.69
18.47	28.42
16.7	25.67
16.24	28.48
15.93	29.52
18.29	32.38
18.94	30.55
15.04	29.98
15.62	25.58
15.9	25
16.71	21.99
15.29	19.84
16.69	18.07
14.98	24.05
12.37	25.24
13.31	27.62
15.38	29.1
17.33	28.32
16.54	29.1
17.46	28.92
17.93	30.67
17.75	30.05
16.53	28.44
17.25	29.85
18.71	24.03
13.31	23.03
11.29	24.57
12.61	27.06
13.82	30.24
14.47	31.02
15.99	32.74
18.1	32.72
18.77	31.72
18.27	30.81
19.11	30.99
18.61	31.86
18.99	32.26
17.28	32.07
18.47	30.89
18.47	29.11
17.34	30.48
16.95	24.81
17.09	20.75
11.9	19.09
12.22	17.92
11.82	22.5
12.63	23.02
14.01	18.76
14.43	24.18
12.07	24.22
11.38	23.31
11.42	21.81
10.54	14.35
10.89	19.24
8.6	21.48
10.91	23.82
10.33	25.15
12.59	28.79
17.93	28.7
14.24	26.17
16.03	27.7
13.02	22.57
10.91	24.18
11.62	23.12
9.48	24.06
13.47	18.94
10.66	22.53
10.39	23.02
10.89	21.36
12.7	20.62
9.9	17.14
7.6	19.91
6.52	21.37
8.73	23.25
11.51	25.22
15.29	29.64
15.73	26.29
12.51	24.2
14.07	25.38
13	20.05
7.03	20.46
6.46	21.24
6.52	21.73
7.65	22.32
7.04	22.57
8.31	23.87
12.9	20.17
14.21	16.88
12.08	21.83
14.07	18.43
13.36	19.41
13.37	22.22
9.65	22.54
9.7	21.56
7.76	20.42
8.44	21.64
9.13	22.07
10.15	22.86
10.97	21.69
10.77	22.83
9.68	22.35
9.93	22.15
9.88	23.48
11.55	22.5
14.3	24.63
11.75	20.31
9.54	17.31
5.09	18.48
5.08	18.88
7.71	17.44
3.4	18.6
4.38	19.53
4.46	19.32
4.4	19.03
6.73	18.35
8.14	18.04
4.09	17.5
5.34	13.95
-1.22	13.64
-1.15	14.22
1.09	16.19
7.66	16.37
7.08	20.91
7.8	20.08
10.29	21.34
13.45	20.24
8.88	18.45
8.31	20.12
7.19	16.98
9.21	17.31
10.96	19.53
2.14	14.24
-2.69	10.99
4.03	7.21
-1.7	5.21
-5.16	4.32
-4.51	6
1.73	12.12
6.18	12.07
-0.66	13.44
-1.14	14.42
1.05	17.76
2.32	10.87
-2.32	7.65
2.2	8.73
0.02	9.8
4.41	13.03
4.26	16.03
3.88	18.76
8.92	19.66
4.05	17.95
5.49	13.33
3.08	8.41
3.9	8.65
5.72	6.89
4.61	10.94
0.7	11.06
5.56	17.18
5.72	13.29
7.39	8.36
6.52	8.48
6.66	7.82
6.7	8.78
5.44	7.77
2.35	6.41
-0.86	6.42
-1.47	4.09
0.8	10.39
4.89	16.04
7.28	12.84
5.52	15.56
7.77	13.7
4.27	9.4
0.26	7
-2.4	4.15
-2.63	5.22
-2.63	4.49
-2.31	-0.59
-1.35	-0.5
-0.88	0.42
0.97	3.94
0.9	2.68
-2.81	4.9
1.13	5.03
-0.06	5.92
-2.41	3.85
-2.06	0.78
-0.37	6.39
-1.89	4.19
-5.43	3.63
-6.98	1.26
-4.6	3.84
-5.03	1.32
-1.87	2.37
-1.71	9.99
0.38	7.78
-1.54	8.38
-0.82	6.63
-0.88	10.06
1.64	10.85
2.39	13.06
-1.76	9.98
-0.65	12.17
3.45	12.86
6.31	15.69
3.48	11.68
2.17	15.93
-1.13	13.57
-0.9	11.41
-2.04	7.67
-1.29	11.52
1.06	11.53
7.35	11.04
2.83	8.37
0.33	12.23
3.6	7.95
1.6	2.94
-0.97	4.27
-5.94	0.95
-6.75	-0.14
-8.68	3.38
-3.84	7.07
-1.4	9.84
-0.74	11.68
-1.58	9.4
-0.05	11.61
-1.59	9.95
-0.02	9.27
-1.64	8.39
-3.49	12.32
0.02	9.79
2.5	5.43
3.86	12.21
4.85	10.29
-0.04	11.63
-0.22	7.39
1.34	11.93
5.29	11.5
0.99	13.39
3.42	7.45
2.39	5.94
0.52	7.46
-1.72	5.66
-2.68	4.9
-0.91	11.81
-1.26	5.13
3.42	9.9
4.43	11.41
3.08	8.27
-0.84	4.68
0.49	5.18
0.1	10.13
3.19	10.53
5.08	14.69
6.46	11.74
1.07	7.96
3.21	11.87
-0.63	14.07
3.19	16.22
6.19	16
7.86	11.61
7.21	9.66
4.67	12.12
5.8	11.62
0.08	15.27
2.79	17.39
3.86	18.39
6.44	14.59
0.97	15.54
1.25	18.73
4.56	18.9
1.5	13.62
0.55	3.37
-0.94	4.76
-1.47	7.39
2.23	8.86
4	5.6
3.49	13.4
3.85	12.98
2.98	12.29
0.54	12.48
5.42	10.23
0.44	12.69
7.01	14.38
4.74	15.72
5.26	16.58
4.95	18.17
7.48	11.09
1.06	14.06
4.36	19.25
8.52	18.69
9.06	16.19
3.49	19.78
6.63	21.68
9.09	18.56
7.37	21.59
7.45	23.24
8.8	23.19
8.88	21.44
7.89	18.51
5.29	21.56
8.87	18.98
4.3	15.95
4.42	21.59
7.08	16.92
4.98	18.59
6.54	22.72
11.59	20.07
9.15	20.38
6.72	21.28
7.03	22.54
7.06	23.82
9.26	24.26
9.98	17.01
4.76	16.38
6.4	16.48
5.79	20.28
12.14	17.72
12.08	19.7
12.2	19.87
9.48	23.4
11.18	22.72
11.94	16.39
12.11	22.85
12.1	26.9
12.72	20.83
11.44	25.43
16.11	28.4
12.74	23.29
6.59	15.18
6.35	18.76
7.41	16.39
7.94	19.78
11.42	23.79
11.69	25.89
14.15	28.6
16.16	27.19
17.4	27.56
16.51	29.25
15.69	28.49
15.69	27.05
13.95	21.45
10.43	18.99
10.02	12.88
8.06	20.31
7.1	23.7
12.98	21.66
11.82	24.1
13.29	23.25
15.15	23.32
14.07	23.65
12.26	24.43
12.14	26.04
13.13	27.55
13.42	28.04
15.2	27.01
15.95	26.5
13.38	27.4
14.53	28.28
15.67	28.76
16.8	26.07
13.85	27.3
15.52	28.26
17.21	28.9
14.73	31.64
18.7	32.74
15.29	30.02
13.91	26.47
14.62	28.16
13.91	31.35
16.53	27.8
11.7	18.66
11.68	21.91
10.25	24.1
13.65	24.79
12.16	28.4
15.17	30.58
14.03	26.86
12.86	22.52
11.37	21.84
12.1	25.13
13.63	27.42
16.51	27.92
16.68	30.39
10.97	23.9
8.84	20.08
9.63	22.08
12.28	25.63
13.08	30.08
16.37	32.02
16.64	33.37
17.15	36.3
17.21	35.28
21.26	34.76
19.2	37.29
18.48	34.38
19.97	33.67
13.35	30.84
15.6	29.19
11.68	26.06
12.02	27.96
13.38	31.53
18.07	31.36
17.91	26.94
13.47	21.44
8.29	21.32
8.49	23.11
7.67	26.61
12.51	20.75
11.84	23.05
10.77	24.82
11.64	28.63
13.03	30.48
15.13	28.42
15.56	29.35
13.99	21.89
14.3	19.47
14.74	24.9
14.23	27.63
13.15	28.09
14.93	29.52
16.02	31.43
17.96	26.55
12.24	25.18
15.26	24.87
14.33	22.01
13.33	24.83
15.63	26.1
16.43	28.26
13.91	27.48
16.98	27.3
14.32	28.44
14.51	29.2
14.75	23.11
13.47	18.22
11.23	14.59
8.42	18.99
9.44	21.26
9.92	20.68
11.62	23.01
9.84	17.37
6.53	12.07
6.69	9.23
7.59	11.34
10.38	17.86
9.82	19.51
6.94	18.68
11.1	17.02
6.94	17.46
8.55	19.29
6.84	21.26
10.82	22.26
8.83	21.81
10.81	24.23
11.78	20.16
6.88	15.24
2.96	15.68
3.06	17.25
3.72	18.53
5.03	19.43
5.76	19.89
6.41	19.72
10.65	15.57
10.57	14.28
9.04	16.29
8.18	19.04
5.61	20.87
6.51	21.11
6.73	21.21
10.12	21.99
10	17.48
10.69	17.42
10.05	14.87
6.12	15.34
3.56	17.52
4.4	16.46
5.39	13.34
8.58	14.66
4.28	16.37
5.88	12.97
0.04	11.73
-2.1	13
-1.12	15.64
0.61	17.3
3.87	11.69
2.53	10.39
-2.3	5.41
1.28	6.29
2.77	5.23
3.25	4.95
3.19	5.82
5.53	8.84
4.43	7.07
5	8.85
6.39	7.49
7.02	11
6.54	8.97
6.88	11.7
3.55	11.58
0.3	12.53
8.49	14.06
6.71	10.19
2.47	9.53
-1.95	5.81
-0.21	9.32
2.39	12.14
2.98	6.62
-1.12	8.89
0.01	9.86
1.4	8.18
-0.97	6.86
-0.57	4.22
1.13	2.28
-0.06	1.62
-0.57	1.41
-0.61	0.06
0.16	1.28
-1.43	0.15
-0.69	7.49
0.48	13.98
10.09	14.96
6.18	12.45
3.99	6.78
1.13	7.59
-2.52	6.32
-3.47	4.07
-4.53	3.62
-4.99	4.78
-2.05	8.04
-1.91	8.26
2.77	10.14
-1.44	4.46
-1.85	8.55
-1.46	8.62
-0.47	6.96
3.37	7.77
-1.01	5.6
1.87	5.97
0.81	8.16
3.02	4.3
1.53	5.62
-2.68	1.48
-3.63	-0.53
-1.76	-0.57
-3.29	-2.25
-6.72	-1.06
-9.86	-2.62
-4.92	-3.31
-5.96	-4.88
-6.2	-5.53
-5.4	-5.1
-5.46	-3.78
-6.13	-3.3
-4.72	-2.44
-3.35	-2.51
-4.18	-3.41
-4.73	-4.44
-5.67	-5.03
-5.03	-0.79
-4.96	-0.3
-4.03	-0.84
-3.32	-2.1
-5.96	-3.7
-6.75	-3.87
-4.14	1.34
-4.39	3.5
-2.14	8.57
-4.57	0.53
-2.42	-0.7
-1.9	5.25
2.9	13.26
2.36	6.91
1.08	7.27
0.75	8.76
2.27	9.8
4.38	7.68
1.91	8.98
2.78	7.59
3.04	16.25
1.56	12.76
-0.51	7.77
-1.58	5.8
-3.78	6.92
-2.69	8.89
-4.76	9.43
-0.23	12.81
3.53	10.13
-0.15	9.73
-1.75	6.68
-0.79	6.82
-0.98	9.43
3.09	9.11
-0.16	5.13
1.43	10.09
3.29	7.61
-0.38	9.47
0.76	9.37
0.26	8.15
-2.33	7.61
-2.07	6.86
-2.38	5.73
-3.86	5.51
-6.16	7.29
-5.31	2.81
-1.23	2.4
-4.42	-0.38
-11.17	0.22
-5.61	11.62
-2.68	11.5
-3.71	12.02
-1.75	13.96
1.76	15.82
4.49	16.67
1.43	17.94
2.27	19.42
1.35	17.56
3.03	16.92
3.44	11.54
0.96	14.97
6.91	14.51
5.09	18.41
4.85	18.01
3.84	11.86
2.45	4.71
-1.19	3.21
1.41	4.88
2.95	5.22
0.94	12.03
2.34	14.74
6.41	9.78
3.14	16.66
3.21	13.22
0.6	12.79
5.63	13.93
8.2	18.86
3.96	16.52
1.94	6.97
-2.9	8.27
-2.08	7.88
-1.62	8.56
1.42	6.69
0.61	5.29
1.19	6.27
-0.78	7.06
-2.34	8.87
0.7	10.31
6.06	11.58
6.13	13.86
1.48	15.9
3.94	17.02
6.21	17.89
8.1	14.21
3.13	11.79
6.34	11.92
3.5	13.24
3.16	15.79
4.43	15.33
3.6	9.52
3.28	18.72
11.93	20.44
13.84	19.87
9.27	15.43
6.97	15.54
3.83	16.75
5.94	13.11
6.03	13.63
3.09	13.92
5.31	17.31
10.43	19.2
6.44	21.58
7.52	22.02
7.95	17.39
9.16	14
5.49	16.05
5.21	16.24
7.31	17.17
5.86	18.95
4.34	20.8
8.01	17.72
9.4	18.49
10.59	18.06
7.62	19.07
7.15	19.01
6.63	18.33
6.44	16.8
9.76	19.14
8.25	18.88
6.8	20.74
8.85	20.38
6.97	20.05
7.97	19.46
6.04	21.86
6.16	23.07
7.9	23.95
8.43	25.8
13.27	24.34
13.09	23.34
16.12	21.2
11.15	21.18
8.87	12.14
9.4	15.53
10.59	18.47
11.72	19.56
12.56	23.39
11.55	22.98
13.42	26.35
14	31.78
15.52	31.56
16.19	25.92
13.89	27.17
13.14	26.29
11.4	28.41
15.33	26.31
12.24	25.86
15.02	21.73
15.52	18.88
14.23	22.93
13.31	19.64
13.77	21.5
13.2	24.07
12.22	25.62
12.7	26.11
13.16	20.06
11.98	18.66
8.79	18.01
9.3	19.53
8.19	21.36
12.29	21.67
14.14	23.14
11.25	26.16
14.31	27.82
14.31	28.63
14.96	30.59
15.69	31.34
16.91	30.46
14.7	29.1
17.21	29.07
15.62	25.98
14.71	26.35
14.6	28.17
16.03	25.16
15.86	28.17
16.01	29.57
17.23	29.53
18.74	27.51
15.42	26.53
12.79	27.46
17.88	29.69
14.12	21.92
11.6	24.14
15.64	25.86
14.73	29.75
15.98	30.48
16.66	28.99
14.32	18.87
12.8	21.84
14.2	26.65
14.71	26.51
14.74	20.82
13.61	25.82
14.85	27.47
15.32	20.51
13.32	19.33
11.57	15.44
14.35	19.34
17.38	24.17
17.32	25.55
18.02	27.97
16.7	27.54
16.17	28.46
16.98	27.16
16.84	29.01
16.53	29.77
16.08	29.21
14.63	29.42
15.66	30.52
17.12	23.77
13.51	26.29
13.41	27.33
14.4	25.42
14.14	23.35
9.81	24.38
11.19	25.8
12.14	28.4
18.03	26.97
15.73	27.53
15.96	30.17
12.46	24.63
8.49	21.58
10.6	24.92
11.15	27.14
11.9	25.72
14.99	25.92
13.41	27.68
13.59	22.74
12.55	20.96
8.27	22.49
11.66	25.13
12.92	26.18
12.68	27.06
14.1	25.36
13.89	21.69
8.13	22.97
9.01	23.08
11.13	25.45
13.06	27.77
15.4	27.79
17.34	27.6
19.42	28.78
17.99	29.28
14.11	23.08
10.47	24.41
11.01	26.31
14.61	27.64
15.2	25.61
11.23	17.51
7.88	11.51
6.45	9.14
7.01	8.53
6.67	12.75
3.48	14.32
2.79	13.79
9.01	11.57
7.47	11.76
7.7	11.89
7.44	13.96
6.44	15.61
7.87	14.33
7.17	13.33
8.82	13.85
6.2	15.24
3.26	16.64
3.86	18.03
7.86	19.05
6.31	20.66
8.58	15.04
6.36	10.54
0.72	14.97
3.19	19.38
7.53	19.48
5.18	19.11
7.75	20.63
10.04	18.94
7.03	19.51
5.55	20.51
7.04	21.51
6.63	21.78
8.4	22.13
9.19	21.75
4.2	16.1
-0.37	13.07
0.16	14.32
1.05	17
2.21	16.78
3.1	18.47
5.95	14.05
1.09	12.22
2.83	9.55
5.91	9.78
0.95	11.63
2.96	19.83
9.93	21.95
9.64	18.7
4.91	17.74
9.85	15.69
7.75	11.86
9.27	19.88
8.21	19.2
9.33	18.47
9.18	17.79
11.81	13.02
9.46	12.15
7.94	13.08
6.47	9.28
5.36	8.11
6.33	6.86
6.81	7.54
7.03	8.01
4.29	10.86
-0.11	8.5
3.34	9.2
-3.29	6.31
-3.45	8.29
0.96	13.01
3.54	6.76
-2.28	4.22
-2.97	4.71
-3.58	4.54
-0.17	1.62
-2.56	4.38
-2.59	5.8
-5.04	2.77
0.11	1.32
-0.37	8
2.16	9.75
-0.45	8.93
3.13	4.51
-0.65	3.8
0.54	9.12
1.34	8.73
0.83	6.33
-1.83	6.51
-3.92	5.48
-1.76	7.82
3.03	4.7
1.75	3.54
1.85	3.76
2.64	3.94
2.36	4.02
3.14	4.08
4.3	4.68
0.81	4.6
1.99	3.9
-1.39	4.54
-0.32	8.49
-0.68	10.95
-1.11	8.41
0.81	4.95
-2.04	2.69
-4.96	0.08
-1.95	-1.28
-6.09	-1.2
-7.83	-2.98
-9.25	-4.88
-5.74	-4.93
-5.59	-4.72
-4.51	-2.44
-7.6	-1.18
-11.51	-0.46
-9.26	-1.87
-9.67	-2.74
-6.48	-4.17
-9.32	-0.53
-12.27	-1.23
-13.46	-5.57
-9.55	-7.66
-7.76	-7.27
-7.58	-7.06
-7.48	-3.36
-3.26	0.53
-3.71	3.06
-5.55	2.42
-5.69	3.83
-1.59	8.41
3.86	13.45
2.75	8.48
0.28	5.96
-0.87	2.85
-0.18	2.43
-0.01	3.96
-1.39	4.92
-0.46	1.34
0.27	0.84
-0.06	1.41
-0.51	0.96
-1.1	0.97
-3.01	-0.78
-1.23	0.56
0.08	1.33
0.11	3.17
-1.39	9.73
0.88	13.21
3.37	12.11
2.81	7.84
-0.55	5.94
-2.81	9.14
0.96	7.86
-4	4.91
-4.7	2.51
-1.85	3.12
-3	1.89
-4.84	3.15
-3.85	3.32
-5.45	0.55
-4.43	1.04
-7.21	4.08
-2.25	4.98
-3.01	-0.25
-1.56	4.83
-1.14	4
-1.23	4.73
-1.86	9
-1.48	10.18
1.8	14.93
0.87	13.78
3.32	6.45
4.64	8.08
5.7	9.03
6.09	7.88
5.21	7.22
2.49	7.89
1.68	11.81
3.33	8.43
-0.61	10.88
4.24	11.45
-0.32	9.28
1.97	12.01
3.3	12.56
1.97	13.33
4.48	12.35
2.15	9.63
1.88	9.61
0.15	4.4
-1.01	3.98
0.51	5.43
-2.95	11.93
2.36	14.62
4.94	9.23
-1.27	6.72
-0.95	10.8
2.19	14.69
7.3	15.72
8.88	12.38
6.03	9.42
4.99	9.91
8.3	12.18
10.82	18.29
6.92	18.26
7.98	21.21
9.23	21.48
9.32	21.75
7.79	22.96
8.12	23.48
7.73	23.44
7.7	23.27
8.39	23.42
8.05	22.97
7.5	19.66
6.39	20.14
6.54	21.89
7.09	22.48
10.16	18.8
5.82	20.52
6.7	17.71
11.27	20.04
11.32	19.72
6.89	20.33
8.59	13.27
6.51	18.29
6.43	20.05
7.73	19
9.9	19.42
10.86	18.64
9.58	17.61
9.73	19.06
10.14	22.41
8.65	16.43
9.1	19.97
7.73	20.66
9.18	16.81
8.37	18.56
11.52	21.05
8.56	24.72
10.63	24.21
11.57	26.35
11.49	26.9
12.23	21.16
10.63	14.13
10.98	14.18
10.31	19.31
11.69	22.99
10.34	24.6
13.6	26.45
14.44	23.68
14.55	24.3
11.38	26.26
13.99	26.49
12.75	22.59
15.66	22.9
15.18	27.52
17.04	27.82
14.83	22.14
10.33	20.41
7.58	17.2
6.76	10
4.62	18.48
8.5	18.11
6.52	18.82
9.7	23.58
7.93	17.88
6.21	16.44
12.51	25.95
12.69	22.56
8.29	23.91
12.28	26.12
12.1	26.34
9.99	24.49
8.39	22.53
9.31	23.11
9.05	26.46
15.58	27.37
15.67	27.2
12.87	22.72
10.1	26.87
13.45	29.98
11.12	22.98
8.5	19.93
10.63	16.38
11.19	13.94
13.08	17.84
12.54	24.12
12.4	23.49
13.05	24.07
15.95	20.79
14.81	23.87
14.12	26.83
17.74	26.92
16.16	27.41
16.24	27.27
17.62	26.53
15.83	26.46
16.3	27.01
14.58	25.07
15.03	18.62
12.06	22.22
14.4	17.07
9.85	22.19
10.86	24.56
14.64	28.01
16.79	29.81
17.78	30.83
18.03	29.66
17.73	29.92
14.64	25.68
10.33	23.57
10.6	25.41
14.11	27.98
16.1	29.81
17.73	31.95
17.24	29.29
15.49	24.53
10.25	24.52
10.75	25.76
13.24	26.35
14.96	27.98
15.04	30.18
18.11	25.86
14.06	28.42
16.35	31.41
14.33	27.31
15.82	19.53
16.26	23.29
16.31	25.43
15.3	26.02
14.39	26.96
16.58	22.5
14.97	27.44
15.07	25.91
13.72	26.59
13.98	25.88
15.99	22.12
12.3	25.79
14.05	27.89
15.44	30.43
15.18	29.44
14.46	26.7
16.35	27.83
14.65	28.76
17.08	24.81
14.73	22.5
10.4	23.39
10.86	25.73
11.59	28.13
15.38	28.95
15.71	29.49
14.28	22.1
12.72	21.89
7.54	23.44
9.51	25.7
12.37	26.52
14.26	28.34
13.73	22.99
10.42	19.28
6.94	19.24
7.19	20.44
8.05	21.16
10.39	21.52
12.13	24.06
13.53	20.27
13.67	21.98
10.89	21.11
11.24	17.7
11.89	21.39
12.27	24.03
15.72	22.13
14.62	20.75
13.31	21.7
11.9	23.26
10.94	24.07
11.09	24.4
10.53	24.46
10.46	24.4
13.66	20.99
7.79	20.62
7.76	22.08
9.62	23.4
10.91	22.32
9.22	21.85
9.18	22.74
9.87	17.43
4.48	16.88
4.46	20.41
5.99	20.47
10.46	25.43
12.81	25.34
11.89	25.08
11.13	17.66
9.43	16.51
9.16	18.96
7.58	10.92
4.06	9.5
-1.11	7.39
1.42	8.3
-0.78	8.4
0.2	9.44
1.04	8.45
-1.13	8.23
2.03	9.86
-2.52	14.89
10.73	18.69
8.04	15.24
8.09	10.4
3.75	16.09
6.87	13.8
6.79	16.54
3.44	15.52
4.06	11.95
1.67	9
-2.97	8.63
-1.73	5.33
-1.58	4.23
0.99	2.99
0.48	3.16
2.88	10.15
4.09	4.39
3.89	7.07
2.95	6.3
5.1	8.81
4.04	7.3
4.34	7.92
0.18	11.9
0.87	13.19
2.21	15.13
5.02	15.51
5.4	15.42
4.06	17.15
5.62	12.39
2.16	16.62
1.52	15.21
2.2	6.09
2.6	5.29
3.55	8.75
3.5	14.39
2.98	14.45
3.68	9.65
3.15	12.47
3.44	8.7
1.2	11.38
8.96	14.94
5.77	13.58
0.87	5.28
0.33	4.97
1.08	3.9
-0.43	6.31
-0.53	3.19
-1.43	4.94
1.42	5.14
4.31	8.94
1.89	8.76
2.04	6.15
0.41	4.13
-2.1	0.03
-4.01	-2.58
-4.33	-2.13
-4.69	-2.38
-8.29	-1.69
-10.74	-3.23
-13.27	-8.37
-17.18	-8.16
-17.72	-0.79
-1.65	6.96
5.42	15.52
2.44	13.38
6.67	16.58
0.24	8.46
-0.09	3.41
-2.63	6.36
-3.8	2.67
-1.14	8.08
-1.57	8.04
1.92	4.42
1.33	4.86
-4.29	2.48
-8.37	0.45
-2.89	-1.39
-3.45	-0.92
-2.59	-0.8
-2.21	-0.68
-0.34	0.24
0.08	0.5
-1.03	0.1
-2.15	-0.45
-2.8	-1.46
-1.53	-1.33
-1.47	0.09
-2.83	2.59
-3.77	-1.53
-2.37	3.04
-0.72	3.67
-1.3	2.67
-5.24	-0.94
-6.07	-4.84
-6.9	-4.17
-6.28	-3.92
-6.57	-2.92
-9.16	-5.16
-13.92	-2.78
-12.11	-3.2
-8.69	2.04
-1.54	1.91
-2.92	0.44
-9.66	3.22
-7.53	4.14
-5.85	6.52
-1.67	6.57
-2.42	4.5
-1.56	1.45
-6.01	-1.52
-9.62	-3.3
-7.44	-4.17
-4.94	-1.43
-3.06	-1.29
-3.76	-0.89
-5.09	3.84
-8.03	1.43
-4.22	0.65
-8.99	3.25
-1.8	4.75
-2.15	9.76
-2.69	9.35
1.1	4.87
-2.26	8.5
-0.87	9.47
2.43	12.81
0.67	13.53
-0.24	13.83
4.42	11.57
1.93	12.36
1.88	13.59
5.45	15.68
4.57	8.84
0.2	7.5
1.67	2.67
-0.87	2.83
-6.49	2.62
-3.3	-0.63
-7.44	0.34
-2.67	1.47
-2.91	-0.33
-1.76	-0.36
-4.56	5.8
-0.71	8.69
-0.23	10.15
-0.45	4.85
-1.04	10.48
1.53	10.88
-0.11	15
3.25	16.81
5.09	17.81
8.54	19.12
8.19	12.25
3.87	15.73
4.87	16.57
9.16	16.85
11.01	17.99
6.72	15.13
3.24	16.07
4.45	19.41
10.99	18.12
6.72	12.56
4.01	15.54
3.74	10.78
1.13	15.37
9.2	13.38
7.05	11.28
6.87	13.28
1.78	14.71
2.4	17.02
5.53	18.71
6.93	13.77
3.35	9.52
4.03	5.49
5.88	9.35
7.43	12.87
6.92	14.84
7.51	15.87
5.62	14.26
2.38	15.06
5.28	18.33
6.67	21.43
9.31	20.42
6.16	10.77
6.89	14.64
7.37	19.73
8.39	21.53
8.51	23.23
12.16	19.42
8.55	18.91
5.77	21.14
8.17	25.76
11.38	23.03
12.38	21.16
13.37	20.79
11.07	19.91
12.13	14.5
11.47	18.93
5.62	19.61
5.65	17.39
9.82	20.57
11.43	20.87
7.96	21.64
11.72	18.73
9.77	15.07
9.84	17.8
8.77	11.83
7.17	10.18
9.3	15.13
8.74	16.63
5.09	17.02
8.33	14.67
11.27	18.37
13.18	21.61
10.95	21.82
11.35	25.37
12.07	27.56
13.73	25.7
11.97	25.9
11.61	23.38
14.34	22.22
14.6	22.18
11.29	14.9
8.49	14.64
9.48	12.37
10.47	16.38
12.18	18.89
9.96	23.05
9.21	24.68
11.59	26.06
14.25	27.82
14.75	28.49
17.25	28.92
19.43	31.42
16.94	31.41
19.1	27.44
15.91	26.57
11.72	25.79
14.43	21.01
14.39	20.46
14.59	24.83
13.11	19.95
12.02	16.15
10.7	13.56
12.94	18.19
13.3	20.91
9.98	22.44
11.21	22.65
12.37	20.71
13.52	24.37
12.89	25.43
14.89	27.3
14.26	28.43
16.2	28.97
16.24	29.43
17.38	30.6
16.06	27.41
17.6	27.57
17.53	26.63
15.12	22.98
11.29	25.44
12.51	28.25
14.53	30.07
15.86	31.07
17	31.84
18.07	31.65
18.56	32.11
20.11	32.6
20.47	31.97
21.09	32.81
17.42	26.45
15.47	23.88
14.67	27.08
17.91	29.95
18.19	32.05
18.47	29.8
16.36	22.55
14	17.45
12.66	19.44
14.22	23.38
17.18	25.31
15.4	25.05
13.9	17.62
14.99	22.96
12.18	26.95
13.41	28.35
16.34	25.12
14.03	23.59
12.01	24.09
15.33	21.61
13.78	19.89
13.69	25.58
14.8	22.4
12.24	26.21
13.78	27.22
13.5	27.07
15.51	27.36
15.27	26
17.77	26.05
13.78	24.53
12.8	24.35
13.76	22.52
15.27	25.49
15.99	24.6
15.58	26.88
14.7	26.86
13.22	27.25
15.36	23.17
15.36	18.37
12.26	26.04
16	29.38
14.06	20.03
7.49	19.21
8.56	14.47
6.19	13.95
10.71	18.55
6.87	19.48
10.25	18.02
10.99	17.6
7.48	17.37
8.88	14.98
5.38	11.16
11.02	14.74
13.83	18.92
11.75	17.58
14.53	18.63
10.55	18.99
9.27	20.77
10.99	20.76
11.73	22
13.06	18.07
12.95	14
9.73	12.81
8.67	15.77
4.91	17.52
5.47	19.53
6.52	20.14
6.7	20.15
8.56	21.17
11.51	16.19
9.87	13.89
7.17	14.06
8.58	17.82
6.68	16.08
6.57	11.75
7.76	12.14
8.49	13.58
9.13	12.54
9.01	16.83
10.35	16.87
9.06	10.49
5.73	15.47
3.15	13.58
0.58	13.57
0.39	14.29
1.07	14.49
1.68	14.53
2.63	13.16
3.89	13.6
0.58	12.37
4.55	12.03
3.6	8.45
5.33	7.29
5.53	7.45
2.31	6.54
0.86	11.22
-1.75	12.27
-0.16	13.66
6.65	15.89
4.03	9.32
3.57	6.93
-0.8	8.31
-3.61	9.08
-2.7	12.25
-0.82	15.58
6.86	16.23
6.45	17.21
7.89	15.14
7.43	11.21
5.38	17.45
4.95	19.57
3.49	15.61
3.61	15.25
7.87	12.78
6.99	13.09
5.81	9.93
4.63	12.35
3.91	14.6
6.56	17.61
7.23	17.94
10.07	19.34
6.78	16.37
8.22	10.42
7.74	11.52
4.19	7.8
4.84	7.15
5.33	6.14
7.28	9.28
2.42	8.01
-0.44	8.25
-2.3	7.39
-3.27	1.32
-1.16	4.15
-1.7	0.09
-0.76	3.71
-3.22	0.24
-2.88	-2.59
-2.58	-1.07
-2.43	-1
-7.5	-2.57
-9.04	-2.86
-2.79	6.43
5.73	13.1
8.05	14.36
-1.57	13.06
-5.57	0.92
-8.08	0.97
-2.88	7.4
-5.33	0.96
-9.86	-0.87
-4.99	-0.52
-9.24	-3.84
-11.54	-4.97
-10.29	-5.51
-15.89	-1.87
-3.83	6.18
-5.7	5.99
2.13	8.99
4.1	12.82
2.68	13.08
0.28	6.12
-3.51	-0.27
-7.17	0
-7.78	0.29
-9.51	-2.36
-10.82	-2.52
-6.64	-5.65
-6.07	-4.55
-4.81	-2.27
-7.89	-0.23
-10.92	-4.47
-4.93	-4.27
-7.32	2.3
-0.88	12.27
4.06	11.31
0.22	13.17
-0.32	8.59
2.04	3.33
0.54	6.23
-0.51	8.11
3.75	13.03
0.5	12.21
0.39	11.77
-1.95	7.43
-2.09	4.87
-2.52	2.74
0.82	2.6
-1.35	1.05
-2.47	-0.01
-7.47	0.94
-3.94	0.76
-6.43	-0.06
-5.21	3.54
-1.64	-0.06
-5.11	-1.56
-7.97	-1.75
-6.84	-2.71
-3.54	-3.01
-5.86	-2.46
-6.2	-2.81
-9.73	2.09
-5.17	6.02
-1.75	13.25
-2.36	12.19
-2.76	17.85
-2.42	13.67
-2	9.35
-2.99	8.78
-1.73	12.26
0.92	7.96
-1.01	3.01
-1.38	-0.72
-2.64	-1.7
-2.78	0.56
-0.64	-0.21
0.34	1.44
-0.55	5.72
-2.19	2.23
-5.27	-1.28
-7.16	-3.57
-9.78	-1.38
-10.87	0.69
-9.86	1.15
-5.46	1.32
-7.42	-1.65
-2.91	3.04
-3.85	-0.57
-5.35	2.03
-2.41	-1.2
-4.04	3.93
-4.79	5.6
-3.47	5.79
-2.26	2.55
-7.56	4.8
-5.67	7.69
-2.34	12.2
-1.94	13.18
-1.65	14.39
8.01	15.68
8.62	18.15
7.27	19.08
6.51	13.31
9.8	15.24
6.3	11.21
4.65	6.97
3.41	8.65
1.36	8.91
-1.45	13.22
1.07	15.42
2.71	18.54
2.4	20.84
5.38	20.71
4.63	8.98
3.93	9.36
3.04	15.61
1.09	17.53
2.38	18.87
8.91	18.39
7.76	19.98
6.81	20.65
7.81	22.67
7.01	15.65
4.34	17.77
10.65	25.64
12.57	20.12
9.32	20.17
5.43	18.28
9.47	17.74
8.59	20
4.22	11.46
4.54	11.9
3.41	11.58
6.32	12.73
3.38	15.97
3.46	17.65
4.8	19.05
5.51	21.55
7.18	23.35
6.94	23.19
7.28	23.46
11.45	23.33
9.53	20.2
9.67	12.77
8.66	17.05
8.7	16.53
10.81	15.98
9.74	17.42
8.15	17.01
6.05	17.88
8.26	21.46
3.48	12.55
1.96	14.37
0.53	17.03
3.62	20.29
6.51	15.06
4.7	18.56
8.14	22.93
9.45	23.88
10.52	25.88
13.21	22.21
10.15	23.66
10.58	17.61
9.38	16.6
8.69	19.08
8.85	22.76
10.36	24.91
11.04	25.88
12.26	26.09
11.76	25.67
13.1	25.25
13.53	28.54
14.35	22.31
8.21	25.27
11.46	28.37
10.48	19.13
7.91	21.8
9.36	23.97
11.44	27.64
12.37	23.14
15.52	21.89
14.88	25.3
14	26.38
12.91	26.1
13.04	25.88
13.61	26.87
13.86	24.35
13.71	18.4
10.78	21.63
10.12	23.19
11.24	23.48
12.16	25.11
13.34	24
13.43	26.02
12.15	28
13.63	24.84
17.1	27.78
10.21	22.83
7.44	22.53
11.24	27.24
13.44	28.92
16.5	26.39
13.96	21.07
9.08	20.43
11.69	21.12
12.13	24.66
14.52	24.77
14.5	27.64
13.42	28.42
14.36	21.71
11.72	18.89
7.96	20.21
13.56	25.21
14.2	20.93
14.17	27.28
15.89	30.86
19.54	31.58
15.78	33.07
18.39	31.82
17.85	28.58
16.28	29.25
17.57	32.6
19.97	28.94
15.26	22.32
12.79	25.11
13.72	28.8
16.17	25.41
13.49	26.69
14.86	22.27
13.87	24.48
13.13	25.76
14.93	17.64
12.67	15.02
11.54	15.38
13.31	17.9
12.89	24.8
15.53	19.25
14.94	22.48
13.44	23.8
14.42	22.93
12.92	22.58
14.86	25.52
13.41	26.91
16.72	22.12
15.01	26.46
14.08	25.92
16.17	29.65
14.64	23.82
12.73	22.08
10.39	20.03
6.21	22.97
9.5	25.58
14.16	25.68
12.96	27.8
13.97	29.04
13.92	24.81
13.79	26.65
14.37	28.81
15.22	30.01
15.74	26.3
15.82	28.39
17.37	31.65
17.85	32.2
16.82	33.37
16.7	31.23
16.59	33.27
16.82	31.37
12	21.26
9.93	24.51
13.47	23.69
12.82	24.58
12.05	27.34
13.78	26.19
13.55	26.92
14.55	28.79
16.99	27.48
12.34	22.97
9.73	24.67
13.54	20.23
13	21.48
12.72	27.48
14.26	29.25
14.87	27.42
14.07	26.98
14.47	27.66
11.2	19.58
11.67	23.56
10.5	25.21
11.47	27.26
9.07	20.04
8.23	15.53
10.82	20.38
12.13	21.85
10.42	21.26
10.49	21.05
9.01	22.37
8.23	23.1
9.27	23.7
10.35	22.67
7	21.63
10.19	23.06
9.16	24.62
9.07	24.05
8.37	24.43
8.72	25.41
8.83	24.86
9.8	23.27
4.98	16
0.58	13.25
0.45	10.75
-0.51	9.61
6.46	21.16
8.52	19.3
5.68	11.97
2.19	10.39
-1.6	11.16
0.22	9.84
-3.75	11.3
-3.06	13.28
0.5	19.87
4.17	13.16
2.13	9.69
-2.26	8.24
4.26	6.56
5.91	8.06
6.13	9.27
7.28	10.02
6.84	8.66
7.79	11.26
8.19	11.28
5.49	13.54
1.47	13.8
2.82	6.4
6.33	6.76
5.71	8.68
5.62	17.33
12.5	19
6.02	14.3
2.87	10.08
4.96	10.59
2.99	7.56
6.3	7.16
-0.52	6.41
-2.19	7.86
-3.16	8.46
-3.93	7.45
-3.69	6.96
-4.47	1.39
-3.05	0.06
-1.46	-0.53
-2.13	-1.56
-2.76	-2.12
-4.02	-2.85
-4.15	-3.35
-3.32	-2
-1.57	-1.01
-1.02	-0.55
-0.23	0.76
-0.57	0.8
-1.88	8.9
-1.96	2.51
-1.25	-0.54
-2.15	-0.17
-2.1	-0.13
-0.18	0.66
0.23	10.9
4.51	11.99
-0.37	6.42
-2.26	4.25
-0.81	8.21
-2.04	6.54
2.88	8.47
0.87	5.57
3.59	8.97
-0.15	7.84
-0.91	11.45
4.05	9.41
-1.06	9.14
1.13	10.15
-2.61	6.93
-2.95	1.35
-5.39	2.23
-6.19	3.34
-3.14	5.32
-2.12	4.21
-2.57	4.63
-1.62	7
0.58	5.03
0.53	7.02
-0.51	2.17
-1.55	0.79
-1.26	2.71
-3.28	7.06
-1.26	5.44
-1.65	11.49
3.53	8.03
0.11	9.69
-0.98	5.83
-0.88	8.02
-2.24	7.35
-1.45	7.46
0.09	7.47
-0.59	7.75
-2.25	8.27
-1.73	9.36
-1.72	8.83
-2.1	4.67
-4.28	2.86
-4.29	1.87
-4.77	3.83
-1.52	7.03
-3.34	7.19
0.22	5.01
-3.69	5.72
0.54	10.8
-0.48	9.69
0.41	5.13
-2.31	3.16
-3.35	1.69
-8.7	1.58
-8.39	1.84
-4.02	-1.17
-9.03	0.27
-11.6	-2.9
-9.97	-3.14
-12.14	-5.94
-13.72	-9.03
-10.25	-8.7
-10.54	-7
-12.1	-8.97
-11.04	-8.43
-15.29	-4.11
-15.05	-3.81
-12.04	-6.87
-14.43	-9.37
-11.11	-7.1
-10.53	-1.69
-12.33	0.66
-7.11	6.16
-2.39	4.04
-5.49	9
1.22	8.66
-3.62	9.99
0.28	4.83
-4.18	6.15
-4.86	9.11
-3.53	9.16
3.21	18.29
3.05	15.9
1.29	8.77
-2.28	6.7
-1.97	7.69
4.14	15.8
8.31	13.23
3.74	16.94
2.69	10.88
-3.42	8.32
-0.59	8.9
-3.62	7.23
-6.71	5.5
-2.53	8.66
-0.24	9.5
-2.91	10.11
-1.11	9.37
6.55	9.12
7.04	13.24
0.54	13.15
1.5	13.41
-0.63	18.75
2.67	22.19
9.13	17.08
7.95	14.25
5.58	14.66
1.77	18.03
3.01	19.21
2.53	20.64
5.01	20.34
9.04	20.23
9.32	15.96
0.48	18.02
8.26	19.95
6.98	19.04
4.93	14.7
3.35	20.3
2.84	13.58
-1.81	17.22
6.66	20.11
11.13	22.16
8.92	22.39
8.1	15.25
7.61	10.73
2.86	7.18
-1.06	8.87
-1.25	14.38
8.85	16.11
6.8	13.38
2.97	16.5
8.88	11.66
9.63	12.73
6.9	11.85
6.22	10.85
4.52	10.82
4.06	16.99
6.17	18.41
6.29	16.09
7.15	15.93
4.47	14.3
7.26	16.54
6.53	17.92
10.29	22.4
6.83	24.11
10.64	27.02
12.82	28.28
12.34	27.86
12.31	28.37
12.86	28.38
13.9	22.07
11.73	18
10.02	22.31
10.75	21.79
11.54	16.64
7.03	21.15
8.64	23.14
10	24.53
10.31	26.2
12.31	26.7
6.95	12.8
6.73	11.9
7.85	17.69
6.5	13.12
8.62	14.83
1.79	16.49
3.53	21.17
7.39	24.04
12.18	19.24
13.52	16.59
13.27	25.37
15.76	25.35
14.06	21.47
9.94	19.87
9.68	21.49
8.23	22.65
11	23.19
12.85	26.25
12.66	22.93
12.59	23.18
11.43	19.7
12.52	27.04
13.89	23.03
11.47	20.64
3.74	20.94
10.9	25.96
13.63	29.27
14.72	24.38
13.33	23.28
12.54	20.48
12.88	17.78
11.19	20.22
10.91	23.02
10.74	25.62
12.17	28.45
13.1	29.76
14.35	30.74
15.1	31.71
16.48	32.12
17.73	31.54
17.4	26.82
13.95	26.16
12.67	28.9
15.11	24.05
11.44	24.06
10.53	25.69
12.36	29.96
15.45	32.43
17.06	34.27
19.56	34.32
21.18	34.36
19.61	34.43
19.59	31.84
18.87	34.24
17.26	34.28
16.76	32.77
19.18	32.8
19.45	30.81
16.96	29.47
16.69	30.56
16.85	23.18
15.09	19.52
11.85	29.02
13.31	18.36
12.37	22.47
9.39	24.93
12.37	26.38
15.17	30.78
16.65	26.21
15.03	21.25
12.71	17.94
14.69	23.72
14.78	26.77
17.49	24.56
17.12	27.02
16.96	29.4
17.88	30.99
17.02	29.49
15.31	24.65
16.02	25.93
13.67	28.56
14.02	30.37
15.78	28.99
15.84	29.84
16.35	32.41
17.67	33.07
17.97	28.12
15.53	24.36
13.61	24.53
11.74	23.76
12.45	19.07
8.06	22.14
10.01	23.51
11.6	24.54
12.04	28.04
13.38	28.85
16.31	28.38
14.67	28.82
13.27	31.32
12.98	33.21
13.95	32.55
16.41	35.03
17.74	31
16.4	34.76
17.51	31.66
13.93	25.12
10.17	23.86
7.97	26.56
11.79	28.15
12.29	30.04
13.98	22.03
12.03	16.05
13.56	25.08
14.14	26.82
15.68	24.84
14.52	26.58
16.05	22.78
7.48	23.41
9.9	27.02
10.73	28.22
11.04	28.6
11.96	29.78
12.43	26.83
7.11	16.87
9.65	14.14
9.7	20.43
8.47	19.47
7.01	21.98
9.3	23.37
9.6	20.88
7.66	16.15
2.14	17.56
6.36	21.78
9.97	19.45
10.33	23.79
11.29	22.86
15.15	23.91
12.49	24.31
8.32	19.31
10.98	20.28
12.38	18.55
11.91	23.15
11.83	16.15
8.93	20.55
6.65	21.84
8.05	18.95
6.79	21.86
9.52	21.3
3.32	14.83
2.74	16.39
6.8	10.89
4.46	13.3
6.61	12.16
8.26	12.28
7.63	12.47
9.86	19.91
5.6	14.07
2.69	16.35
7	19.37
4.72	20.87
2.83	15.76
3.04	17.64
3.86	18.04
3.96	11.8
7.68	9.86
5.87	8.82
5.66	8.81
5.86	15.42
-0.86	6.06
-1.03	2.51
-3.48	6.16
-3.02	11.46
4.37	6.37
2.57	9.25
1.93	14.82
10.07	18.19
7.3	15.58
1.73	9.19
0.61	10.62
1.8	12.55
2.24	11.88
0.89	11.37
4.08	12.55
7.28	10.38
8.79	11.51
2.17	9.02
0.8	8.32
4.98	7.51
5.13	8.46
4.39	9
6.52	7.5
5	8.18
6.21	7.74
6.57	7.38
6.23	7.76
7.48	10.03
4.17	8.39
4.04	10.64
9.29	13.79
9.38	16.27
7.65	12.24
2.98	6.61
-0.04	3.51
0.09	1.49
-1.54	4.16
-2.77	2.89
-0.75	4.93
-3.09	0.41
-5.56	0.65
-4.81	-2.26
-7.4	1.79
-8.36	2.4
-8.45	1.97
-7.9	-0.23
-12.16	-1.31
-7.62	4.66
2.63	9.53
1.46	7.34
2.57	3.44
1.3	2.36
0.16	4.5
-0.03	5.15
-1.83	0.1
-0.66	0.74
-0.59	0.96
-0.29	9.33
1.33	11.47
3.97	11.04
0.5	8.5
2.19	6.45
-4.31	4.31
-5.38	1.99
-4.98	7.25
-2.91	3.12
-3.06	-1.02
-1.51	7.6
0.06	10.24
3.9	11.54
2.75	7.04
-0.35	4.21
-0.88	0.02
0.22	4.18
1.22	3.17
-1.04	2.63
-5.36	1.68
-2.88	-1.47
-3.25	-1.9
-2.29	0.26
-1.64	0.12
-1.21	-0.24
-3.35	-1.62
-4.23	-2.15
-4.59	3.41
-0.27	5.08
-0.89	0.33
-0.93	0.31
-1.4	-0.4
-5.1	-0.88
-10.59	-2.86
-12.84	-1.6
-3.46	-0.68
-5.41	1.99
0.34	9.69
0.47	13.11
-0.82	8.61
3.11	5.97
0.66	4.69
-2.93	4.24
-0.28	5.99
-1.38	2.09
-2.28	4.74
-4.89	2.86
-2.39	-0.16
-3.41	-0.98
-8.4	0.88
-3.15	-0.97
-1.57	-1.04
-1.27	0.16
-1	2.86
-0.98	4.34
-0.97	4.15
-1.1	4.28
-1.98	4.95
-1.54	3.27
-5.76	0.46
-5.06	-1.92
-3.85	1.34
-0.83	1.86
0.7	3.71
1.3	3.11
1.2	4.39
1.37	8.63
-0.9	3.59
0.45	6.44
-3.36	9.22
-1.87	7.27
-2.47	9.85
4.92	12.58
8.22	15.88
7.46	17.84
5.81	13.78
7.2	9.51
1.49	13.46
2.71	7.17
2.42	8.53
-1.66	6.26
-1.65	0.75
-3.41	2.29
-4.87	4.62
0.97	2.88
1.44	12.57
-1.1	13.31
5.58	10
-1.45	8.03
-1.55	1.05
-3.61	-0.7
-4.24	-3.32
-4.01	-2.95
-5.13	2.22
-7.16	5.59
1.41	2.28
1.86	3.99
1.65	3.29
0.11	3.32
0.4	1.76
0.25	1.45
0.75	8.54
2.58	5.79
4.01	6.63
3.62	6.66
0.56	9.91
2.17	13.94
6.9	14.91
3.67	16.98
9.69	18.32
7.07	17.24
6.34	18.64
7.84	18.06
5.58	18.85
6.76	21.61
9.75	23.78
10.97	22.33
9.84	17.26
7.72	20.2
10.16	20.43
9.88	20.26
7.8	22.9
9.2	25.1
10.77	26.32
15.08	22.58
13.69	23.89
12.92	24.44
12.48	26.6
12.86	26.52
15.79	20.51
13.01	23.02
10.03	20.92
12.69	16.37
13.54	19.67
14.76	22.18
12.57	22.12
11.91	24.3
9.51	24.12
12.48	16.63
10.79	18.42
8.79	17.81
7.64	20.27
7.84	22.85
10.92	22.9
12.08	19.76
11.01	21.55
11.12	25.27
10.47	20.65
8.8	20.9
7.92	19
9.37	15.22
7.65	14.84
8.45	12.82
8.48	15.75
7.93	15.5
8.3	19.92
10.28	22.82
9.92	16.75
8.55	12.36
7.68	15.74
8.12	14.69
7.96	17.94
9.43	16.54
11.7	17.85
9.94	20.34
11.24	22.53
11.96	25.24
11.63	26.4
14.48	23.61
12.79	18.48
9.52	22.13
10.59	24.75
10.89	25.42
12.33	27.56
15.92	28.58
16.58	30.84
17.3	31.8
18.07	32.62
19.13	32.63
19.44	31.81
16.39	29.36
16.3	27.21
11.89	20.69
11.39	17.82
7.59	19.15
5.45	18.44
6.06	19.76
8.39	21.64
9.6	22.26
8.44	23.47
11.42	26.62
12.62	27.33
15.36	27.79
15.49	27.78
18.43	26.08
17.69	26.99
17.59	26.81
15.97	28.07
15.42	28.5
16.22	23.44
10.85	24.65
12.53	25.21
14	25.62
14.62	26.25
13.47	25.03
12.76	27.76
14	28.84
15.29	29.57
16.82	29.2
16.51	27.04
12.69	29.63
15.21	31.79
16.34	31.82
17.39	30.35
17.34	32.76
18.92	33.97
19.71	35.33
22.37	37.94
19.02	27.8
14.76	29.31
13.79	30.5
14.22	33.85
16.4	35.49
18.09	36.2
16.81	33.06
17.87	35.83
19.39	35.65
18.01	38.58
18.49	33.59
15.92	25.09
11.99	27.95
15.57	29.02
13.88	28.99
15.04	17.14
11.46	23.98
9.28	25.96
10.18	28.12
12.4	30.31
14.55	30.92
16.15	22.3
15.98	23.56
12.99	24.62
11.23	26.22
15.02	19.46
11.28	17.38
13.49	20.11
14.36	22.35
14.91	20.31
12.32	23.02
9.88	23.42
9.21	25.47
12.42	23.26
9.14	19.33
13.78	23.9
13.45	23.34
14.74	24.24
13.43	24.82
12.14	24.65
11.14	25.17
13.15	17.78
13.33	20.12
9.81	15.85
9.45	17.94
7.26	16.99
9.19	21.06
9.16	21.15
10.4	22.32
7.72	15.47
4.62	15.31
9.58	17.25
6.04	19.27
9.49	18.79
9.08	18.15
6.4	22.08
7.1	21.12
7.41	20.34
10.53	21.36
8.87	14.68
7.74	12.72
7.39	10.26
6.52	7.4
6.12	14.88
3.56	11.42
-1.03	10.49
-2.28	11.04
-1.38	9.09
6.57	10.99
8.64	15.7
5.49	18.33
8.81	15.95
10.16	17.85
9.74	18.52
7.48	17.11
8.72	17.99
4.63	16.84
5.75	17.01
7.66	13.25
3.08	16.54
3.15	17.48
2.88	16.07
5.92	20.41
10.54	21.82
8.41	21.46
12.62	23.28
12.51	19.94
8.06	21.38
8.11	20.13
7.76	20.23
10.97	22.07
9.6	18.71
7.17	12.36
3.74	13.66
4.82	15.47
5.27	16.69
9.12	18.14
8.27	9.82
7.72	10.22
2.95	9.5
5.42	15.62
4.45	16.7
7.79	14.77
4.76	8.78
5.31	7.79
5.52	7.61
5.95	6.62
4.19	6.95
4.76	5.94
1.84	10.02
0.96	9.81
3.85	6.98
5.44	6.5
6.16	6.89
4.92	7.86
5.27	6.36
6.17	7.84
5.8	7.07
0.96	5.56
0.28	2.37
-1.3	2.67
-4.92	3.65
-3.88	7.43
-0.58	5.63
-2.97	6.4
-3.26	6.54
-4.07	4.53
-5.15	3.95
-4.57	4.72
-1.4	7.44
-2.3	4.87
-1.09	8.27
-2.35	7.4
4.33	9.8
0.51	5.47
0.78	3.62
-1.09	1.52
-1.22	-0.25
-1.77	-0.93
-3.59	0.88
-3.76	-2.87
-3.53	-3.05
-4.62	-0.44
-2.4	2.3
-1.31	4.05
0.27	4.13
-0.22	4.12
0.01	11.75
7.35	11.69
7.39	10.78
3.79	7.81
0.58	9.94
3.11	7.18
3.1	6.62
3.02	4.45
3.47	4.43
2.69	8.41
0.61	11.38
-0.52	8.69
7.76	11.31
3.78	9.54
1.75	4.68
1.36	3.79
0.38	3.63
2.13	6.99
2.08	5.82
-0.34	8.52
-2.04	6.98
-0.46	9.22
2.13	6.61
-0.31	8.23
5.33	12.19
4.83	13.55
5.65	11.55
5.92	10.79
3.3	9.73
2.27	4.46
0.88	3.31
-1.36	0.41
-4.62	0.31
-10.21	-4.04
-7.51	-3.55
-4.49	-2.31
-4.03	-1.31
-6.15	-1.69
-2.79	-1.54
-5.14	-3.32
-3.24	-1.23
-3.02	-1.36
-2.22	-1.6
-2.38	-0.42
-0.92	0.85
-1.77	8.57
2.87	6.82
0.47	8.95
-1.35	6.64
4.69	6.72
0.64	4.79
-2.75	7.97
2.97	9.53
0.68	12.04
4.57	13.02
1.19	5.25
-0.29	4.56
4.14	9.77
4.15	9.8
3.49	9.39
4.16	6.47
3.16	8.75
0.98	11.56
-0.45	8.45
-0.81	12.84
2.28	11.81
2.11	11.24
1.28	13.01
3.6	9.45
2.31	7.22
4.96	8.19
5.9	11.99
6.29	9.41
4	9.63
1.66	12.03
1.71	11.65
1.77	10.3
0.08	13.98
0.92	15.02
0.8	15.78
1.25	18.49
3.68	17.09
7.33	19.12
5.78	22.18
4.57	18.93
8.87	17.17
3.68	19.68
5.12	20.84
9.11	18.53
11.13	15.05
4.01	11.8
0.06	9.78
1.78	11.4
2.56	12.64
6.09	16.62
3.29	19.16
4.22	20.68
4.95	20.34
7.64	19.08
7.2	19.79
6.18	19.68
9.04	19.94
11.4	17.95
10.32	19.1
8.5	20.2
8.6	23.39
8.05	17.57
4.2	12.76
2.6	14.39
4.12	14.55
4.29	15.89
5.81	19.09
4.86	9.72
3.92	10.72
5.07	10.97
4.05	17.81
9.34	18.32
8.98	13.63
9.5	17.66
11	19.09
10.97	19.26
13.09	19.95
13.06	15.88
11.95	16.18
7.93	19.95
9.9	19.87
9.9	18.39
9.53	20.77
9.4	21.28
8.33	21.73
8.94	13.99
7.23	14.73
5.38	15.47
3.87	19.82
7	20.8
9.76	20.36
8.2	22.64
11.94	21.92
8.88	18.87
5.71	18.25
8.63	11.57
6.93	14.37
8.6	11.19
8.9	10.53
7.92	14.46
10.18	18.83
8.66	22.64
9.5	23.84
10.46	25.05
13.61	26.67
14.69	27.75
15.35	26.06
14.81	24.77
13.42	24.95
13.76	24.04
11.58	18.51
11.53	19.65
9.85	15.91
6.6	16.78
9.21	19.98
8.8	20.78
8.71	20.59
7.21	22.79
10.79	21.01
9.29	25.46
10.91	27.76
13.52	29.75
14.45	30.58
14.58	31.64
15.65	32.86
17.91	28.73
15.23	25.14
14.39	22.94
10.48	22.32
10.33	21.94
12.89	18.87
11.8	24.49
10.44	25.38
11.7	20.89
8.81	21.69
9.28	26.27
13.51	26.31
15.05	22.54
12.59	17.9
9.25	21.54
11.36	23.58
11.5	26.34
14.59	28.64
12.13	23.16
9.94	22.72
11.95	26.11
13.91	24.89
12.18	25.46
15.1	26.74
15.68	29.07
15.7	30.67
18.16	26.3
15.31	21.03
13.49	16.09
13.62	20.22
14.13	25.95
14.9	23.89
14.27	24.16
16.18	27.42
17.26	28.44
17.4	28.84
15.21	28.5
16.67	29.56
17.2	30.29
19.11	28.41
15.1	21.72
17.85	26.2
13.7	26.77
17.04	26.25
16.03	28.28
16.48	24.13
18.32	23.29
17.73	26.3
16.67	26.05
17.11	24.64
16.96	25.53
16.3	28.08
16.54	28.62
14.37	26.37
16.09	24.5
16.17	22.81
16.73	25.24
14.1	27.79
14.63	29.79
15.9	28.12
16.38	29.21
16.33	21.45
13.95	24.91
12.95	20.62
12.73	20.68
10.18	21.24
9.57	22.94
9.58	24.01
11.37	23.45
13.95	19.17
11.86	21.13
10.64	21.19
11.97	20.89
12.44	21.3
9.2	19.74
10.23	20.67
14.09	23.54
7.49	21.54
8.51	22.58
10.42	23.86
13.98	21.7
10.83	18.28
11.89	14.09
12.36	19.69
15.02	20.9
15.56	23.74
15.28	19.27
13.82	19.43
11.12	23.51
12.84	25.39
14.08	17.45
11.67	14.29
11.1	14.04
11.66	18.54
12.18	16.96
13.1	19.19
13.1	19.48
10.19	20.24
7.17	20.16
10.25	23.18
12.37	22.86
14.41	24.94
10.1	18.16
5.76	16.36
5.03	17.56
6.81	14.58
7.51	13.17
10.74	17.32
8.36	20.35
7.42	20.62
8.22	15.85
10.46	17.34
12.09	17.1
8.22	17.26
7.11	14.45
9.56	17.16
5.3	17.21
8.25	17.7
10.08	21.81
13.39	24.23
13.2	23.89
10.43	24.64
11.15	22.42
11.62	24.83
13.88	23.77
11.04	18.16
12.05	21.41
11.79	19.76
7.61	19.56
7.42	20.07
8.24	22.19
11.99	17.01
4.29	13.92
4.18	8.56
6.5	8.94
4.54	7.04
3.23	7.64
2.15	8.19
-0.86	8.41
-1.68	8.45
3.25	8.97
3.71	11.42
4.23	14.37
3.07	13.08
3.34	9.95
8.79	17.02
9.27	19.15
11.14	15.83
10.34	15.8
9.49	13.5
8.59	11.67
8.47	17.7
9.57	18.39
8.74	15.02
8.41	10.58
10.29	12.35
9.87	12.79
8.66	15.81
8.48	10.21
7.87	12.89
5.49	11.69
4.66	11.3
3.04	7.81
0.43	8.98
-0.21	6.73
2.73	3.57
1.29	4.01
1.54	4.16
1.18	2.44
1.06	1.93
2.15	2.45
2.23	3.03
1.72	2.22
0.58	1.27
1.1	2.82
3.26	3.58
3.56	4.42
4.16	4.61
4.39	5.09
2.82	5.79
2.18	3.62
-2.49	3.56
-2.62	5.55
-2.18	7.44
0.61	11.89
0.8	8.96
-1.66	3.93
-1.59	4.34
2.23	8.03
1.58	9.58
3.83	13.69
2.23	11.69
0.8	9.17
-2.23	9.55
3.16	13.49
-2.03	9.35
-2.02	9.27
-1.21	5.89
-3.23	-0.07
-4.96	-0.77
-6.19	-0.78
-8.65	-2.47
-14.14	-4.13
-9.84	-1.06
-3.79	4.36
-2.04	4.95
-1.14	5.9
-2.94	3.1
-1.52	3.98
-5.3	-1.49
-6.06	-0.15
-2.88	5.75
2.9	14.07
0.84	9.24
-1.15	7.96
-2.32	10.49
0.78	8.94
-1.34	7.82
2.41	12.87
6.57	10.4
1.04	9.51
-0.03	5.12
-0.65	3.89
2.79	3.58
3.34	5.66
4.41	5.75
1.05	4.39
1.34	3.05
-1.78	3.26
-4.12	1.01
-4.42	4.5
-2.08	0.71
-0.97	1.55
-2.54	4.04
-3.36	0.96
-3	4.57
-4.14	1.29
-0.77	0.71
-1.81	0.12
-1.97	-0.27
-5.79	0.8
-8.22	1.63
-3.49	-0.12
-1.38	4.88
-1.4	4.11
-1.13	5.59
-4.01	4.88
-3.39	5.05
-1.14	9.61
-1.91	9.62
-2.91	4.25
-1.11	4.1
-4.23	7.32
-3.13	10.61
0.26	11.18
1.63	6.77
2.75	5.72
3.87	4.73
3.43	6.58
2.51	9.19
-1.35	9.21
-0.1	8.99
-0.14	9.88
3.39	11.19
0.23	10.41
0.62	9.8
3.76	7.15
0.85	6.29
-1.31	9.04
-2.49	9.49
-1.98	9.78
-1.6	13.32
1.2	9.46
3.81	7.06
4.14	5.59
2.11	7.74
0.63	7.92
1.08	11.93
2.3	12.63
-0.63	11.99
-1.1	11.11
-1.68	11.64
-0.47	16.59
2.4	12.81
-0.68	12.34
1.27	15.86
3.47	13.86
7.81	18.43
7.87	10.55
6.61	11.49
0.26	15.57
7.63	16.31
1.5	18.52
4.41	12.61
-0.32	12.83
1.64	10.43
-0.52	8.77
2.55	8.8
-0.13	7.72
2.74	8.09
4.28	9.44
6.1	13.38
3.42	18.36
5.08	20.74
9.65	19.87
6.31	22.51
7.55	16.67
6.97	23.83
8.44	26.24
11.23	20.46
6.73	11.72
0.78	12.38
2.36	17.66
9.76	19.81
9.24	19.39
6.12	22.02
8.31	19.07
6.52	22.01
11.04	22.68
11.3	22.36
10.06	16.66
7.25	16.11
3.34	17.43
4.9	17.18
11.66	18.39
10.3	17.88
12.06	24.05
12.87	27.18
14.52	26.43
10.19	21.76
9.87	23.24
9.54	23.08
11.47	21.31
10.35	19.62
5.98	23.16
11.06	24.05
13.8	23.16
11.46	15.7
12.21	19.02
11.11	20.32
10.58	22.43
11.27	27.23
11.12	25.29
9.47	13.17
10.67	11.37
10.13	12.14
8.32	18
10.79	16.6
13.15	16.32
11.65	14.81
7.72	17.08
5.89	22.96
9.49	23.77
14	21.41
10.91	25.43
12.79	27.4
13.02	28.77
16.16	27.14
13.56	25.41
11.31	27.61
14.03	28.25
12.9	28.19
13.93	25.42
13.35	25.45
13.32	27.7
14.88	29.47
17.46	30.54
15.59	30.46
15.15	24.8
14.41	21.11
13.78	19.28
7.64	22.36
13.5	20.39
8.93	19.35
6.37	19.54
8.37	24.8
10.97	20.49
10.5	19.05
8.37	22.55
11.52	24.21
13.3	24.05
14.85	23.62
10.86	23.55
11.09	26.13
15.85	28.78
17	29.63
17.27	29.31
16.16	30.08
15.71	30.93
16.25	33.42
20.3	34.73
19.27	32.29
15.78	22.45
10.96	23.63
11.99	26.47
16.15	30.02
18.38	23.52
17.05	26.85
18.14	28.98
18.76	30.46
20.49	33.22
19.67	30.25
19.53	33.3
20.13	31.36
19.56	32.52
20.41	34.05
20.49	33.27
20.45	31.77
18.92	31.07
15.24	20.53
13.82	18.71
16.2	22.46
14.08	18.83
14.7	18.2
14.8	23.47
9.61	25.18
15.86	25.77
15.17	27.74
16.18	30.35
17.5	31.18
16.86	32.66
18.12	32.99
17.91	33.86
16.07	33.13
15.11	32.57
15.15	33.17
15.56	34.19
16.79	34.95
16.45	34.43
17.4	33.3
16.99	29.18
17.07	22.91
15.85	25.13
14.56	22.14
15.11	19.02
11.82	21.2
11.06	23.72
11.58	23.2
13.32	26.62
15.35	21.42
12.35	25.9
12.48	27.17
15.1	31.06
15.16	32.17
14.92	32.91
16.08	31.81
14.52	32.57
14.3	25.91
12.76	24.08
13.69	20.94
12.62	16.25
9.59	19.32
4.46	18.86
10.26	18.77
7.32	19.3
7.06	18.48
11.3	18.52
7.53	22.28
9.44	22.94
13.15	26.14
13.42	25.1
17.02	26.01
18.89	29.74
15.58	26.02
12.81	21.27
12.45	20.88
7.27	19.42
4.84	20.16
7.9	22.67
10.51	17.24
11.17	15.02
10.67	15.92
10.75	16.15
7.14	15.62
7.3	15.33
7.94	13.38
5.67	16.37
5.5	17.91
6.42	19.66
11.22	22.04
10.75	20.3
8.22	19.08
12.94	15.05
11.6	15.76
10.56	15.28
8.87	12.73
4.95	9.82
0.75	8.03
4.2	7.7
7.36	8.59
7.54	10.82
10.3	15.02
5.06	10.91
4.66	12.31
5.93	9.08
4.42	10.91
2.29	12.31
4.18	11.96
1.96	13.88
2.76	14.56
1.36	13.62
3.63	14.93
4.11	13.21
4.81	8.96
6.63	10.33
4.31	14.59
0.73	13.87
-0.69	11.36
-2.71	10.82
-1.57	12.53
0.42	10.67
-0.36	13.95
1.86	15.74
5.19	17.14
6.59	22.56
5.71	19.82
11.22	20.47
8.58	21.23
5.43	18.9
3.75	14.46
4.44	13.18
4.66	12.64
7.01	20.26
2.92	13.1
7.47	18.03
2.2	16.51
5.37	13.2
3.83	13.52
1.97	5.82
-1.72	4.28
-1.22	3.3
-1.78	1.52
-0.61	2.87
2.66	3.89
-0.85	4.64
-2.17	8.53
1.44	11.95
3.03	15.86
4.58	11.77
-0.02	8.51
2.15	6.47
-0.62	9.31
1.89	3.4
0.07	4.67
-0.77	0.83
1.03	2.2
1.35	8.43
-3.59	5.57
-2.69	1.86
-4.15	4.43
-2.36	4.69
0.19	3.01
0.72	6.76
1.48	2.93
-0.23	2.13
-0.33	9.05
0.58	2.62
0.59	2.41
-1.39	9.61
0.15	8.55
0.48	9.35
-0.64	9.28
-1.55	10.43
-2.43	6.73
-2.65	9.59
-0.3	3.46
-3.2	1.71
-8.62	-1.79
-6.43	0.09
-6.51	-2.08
-6.2	-3.22
-9.05	-6.32
-10.75	-4.7
-4.15	-2.42
-5.94	2.49
-3.16	1.99
0	2.23
-0.14	4.96
-0.49	13.28
2.79	9.64
-0.56	8.92
-1.09	6.61
-0.84	3.58
-4.31	2.42
-4.57	-0.07
-5.48	-0.79
-9.83	-2.17
-8.62	0.85
-6.98	0.95
-8.85	0.01
-9.79	-2.97
-6.69	7.45
-2.06	6.06
-0.6	14.01
-1.67	13.64
1.69	14.9
1	11.74
-0.95	11.6
4.37	9.6
2.43	15.4
5.4	11.08
1.43	7.95
-1.24	7.53
-0.84	6.93
-1.9	10.91
2.58	11.31
6.05	12.8
4.98	14.41
0.12	10.53
-1.44	8.93
-2.66	4.93
0.59	4.94
0.33	8.7
4.01	7.28
3.25	5.06
2.02	4.17
2.63	5.49
3.35	4.85
0.18	7.61
2.03	13.88
5.13	16.42
7.52	14.85
1.28	9.32
-1.74	6.53
2.1	4.49
-3.21	7.6
0.51	8.54
4.71	7.35
4.68	8.2
-1.12	11.09
2.61	6.95
2.68	8.9
1.49	10.68
5.88	13.11
1.85	5.88
0.99	6.7
-0.42	8.56
0.65	12.33
5.89	7.72
4.28	8.24
3.94	7.26
3.2	8.54
-0.54	4.27
1.23	5.59
0.43	11.28
-1.65	13.82
2.53	12.42
0.34	14.09
3.37	10.74
3.9	10.97
1.91	8.09
2.55	9.67
1.12	10.72
4.62	10.18
0.96	13.96
2.8	15.2
4.65	17.25
2.8	18.35
8.25	21.75
9.63	21.16
6.55	14.75
4.76	21.37
12.18	24.46
13.09	24.35
11.29	21.1
8.55	20.09
9.37	15.69
7.48	13.24
5.76	14.88
4.16	17.13
5.37	21.86
7.07	21.89
10.14	17.41
3.92	20.86
10.98	22.57
14.62	22.66
11.21	18.89
7.41	15.85
5.66	15.94
2.43	19.35
4.72	20.3
7.48	19.67
6.18	12.62
3.43	10.07
-1.12	14.94
2.12	11.03
0.25	7.98
0.74	14.85
2.45	17.61
5.66	12.32
10.51	12.98
9.78	18.11
10.05	14.36
8.55	18.05
9.13	21.16
7.21	22.06
7.97	20.4
9.32	21.51
9.04	18.62
12.51	16.96
13.76	15
9.53	19.73
11.58	17.98
8.21	14.03
2.13	14.94
5.55	15.68
6.79	19.3
6.53	20.38
10.44	19.37
8.42	23.06
10.09	24.65
12.08	25.3
11.26	16.19
11.19	23.02
13.32	23.99
11.95	26.04
15.2	27.52
15.84	27.8
13.23	24.23
12.15	23.88
11.55	22.62
10.56	22.82
11.26	23.94
11.67	24.68
12.69	23.25
12.8	25.27
11.71	22.83
9.26	24.42
13.02	22.7
13.85	21.96
10.84	25.11
14.07	20.22
12.47	22.49
11.58	24.07
13.47	20.95
13.06	27.39
16.79	25.79
10.58	24.79
12.26	20.18
13.81	20.84
11.06	26.26
13.66	27.5
15.45	29.5
17.25	31.34
19.13	30.6
17.37	25.64
15.82	20.83
10.55	24.63
11.58	28.26
14.59	28.37
17.07	28.27
17.06	29.81
17.34	24.17
11.93	25.19
13.07	27.3
18.85	25.96
12.4	24.45
12.92	26.71
17.08	27.67
16.97	29.84
17.75	31.98
19.02	31.43
18.59	25.9
13.65	22.25
11.91	20.07
13.91	17.47
13.69	22.31
15.44	27.25
15.76	26.82
16.35	27.05
16.4	29.28
17.76	28
18.67	28.66
19.59	28.57
19.81	24.57
17.71	26.64
17.72	27.57
18.31	25.01
17.17	27.78
17.48	29.87
19.07	30.45
16.38	23.4
12.95	25.29
14.69	26.86
14.57	28.98
15.76	30.12
14.53	23.37
14.78	24.2
11.39	26.41
11.77	27.44
12.13	18.67
9.36	18.42
6.34	20.62
12.27	23.83
12.12	27.26
14.24	26.66
13.64	25.24
14.25	22.51
12.02	23.34
14.81	21.68
13.46	26.12
16.12	20.26
13.11	19.69
13.5	24.14
13.77	25.38
12.17	25.68
11.8	26.76
12.12	27.97
13.38	28.03
13.78	28.51
16.02	25.7
10.97	24.46
10.31	26.1
13.72	27.25
13.2	27.23
13.31	27.73
15.07	21.6
12.17	16.75
12.84	23.42
13.56	25.8
13.58	27.34
14.1	26.91
13.85	27.64
15.16	28.99
14.7	27.63
13.23	25.61
13.15	25.86
14.84	27.1
15.16	22.41
11.01	20.01
12.9	20.85
12.08	18.01
5.83	16.53
7.59	17.18
4.22	19.82
7.66	21.4
6.6	21.49
8.16	19.88
8.98	20.46
7.36	21.6
8.61	23.61
8.81	23.25
8.6	24.51
10.13	17.74
9.99	15.61
6.13	11.78
3.8	11.25
3.5	11.88
3.64	8.93
-0.02	13.4
4.76	12.91
1.44	9.56
4.83	7.51
2.34	11.03
-0.33	12.55
4.7	14.43
6.25	13.09
8.52	17.73
9.12	16.66
6.65	11.84
4.91	11.29
6.61	8.57
5.6	8.32
0.88	11.45
1.44	13.32
6.67	19.03
13.65	20.25
9.28	15.07
6.11	11.1
1.33	11.18
4.17	15.08
3.27	11.67
0.38	11.38
0.98	13.9
2.94	16.47
3.69	9.96
-0.54	8.52
0.09	11.49
7.08	14.1
2.79	6.34
1.03	4.78
-0.76	4.83
-0.18	8.07
-0.9	7.19
0.99	3.87
-1.5	3.49
-3.52	3.36
-4.17	3.89
-1.38	3.99
1.85	8.73
1.09	14.84
10.53	15.79
7.35	13.44
8.05	15.15
6.65	15.98
5.08	14.53
3.76	12.92
5.73	6.82
4.25	6.52
5.49	7.53
0.22	5.54
-2.54	1.92
-5.53	4.19
-2.74	6.53
-3.7	9.56
-4.36	4.33
-5.07	2.8
-3.31	2.47
-5.59	-2.04
-4.85	1.46
-3.05	-0.83
-4.23	6.9
-3.27	9.34
-3.2	8.8
0.12	10.63
-3.08	6.21
-2.76	4.66
0.64	3.35
-1.43	2.33
-4.97	3.12
-4.79	-0.19
-2.38	-0.34
-4.31	-1.92
-4.55	-4.13
-4.4	-3.91
-4.61	-3.14
-2.92	-2.02
-2.69	1.24
-1.23	8.15
-0.35	8.21
0.38	5.89
-2.51	2.84
-6.88	2.3
-8.14	2.87
-7.8	4.34
-9.56	0.85
-5.86	3.31
-4.07	2.04
-5.02	1.12
-7.03	-3.49
-10.18	-4.91
-11.55	-5.82
-10.42	-1.75
-13.19	-4.07
-15.74	-2.86
-7.57	3.21
0.06	4.46
-2.87	2.38
-6.28	2.48
-8.13	-1.4
-3.42	-1.12
-3.34	-1.8
-8.19	-2.3
-12.64	-0.28
-12.36	-0.08
-11.68	-0.78
-12.74	-5.49
-8.18	-6.01
-5.71	-3.07
-4.11	-0.85
-8.74	-2.01
-10.13	-6.21
-7	-6.16
-8.41	-6.71
-8.62	-4.4
-4.57	-1.5
-1.65	2.6
-0.54	12.4
-1.31	9.56
-0.24	10.52
3.08	6.7
0.09	4.8
-3.15	0.28
-2.89	-1.45
-1.53	-0.02
-1.45	1.68
-0.47	3.05
-1.99	3.81
-5.22	6.05
-3.45	10.39
-3.1	9.65
-3.93	4.58
0.04	8.33
-1.3	8.7
-2.07	9.97
1.34	9.92
2.91	13.97
5.28	15.22
5.08	11.81
-1.57	8.94
-2.31	9.9
1.23	13.68
6.19	13.28
4.09	12.31
0.57	13.51
1.49	13.18
7.68	16.77
7.6	12.69
3.65	9.73
3.08	10.72
4.59	11.66
1.79	14.88
4.85	9.88
4.61	10.05
2.22	8.08
-1.88	11.09
-0.49	13.14
0.91	13.56
1.68	15.52
1.42	18.02
8.57	13.36
7.78	14.53
5.04	18.63
5.34	18.67
6.9	19.36
2.91	20.41
4.95	15.95
2.65	14.23
3.31	11.17
-1.39	13.49
0.72	19.67
3.9	22.08
7.91	18.91
4.55	21.08
7.89	23.24
8.51	23
7.55	22.39
8.38	18.98
9.37	14.74
7.6	11.42
4.96	11.37
8.23	16.22
7.42	18.18
6.41	22.52
10.96	15.96
3.3	16.72
8.87	19.46
5.1	18.11
9.7	16.69
9.55	15.58
3.6	13.7
5.89	9.68
2.48	5.5
2.01	5.13
-1.22	12.25
2.1	17.07
5.67	12.59
5.08	17.17
9.42	21.01
12.88	19.89
6.96	15.75
5.14	6.59
1.09	12.49
1.91	15.46
8.92	17.48
9.39	19.43
7.74	14.17
6.24	20.34
7.97	14.41
7.89	21.73
11.4	18.31
9.58	20.26
8.05	14.87
2.17	15.04
6.5	22.1
13.38	24.96
13.16	21.3
10.9	24.21
13.72	18.99
10.54	23.07
13.76	22.88
9.11	24.79
11.33	26.64
11.81	21.44
11.92	20.13
11.67	24.29
13.93	24.42
12.43	19.71
9.71	18.86
9.79	21.38
12.38	24.05
10.84	24.75
10.96	26.77
13.14	29.28
17.57	28.84
15.76	25.82
15.73	26.36
14.18	27.42
14.56	28.93
12.26	24.52
12.76	26.91
12.03	19.77
7.24	21.96
7.36	25.09
11.28	23.76
10.13	24.97
10.54	29.85
17.55	27.62
15.39	24.18
11.64	27.34
14.2	24.9
14.29	21.77
14.13	24.02
11.64	27.99
12.41	31.07
16.7	30.94
15.28	33.59
17.88	33.13
15.72	31.82
17.54	27.62
15.15	28.36
14.98	28.97
16.96	30.44
14.89	25.75
13.75	27.03
16.02	25.53
12.86	23.88
15.56	24.03
11.18	27.16
14.42	29.82
15.94	30.85
17.27	31.6
17.96	31.88
19.04	32.34
18.35	33.59
18.71	29.23
17.43	28.64
16.82	26.03
10.42	20.93
12.98	21.54
11.23	23.52
11.19	27.47
13.24	29
15.54	32.08
15.54	32.17
17.09	30.76
18.99	32.73
18.15	29.21
18.37	24.29
14.29	24.49
12.9	22.96
14.55	21.38
14.64	28.59
16.01	28.27
16.83	32.1
16.96	32.28
16.96	34.2
19.28	34.18
18.78	35.56
19.42	36.6
18.79	30.73
16.73	26.57
14.54	24.9
13.52	27
16.91	31.15
18.44	33.33
16.9	28.92
12.55	23.07
11.94	24.04
12.01	26.65
12.04	28.61
13.13	29.52
15.39	29.87
15.25	31.7
15.01	25.72
13.25	22.53
8.63	21.84
8.08	22.72
9.08	24.11
9.95	28.52
14.27	30.05
15.4	32.4
17.19	33.02
16.48	25.69
11.46	24.85
10.26	27.1
12.37	29.69
16.55	25.48
11.86	18.18
10.68	16.73
6.61	21.44
8.56	22.78
10	23.6
12.06	18.36
8.89	20.6
10.06	23.95
13.79	24.13
13.01	19.59
12.37	17.22
7.96	20.06
10.69	24.05
8.88	18.51
10.05	15.24
10.41	13.8
6.32	16.63
9.43	13.21
8.27	12.38
7.37	15.78
6.89	18.87
6.86	19.44
8.95	18.28
10.13	16.07
10.25	18.23
10.64	17.86
8.35	19.42
6.38	18.13
4.32	16.74
2.5	16.56
2.52	16.92
5.81	15.91
6.15	17.72
9.04	22.07
7.21	16.35
2.87	15.21
4.25	15.14
6.45	13.02
6.34	17
6.67	19.19
6.31	21.86
8.06	19.94
7.8	19.66
7.12	21.31
7.31	22.19
7.82	22.13
7.62	21.66
6.06	16.23
5.52	16.21
5.17	16.25
6.36	11.52
6.87	9.77
8.73	13.96
2.93	15.31
3.99	17.88
6.79	12.07
2.66	12.75
5.27	17.18
0.83	10.8
1.47	11.03
-1.59	12.11
1.78	13.26
5.11	13.03
2.3	13.42
5.73	16.91
6.87	10.74
6.65	9.1
6.66	7.65
5.24	8.47
6.35	10.6
1.67	10.23
4.92	8.54
3.16	10.34
2.95	7.54
-2.26	5.14
3.73	5.51
3.33	4.38
2.74	8.34
-1.15	5.51
-1.38	8.99
1.57	10.18
4.38	14.6
2.31	14.75
1.51	8.16
1.14	13.5
3.43	11.84
-2.2	6.47
-2.99	5.02
1.02	3.98
0.58	3.1
-0.44	2.01
-2.21	2.49
-2.4	2.21
-5.66	1.25
-2.98	6.36
-1.49	6.05
-4.12	2.05
-3.21	9.08
-1.93	2.37
-6.66	1.53
1.62	11.4
6.3	13.4
-0.01	5.98
0.16	6.52
1.41	6.06
0.97	5.89
-1.81	4.66
-2.9	2.51
-5.7	2.21
-2.52	1.11
-1.8	3.23
-1.64	5.98
-1.33	7.91
2.34	15.59
-1.99	7.87
-1.82	11.3
-0.61	10.5
0.65	9.74
-1.58	2.85
-3.29	3.17
0.11	9.74
2.9	7.35
0.95	5.59
-2.45	6.21
-1.12	7.78
2.32	10.86
5.01	14.27
3.45	11.5
2.7	6.28
4.74	5.49
3.74	5.04
2.82	6.11
1.44	5.58
1.34	3.53
-0.81	1.02
-2.76	-1.12
-2.24	5.52
0.58	5.09
-2.23	6.05
-0.55	5.38
-1.97	6.03
-0.27	5.11
-2.64	2.35
-1.08	6.98
-1.95	8.4
-0.98	7.24
-1.19	3.4
0.76	2.48
0.76	3.96
-0.92	15.38
2.15	12.93
-1.5	5.72
1.73	12.43
0.27	8.55
-0.21	0.41
-1.44	4.73
-3.39	2.35
-1.7	0.51
-1.64	-0.55
-0.54	3.04
-0.36	1.19
-0.8	0.36
-3.01	3.68
-2.36	1.44
-0.27	1.64
-0.76	2.95
-4.32	3.44
-2.72	4.12
-1.52	4.61
-0.49	2.89
-2.35	2.11
-1.37	-0.03
-1.47	0.17
-2.26	-1.38
-2.62	-0.84
-4.43	-0.56
-10.1	-4.31
-13.51	-7.86
-10.84	-7.95
-14.84	-5.98
-15.93	-5.74
-7.57	-4.94
-5.07	-0.12
-2.2	2.22
-2.03	-0.55
-1.96	2.4
-1.41	9.14
1.96	10.25
0.22	11.67
4.01	14.33
2.82	15.2
9.16	15.49
3.82	15.77
5.16	12.3
4.07	13.37
6.87	10.74
2.53	6.44
-3.62	1.96
-3.96	-2.28
-3.55	1.19
-2.29	3.5
-4.51	4.03
-3.34	5.93
1.53	7.87
-1.12	4.24
-0.45	9.37
2.98	9.24
-0.04	11.6
8.06	9.66
5.48	12.44
8.01	12.88
5.2	13.19
2.58	15.35
8.41	19.31
11.5	16.86
9.93	16.62
5.82	13.45
2.95	14.2
6.04	19.72
8.4	24.03
8.58	17.96
10.23	19.8
9.64	21.14
11.02	19.63
6	21.23
10.95	21.24
13.98	20
13.26	19.76
11.18	20.48
9.16	23.73
12.12	23.93
9.04	25.45
10.63	26.61
12.95	26.73
13.32	22.79
11.69	25.64
9.93	20.29
9.54	18.04
8.87	24.77
12.46	27.4
13.15	24.73
10.74	22.55
12.58	25.98
12.08	24.84
15.83	23.36
14.9	22.02
11.5	21.72
11.41	22.51
10.13	21.75
9.51	23.44
12.05	24.3
14.62	21.28
12.78	25.11
12.82	24.83
12.1	17.95
11.34	14.57
7.11	19.07
9.79	20.11
12.18	21.6
10.73	20.85
11.93	21.54
11.98	22.04
10.55	23.28
12.68	24.23
15.28	24.13
15.55	20.92
13.06	24.78
14.03	26.92
15.66	27.96
16.76	27.6
17.05	26.33
14.42	27.87
15.07	28.57
13.95	26.48
14.7	26.24
14.32	27.02
15.36	27.62
14.4	27.44
16.12	25.91
15	27.79
15.54	24.03
15.31	27.62
16.11	29.18
17.03	29.32
14.28	22.34
13.3	17.84
13.35	21.07
15.57	25.05
16.8	26.27
15.27	26.03
16.43	26.45
16.15	28.25
15.82	29.58
11.93	24.43
6.45	19.31
10.5	19.61
11.42	18.45
9.8	22.34
10.86	20.6
13.4	21.07
15.84	24.78
16.25	24.76
10.07	20.82
10.21	22.24
15.3	25.38
17.77	26.35
15.33	28.93
16.65	22.01
17.04	25.4
13.48	25.05
14.96	26.2
14.19	27.06
15.59	21.22
15.38	22.86
14.8	26.5
15.51	28.11
14.99	26.12
14.07	26.56
16.03	26.24
17.33	27.94
17.37	27.89
14.92	28.77
16.02	28.81
17.61	26.14
17.11	23.57
16.24	27.67
16.77	28.25
17.98	27.78
17.51	28.1
18.24	29.27
18.87	31.24
19.63	31.15
19.1	31.14
18.96	30.66
18.8	28.21
18.19	29.61
17.71	30.16
16.56	30.81
17.01	29.99
17.4	30.66
16.08	31.64
17.7	31.89
18.43	30.31
16.07	25.43
15.21	27.5
15.01	30.16
16.42	24.59
14.51	25.74
13.99	26.85
12.98	27.99
14.78	29.54
15.42	30.78
15.39	31.46
16.19	30.55
16.11	30.66
16.18	31.38
16.5	29.92
15.26	19.24
11.07	16.94
9.31	21.85
10.16	26.17
12.38	26.45
12.07	25.95
13.41	23.96
15.19	19.81
15.12	19.09
15.41	21.71
14.59	18.63
14.79	24.53
12.05	24.64
12.87	24.16
15.39	24.58
12.49	24.98
13.29	25.81
13.83	27.62
12.93	28.4
13.54	27.17
15.24	25.35
13.71	23.96
14.03	24.72
11.94	25.56
12.01	25.45
11.7	25.74
13.58	26.33
12.85	26.75
9.84	18.66
10.3	18.17
8.45	16.67
3.04	13.06
0.81	14.76
1.62	19.6
5.09	20.96
7.98	14.99
1.02	15.84
1.44	17.11
6.48	13.68
3.21	18.01
5.22	17.72
4.29	18.45
5.44	21.64
10.55	19.19
12.66	19.02
8.44	21.5
8.74	22
6.96	21.99
6.13	20.55
6.69	20.72
5.41	19.63
4.74	16.92
7.03	16.7
8.23	20.12
10.4	19.94
8.44	19.3
6.62	17.95
6.86	12.28
5.44	13.53
4.53	15.09
7.16	18.46
4.16	16.16
5.29	16.46
8.24	17.46
7.25	14.81
12.41	20.51
12.27	18.89
6.51	17.8
6.16	17.99
9.12	18.68
12.74	14.74
11.87	13.7
9.41	13.69
6.06	15.28
6.05	16.16
5.93	12.4
6.98	11.07
7.85	14.63
7.09	18.96
4.81	18.96
6.21	13.33
6.36	12.75
2.05	10.37
0.56	8.7
-0.4	5.87
0.86	4.13
0.33	1.72
0.62	0.94
1.49	4.5
4.57	5.58
4.91	6.04
4.94	6.55
5.05	6.04
4.58	6.2
0.26	3.88
-1.3	2.83
-5.99	0.73
-5.64	-1.99
-3.61	1.49
-5.14	3.3
-0.46	8.19
1.58	13.99
-1.02	8.19
-2.87	4.18
-0.52	9.65
2.63	8.24
0.69	9.48
0.69	7.87
-2.4	5.86
-1.21	5.26
-3.59	0.11
-2.39	-0.98
-2.32	-0.47
-5.16	-0.39
-6.49	0.09
-2.92	2.77
-1.71	1.77
-3.15	0.61
-2.83	3.59
3.03	10.12
2.73	9.4
2.34	8.94
-2.39	4.93
-2.62	4.1
-3.09	8.34
-2.07	7.67
-2.42	6.47
-1.76	5.55
1.15	6.67
-2.29	6.41
-0.6	5.46
-2.29	1.25
-3.37	0.32
-2.45	3.79
0.09	3.97
-1.93	0.73
-3.9	1.59
-2.15	5.14
-0.85	1.71
-4.04	1.29
-4.86	5.95
-2.23	9.06
1.07	8.78
-4.63	5.45
-0.04	9.05
0.33	11.83
-0.72	7.74
-3.18	-0.18
-2.03	2.6
-2.96	1.29
-4.51	-1.59
-4.95	-3.61
-3.79	0.37
-6.93	0.33
-9.02	0.21
-6.96	3.95
-0.41	2.94
-1.47	3.79
-3.37	1.14
-4.63	0.78
-1.6	5.67
5.22	14.02
3.47	11.1
-1.3	5.06
-2.93	1.59
-4.79	3.92
-4.99	4.6
-3.29	6.22
-2.58	6.78
-1.3	10.92
2.94	8.79
-0.06	6.83
-0.74	7.77
-0.63	11.29
-1.02	9.08
-1.65	13.23
-1.67	14.79
-1.54	14.06
-1.89	12.7
1.11	11.42
0.77	13.3
2.56	10.23
-5.41	2.22
-6.78	3.61
-0.64	10.92
2.67	18.26
4.87	13.69
1.16	21.44
6.73	16.14
4.19	9.65
1.63	16.34
6.07	18.16
1.6	13.69
2.51	13.71
10.72	18.71
7.96	15.14
6.23	14.84
4.8	15.64
2.58	12.01
-1.33	9.91
0.5	8.22
-0.5	11.88
1.66	12.52
6.77	12.73
3.49	20.54
4.29	13.43
2.31	8.29
0.85	9.97
-2	12.08
-0.54	16.72
2.3	18.93
3.64	21.07
6.36	13.78
3.22	10.88
1.47	8.91
-0.24	12.14
5.16	14.69
0.82	17.74
1.62	19.51
7.11	16.81
3.73	18.02
7.24	19.96
6.02	19.01
8.77	15.02
5.8	12.25
4.56	18.12
6.91	18.83
9.26	19.24
8.22	14.67
5.21	9.83
4.25	8.57
5.09	8.12
4.95	7.09
5.01	14.29
1.43	16.6
3.67	15.45
5.71	17.11
5.41	20.72
5.77	20.57
5.2	21.88
5.15	22.95
8.14	16.47
8.64	21.84
14.31	24.84
13.18	25.05
9.69	18.64
6.48	16.49
5.14	12.4
7.48	12.74
8.54	19.96
8.04	23.39
11.18	18.14
9.48	12.79
4.54	11.15
3.72	7.84
4.11	13.97
3.07	17.31
10	14.01
6.72	19.71
8.18	21.4
9.81	17.51
7.02	10.65
6.3	9.45
5.74	7.6
6.55	11.36
5.07	13.51
6.86	19.64
11.42	19.15
12.02	19.23
10.75	19.51
11.79	21.81
11.81	19.57
9.68	22.17
10.34	24.14
12.39	24.98
15.11	19.95
14.03	18.28
11.45	14.61
9.88	13.86
9.74	20.57
10.31	24.08
13.33	25.26
12.36	26.32
13.3	26.86
13.67	27.68
14.38	27.19
13.94	27.18
16.45	25.32
12.62	27.31
14.61	29.24
16.63	30.18
16.45	29.74
17.61	30.8
14.39	31.01
16.55	30.01
18.06	27.66
16.79	25.18
16.15	25.53
16.31	27.97
14.23	28.84
15.55	27.71
16.22	24.32
15.79	22.07
16.54	26.97
16.79	29.55
18.05	31.23
19.11	33.93
15.82	26.29
13.04	26.89
13.14	29.19
16.37	33.63
17.3	29.96
17.49	27.25
15.27	25.08
14.45	28.96
16.7	30.38
17.01	29.22
15.18	20.79
13.47	21.94
11.28	21.62
10.46	24.8
15.84	24.65
14.77	21.31
14.57	24.89
13.33	24.28
12.08	26.7
13.43	26.91
14.94	26.63
13.47	28.57
15.65	30.2
18.21	31.01
17.33	28.72
17.68	31.23
17.81	31.16
18.11	33.15
20.08	29.08
18.75	30.43
17.82	22.9
17.4	25.47
17.44	29.62
20.06	30.13
15.63	27.37
16.4	22.66
15.26	24.47
12.37	24.59
12.33	27.27
15.99	28.8
17.88	30.58
18.35	24.59
14.91	28.78
18.05	31.19
19.52	27.74
16.57	30.92
18.15	25.88
13.87	22.57
9.49	23.91
11.96	22.93
10.96	25.71
15.55	29.09
15.26	29.36
17.03	30.26
17.27	23.66
14.73	22.77
16.19	25.6
17.03	28.41
16.1	25.85
16.19	26.49
15.76	28.45
16.32	30.16
17.92	28.79
17.06	29.66
16.27	30.32
16.35	30.84
15.77	25.11
12.18	21.58
8.94	23.43
9.15	25.15
13.84	18.76
13.21	17.55
11.97	18.87
11.52	19.58
7.86	20.81
8.12	22.16
11.24	23.89
11.43	25.1
14.18	22.37
11.09	23.92
11.61	27.08
15.72	24.22
10.05	18.25
6.75	16.69
3.78	16.1
2.92	18.38
4.09	19.2
9	20.3
11.38	20.94
10.1	19.52
10.7	21.38
9.57	22.62
11.68	18.52
12.52	20.43
12.3	26.19
10.88	23.27
11.64	22.94
6.74	13.7
2.8	15.36
6.88	17.2
6.18	13.05
3.91	9.3
0.4	14.31
5.28	20.42
9.25	15.2
5.7	16.21
6.55	19.16
6.81	18.57
7.12	19.9
8.15	21.69
9.08	16.17
5.11	18.62
6.05	18.16
5.5	21.12
13.26	22.46
12.82	24.92
8.16	19.6
7.6	22.2
9.63	23.4
5.79	20.88
6.47	20.75
5.77	20.72
6	15.04
5.64	7.92
3.64	6.62
2.68	6.11
1.21	8.63
4.63	14.14
9.45	19.6
10	16.39
8.21	16.42
7.72	12.47
7.27	11.81
4.44	8.35
7.79	12.62
5.04	7.77
0.9	8.12
6.35	7.52
4.77	6.08
2.28	7.9
5.75	11
8.11	11.8
8.62	13.92
6.86	12.66
3.67	11.98
3.86	8.49
7.3	12
4.11	10.51
4.74	9.21
1.25	6.84
2.6	4.49
4.23	6.5
5.42	10.57
7.56	10.19
5.33	11.2
1.05	7.44
-1.22	5.36
0.19	3.94
-1.51	4.63
-3.92	2.34
-2.14	-0.87
-1.03	0.37
-1.48	2.14
-3.19	2.17
-1.67	4.1
1.1	6.6
-4.26	2.7
-3.88	0.13
-1.29	2.58
-0.03	6.51
-1.77	8.46
2.06	12.65
10.23	15.84
11.48	16.73
7.94	14.95
5.67	13.18
9.31	11.99
2.33	9.47
4.52	9.74
2.49	10.3
0.47	10.76
0.76	8
-0.65	3.1
-0.58	3.33
-1.16	1.45
-6.71	1.96
-2.29	9.37
-2.77	4.69
-4.1	6.47
-4.58	2.18
-3.53	5.65
-0.18	6.31
-4.2	2.68
-5.71	3.6
-4.46	5.32
-2.13	5.97
-3.5	3.01
-1.62	7.83
-3.52	5.88
-3.64	3.32
-2.08	-0.38
-1.93	0.99
-2.05	2.06
-1.5	0.85
-1.56	-1.01
-0.94	4
0.11	4.51
-3.56	4.06
-4.79	-1.56
-4.45	3.19
-3.27	-1.31
-2.89	-1.53
-2.55	-0.67
-1.87	0.07
-0.69	10.39
0.16	7.79
-2.44	8.1
2.84	11.61
2.39	15.41
4.54	15.3
6.39	12.57
3.36	10.97
1.28	5.36
-3.03	7.66
-2.34	7.29
-1.78	6.61
-3.4	9.19
5.65	15.06
4.39	12.07
-0.98	9.91
-2.15	9.14
3.95	12.46
2.16	11.4
-0.09	11.88
3.68	15.34
5.23	11.45
0.87	10.4
-1.74	9.91
-1.04	10.87
-1.95	11.68
4.85	13.6
5.93	10.87
0.6	15.64
0.93	9.62
-1.48	8.3
2.75	8.35
-2.55	10.7
7.94	11.7
6.2	13.45
6.04	13.19
3.5	9.99
-2.04	10.34
4.52	7.1
2.57	11.38
2.29	9.1
-1.07	9.52
4.45	13.64
5.68	20.12
5.65	19.41
5.95	13.84
2.5	9.96
-1.23	8.5
-2.5	12.13
-0.57	16.97
6.21	17.57
3.6	19.05
3.69	20.37
4.61	12.62
0.83	5.06
-2.56	2.82
-1.32	4.27
-0.93	3.87
0.29	6.3
3.65	14.77
2.84	17.24
5.62	15.15
3.07	10.43
-2.83	6.72
-2.3	7.61
-2.43	10.96
-1.54	16.17
3.35	14.52
2.39	16.5
2.45	17.94
1.62	18.41
1.63	19.18
3.53	22.14
8.22	20.42
8.61	20.53
6.06	22.98
9.1	23.66
2.61	15.21
-0.92	14.26
2.55	21.26
7.83	25.21
9.4	22.08
11.48	19.13
6.99	15.78
4.96	16.06
4.22	17.5
2.86	18.46
4.2	21.64
9.19	24.28
6.14	17.83
6.74	21.24
9.02	23.96
10.37	17.39
10.27	20.4
10.79	17.96
9.6	18.96
5.97	16
4.18	19.21
8.69	14.92
3.9	15.68
5.84	21.08
6.64	23.91
10.95	24.84
11.04	23.73
14.42	21.2
5.47	17.65
4.77	19.16
10.7	17.56
9.76	15.53
8.49	17.13
10.13	18.91
9.67	23.24
12.74	19.4
13.61	20.43
9.2	20.1
8.33	20.84
12.23	22.5
11.25	19.68
9.46	17.36
9.02	17.06
7.52	19.99
8.42	20.26
10.72	18.94
9.54	15.37
8.91	15.48
9.32	22.23
9.6	20.98
9.82	22.82
10.76	24
12.25	19.74
9.66	23.18
11.98	26.56
12.32	22.26
11.81	20.23
13.94	21.46
9.19	24.06
9.78	27.09
11.23	28.71
13.33	26.93
15.13	19.24
13.87	20.96
15.21	22.81
15.82	23.28
13.38	24.88
13.78	20.17
12.7	17.37
15.2	24.49
16.3	23.95
11.23	23.65
12.46	22.24
12.44	25.98
15.1	29.69
15.97	30.59
15.12	26.5
12.6	24.81
15.1	29.17
16.59	28.92
17.63	22.12
13.35	25.28
13.75	28.23
17.08	30.05
13.03	23.8
9.98	25.03
14.28	27.44
15.54	30.71
14.64	26.31
11.25	21.54
9.65	22.81
10.63	23.54
10.57	25.35
14.31	23.04
13.82	21.79
10.88	20.06
12.41	23
14.83	27.81
15.07	29.98
17.26	25.97
16.61	27.82
17.32	23.93
16.33	21.94
14.79	25.8
15.02	27.69
17.45	31.02
18.78	29.15
19.28	29.94
19.23	31.48
17.01	28.68
14.67	28.21
17.48	22.98
15.09	25.09
13.15	17.58
15.12	24.84
16.23	29.04
15.94	30.56
17.08	30.69
16.58	30.6
16.62	29.37
15.57	28.19
16.08	29.37
16.86	26.87
16.03	25.19
17.95	25.2
16.4	27.54
15.7	22.52
13.37	25.8
12.81	27.12
15.5	28.62
16.67	29.44
18.05	24.38
16.27	23.91
12.87	24.38
12.72	27.31
12.18	25.44
12.34	26.55
16.44	29.52
15.3	28.04
13.64	19.44
12.3	19.08
7.28	20.2
11.03	21.39
9.33	23.92
11.89	25.52
13.95	24.46
13.41	21.46
10.59	22.49
9.95	24.41
12.29	25.95
14.29	24.34
12.43	26.49
13.5	27.12
13.34	26.76
13.49	27.38
14.17	26.14
14.69	25.13
9.28	18.97
6.76	20.03
6.42	21.37
9.09	23.38
10.72	24.12
12.16	23.7
12.1	24.6
12.72	20.12
6.55	13.22
3.76	15.28
8.48	13.72
8.2	16.6
9.18	20.1
8.51	19.56
7.62	20.57
11.9	22.97
11.54	20.78
8.29	18.09
7.41	19.13
10.04	14.09
5.42	17.08
5.63	19.79
7.63	17.76
5.86	13.62
4.63	9.18
5.31	8.38
3.75	15.23
3.06	8.45
5.66	8.65
4.97	10.84
4.67	13.4
4.9	13.86
2.37	14
5.67	17.9
5.09	15.93
4.49	14.94
7.56	13.64
7.69	15.3
6.66	18.61
7.5	14.78
6.66	15.1
4.86	11.84
6.91	12.94
8.51	18.78
7.6	13.12
9.8	17.73
11.37	20.34
10.75	14.51
8.69	11.76
1.17	11.85
-0.53	12.17
0.69	10.31
3.88	6.93
5.58	6.99
5.01	5.83
4.53	5.56
4.34	6.21
5.44	8.31
5.6	7.46
5.58	8
4.1	11.52
2.11	11.57
2.85	5.36
3.62	7.24
-1.18	5.08
-4.11	5.32
-2.29	4.12
0.33	8.77
-0.12	1.53
-0.11	0.91
-0.93	0.36
-1.57	-0.68
-0.97	4.54
-1.97	4.6
-5.17	-0.98
-2.18	-1.31
-2.08	-0.61
-0.67	0.39
-0.07	2.95
-0.3	6.84
4.88	9.36
1.48	4.57
0.65	2.9
0.2	1.87
0.68	2.07
1.53	1.94
1.17	2.51
-0.14	3.55
1.04	2.74
1.37	2
1.49	2.18
-0.07	1.54
0.35	1.54
1.11	1.99
1.71	2.43
1.72	5.49
2.33	10.69
5.19	11.71
2.16	6.48
-1.29	2.91
-5.78	-0.42
-1.73	3.07
1.17	7.65
3.09	6.26
-0.55	5.49
