19710101
67.27
78.18
84.01
86.05
85.34
77.19
81.91
83.27
90.88
87.86
83.61
81.23
86.37
83.42
89.64
89.76
90.81
91.63
88.98
88.31
84.1
81.49
86.03
76.52
82.99
76.13
77.76
84.54
84.06
85.46
80.79
78.56
55.15
56.49
68.72
68.7
77.15
74.97
67.21
64.25
78.64
81.99
79.16
72.4
75.44
93.54
83.88
84.52
76.03
76.36
72.05
75.66
78.98
74.87
68.15
70.27
75.12
61.46
44.85
63.26
66.02
73.03
61.85
50
75.4
76.44
74.51
83.03
71.12
58.34
42.38
49.65
66.59
71.15
81.24
82.1
73.19
54.11
59.7
52.51
83.32
63.46
66.45
63.84
78.76
73.52
67.32
68.57
80.26
86.41
84.58
81.65
84.25
71.58
73.83
73.19
67.75
66.95
64.24
67.22
64.55
57.33
64.36
59.48
56.91
58.84
59.2
62.34
61.18
53.15
58.16
54.43
48.15
55.91
62.59
80.04
63.29
77.62
73.08
75.23
90.8
89.15
81.6
82.83
83.62
81.76
77.6
75.03
71.88
70.36
64.8
64.48
59.09
62.56
59.97
56.88
60.03
57.14
60.31
57.15
56.48
60.05
67.15
62.05
57.44
55.61
68.58
71.27
69.02
71.92
81.75
83.39
79.26
74.35
77.16
68.07
62.28
64.42
75.68
74.83
61.23
63.46
70.39
66.42
67.68
51.87
61.43
62.47
69.44
62.39
67.62
66.67
67.19
58.25
58.82
76.05
75.34
77.41
63.41
71.65
66.97
65.19
57.47
57.62
61.07
61.9
62.11
58.03
49.13
50.1
51.72
58.68
59.89
71.21
59.99
66.6
67.99
74.28
83.65
68.56
60.45
52.49
66.4
61.69
62.65
62.36
58.15
57.41
66.75
68.45
75.75
77.49
75.45
69.74
67.89
65.06
63.71
66.5
64.57
67.02
69.32
61.45
61.41
82.09
71.23
66.31
64.81
66.52
63.38
58.62
65.9
58.3
58.61
70.59
74.74
71.99
71.15
72.06
86.03
69.61
67.79
67.94
85.25
70.72
72.74
70.3
67.89
70.59
67.53
58.43
59.1
64.91
70.92
85.57
86.52
76.33
74.09
84.4
63.25
65.38
68.37
70.75
72.57
75.03
71.56
73.04
75.47
82.27
73.53
78.28
81.51
84.29
78.68
79.09
77.43
80.11
79.41
59.15
70.45
65.93
66.07
73.9
76.23
75.64
76.18
77.93
70.97
71.41
68.02
73.71
78.46
68.85
76.51
78.45
68.97
50.67
69.02
74.08
69.77
65.65
70.49
71.92
73.67
74.72
75.27
86.33
78.87
87.51
72.04
63.42
68.92
79.55
63.65
83
93.4
90.59
80.8
85.66
83.6
78.86
87.52
83.73
74.24
64.21
54.42
86.7
92.37
84.92
88.54
86.59
82.16
92.54
93.97
95.63
96.49
95.19
94.64
91.93
91.12
89.49
81.5
77.51
57.78
59.83
69.41
72.56
78.28
85.26
82.86
81.27
83.51
85.56
92.25
92.45
94.47
88.47
86.68
83.26
89.22
89.42
94.94
93.27
93.67
94.46
92.67
91.39
92.64
93.9
94.94
93.42
93.62
92.21
91.5
93.39
93.85
93.05
81.22
76.94
76.78
67.86
68.09
75.73
80.35
82.94
87.78
87.75
82.88
83.2
81.49
84.57
87.33
80.76
92.22
93.17
89.37
92.59
93.42
91.08
82.03
78.17
77.83
81.77
86.73
89.28
93.4
94.91
86.01
92.35
86.06
81.25
71.77
76.68
79.39
70.41
84.11
83.01
92.86
92.42
89.27
84.87
89.35
85.21
88.79
91.62
91.27
85.72
82.23
85.41
79.57
76.79
78.93
70.16
60.88
74.19
80.56
77.99
82.49
67.61
66.46
63.04
64.87
65.85
65.4
66.73
63.65
66.99
64.08
60.19
59.58
54.82
51.32
72.2
75.31
71.35
73.1
61.64
74
59.52
66.06
67.82
68.5
72.91
65.47
50.43
71.46
68.52
61.34
84.29
79.27
75.36
83.99
80.7
79.96
76.6
78.52
79.11
84.27
76.6
74.41
68.74
62.61
57.2
67.93
72.71
61.74
62.95
65.2
64.9
87.75
81.18
79.87
76.27
76.5
76.98
77.64
77.06
77.98
64.14
89.35
80.97
81.84
83.01
64.2
78.25
79.47
68.48
76.62
73.35
67.81
66.6
65.63
65.19
76.03
68.32
60.7
61.28
78.52
81.36
82.87
70.29
69.92
74.14
72.22
64.85
63.28
65.44
71.46
59.63
64.93
71.53
69.57
54.36
55.63
71.05
77.21
65.99
65.31
65.41
67.04
72.28
74.61
72.73
66.47
70.41
70.93
75.04
79.82
70.9
59.16
61.68
69.22
70.61
76.39
78.07
61.77
63.8
65.59
73.92
78.22
87.5
80.81
79.9
68.53
67.1
72.67
74.8
72.27
69.49
76.46
80.58
76.68
83.19
81.86
61.18
77.31
81.75
74.14
83.74
79.99
76.26
81.74
76.36
71.26
66.83
69.62
74.61
73.25
73.01
71.32
69.2
76.66
77.93
73.68
73.11
78.34
79.72
77.11
70.56
66.57
78.05
69.45
72.61
73.25
70.11
79.28
82.22
87.54
83
65.09
73.87
73.75
75.46
78.29
79
77.7
75.25
74.47
86.2
81.15
70.45
69.98
72.52
73.86
80.28
83.42
81.36
85.62
87.17
81.96
82.99
78.56
76.51
68.59
75.65
72.73
77.23
76.3
77.81
74.49
77.87
84.53
73.52
63.3
53.94
68.13
83.46
89.89
89.51
83.98
80.06
80.26
83.89
71.18
73.2
74.59
77.57
74.06
59.86
71.9
80.96
72.67
78.8
70.93
80.65
83.52
78
75.43
80.91
82.11
83.46
90.26
88.8
84.68
89.37
84.85
84.48
85.55
93.71
87.22
94.06
81.34
79.43
80.62
93.1
90.97
82.91
74.2
81.74
88.83
85.71
90.53
91.06
94.47
84.93
70.11
61.74
75.58
79.8
83.67
81.88
93.15
95.64
86.9
94
95.82
93.2
94.53
92.93
86.65
90.11
95.71
93.22
89.32
89.45
85.59
81.27
82.72
85.97
87.59
80.14
77.49
79.21
86.27
88.38
86.34
88.16
91.84
86.02
80.73
73.12
77.31
79.43
73.55
87.74
90.57
83.92
84.61
88.11
92.37
92.12
90.68
81.42
82.19
84.32
82.48
89.52
91.59
88.01
90.1
93.1
94.31
93.87
95.58
93.29
87.51
88.9
85.55
84.95
82.24
77.79
86.43
86.4
94.61
91.18
88.7
88.39
85.47
89.62
82.15
84.15
87.65
79.12
80.96
69.32
61.96
78.93
91.23
82.42
67.44
62.59
71.55
70.9
74.17
75.77
77.16
74.73
68.52
66
61.38
52.23
58.76
62.44
63.77
77.48
80.67
78.34
82.47
70.64
77.83
67.69
65.21
70.51
79.25
86.15
82.12
80.39
67.03
69.27
64.51
66.88
64.56
63.47
65.37
62.99
61.93
71.66
71.88
68.19
64.48
61.81
60.22
63.91
61.13
59.78
48.06
42.94
58.65
63.41
73.53
81.2
66.86
70.27
82.09
78.83
78.94
71.77
62.03
61.84
83.33
79.96
81.1
74.47
63.5
65.6
80.39
77.01
61.07
69.17
63.62
58.44
62.11
57.56
52.96
55.66
64.38
60.59
56.84
72.19
68.7
66.1
61.71
69.43
68.32
64.16
62.74
67.57
64.26
64.72
68.68
66.58
59.72
53.09
51.58
69.74
74.74
70.89
59.63
58.21
61.69
66.4
69.78
75.64
65.98
53.38
65.6
79.87
72.84
85.86
84.41
73.95
66.58
67.08
73.73
70.01
71.64
73.21
52.49
57.89
67.17
76.48
68.57
68.69
86.71
92.97
75.89
91.02
80.45
72.05
72.84
71.62
84.54
76.2
73.77
70.62
67.04
65.93
73
73.53
80.7
71.65
70.52
65.43
63.03
75.45
81.94
74.78
69.06
64.57
58.3
76.57
78.46
68.52
70.5
82.05
72.11
87.1
74.54
71.39
70.28
66.49
68.73
70.17
71.45
69.38
71.49
81.33
78.69
72.93
71.36
71.86
70.73
64.34
65.51
65.26
73.42
65.55
59.09
63.59
68.22
66.63
66.44
65.46
69.62
77.46
73.72
65.7
68.38
70.86
72.74
67.1
83.07
91.14
85.91
85.42
65.19
72.35
73.09
69.49
71.46
71.51
70.81
69.94
71.31
79.92
65.95
69.58
74.8
71.59
78.53
82.5
85
73.19
87.58
81.69
73.56
85.36
83.35
89.24
88.44
81.89
81.38
76.22
79.8
87.15
85.44
84.04
82.68
83.41
85.26
84.25
83.49
78.17
77.1
80.22
83.47
85.14
79.39
83.46
79.4
88.97
78.45
90.34
77.89
83.24
89.63
72.45
74.9
70.38
74.06
78.08
80.09
78.9
79.92
80.9
68.51
69.54
70.47
72.68
69.84
74.51
76.82
86.15
81.8
85.67
82.46
86.46
86.98
85.58
89.43
90.81
80.66
72.13
79.08
75.97
68.11
69.75
76.58
77.8
82.34
75.49
93.04
87.33
82.53
83.77
67.39
78.76
78.34
75.87
73.36
81.17
77.82
82.41
82.69
75.87
69.69
75.25
83.61
81.66
73.31
67.7
67.8
65.66
91.54
93.67
77.93
72.25
80.94
77.01
70.51
79.16
88.59
87.55
93.06
91.51
88.02
88.64
93.6
95.58
95.01
95.37
95.11
94.89
92.39
92.81
93.42
88.48
88.12
92.93
94.81
85.58
88.78
93.48
91.35
78.06
88.62
67.42
78
84.49
86.31
87.54
87.48
88.85
91.93
90.28
95.42
94.09
85.56
84.73
94.24
81.84
93.64
90.12
78.09
88.24
76.38
64.24
71.08
68.9
62.78
79.28
92.21
92.22
93.15
87.64
89.04
90.75
86.91
80.84
81.34
90.27
81.53
74.98
75.04
75.4
71.79
67.48
73.51
73.58
80.43
89.21
87.72
70.83
81.56
86.38
86.94
84.24
78.57
69.87
73.62
71.32
64.51
71.06
66.69
60.77
61.92
61.42
62.44
66.68
66.4
72.22
72.67
68.02
70.65
69.64
63.76
61.81
74.62
64.22
62.97
59.62
57.47
60.71
61.62
50.94
57.8
53.16
54.73
68.13
66.46
48.98
41.5
54.08
46.7
48.68
46.38
52.95
72.5
73.93
61.85
64.7
88.74
86.38
77.02
72.39
77.54
72.33
84.09
69.47
69.89
79.52
88.83
85.49
78.51
74.56
66.51
71.17
73.02
73.87
74.43
78.43
81.24
72.92
79.21
75.17
65.58
66.44
70.93
78.18
64.58
72.9
83.95
67.51
67.38
62.66
71.82
69.4
63.25
77.43
60.34
63.84
72.8
73.38
76.21
78.78
74.92
75.86
84.79
70.07
63.55
78.54
78.84
74.95
69.25
77.77
73.86
71.34
70.18
72.75
79.25
76.48
82.23
68.65
68.6
63.51
68.44
87.46
67.82
69.64
64.43
71.61
68.64
67.68
74.53
71.28
61.52
73.11
67.79
73.33
77.86
68.62
54.82
73.15
74.31
65.45
82.08
66.92
66.2
75.16
53.81
67.28
62.61
81.77
72.59
66.44
70
68.16
69.55
66.37
70.68
68.3
71.86
69.23
63.53
74.01
67.34
68.77
77.29
73.13
87.82
72.42
68.44
73.99
70.92
70.62
70.13
72.46
74.41
77.66
78.63
82.96
84.98
81.13
81.72
88.7
82.74
85.76
79.75
77.66
76.46
84.82
86.31
75.09
84.26
75.86
77.5
69.89
73.13
78.59
75.78
76.36
79.72
81.07
78.3
76.75
78.2
76.77
84.66
80.59
86.01
84.46
89.46
80.51
84.88
90.62
86.79
69.99
72.33
84.51
90.71
85.05
89.33
77.4
87.54
90.16
89.68
83.59
92.04
93.3
79.47
87.63
92.46
84.06
80.21
88.98
89.08
79.04
82.14
78.57
88.19
85.6
70.33
72.02
86.52
77.9
86.6
76.64
85.66
85.73
82.68
85.6
76.29
63.15
74.72
78.34
91.26
91.25
86.9
75.28
77.23
79.51
86.53
79.42
84.74
72.93
69.83
63.2
79.97
78.07
78.4
85.62
92.03
91.3
92.99
93.64
89.91
78.34
78.23
86.57
88.02
83.09
81.92
81.58
78.82
85.89
91.35
90.8
88.19
80.05
92.31
95.94
94.76
92.81
90.16
73.25
78.95
87.89
81.02
79.67
75.03
82.13
85.29
85.87
85.74
94.15
94.1
93.35
82.84
83.18
74.18
74.16
86.7
85.5
82.3
86.21
91.23
88.65
78.88
86.8
86.1
74.75
81.22
81.55
85.98
86.24
81.58
86.14
70.38
68.26
72.66
76.46
87.58
93.19
89.97
89.56
88.79
82.77
74.93
71.48
82.45
74.22
89.13
87.39
91.11
89.56
86.24
80.68
84.51
85
81.93
58.86
71.76
77.22
76.15
84.86
86.78
88.99
87.17
67.36
65.67
70.2
78.4
79.49
67.7
73.32
70.92
70.55
72.68
60.08
55.51
62.86
61.21
62.89
59.26
59.96
67.07
72.88
72.38
64.93
69.96
67.65
70.33
75.8
75.21
85.13
84.15
83.91
83.69
81.92
82.68
83.46
66.22
57.29
80.32
77.43
61.86
54.02
62.31
62.94
82.82
89.13
85.2
77.37
81.23
77.24
61.72
55.16
63.87
66.95
71.85
68.63
85.96
49.67
66.04
70.74
70.78
64.74
83.26
65.13
63.21
63.23
63.12
74.23
62.8
65.48
62.84
54.82
63.69
59.64
59.95
57.42
55.68
60.17
48.21
56.44
68.1
68.95
78.8
70.87
81.31
75.74
71.78
65.3
71.41
66.19
63.9
76.75
71.84
68.02
66.13
69.15
69.43
66.52
75.44
86.26
74.53
89.35
77.43
80.33
73.67
64.71
59.45
73.76
77.36
81.26
76.64
56.87
61.93
59.59
58.99
75.94
83.97
80.59
80.81
72.76
74.01
72.23
65.14
70.89
82.42
83.77
69.7
84.01
82.02
78.36
77.36
82.85
85.42
67.36
68.89
76.76
76.28
88.87
83.87
79.31
61.05
71.15
78.08
73.96
68.68
71.42
76.72
77.18
79.78
88.28
72.58
73.75
75.25
73.95
76.94
74.58
78.89
68.05
74.81
72.35
71.33
70.83
84.05
70.06
70.4
65.8
71.51
70.17
67.67
72.96
76.94
72.47
77.24
76.28
75.71
78.9
79.65
75.59
74.1
73.62
80.41
76.04
67.78
72.95
83.87
71.84
77.09
71.13
69.21
68.83
69.89
74.73
77.6
86.31
78.55
72.59
74.74
89.37
81.5
80.27
80.51
81.8
85.24
81.31
86.37
81.14
88.61
76.84
77.64
82.1
77.77
86.98
87.65
81.06
77.39
83.71
83.5
80.43
76.98
77.49
77.12
81.09
82.3
86.15
84.31
64.93
81.53
81.19
84.03
85.62
82.84
88.04
80.2
74.79
70.06
81.1
80.14
64.46
76.99
81.89
79.03
82.89
92.78
90.87
86.58
90.09
93.3
88.81
82.8
83.6
80.99
83.1
86.77
87.38
86.94
83.81
75.58
80.08
84.84
95.87
90.01
94.65
94.01
93.23
90.24
90.44
89.18
91.35
84.29
90.52
91.63
86.67
85.34
87.97
88.65
88.8
90.38
93.15
92.49
83.34
87.13
65.22
60.94
66.73
67.92
76.51
73.9
71.04
77.19
89.2
91.52
93.56
92.2
94.56
92.76
93.41
88.13
69.24
84.33
90.75
89.8
89.62
90.89
88.88
88.07
88.83
92.17
94.74
79.01
63.89
80.64
85.11
80.75
85.91
90.79
93.33
86.35
86.04
87.44
93.61
94.73
93.51
92.98
87.19
76.38
63.19
74.22
74.07
81.51
80.1
87.66
92.06
87.21
74.78
58.7
75.69
77.65
70.35
83.6
68.76
78.68
76.53
71.27
79.25
70.32
87.13
78.31
80.68
76.17
64.86
63.45
72.5
84.85
86.63
93.15
87.67
89.34
90.19
88.13
71.89
68.61
71.02
76.6
89.73
91.78
85.9
89.11
93.26
90.76
91.47
81.66
79.83
83.83
88.08
83.58
93.52
94.56
89.49
75.17
78.35
78.77
78.23
67.72
60.23
52.18
52.74
56
72.55
73.26
80.18
87.93
66.33
60.82
59.37
65.36
76.66
77.59
86.07
79.15
70.84
68.8
51.8
54.01
57.37
70.69
74.64
60.87
61.34
62.48
61.55
56.76
49.14
51.81
60.23
56.2
44.64
48.06
51.2
58.21
75.83
61.16
58.8
45.25
43.22
50.55
59.26
61.24
62.78
70.55
68.55
65.66
62.73
61.4
53.54
71.9
88.18
91.43
77.37
86.54
64.23
75.12
60.63
62.04
63.56
78.41
75.35
69.31
71.19
62.77
67.42
61.6
53.73
57.36
57.66
69.73
74.97
71.04
61.16
66.1
66.26
64.63
61.77
70.47
83.5
69.64
81.6
73.93
77.9
73.23
84.61
71.66
68.05
69.59
74.03
70.35
87.28
69.21
61.37
75.81
59.81
59.47
61.93
58.96
53.42
66.4
72.41
74.49
77.15
71.48
88.17
74.38
61.56
60.78
58.32
67.14
71.07
73.87
59.8
60.23
61.88
65.25
66.85
60.76
52.99
53.42
57.55
55.97
56.65
59.6
45.17
56.95
59.99
55.26
64.78
59.64
59.89
66.25
71.59
67.29
64.38
60.85
57.28
54.28
62.59
74.22
76.32
80.33
62.9
70.44
79.29
84.13
74.21
57.29
65.08
70.14
82.58
67.29
62.88
70.54
74.8
63.83
67.99
66.11
71.5
76.35
77.3
72.58
78.22
76.91
71.59
85.14
86.14
69.09
65.94
69.66
80.7
83.1
70.89
76.23
72.6
71.38
69.67
70.61
69.49
83.47
80.19
82.86
78.72
86.07
88.59
71.26
67.51
74.21
71.41
72.01
70.15
85.51
71.39
65.79
76.23
90.4
86.72
78.43
82.61
71.07
73.56
79.14
88.69
85.42
82.12
79.47
78.64
86.01
79.19
66.1
88.47
90.82
81.32
72.1
72.99
82.46
71.19
76.62
80.55
79.9
83.6
83.32
65.48
73.57
88.14
85.99
89.64
91.64
90.83
89.18
81.63
84.72
82.99
79.54
87.36
92.74
90.75
90.68
92.01
87.78
92.9
69.71
86.96
94.44
85.01
89.39
91.3
90.55
90.36
80.25
77.65
69.45
74.02
90.09
94.18
86.9
88.37
78.14
86.72
83.88
80.01
80.56
90.18
90.4
86.09
73.75
67.97
87.97
92.43
89.48
91.88
86.14
71.29
81.31
84.07
93.55
92.2
94.9
87.4
89.6
86.28
93.28
74.64
85.84
87.79
81.38
87.54
93.23
94.89
96.39
96.07
94.79
95.32
95.33
88.89
75.4
72.18
59.65
60.69
66.9
84.04
77.02
81.72
80.09
86.55
94.67
92.29
77.78
88.9
90.46
87.83
69.15
78.5
70.23
80.84
88.33
87.74
89.05
93.82
83.72
74.48
89.11
86.68
90.99
91.65
81.97
94.27
94.61
83.93
88.37
85.01
87.08
74.42
84.08
83.01
77.52
83.16
87.65
83.32
94.39
94.52
80.3
79.35
78.94
74.34
87.19
78.06
89.32
84.39
78.93
77.02
71.43
70.18
64.65
71.2
85.6
73.03
63.75
78.74
71.5
70.85
62.09
58.82
55.46
71.5
78.83
56.81
62.87
72.18
68.21
72.13
74.44
63.72
69.63
84.6
68.23
63.41
65.42
59.26
59.16
63.6
61.21
65.62
53.5
65.69
55.31
65.59
72.52
67.02
64.36
71.29
78.41
80.79
75.28
75.61
86.05
74.47
84.18
68.05
59.25
83.55
84.05
72.26
65.64
75.6
74.27
69.17
60.37
56.34
49.81
54.53
58.22
48.04
54.57
53.82
59.03
77.14
58.59
64.02
55.37
71.68
62.54
53.01
56.53
56.24
61.28
60.7
55.93
61.48
76.5
70.15
61.76
57.36
58.58
56.54
55.54
86.04
76.74
76.15
72.93
76.97
78.23
65.29
47.97
69.06
70.85
62.53
62.19
54.81
52.96
58.11
52.16
56.86
79.08
55.19
56.97
61.74
70.23
68.55
65.18
62.17
54.68
52.46
56.82
62.56
64.79
63.16
50.97
67.86
76.39
64.92
64.41
62.83
64.4
69.58
79.67
61.24
64.76
69.5
76.34
74.89
64.49
60.14
75.58
69.02
65.76
63.02
58.83
61.57
68.42
64.37
71.08
77.48
75.47
60.33
60.33
61.6
73.11
84.95
69.85
69.81
66.66
78.63
66.01
81.82
66.16
59.83
63.43
59.8
83.38
73.81
71.6
72.05
74.96
74.67
67.84
67.25
68.53
65.09
71.35
70.31
71.08
70.81
74.72
77.68
77.6
75.48
86.49
82.88
72
74.35
77.55
72.46
75.67
75.57
79.47
76.13
76.7
70.12
71.36
69.46
68.67
78.63
81.65
76.18
76.26
74.24
75.75
69.71
72.36
72.07
74.82
72.18
70.45
85.7
75.21
76.95
76.89
85.62
69.12
71.44
75.35
82.96
89.72
80.25
86.97
83.32
79.38
79.36
77.28
78.12
77.88
76.36
69.6
66.15
63.3
76.23
86.8
76.87
69.29
68.55
69.02
64.06
64.44
74.04
84
85.04
86.99
88.11
81.39
84.85
78.63
77.14
76.05
83.28
86.59
91.73
91.05
91.06
87.03
82.83
89.07
90.69
94.25
90.72
89.41
88.93
85
71.93
77.27
75.79
89.22
90.44
91.24
95.79
93.74
82.63
78.28
78.73
85.74
83.52
83.51
86.42
78.95
77.73
76.49
80.78
71.81
82.01
85.63
75.9
74.37
80.27
74.67
73.42
78.25
88.13
88.53
80.08
71.78
76.61
79.41
84.08
96
96.75
96.99
95.17
87.44
81.89
79.21
86.2
92.15
92.73
93.47
84.29
88.5
88.64
89.98
87.22
90.12
90.67
80.54
77.42
82.65
90.63
97.06
94.48
79.58
76.84
81.87
79.95
72.43
69.32
62.89
83.93
91.61
83.18
84.07
90.05
84.95
93.35
95.59
90.46
89.2
91.42
88.24
89
88.08
79.25
79.83
86.07
84.49
85.64
82.52
78.92
83.43
71.05
93.69
83.97
83.56
89.82
94.11
81.46
83.48
83.42
72.56
74.83
79.62
83.42
93.01
94.4
89.28
72.21
64.96
74.26
76.19
68.58
87.03
76.27
63.5
72.67
77.73
73.61
75.4
76.87
90.49
84.57
89.42
77.37
75.4
83.93
84.74
75.41
57.54
63.14
68.79
59.16
62.01
55.1
65.26
69.05
74.27
67.8
64.22
76.65
73.79
66.72
70.36
64.63
68.16
86.22
64.98
69.43
67.02
61.94
54.04
44.57
50.08
60.7
65.87
79.76
73.35
68.51
57.01
49.97
52.62
58.76
68.28
57.34
83.38
85.87
87.77
74.24
71.86
67.49
60.42
66.75
74.79
76.11
60.95
67.83
67.48
61.13
70.59
76.78
69.87
63.72
49.1
65.81
75.41
63.62
64.09
66.48
73.49
78.54
77.16
78.29
64.77
63.23
52.41
70.82
84.21
75.77
73.15
72.9
80.22
79.08
78.75
80.35
90.19
68.59
76.47
72.87
67.75
71.26
71.69
77.79
71.84
73.16
68.41
64.17
58.68
59.81
65.79
77.82
75.11
78.16
74.39
72.92
86.26
84.25
78.24
74.38
70.39
71.89
74.46
69.36
73.64
70.29
77.07
70.97
69.01
61.66
76.74
68.87
73.92
60.53
55.53
63.89
69.98
84.55
65.24
60.6
78.53
77.1
77.79
68.27
73.8
82.25
81.16
72.1
72.8
75.22
80.4
70.37
70.18
77
85.74
67.84
89
72.24
68.53
69.03
68.05
69.11
69.2
68.37
67.57
77.35
74.2
68.11
67.1
76.71
80.26
66.88
68.35
67.31
59.45
66
77.44
75.38
75.13
74.69
80.14
74.61
69.25
66.65
81.24
75.63
69.3
72.99
71.3
70.89
75.05
73.54
74.97
67.2
74.98
71.9
78.96
71.53
73.36
72.46
73.37
74.1
73.66
80.4
78.81
75.06
74.55
83.95
69.68
83.51
63.5
70.14
75.43
70.76
71.98
78.11
77.21
63.89
66.79
75.62
82.89
76.02
74.19
72.94
88.51
81.91
76.53
89.37
88.7
90.02
92.47
85.82
73.12
77.03
80.96
80.8
84.46
82.11
83.19
83.98
81.64
87.73
91.61
87.98
84.82
92.38
86.27
82.63
74.54
66.63
76.91
76.82
79.01
77.41
68.22
73.3
75.75
77.44
73.1
83.57
93.18
95.23
88.95
85.39
81.27
77.53
79.24
87.76
88.46
86.75
90.67
88.61
87.46
92.7
93.37
93.03
92.92
93.07
92.81
94.45
94.95
93.93
92.09
95.17
95.2
94.56
83.57
71.11
74.43
83.72
87.49
86.44
92.16
82.59
83.66
81.35
79.85
89.44
87.45
87.82
86.91
87.16
94.6
88.04
86.5
90.4
74.91
83.73
91.07
91.41
96.21
93.54
95.34
95.89
94.43
93.7
84.83
84.06
82.21
75.79
80.66
45.08
53.75
72.49
75.32
78.87
76.67
74.52
83.8
93.53
88.47
92.06
85.59
74.71
62.59
74.34
85.48
81.91
79.17
81.6
86.44
92.28
96.26
96.64
85.9
89.28
90.03
71.75
93.5
91.16
89.64
77.99
68.77
80.82
93.07
90.2
79.08
73.54
78.71
74.8
94.08
90.86
94.44
92.54
95.72
96.48
94.54
88.46
93.68
88.95
76.06
79.23
77.01
77.25
79.5
79.19
75.48
70.77
87.03
74.26
79.41
74.77
70.7
81.25
86.62
82.44
83.8
68.12
55.92
65.81
72.47
76.65
63.77
59.98
68.49
61.57
62.07
58.06
58.01
69.05
82.37
69.39
69.91
71.06
57.01
78.39
67.79
76.36
66.73
68.54
76.29
69.82
61.83
68.48
74.87
88.18
76.09
71.15
77.56
73.31
68.71
63.69
68.93
64.63
65.11
61.16
62.53
58.73
53.34
63.01
67.02
67.94
57.93
54.04
79.63
69.37
81.92
86.81
68.94
64.76
89.3
76.84
88.59
71.77
86.06
67.07
60.98
63.67
64.17
63.28
63.46
75.86
53.8
51.81
59.73
61.48
59.07
57.6
51.46
57.96
60.18
62.74
58.14
55.52
50.23
60.51
51.41
57.34
60.32
57.26
63.24
58.41
61.14
57.6
62.72
61.05
56.4
58.46
68.52
72.45
69.73
77.67
75.84
73.36
86.59
72.63
82.94
78.44
81.46
74.29
88.69
86.06
73.25
86.11
76.58
74.66
75.2
73.68
88.34
81.04
83.49
73.06
83.12
91.74
71.12
66.44
68.08
70.22
84.85
71.55
69.1
72
79.28
86.14
78.57
65.28
85.22
85.2
79.2
67.07
80.91
81.07
89.37
74.75
75.89
68
74.35
82.13
80.79
80.95
73.94
75.74
67.04
74.13
74.17
80.66
72.59
73.08
72.22
71.85
84.41
89.29
79.28
72.06
62.97
65.93
71.29
74.34
71.67
71.03
89.99
87.03
77.33
76.44
75.45
75.25
83.98
80.76
72.73
81.88
71.89
78.71
74.76
75.22
74.05
71.35
85.03
78.26
78.29
78.19
78.48
78.75
84.56
80.73
81.37
79.19
82.51
75.56
59.05
70.08
76.13
74.79
78.07
79.74
81.47
83.44
90.31
86.84
77.27
81.86
84.62
89.38
79.72
85.02
74.61
69.55
75.26
80.67
91.23
83.13
80.33
79.48
87.13
85.43
76.48
75.87
64.72
78.48
59.64
70.98
81.97
72.4
71.83
76.18
80.24
71.19
77.84
64.2
71.28
75.57
67.11
90.42
92.18
84.66
93.71
84.29
77.41
80.37
83.23
81.38
73.98
68.22
74.83
90.47
79.18
70.88
79.37
82.9
87.99
82.29
91.68
92.88
88.9
87.57
79.01
78.75
80.8
82.8
87.2
84.78
86.99
90.93
90.55
84.03
82.99
84.42
88.05
83.8
85.58
88.65
87.32
84.29
85.97
79.09
76.58
75.11
71.6
78.83
94.3
89.89
80.66
83.22
90.05
94.82
95.99
97.46
87.63
96.86
94.34
94.51
85.74
90.38
95.56
91.44
93.77
77.1
77.5
69.93
69.37
80.37
85.02
86.7
87.27
86.18
85.03
79.89
75.84
79.9
83.17
83.18
85.65
84.4
86.99
85.05
86.63
85.44
86.34
80.65
91.68
89.47
91.43
88.33
60.01
68.29
76.31
62.23
81.31
67.7
79.56
71.2
81.44
89.3
93.03
87.25
83.39
91.19
91.76
78.51
80.8
91.23
92.7
86.14
86.25
79.75
83.92
79.81
75.16
76.44
91.24
77.26
74.96
83.79
87.61
76.29
78.09
67.76
62.77
63.08
60.47
53.47
50.15
73.03
86.21
80.94
70.7
71.12
80.95
65.08
65.44
77.1
66.54
69.31
64.66
68.83
81.23
85.21
74.75
86.68
88.16
81.4
76.32
70.14
65.3
64.27
63.16
63.45
60.76
74.35
64.93
65.18
62.05
67.98
70.23
71.99
62.93
60.55
63.37
62.12
60.78
52.62
43.67
55.88
57.88
62.34
74.19
79.96
71.59
78.18
68.53
70.57
81.23
70.78
73.8
69.41
68
72.34
72.88
64.73
72.89
83.87
88.9
84.59
78.04
67.8
75.62
73.35
43.62
61.14
62.11
58.65
55.93
60.07
61.79
75.9
80.55
67.51
71.39
72.5
61.76
67.34
63.15
63.26
57.65
74.15
64.44
64.89
74.76
76.38
61.45
55.35
60.78
60.39
64.54
67.62
71.44
74.42
75.57
72.47
65.61
66.42
64.02
60.93
64.28
71.54
84.57
71.01
72.18
82.39
78.17
77.97
73.9
68.39
76
83.85
61.56
72.48
73.38
69.03
76.01
69.74
62.2
67.97
70.98
78.07
66.62
66.67
70.66
80.42
77.16
77.14
73.24
63.52
67.28
82.48
73.13
73.69
70.88
73.05
69.04
66.28
63.51
62.23
68.24
77.85
75.76
75.27
80.54
72.44
69.73
74.11
73.52
77.5
74.43
70.23
70.89
72.46
73.56
76.7
78.23
83.03
73.47
72.95
73.35
76.52
68.08
65.41
66.18
81.3
68.32
73.11
75.66
76.02
67.76
68.83
73.36
74.72
79.39
78.11
87.42
77.69
67.06
73.2
76.78
77.17
72.3
73.75
87.72
86.85
84.98
85.17
73.3
78.79
81.76
75.97
81.09
77.16
81.94
83.6
78.15
78.44
88.96
82.56
86.15
81.33
88.48
83.65
79.61
77.63
82.55
76.37
78.77
76.28
73.89
83.09
82.33
77.5
85.58
88.57
84.67
79.22
89.54
86.82
84.75
84.48
76.6
76.49
83.41
78.22
67.77
76.87
76.04
76.11
75.71
79.46
64.58
75.93
75.51
82.58
81.38
72.6
71.74
77.77
88.02
91.08
92.19
93.13
92.52
91.24
92.1
72.51
71.2
76.4
90.02
86.69
85.49
72.17
79.5
80.81
69.94
75.63
82.48
84.55
85.55
81.62
79.29
78.25
84.36
88.56
87.07
81.3
74.34
68
82.76
76.41
70.1
72.11
75.07
55.62
66.79
75.76
73.72
75.86
83.02
77.07
80.65
93.75
87.65
90.59
93.17
95.91
91.78
75.72
75.04
85.04
89.98
89.31
70.47
71.66
79.37
79.2
81.72
83.81
67.32
55.41
76.59
70.71
72.28
66.83
57.95
65.93
68.05
74.14
68.42
85.47
67.19
75.93
74.73
72.46
78.65
76.1
80.09
70.97
62.91
70.4
80.36
79.6
71.77
54.32
59.09
63.18
63.41
72.25
75.61
73.92
68.19
69.11
75.7
72.52
69.52
72.77
78.34
79.19
83.59
83.57
71.27
66.07
70.85
73.53
80.61
73.19
82.86
76.03
78.77
90.2
91.57
86.39
83.84
71.76
72.03
73.82
74.4
84.86
87.94
83.87
76.82
73.71
68.76
64.17
68.48
70.59
76.88
59.74
78.73
66.33
71.66
78.8
70.36
83.18
53.28
57.37
59.72
59.97
57.69
61.75
70.58
64.55
54.41
57.81
57.41
70.27
67.32
69.16
64.77
53.16
63.9
71.57
72.15
62.72
65.09
71.16
56.72
61.01
62.38
55.49
57.23
41.38
56.72
51.12
55.4
50.02
52.79
60.79
60.14
58.65
71.37
81
62.55
58.87
57.7
62.78
57.23
64.91
75.92
81.48
88.33
65.06
54.33
62.89
68.22
65.56
61.72
73.69
79.68
75.96
70.78
73.36
71.36
67.9
61.45
65.37
67.05
70.3
62
80.38
70.18
68.41
59.41
54.01
78.95
73.3
68.69
64.65
61.84
64.3
64.12
56.3
64.68
72.41
73.18
76.36
78.52
84.25
65.53
67.87
60.07
59.02
64.69
78.73
72.3
86.49
70.06
74.03
76.27
70.29
76.08
84.19
74.37
82.13
69.9
63.8
61.64
62.96
66.35
67.56
61.33
61.49
62.88
62.55
63.44
66.41
64.5
67.22
70.71
76.81
73.91
81.03
73.39
73.6
69.9
68.04
82.24
69
71
69.12
59.55
58.84
76.09
74.14
69.35
67.17
62.33
66.51
72.86
74.02
71.03
62.94
72.42
66.66
70.8
67.77
65.39
66.98
75.85
72.22
68.62
62.54
64.25
65.16
63.57
78.27
60.35
61.83
61.23
86.11
67.71
88.17
77.19
62.16
68.88
74.72
80.57
78.19
75.26
79.03
89.09
78.85
76.62
70.14
70.28
70.27
75.8
73.74
74.82
90.01
89.56
81.17
80.63
86.71
72.9
74.54
85.52
81.96
88.33
85.4
71.56
69.26
64.91
78.41
77.66
73.99
66.18
88.05
84.42
88.6
86.5
83.5
81.05
72.17
74.22
75.39
75.96
79.31
78.14
85.93
85.24
72.61
75.99
70.31
78.65
75.97
81.92
82.52
80.49
82.57
75.93
90.59
81.94
73.93
73.79
71.13
90.67
78.89
84.39
76.04
80.39
85.29
85.43
77.37
76.34
86.84
71.33
78.12
65.65
75.45
68.46
65.31
75.36
77.69
83.07
69.84
69.29
79.24
86.34
86.91
76.56
80.93
80.24
86.55
76.32
83.13
84.41
79.48
91.49
74.36
75.19
81.77
78.38
77.91
75.06
80.73
79.81
89.25
74.67
86.92
89.78
93.28
91.53
68.93
68.34
81.15
91.59
74.31
81.98
89.34
76.15
82.73
84.9
92.7
93.4
94.82
83.74
86.47
81.85
84.39
87.66
67.71
93.44
82.63
84.6
81.88
90.96
75.12
45.07
62.59
69.9
83.25
87.13
83.71
82.97
84.3
86.65
90.11
90.17
90.43
90.87
89.77
87.56
83.04
82.86
87.89
82.84
77.34
84.58
86.03
86.08
84.11
66.72
58.91
68.45
76.81
82.52
82.06
79.68
71.13
76.26
72.39
76.02
94.47
92.53
94.74
88.75
90.82
84.2
83.04
78.39
80.62
64.68
72.69
87.82
81.96
82.13
92
81.35
68.65
71.19
63.63
84.82
62.2
52.59
64.44
59.28
74.4
70.31
72.67
69.11
63.97
55.1
58.53
62.4
61.61
62
58.34
70.34
79.03
74.95
68.49
71.92
64.92
62.3
60.01
57.43
59.52
51.21
59.19
81.6
83.03
73.73
73.66
73.72
62.81
62.36
52.85
66.81
65.12
60.2
72.58
70.69
67.12
86.12
68.88
50.89
64.57
60.27
65.66
66.39
62.44
53.66
62.12
64.69
56.61
55.85
52.26
60.46
46.69
63.63
59.87
60.65
59.83
56.21
51.77
55.15
58.38
65.69
87.24
86.72
91.87
84.01
69.26
64.33
62.19
62.25
64.05
64.44
61.73
71.07
74.06
84.15
71.93
76.91
87.05
67.43
72.46
74.15
71.87
78.77
74.19
65.74
64.39
62.64
69.73
64.55
69.86
62.53
68.75
65.95
68.48
79.39
72.84
76.95
87.97
67.08
67.94
72.32
68.05
69.44
83.6
69.3
74.71
73.29
71.41
70.46
72
70.9
84.94
68.12
82.99
73.59
67.88
68.93
68.4
75.64
68.55
70.06
74.25
61.6
63.28
62.02
64.95
84.7
73.3
72.23
77.23
76.33
75.24
79.78
75.39
73.85
72.92
74.69
81.86
83.92
80.96
86.51
75.63
79.89
73.73
72.33
78.96
71.08
73.93
73.91
80.22
84.82
80.72
86.29
89.3
86.71
80.96
74.99
74.59
74.34
74
74.91
76.32
82.89
73.32
72.69
75.91
86.41
71.44
71.21
76.21
73.66
72.48
66.62
86.93
85.49
84.78
81.99
85.11
80.61
79.79
78.04
80.8
71.74
73.63
83.38
82.56
78.72
81.57
77.17
78.91
80.16
81.31
79.22
81.01
80.23
80.38
85.35
86.24
79.83
87.16
86.22
88.87
78.23
76.84
84.4
82.14
85.9
92.29
90.87
81.49
83.73
92.52
90.96
79.16
84.68
94.03
83.2
84.18
93.17
81.58
87.9
89.84
78.77
82.32
84.99
94.52
87.95
92.53
87.16
88.9
83.64
86.56
84.3
84.7
93.16
90.79
81.72
93.58
94.95
94.04
92.79
93.61
85.38
69.43
80
77.81
69.45
83.63
80.5
89.51
79.75
88.96
88.41
93.32
86.5
71.13
71.01
85.94
92.41
89.87
94.14
80.28
84.26
77.41
81.53
87.58
88.16
92.86
92.08
94.73
96.73
97.35
96.84
93.38
95.48
90.28
74.06
79.32
90.76
94.31
93.85
92.22
87.45
72.62
73.78
80.95
81.49
75.86
85.42
97.21
92.32
89.32
65.79
70.51
84.69
83.58
70.35
68.72
75.92
81.83
79.83
84.95
83.11
90.75
87.28
93.41
83.6
81.94
78.79
76.28
77.57
91.31
94.07
89.9
86.85
75.93
74.04
70.24
63.44
67.12
60.81
77.73
76.04
81.96
77.57
72.02
76.28
78.89
78.16
64.2
59.18
72.17
64.2
62.58
63.04
79.31
91.36
88.45
92.45
94.86
94.06
88.05
80.56
91.84
73.32
63.07
65.07
65.83
70.71
75.23
73.03
66.57
70.1
70.07
70.19
69.51
79.35
84.39
82.12
86.09
73.32
69.05
74.35
69.33
61.43
72.33
63.9
58.94
63.04
57.11
57.93
50.23
53.76
57.64
63.69
64.72
64.85
78.51
69.38
77.84
77.71
72.12
84.17
87.29
68.73
59.67
82.25
84.36
85.38
88.05
77.7
78.02
82.41
80.89
67.64
82.85
70.99
60.78
72.43
65.4
69.16
62.03
57.18
60.58
76.65
66.38
57.5
56.7
62.58
56.54
79.86
72.6
54.53
54.6
50.27
49.93
54.66
57.66
62.88
58.99
58.9
68.69
80.22
73.86
66.42
67.86
77.2
86.74
68
66
65.9
55.94
55.51
52.01
61.81
56.33
51.45
57.5
56.42
60.53
63.35
74.52
88.62
85.97
77.71
86.18
75.93
76.88
72.35
66.56
62.18
61.93
67.52
61.27
62.56
77.04
60.52
57.6
62.74
68.65
77.11
64.14
65.59
68.76
63.15
62.06
63.46
63.9
82.87
86.21
76.19
80.15
63.32
67.52
66.92
71
69.84
77.89
59.5
63.59
64.7
65.31
60.62
65.16
62.75
66.01
68.86
74.53
54.74
54.86
62.7
74.95
67.38
62.26
64.56
63.18
62.56
62.9
64.23
75.06
66.23
61.45
63.72
72.24
70.65
66.74
66.28
65.1
77.75
64.44
60.05
59.09
69.7
84.06
69.48
71.71
76.19
74.46
75.29
71.05
71.34
66.73
70.53
75.54
64.7
64.61
64.68
70.02
70.67
68.19
65.46
65.6
66.69
66.43
72.28
81.77
73.71
67.11
67.03
75.1
81.78
76.47
72.52
72.11
83.16
73.87
71.07
75.11
85.48
75.64
71.97
69.26
77.09
88.38
76.66
76.71
75.67
70.34
90.63
71.11
73.41
70.32
71.54
77.78
69.46
74.87
74.27
62.87
74.38
80.59
85.94
82.2
62.88
69.2
76.7
76.75
79.03
79.93
73.97
77.97
82.23
69.84
88.09
76.45
74.47
69.37
70.14
70.61
88.31
74.16
77.43
82.07
74.81
73.45
78.51
77.99
80.61
78.19
74.99
82.87
86.6
87.63
90.68
75.47
80.19
87.9
91.03
90.83
85.34
94.49
95.63
92.3
94.62
90.01
67.86
72.86
67.01
75.13
73.81
80.81
85.79
88.47
84.72
89.12
81.17
82.89
82.6
90.29
76.63
84.97
91.08
88.65
75.07
70.47
69.7
71.59
71.45
80.09
84.06
78.15
80.97
81.26
85.51
76.65
87.68
86.37
89.37
86.58
88.68
93.34
90.77
77.62
92.18
87.82
93.14
93.25
93.24
87.34
80.11
66.31
69.26
80.99
91.34
88.41
75.14
80.38
71.47
88.89
90.63
80.17
76.29
90.12
92.78
82.78
77.8
86.87
80.38
74.37
85.42
85.96
81.9
88.34
93.39
92.21
90.7
90.35
91.11
93.04
76.5
62.9
69.8
76.42
92.75
93.98
92.61
95.52
95.6
94.6
88.93
82.5
89.99
80.44
79.69
76.7
65.25
64.03
61.23
60.59
75.9
83.88
79.4
79.18
75.56
91.23
89.07
82.63
93.22
96.1
94.7
95.18
92.8
90.23
94.68
94.15
84.95
90.8
84.89
75.13
63.09
62.47
62.73
60.22
62.18
64.69
60.7
78.18
70.87
70.94
72.47
69.77
71.03
68.79
53
49.79
63.94
69.34
66.23
62.37
56.92
74.48
65.32
57.74
57.1
84.61
63.85
61.01
72.3
85.45
79.26
75.36
72.94
66.57
65.86
78.43
81.27
79.38
79.2
81.38
65.35
65.46
61.9
66.57
54.04
47.97
50.79
59.33
63.33
70.97
67.96
59.08
56.12
55.93
65.84
65.68
74.94
87.58
69.43
63.17
60.37
63.34
70.43
73.74
87.38
76.53
88.96
83.51
83.8
86.88
81.6
69.18
78.2
62.05
60.88
59.29
60.87
74.18
69.23
80.61
75.91
77.5
75.79
68.71
88.17
80.62
81.77
75.73
76.99
71.27
69.57
75.22
63.55
67.66
87
77.5
69.52
66.58
74.69
64.3
65.48
62.8
80.44
70
71.69
70.47
73.36
70.64
74.8
80.86
79.15
85.88
72.72
71.83
68.71
69.06
90.84
82.53
73.93
80.59
85.64
71.11
66
76.48
76.32
69.48
70.13
71.71
76.52
74.84
68.8
67.04
77.83
82.57
73.99
71.38
78.29
79.79
74.42
77.13
78.94
76.09
76.9
86.99
70.84
78.85
79.37
76.1
72.01
78.37
75.78
71.62
71.34
71.72
78.53
83.21
81.97
83.44
78.29
76.96
80.23
78.79
74.24
73.56
79.68
73.83
71.11
65.3
69.42
67.8
68.63
71.29
66.17
78.81
79.36
64.9
67.15
71.35
71.39
72.39
72.65
69.23
71.79
76.03
62.96
83.16
82.45
78.07
83.03
87.04
77.58
77.43
81.85
85.42
81.49
91.16
87.56
86.53
86.9
83.97
92.83
93.29
83.8
85.74
92.22
79.65
81.81
86.57
88.4
83.12
92.05
85.61
88.16
83.57
82.62
83.02
83.99
82.94
82.12
83.81
84.73
90.37
82.55
83.11
79.35
58.12
69.03
70.91
65.82
68.21
86.48
84.29
83.4
84.11
80.66
75.82
84.79
85.89
78.19
87.7
92.37
95.3
90.1
84.76
92.35
94.07
87.5
82.9
76.85
75.04
86.79
88.55
82.54
83.14
90.75
88.27
95.53
95.6
94.65
94.91
94.14
94.65
83.71
65.11
66
77.68
91.04
73.37
79.68
95.53
95.75
97.64
90.67
96.18
93.96
86.97
82.39
92.94
97.67
97.37
97.05
86
78.33
90.88
94.05
91.8
94.91
95.87
96.93
94.34
89.74
96.78
79.2
82.47
88.4
91.47
95.9
93.47
91.04
86.89
86.76
76.57
82.08
86.06
87.96
75.92
70.91
75.09
77.6
84.1
78.88
63.97
74.03
77.57
82.28
83.33
83.93
81.73
74.24
74.88
81.33
76.52
79.25
83.91
72.69
84.55
85.5
80.32
84.55
68.59
75.42
86.28
77.82
76.84
69.15
65.57
54.8
66.08
74.81
81.6
63.49
94.07
84.23
70.54
68.69
74.38
74.1
72.01
69.44
67.26
60.13
53.6
58.46
65.87
69.8
74.75
87.65
82.31
92.44
70.89
86.52
83.36
92.02
92.23
89.49
84.51
71.6
91.94
82.52
75.65
71.25
90.33
86.12
78.2
81.68
83.75
79.4
87.09
76.32
91.77
79.02
87.3
85.96
89.39
90.72
76.16
57.7
60.24
66.91
54.62
44.19
52.63
49.54
59.11
58.69
58.76
42.33
50.55
66.9
57.56
66.25
80.19
61.58
73
49.62
75.77
73.91
61.88
65.39
77.93
58.44
65.97
62.13
58.32
65.11
70.49
57.17
66.54
72.11
86.23
59.52
58.18
61.64
80.36
76.27
61.42
85.07
87.04
84.55
58.86
59.86
68.9
67.66
71.97
67.13
65.61
69.57
75.31
89.73
74.77
78.19
78.07
67.9
78.72
72.52
64.51
64.7
66.02
64.89
61.8
68.77
70.81
76.69
65.47
74.33
80.68
72.33
66.66
66.01
61.62
82.34
74.51
69.2
72.13
64.12
75.23
77.31
81.26
68.29
86.19
62.09
65.5
81.01
71.72
69.61
86.97
67.57
62.89
61.79
80.39
74.97
70.6
71.19
81.17
79.16
62.95
65.11
64.66
62.4
68.84
70.53
66.89
82.81
71.9
70.12
68.77
72.75
67.62
69.03
83.73
74.76
75.4
72.85
81.69
65.78
64.82
63.74
70.22
70.88
73.2
72.94
57.46
64.09
81.54
66.93
79.04
68.68
76.97
64.38
66.46
77.08
65.53
74.61
73.7
69.77
72.22
70.15
67.57
67.55
67.23
66.38
77.82
72.15
68.27
65.41
68.14
71.48
69.68
62.18
84.52
68.93
70.14
62.14
65.96
68.99
74.44
77.71
74.45
76.5
67.7
79.04
65.33
73.9
86.8
73.63
72.32
71.75
70.64
73.65
68.1
70.36
74.82
73.08
72.7
72.29
74.46
71.91
70.88
75.76
79.19
72.97
75.21
72.69
74.85
71.48
72.23
74.42
77.74
81.77
80.91
80.21
79.81
81.34
59.55
74.43
71.12
82.71
56.89
62.49
69.75
60.86
73.23
77.93
82.05
74.39
78.97
78.89
67.37
68.9
74.23
77.22
86.79
96.36
95.85
91.79
95.25
92.02
89.37
85.06
84.47
80.62
68.81
67.36
75.14
73.98
70.96
90.36
92.27
93.61
83.57
75.57
84.79
79.56
84.84
93.43
95.58
94.52
94.86
95.5
95.49
90.43
78.17
78.76
85.53
76.92
84.66
84.56
89.39
79.98
76.74
74.03
69.79
82.53
83.28
81.39
94.06
90.67
93.52
90.5
90.3
89.89
82.14
76.1
88.45
87.49
79.35
79.1
88.65
96.51
94
86.35
87.02
94.91
81.44
76.3
90.65
93.84
89.55
92
94.31
95.01
78.96
83.58
83.72
86.15
84.86
76.03
82.73
93.26
78.63
71.22
80.75
76.76
75.15
67.12
57.58
59.86
71.44
80.41
75.76
83.87
78
71.85
76.37
76.75
91.78
92.77
92.76
90.4
93.42
82.47
69.6
73.67
79.89
80.67
73.24
88.12
88.83
85.49
77.3
77.29
81.54
80.36
92.06
86.07
90.46
93.9
69.84
70.57
79.51
85.78
75.66
68.63
64.86
72.37
75.03
81.53
84.77
81.37
87.63
73.81
74.23
86.87
86.5
90.98
89.17
82.51
91.71
92.36
94.07
92.36
78.56
69.79
69.45
72.73
71.66
86.1
80.12
73.2
64.76
84.06
79.12
66.7
67.79
74.59
81.81
67.94
75.8
74.65
64.27
64.84
68.74
72.74
66.09
60.58
64.85
72.31
70.68
82.55
82.85
61.58
64.7
80.43
62.53
78.67
78.68
67.21
62.79
60.36
60.01
56.91
52.74
55.15
54.88
71.83
83.73
73.08
65.46
68.62
68.15
64.31
63
66.68
66.4
75
69.18
66.32
73.32
74.79
68.52
64.68
68.82
76.63
89.48
78.69
79.87
81.56
77.25
74.22
69.72
83.54
64.11
65.61
66.68
67.6
81.76
86.25
73.62
76.04
73.42
86.63
81.62
81.35
83.22
77.16
68.92
67.64
69.55
65.89
73.61
83.87
79.88
81.63
75.46
70.65
71.21
82.17
74.7
75.35
73.1
80.59
67.92
74.75
62.2
57.86
63.62
80.76
67.83
64.2
65.76
67.55
65
70.04
59.51
86.41
68.72
66.97
72.68
74.89
73.98
81.24
72.05
67.5
66.9
66.13
68.08
74.69
72.16
63.01
67.31
69.67
69.83
68.34
69.26
72.21
71.1
71.14
80.88
75.89
73.51
72.83
70.73
71.64
76.23
62.35
70.29
71.21
72.07
73.74
69.88
70.04
65.69
67.66
66.76
64.83
63.93
59.22
77.35
70.56
72.19
64.22
66.14
81.03
74.41
68.92
70.88
84.06
80.39
75.16
75.54
75.75
74.25
69.4
73.81
68.56
72.83
75.42
74.3
70.79
91.83
82.31
82.33
74.44
81.1
78.48
65.61
77.41
85.68
68.2
71.28
67.71
68.52
70.41
74.42
67.73
79.74
73.51
68.97
75.87
73.53
73.42
70.34
76.65
76.6
74.03
79.32
78.89
80.78
71.66
76.11
79.46
80.74
76.75
79.72
70.69
69.56
76.21
75.29
79.83
86.67
59.6
65.46
79.59
79.49
78.84
86.02
88.07
79.02
82.76
85.58
82.41
85.89
87.9
62.67
73.33
71.7
64.37
66.69
72.11
83
80.52
93.3
95.12
95.92
84.98
76.62
96.03
96.15
95.72
94.66
90.22
91.15
93.99
89.44
89.95
83.14
92.07
84.94
70.9
86.18
95.31
97.31
95.78
94.77
97.34
94.15
97.21
96.88
97.3
97.33
97.03
95.4
93.81
92.61
92.25
94.48
95.84
95.26
89
79.55
61.93
69.55
75.42
75.76
77.59
81.45
81.86
75.21
75.61
64.72
67.02
82.11
82.83
93.85
63.97
72.74
73.48
79.87
73.56
59.46
64.89
86.66
86.27
80.44
84.43
84.81
88.35
96.21
96.57
93.28
92.53
92.39
89.7
87.1
83.37
80.92
77.3
87.51
73.32
82.3
83.08
65.01
71.88
72.15
72.93
71.72
80.45
82.11
85.71
88.26
69.68
75.61
80.24
83.11
73.04
89.78
92.45
93.75
90.22
92.93
95.98
96.23
95.24
68.72
85.03
77.25
59.53
68.9
68.84
65.33
80.27
86.1
85.63
67
63.66
69.87
65.14
65.23
71.13
74
77.69
80.41
68.76
68.86
71.34
67.3
65.85
71.49
59.06
87.02
93.79
70.54
60.39
65.42
62.99
60.16
69.71
72.5
67.99
79.92
58.41
80.77
81.99
91.88
78.7
59.56
47.99
56.73
62.98
59.21
74.23
84.04
81.98
66.52
60.59
62.65
57.89
68.64
68.02
62.44
55.05
77.18
69.21
65.9
62.65
63.36
62.16
63.75
52.52
58.63
63.53
56.48
60.42
64.81
69.05
85.97
87.88
89.73
69.19
56.41
64.99
62.86
82.46
77.21
83.29
82.49
76.03
86.39
78.49
80.21
68.28
78.12
64.93
66.19
86.3
75.68
69.2
72.47
73.75
82.41
76.13
68.76
73.42
78.23
69.41
75.27
75.75
81.27
66.11
61.85
53.95
73.35
63.62
57.62
63.22
66.16
59.51
61.11
71.15
76.56
74.42
71.57
78.74
86.6
83.84
66.49
74.15
74.06
71.25
66.11
65.45
69.95
68.47
68.72
71.91
71.99
64.18
59.47
64.29
60.56
64.21
80.4
71.01
65.67
60.51
69.36
65.84
71.33
80.14
66.93
57.52
58.44
64.11
66.43
63.37
60.76
62.96
75.68
88.57
65.14
68.03
72.12
65.57
80.65
74.79
79.39
84.47
89.2
87.83
67.51
85.33
78.12
78.37
82.07
80.54
79.29
82.25
78.02
80.84
72.31
75.67
77.44
82.21
75.16
76.11
72.7
68.92
69.56
75.12
79.65
70.69
70.63
75.99
78.39
77.97
72.36
78.64
78.41
75.5
77.81
87.9
74.38
78.2
81.94
76.83
82.32
77.47
77.3
79.51
77.74
72.87
79.08
78.35
76.09
76.83
75.84
75.57
73.16
76.48
84.7
79.67
91.1
82.08
72.9
77.68
78.91
79.1
76.95
78
78.44
73.29
77.07
71.63
80.08
81.55
77.66
82.31
83.5
77.97
74.65
69.28
81.83
86.5
81.76
85.98
91.08
91.25
85.8
90.47
91.46
90.4
84.06
85.34
75.59
73.81
75.37
77.12
93.43
82.36
70.58
76.87
84.59
91.42
92.33
95.78
95.98
95.5
90.1
84.33
90.21
94.61
93.72
95.59
80.09
79.94
82.32
82.99
73.53
70.97
92.66
73.9
87.92
92.23
90.04
88.72
95.3
88.89
84.62
89.53
87.64
86.1
94.93
94.83
81.41
77.62
80.83
77.66
82.57
90.71
94.64
95.11
96.05
96.52
97.15
95.25
87.33
86.22
94.21
86.3
83.29
89.03
96.92
92.96
77.76
77.83
80.29
86.34
96.12
95.55
83.42
94.8
82.4
72.21
84.35
89.17
85.04
92.18
94.08
85.7
88.53
96.12
95.92
96.38
96.76
96.43
96.46
97.11
96.48
94.75
91.21
84.11
81.66
88.23
82.39
85.74
69
88.99
81.76
61.8
76.55
84.28
75.71
76.6
78.71
65.54
85.75
67.6
88.12
90.69
88.36
76.34
77.38
84.02
84.41
88.78
77.87
73.64
85.44
69.63
72.24
77.03
92.51
89.13
82.59
91.29
87.77
88.96
79.4
67.99
70.39
66.08
87.45
78.13
77.1
69.33
60.13
54.18
65.95
71.11
83.89
83.31
79.6
67.11
63.91
78.74
65.24
71.31
69.66
91.02
75.26
84.31
77.03
70.53
72.8
70.27
66.33
59.2
77.6
80.88
74.55
70.73
74.95
88.09
78
72.23
76.98
77.94
77.45
72.93
65.49
75.79
51.71
55.08
55.41
63.59
61.84
61.38
62.74
74.79
69.79
72.26
66.98
71.59
74.35
73.67
81.95
82.8
82.43
71.84
66.23
66.83
69.96
78.23
77.35
73.58
71.56
70.13
62.91
56.93
66.08
72.08
72.46
79.37
79.07
74.88
69.74
79.86
78.08
75.2
60.04
73.65
72.3
73.72
80.71
85.94
80.1
78
73.85
73.8
86.03
63.7
65.41
61.45
74.75
78.3
75.95
66.9
68.75
66.3
74.79
80.79
68.09
62.21
72.43
79
62.13
62.94
64.9
73.82
65.32
63.86
78.7
66.93
71.87
76.08
70.83
66.47
74.32
64.94
66.86
77.84
65.94
62.47
62.48
53.86
62.1
62.79
68.13
62.98
61.64
76.66
73.03
81.28
85.02
71.83
67.78
73.01
78.95
68.53
67.72
69.21
66.24
61
55.43
61.25
64.36
59.83
64.04
67.1
66.62
64.81
61.65
67.03
82.63
71.09
66.95
67.66
66.68
70.67
64.43
64.86
63.81
63.61
63.14
63.49
67.88
69.18
60.36
61.19
54.4
85.58
87.86
85.6
66.08
71
68.31
73.37
71.24
71.6
73.13
72.78
75.25
81.57
71.82
76.24
82.68
76.41
65.38
67.76
73.97
74.8
78.22
80.93
93.3
91.64
90.85
82.04
77.26
73.12
78.76
82.84
83.09
81.9
84.18
81.5
84.85
80.95
80.83
74.64
77.51
79.68
81.66
84.67
71.52
80.28
81.74
89.06
88.81
87.89
73.57
77.27
82.19
86.42
85.93
83.59
84.45
81.89
81.03
87.1
91.76
84.22
94.04
87.85
86.51
92.56
90.8
70.8
70.37
81.24
86.3
71.08
76.53
73.8
75.28
76.81
71.66
77
82.5
83.8
84.96
87.23
85.85
90.74
93.55
95.7
80.52
70.67
77.64
84.94
84.6
74.51
63.03
84.91
71.55
70.89
74.47
82.74
92.62
82.1
80.04
70.8
74.74
95.04
96.16
93.87
92.98
69.93
76.89
74.86
80.92
81.24
84.48
78.66
83.6
81.55
79.33
61.41
74.98
77.89
77.59
61.19
75.37
67.53
64.75
80.81
76.97
75.78
82.17
87.4
85.45
87.99
89.55
91.97
77.48
83.24
81.15
89.84
92.62
89.25
91.23
93.13
84.15
92.69
90.65
94.96
94.59
92.09
85.19
84.82
87.1
92.98
92.61
94.69
94.21
93.97
87.62
86.69
74.42
74.14
83.85
86.94
90.77
85.68
82.02
87.28
91.63
93.31
94.55
92.87
86.4
85.95
92.28
94.46
83.4
88
94.24
75.15
71.11
74.04
56.83
74.45
73.58
77.98
69.67
83.82
88.25
84.01
67.68
75.26
80.54
80.36
73.52
69.96
66.24
79.42
77.63
65.43
71.13
65.44
69.28
66.65
65.2
65.1
68.9
78.72
69.47
69.27
65.03
61.21
79.9
73.9
88.52
92.68
58.8
69.37
47.3
49.97
65.25
61
58.15
60.59
68.62
54.71
45.53
83.28
87.76
76.33
67.08
69.84
72.56
55.35
60.4
60.76
49.97
56.79
64.53
81.52
79.83
67.58
64.22
71.18
79.26
70.64
67.03
69.05
69.63
57.49
66.57
57.3
77
81.01
62.33
72.62
84.09
69.64
55.85
64.8
58.33
74.94
55.96
51.26
61.51
57.06
54.94
55.93
66.23
81.93
71.24
84.13
85.35
80.8
81.05
82.38
75.75
57.34
57.09
59.46
62.08
67.69
65.99
63.64
66.6
61.56
64.71
85.87
81.42
79.26
72.27
70.42
63.45
63.98
73.48
59.31
59.21
58.67
55.36
69.38
69.24
56.17
67.18
79.79
86.28
71.27
73.84
82.19
71.87
81
77.93
76.17
77.37
74.08
77.91
62.23
74.1
69.53
71.12
68.9
72.41
75.91
64.5
66.92
65.18
64.59
67.79
69.1
77.32
69.1
75.66
67.17
65.41
61.6
67.3
60.73
60.54
60.14
59.07
65.76
69.65
76.86
87.76
70.49
78.26
69.62
70.12
80.03
81.93
60.42
75.28
71.83
69.21
71.79
70.73
77.2
83.7
70.79
76.01
71.42
74.11
74.31
74.02
72.61
72.77
71.27
78.77
78.51
76.28
78.82
75.86
73.82
79.65
86.61
83.94
85.75
67.46
75.86
65.28
70.69
73.59
89.11
82.6
76.42
69.98
75.73
77.7
78.8
80.26
77.07
88.06
78.04
88.49
79.1
76.77
77.34
80.6
79.21
79.46
81.94
76.49
76.26
72.26
77.31
81.92
86.36
87.65
75.82
61.08
72.67
74.83
76.98
67.72
76.19
75.23
86.65
89.57
72.7
66.72
68.73
76.91
76.78
78.06
72.08
71.86
71.82
73.86
77.4
74.57
74.78
72.69
75.68
77.58
74.37
75.84
78.03
79.36
64.81
86.61
81.67
75.55
73.31
74.47
73.11
70.72
81.7
84.27
77.99
83.43
78.25
79.66
92.61
93.56
91.74
74.44
61.56
73.93
69.96
74.93
79.81
87.43
86.27
68.97
70.56
75.02
57.01
63.54
70.68
57.37
72.55
80.3
75.39
80.97
87
85.49
85.29
83.81
79.71
79.05
59.27
74.24
78.15
66.55
72.61
70.13
70.21
60.15
76.1
69.32
85.1
73.05
67.47
70.86
83.92
89.09
92.65
86.97
86.47
85.11
88.36
90.96
84.99
83.95
79.22
74.45
83.2
73.08
77.93
80.76
80.13
77.68
86.82
90.79
90.4
90.16
89.17
82.03
73.4
84.6
72.74
73.32
76.93
70.18
76.16
67.51
72.3
78.24
82.33
73.68
82.16
90
91.77
78.51
74.52
79.16
61.12
70.8
77.46
79.68
76.98
65.01
69.63
77.92
93.28
81.26
72.04
71.7
56.83
62.71
65.5
70.43
72.7
74.9
74.69
70.71
65.32
60.07
58.59
65.81
53.77
44.42
56.38
54.98
56.29
56.08
53.71
43.27
51.34
58.64
66.83
60.1
55.92
55.06
57.6
59.84
57.93
54.11
54.56
48.96
51.8
52.17
53.57
66.98
62.69
75.38
57.88
74.69
73.32
77.92
72.25
61.22
62.55
59.09
53.53
69.5
68.14
74.47
89.28
70.98
58.68
60.92
57.46
61.41
58.79
55.16
55.62
56.47
48.49
73.3
74.73
89.42
89.94
70.15
71.84
59.42
69.76
67.95
53.76
50.03
50.52
61.64
68.88
61.17
50.18
58.91
58.27
59.01
65.59
65.79
68.16
69.84
67.56
64.56
68.66
66.71
70.15
71.74
74.27
78.94
62.81
55.61
65.45
76.04
77.32
68.13
83.65
58.88
60.44
62.37
59.27
60.41
63.19
66.5
61.62
69
71.65
80.61
84.67
75.88
82.43
67.25
84.15
74.85
75.06
82.91
75.29
78.21
73.06
68.66
71.69
70.98
63.3
70.99
71.82
74.08
71.12
66.97
62.7
64.24
64.52
69.6
63.95
73.1
70.17
71.5
76.32
57.23
79.11
61.38
70.31
65.25
84.52
64.49
62.22
61.15
64.97
59.12
64.44
69.81
63.11
62.92
62.23
61.62
61.12
62.97
59.8
58.63
64.94
65.4
60.71
59.65
62.6
59.68
53.17
56.12
52.04
57.93
56.36
60.28
77.6
66.98
55.23
57.65
65.25
62.84
58.17
56.73
70.73
68.58
75.25
68.48
65.62
62.66
80.92
76.07
60.29
66.47
64.16
65.14
67.24
62.65
64.8
64.6
61.92
74.35
76.91
78.24
76.62
82.72
70.72
67.98
70.96
68.66
78.61
74.05
65.02
69.38
74.21
74.69
68.2
68.99
78.59
70.43
74.32
87.66
78.97
76.29
85.88
80.39
89.96
82.01
77.16
74.26
72.85
72.53
78.35
81.07
88.35
83.63
85.61
78.39
87.34
78.39
76.36
78.88
84.39
80.75
83
79.54
78.75
78.12
79.82
81.62
90.57
67.94
70.93
75.24
77.84
78.96
73.08
89.72
84.95
85.29
84.69
85.24
91.04
87.57
91.82
90.51
83.02
82.87
78.36
71.32
77.56
88.83
91.5
89.4
88.06
87.08
87.29
83.39
87.8
79.8
81.81
85.22
81.84
88.83
83.06
79.31
68.95
73.44
93.22
92.86
89.25
82.4
67.77
84.16
84.19
86.68
83.57
77.69
79.68
89.7
91.84
95.54
94.06
90.65
86.54
69.29
74.4
87.69
88.66
95.33
90.64
88.63
87.07
84.3
91.44
85.05
85.17
90.49
89.84
89.09
87.95
80.63
89.05
94.9
79.82
77.82
75.88
88.6
91.28
85.41
93.87
85.61
80.14
75.22
93.2
82.91
75.97
59.43
79.16
82.18
79.06
77.7
90.26
93.49
84.58
80.37
77.33
80.35
89.07
83.55
74.02
74.83
64.24
59.56
63.01
66.15
66.58
67.27
68.87
77.54
80.95
88.06
86.53
68.37
85.75
81.65
69.39
74.63
73.08
70.3
72.9
76.14
76.2
77.73
77.7
78.63
73.65
78.93
86.82
86.56
74.47
73.36
76.21
77.16
83.79
82.91
82.01
84.14
75.46
73.53
76.03
78.27
82.77
70.94
69.61
68.37
65.34
70.44
71.21
73.9
80.62
69
61.16
48.8
68.09
70.71
74.57
81.88
83.32
66.1
79.37
91.77
75.39
71.98
69.92
69.63
69.14
66.57
71.56
72.4
63.56
61.21
63.98
67.26
74.82
76.02
76.36
65.01
57.86
69.4
87.57
68.8
70.45
58.56
61.74
58.48
62.52
76.54
70.86
71.11
72.97
64.31
62.63
62.01
72.15
88.08
80.84
71.07
77.27
66.32
50.49
61.87
78.79
69.36
67.37
64.38
69.19
62.41
67.98
88.11
82.85
71.92
54.4
58.89
59.57
64.18
59.32
65.89
76.23
64.44
52.38
53.27
62.68
60.29
60
65.71
65.55
84.11
68.46
74.37
75.43
71.7
58.67
65.37
72.41
64.16
61.62
71.92
67.91
65.12
63.36
72.24
82.58
68.3
74.27
67.72
70
76.05
80.61
73.91
80.29
72.29
68.13
65.02
61.29
59.75
61.79
74.26
72.1
60.55
61.37
63.12
70.66
66.45
68.76
69.28
72.1
77.95
74.96
67.12
72.31
68.73
66.88
76.22
80.7
70.68
69.4
70.44
83.1
73.24
68
86.47
75.46
70.67
71.37
76.74
78.8
74.4
67.43
69.78
67.76
70.8
70.92
70.48
74.98
75.27
73.77
70.07
72.77
79.88
69.3
69.88
81.54
75.97
69.48
77.57
76.43
74.13
73.12
78.98
74.22
68.48
71.57
73.51
68.86
69.2
73.48
74.22
71.23
69.2
68.5
72.22
64.82
69.72
70.04
67.27
71
81.1
89.27
84.54
87.05
82.37
81.42
73.78
73.33
77.72
79.48
78.74
88.46
74.47
75.13
71.85
74.52
73.35
72.93
77.31
79.33
83.65
70.65
74.96
73.21
78.44
78.58
88.48
88.67
89.53
92.12
86.88
78.12
73.15
82.08
86.66
75.17
84.45
89.67
74.91
67.65
67.6
73.91
77.92
74.04
71.16
69.11
71.08
76.97
77.37
80.48
73.57
77.41
77.95
77.26
87.84
86.9
71.73
69.44
80.38
78.34
76.23
77.8
71.25
69.2
79.79
89
88.37
77.88
86.78
91.19
90.59
90.44
90.88
91.82
91.73
86.17
85.41
83.43
81.75
79.08
90.69
84.72
86.5
93.25
79.85
72.49
71.56
75.69
71.14
69.48
73.52
87.41
86.14
85.9
80.23
89.42
91.72
90.99
75.14
81.8
78.73
88.39
93.19
88.32
72.85
72
81.73
67.41
76.3
77.85
74.11
75.71
70.75
74.92
84.62
78.27
69.91
75.99
85.46
74.29
83.86
90.82
90.27
86.31
87.56
79.89
88.51
82.37
81.79
69.79
85.06
75.73
82.16
83.37
85.28
91.63
93.05
90.73
83.36
79.16
70.59
69.71
78.37
80.08
82.7
67.58
73.43
86.82
69.7
77.43
85.75
87.74
77.91
71.73
72.85
82.42
73.45
85.46
78.43
52.02
52.09
61.15
65.08
83.66
75.11
58.02
63.83
66.94
69.48
75.44
70.93
68.3
58.36
51.84
59.41
65.8
68.64
86.27
66.71
63.39
62.17
62.33
59.25
56.75
66.4
70.72
55.5
58.56
61.25
53.71
71.81
87.36
72.6
75.76
67.93
75.12
88.95
73.84
79.83
66.28
60.46
62.21
61.26
65.62
64.02
55.12
65.22
70.3
58.23
63.92
56.59
56.26
53.6
58.81
60.96
63.02
56.3
65.29
55.48
47.67
61.67
44.92
44.6
47.63
67.81
64.61
57.21
57.69
63.33
64.78
73.76
79.42
78.07
74.91
67.75
68.09
66.77
62.22
61.16
59.72
74.63
80.28
72.73
66.88
62.61
63.77
63.72
61.41
58.9
50.76
64.76
73.05
74.54
68.79
81.12
67.22
56.43
58.97
59.21
55.57
64.37
62.07
63.52
80.92
73.37
77.68
76.79
76.53
65.42
65.79
75.49
80.06
80.42
77.21
87.9
83.04
68.48
54.99
64.74
65.15
60.09
76.91
75.89
68.62
67.36
53.73
61.19
60.17
53.62
55.9
65.1
60.15
57.62
55.86
56.45
64.04
59.75
72.7
69.43
72.03
67.46
62.27
76.38
73.24
84.32
76.92
57.49
75.74
68.64
62.93
71.53
59.07
61.8
61.04
60.32
60
51.8
53.01
58.4
58.1
52.42
51.52
55.63
58.89
55.51
60.19
57.37
59.34
52.4
54.46
53.09
53.68
53.67
50.71
54.67
56.5
56.47
50.98
60.4
57.26
54.25
52.51
51.94
51.42
52.41
58.21
75.36
65.55
57.55
53.63
53.27
54.62
47.79
51.38
56.78
68.93
58.78
54.95
80.22
62.2
55.43
54.07
62.16
66.67
70.9
68.39
64.37
68.85
70.27
71.37
67.73
66.61
63.13
67.38
66.62
64.01
67.11
65.86
64.67
60.7
60.65
60.17
65.97
69.35
72.06
75.67
76.74
73.48
80
86.97
81.58
78.79
80.53
89.09
93.42
92.85
73.41
69.19
75.18
84.08
92.97
92.24
89.83
76.89
91.72
94.8
82.84
86.98
85.65
73.8
76.08
74.13
76.56
84.57
93.79
92.8
84.67
92.46
88.84
88.84
86.9
85.82
94.81
83.54
74.43
78.2
85.75
86.37
82.42
75.74
84.47
75.01
93.53
88.57
83.28
80.66
79.67
83.49
92.33
96.02
94.91
90.58
76.27
87.24
88.51
87.2
80.88
80.58
68.49
80.58
71.85
80.77
67.66
90.69
95.39
90.62
93.08
95.35
83.23
82.69
89.98
97.45
96.37
93.72
91.74
93.59
95.28
95.21
82.81
85.46
71.64
73.27
85.21
72.27
81.86
81.9
87.21
80.91
67.33
65.99
77.31
80.78
80.26
81.19
92.62
82.45
87.2
79.22
69.41
74.48
76.42
79.62
77.54
81.12
82.59
84.34
83.17
70.65
74.46
73.41
72.8
68.6
54.83
60.15
74.33
86.73
81.59
75.05
81.52
80.4
76.85
75.22
83.69
77.11
78.2
78.51
76.1
79.82
83.37
87.18
85.17
82.81
85.63
77.38
81.54
72.81
74.63
66.47
62.43
58.66
49.12
67.65
81.21
80.44
73.62
73.19
71.88
82.87
92.65
69.51
62.1
70.93
73.85
62.77
65.01
71.7
76.42
71.63
73.11
73.28
73.43
72.92
72.35
62.11
57.33
64.34
60.67
60.26
67.14
74.89
73.89
63.54
55.13
60.2
47.5
55.86
54.3
53.94
66.77
76.59
82.86
70.16
71.19
68.47
61.37
62.68
65.91
83.03
88.91
76.4
67.53
79.37
49.75
58.1
62.51
62.54
70.91
65.75
58.05
58.32
51.26
53.44
44.73
59.34
57.82
63.23
63.05
61.68
62.51
66.52
67.3
81.44
83.22
77.3
72.5
79.45
72.78
63.41
58.01
60.61
66.36
71.23
66.88
63.14
62.42
63.89
61.27
57.13
53.72
66.46
65.56
63.43
66.51
56.58
61.79
64.62
59.99
69.15
61.22
53.7
80.92
75.87
68.03
64.71
68.93
65.79
59.63
58.19
59.41
74.62
68.99
68
68.85
58.03
78.11
63.51
62.27
59.76
72.28
73.09
60.47
82.32
62.61
73.18
79.35
77.06
59.53
63.75
54.96
59.06
61.58
54.93
62.85
73.52
52.94
57.58
56.34
53.18
59.95
75.63
63.58
55.72
73.61
70.73
66.77
73.82
74.56
74.68
82.35
59.58
56.49
56.84
58.87
83.27
63.23
70.72
70.31
62.71
57.27
56.02
60.68
60.68
57.98
63.21
77.72
63.97
66.08
85.43
73.38
65.59
64.65
63.48
63.86
61.3
58.68
66.65
63.74
61.61
64.7
59.96
55.73
49.02
69.92
89.31
82.66
84.28
76.91
64.63
64.68
72.46
78.94
72.8
81.76
87.87
69.44
66.15
68.04
70.38
71.87
73.32
79.8
81.89
69.93
64.89
69.77
68.84
85.48
87.11
85.12
75.22
73.79
75.08
73.25
71.55
86.47
84.32
80.89
81.82
94.38
82.05
77.37
76.79
90.21
89.81
79.85
70.91
76.41
73.27
75.82
76.83
68.34
59.94
61.64
68.38
70.82
77.07
72.84
81.5
92.51
91.23
93.99
93.26
93.03
82.23
88.64
72.42
80.94
84.35
86.97
94.63
91.43
93.32
93.29
90.97
93.69
93.8
94.91
82.54
86.87
87.76
87.37
85.56
91.64
91.18
87.45
93.49
82.05
71.72
68.81
81.63
86.63
86.38
90.6
90.47
94.21
93.34
81.22
81.2
86.86
90.31
90.34
87.41
84.67
87.48
92.52
92.02
95.1
95.72
94.25
88.8
88.44
92.65
80.28
76.36
76.89
93.96
83.34
88.23
86.58
80.98
65.61
75.78
76.14
70.19
86.39
95.84
95.73
92.81
90.83
92.16
92.41
82.68
80.17
64.45
78.1
76.35
83.6
59.47
61.72
74.18
88.45
91.56
82.29
76.54
83.09
91.18
89.19
92.25
82.44
68.9
78.48
86.61
68.16
74.45
70.09
65.24
71.62
82.57
63.94
60.47
57.57
53.5
64.13
69.7
74.32
65.72
79.51
67.91
75.61
84.31
86.08
79.9
80.17
73.74
85.6
80.23
67.55
68.91
75.2
75.65
75.2
66.47
67.25
66.47
69.42
71.83
84.31
77.75
68.35
53.9
56.99
59.58
72.32
61.44
58.01
58.11
64.65
69.17
74.08
80.49
69.81
56.09
64.81
64.3
57.89
60.92
64.92
64.89
54.72
50.81
70.27
75.22
79.25
74.27
67.3
68.1
75.06
67.13
61.36
59.58
55.47
50.05
51.2
77.72
60.59
60.19
61.72
51
49.27
53.09
58.47
80.82
68.88
83.51
65.35
65.72
61.66
72.42
84.58
71.75
53.5
64.54
63.6
66.97
63.45
63.73
55.36
65.84
56.51
57.47
58.62
58.98
71.95
55.8
58.71
56.8
77.18
65.39
58.99
61.09
60.33
73.68
73.75
67.38
74.18
66.8
56.44
57.97
54.06
59.23
78.46
68.7
67.53
62.66
68.27
69.06
75.99
58.95
72.27
63.08
75.96
81.42
60.97
60.4
60.78
47.64
68.37
69.45
46.52
61.53
60.6
70.16
66.44
68.99
82.49
77.57
62.35
58.4
69.75
75.03
68.12
59.6
65.11
57.37
59.69
66.39
60.16
62.01
61.98
57.21
64.02
69.14
66.46
60.72
58.3
63.33
65.68
72.29
73.1
78.11
73.05
69.82
74.26
64.19
67.74
67.32
62.99
67.17
66.53
63.14
69.26
79.92
83.62
71.58
62.18
58.19
60.66
63.94
61.6
67.18
62.96
59.56
59.08
57.64
60.11
61.69
61.15
62.69
58.1
58.32
59.64
63.07
65.48
56.62
57.23
67.51
69.98
67.78
64.32
63.27
65.25
75.79
71.86
72.69
72.02
78.98
73.89
83.52
89.6
64.89
67.44
70.7
83.88
76.96
76.98
71.06
72.06
87.92
69.45
72.1
75.36
72.96
67.12
78.41
74.25
76.12
73.07
72.67
72.29
62.04
74.5
87.08
75.21
73.86
74.5
82.08
77.65
81.95
79.21
79.35
84.8
77.39
83.65
80.15
83.85
79.4
77.37
76.6
79.1
68.9
67.61
79.53
83.57
74.27
75.27
76.25
77.36
78.8
78.61
85.17
89.81
73.46
60.44
65.55
78.46
81.01
77.93
82.47
92
78.69
78.31
76.53
80.27
82.86
85.81
75.99
74.2
70.59
79.5
71.61
77.42
74.51
79.7
88.5
90.44
87.37
89.54
81.7
82.61
81.44
74.84
83.92
81.77
84.16
71.46
81.1
83.11
73.13
75.73
88.21
79.38
81.64
88.29
83.05
88.62
77.93
73.33
85.38
88.42
91.11
86.11
94.49
83.02
94.34
94.22
93.9
92.49
85.12
82.66
70.41
62.9
74.56
72.04
77.4
81.84
88.07
86.9
88.35
78.31
85.53
92.26
92.95
87.07
86.39
80.84
71.81
85.18
92.07
80.18
70.55
58.59
74.23
80.27
78.28
74.15
77.66
72.8
70.93
68.85
62.73
59.36
75.63
69.88
75.69
86.37
85.74
86.9
88.49
87.24
66.29
83.35
74.85
62.23
55.99
59.33
72.06
69.79
61.35
65.35
63.83
66.91
75.6
77.72
74.15
62.32
70.32
71.93
63.1
77.11
69.71
73.83
85.33
73.97
82.95
71.99
85.05
66.48
65.43
68.06
72.1
72.49
88.6
68.65
82.44
72.77
69.63
62.39
74.23
82.31
87.72
72.37
76.16
61.48
56.58
59.26
60.23
67.33
67.47
75.01
68.78
74.03
84.87
69.92
56.4
62.98
76.02
58.97
63.64
70.27
67.32
59.88
72.81
67.89
54.56
61.25
54.36
55.88
65.75
67.39
40.67
48.2
63.36
66.16
55.27
50.57
56.71
58.88
81.4
67.19
67.77
71.61
77.22
73.01
53.79
51.54
51.96
54.15
57.69
54.66
53.58
68.36
73.02
79.04
68.68
71.51
69.69
72.34
70.52
52.14
55.64
58.1
56.11
59.62
62.17
60.41
72.27
73.61
74.74
85.42
71.96
62.87
59.14
59.51
81.52
77.7
75.95
64.68
76.2
65.44
63.98
67.37
65.83
64.71
61.5
64.15
72.37
69.96
80.03
82.74
73.67
65.46
72.75
81.65
83.36
82.68
69.02
73.93
71.52
79.75
82.12
69.67
79.71
72.42
71.38
67.07
75.02
65.46
64.84
68.08
82.73
71.85
83.39
83.68
78.11
74.23
56.12
59.35
64.56
64.64
71.97
64.29
65.22
77.23
82.34
69.49
67.22
64.78
66.39
65.42
66.89
69.43
74.83
78.38
65.52
76.47
68.46
67.53
64.34
68.14
66.25
65.75
57.34
57.22
60.48
65.08
76.77
87.12
68.66
66.71
65.77
70.07
64.82
66.68
71.37
69.5
74.61
76.61
89.25
69.45
63.06
64.2
65.44
65.06
74.1
70.48
74.28
69.27
82.49
82.67
87.9
78.59
76.32
74.78
76.09
65.54
70.19
89.23
75.3
73.08
72.66
82.03
84.15
80.2
83.21
75.44
76.18
72.76
81.86
76.73
72
76
76.37
81.73
90.24
89.36
81.65
84.75
81.21
86.17
80.95
73.5
74.42
78.47
77
80.99
81.21
75.75
87.4
74.01
70.93
77.74
76.03
80.99
82.09
78.62
83.37
84.32
81.4
81.99
83.46
82.94
81.32
78.94
83.94
82.06
78.98
80.6
79.99
80.49
81.23
74.65
69.7
72.43
72.92
75.87
78.23
80.41
87.53
86.73
91.3
87.74
83.98
81.31
73.92
58.04
70.01
56.81
61.99
60.89
74.21
81.96
85.55
90.01
92.12
93.46
88.88
76.06
86.05
67.5
69.38
60.96
65.74
78.33
84.5
79.89
92.41
89.37
87.11
90.6
93.17
91.92
94.22
94.88
89.58
93.1
92.64
93.7
95.16
95.35
95.41
93.4
91.63
90.57
93.19
95.95
93.63
96.26
95.67
94.94
95.39
91.95
74.52
83.7
76.02
78.23
92.56
94.42
89.76
81.26
86.41
84.1
91.51
94.8
91.57
86.06
83.48
83.65
88.46
90.83
96.73
96.39
94.26
89.73
86.9
88.28
94.88
92.93
93.95
91.55
89.69
87.04
87.79
91.01
87.15
89.06
88.76
83.2
92.01
93.09
87.69
89.54
83.18
77.7
83.04
80
88
90.97
73.77
77.87
77.62
83.56
66.77
73.74
73.66
82.97
90.87
89.02
71.73
74.53
74.04
67.17
65.52
90.25
72.13
66
69.15
69.07
70.03
69.3
73.15
74.95
76.1
80.41
66.05
69.21
63.86
60.71
70.96
75.38
68.38
70.19
65.72
62.71
78.04
84.83
79.39
82.34
81.24
81.88
84.79
71.99
64.8
57.47
67.06
75.86
70.94
66.78
69.05
70.31
48.33
56.41
74.16
71.55
73.03
90.84
85.87
90.02
85.81
79.3
70.73
64.43
73.57
63.77
61.07
73.16
82.3
77.45
76.66
52.33
60.4
59
53.52
54.05
46.25
44.06
42.87
68.64
75.65
81.63
81.59
75.2
63.92
76.86
92.13
67.32
70.71
66.54
72.84
75.77
74.89
84.12
77.54
76.44
80.47
92.18
91.49
91.42
80.26
81.47
70.06
56.37
52.88
80.51
74.8
82.41
77.64
71.75
63.06
83.78
88.26
71.58
56.67
63.71
71.29
73.38
71.89
64.04
70.45
64.63
72.83
71.5
66.84
67.05
68.65
67.17
69.86
69.99
53.07
60.61
62.38
61.89
61.07
71.57
75.14
87.01
80.13
83.57
72.64
79.35
84.35
66.63
72.32
67.99
77.1
89.75
87.8
76.27
76.29
75.15
62.73
71.62
75.94
57.66
73.47
75.2
79.68
71.89
67.95
70.04
67.54
59.96
60.45
58.93
62.73
61.68
62.22
61.84
68.42
83.79
73.92
71.01
73.73
77.47
84.23
66.57
66.28
70.53
78.87
70.93
68.91
74.29
75.04
85.55
76.63
74.03
71.1
85.83
78.8
77.19
87.59
76.94
74.8
76.81
73.3
70.62
73.7
77.84
70.05
72.19
87.02
77.43
79.86
83.64
80.26
82.08
72.15
77.92
93.83
94.26
87.08
88.56
75.79
73.35
68.88
81.86
79.54
76.71
83.28
85.77
88.78
79.33
76.68
79.2
88.39
81.99
94.15
93.3
92.2
94.96
91.65
94.33
84.4
84.35
87.25
78.47
78.42
65.63
77.19
83.73
83.14
94.58
94.51
94.34
86.03
85.02
88.84
90.65
84.89
87.11
85.67
84.95
88.44
89.5
91.11
82.79
75.74
91.26
80.01
80.06
77.09
79.59
80
80.67
87.68
77.14
70.29
75.08
83.74
75.16
83.16
83.6
69.11
78.31
72.44
75.64
83.68
83.27
69.79
58.4
62.09
79.55
86.5
91.42
90.04
89.94
87.45
83.49
88.21
94.63
88.43
86.16
78.34
93.97
93.61
93.61
85.35
89.81
80.64
82.13
83.45
83.57
96.3
96.22
96.45
96.19
95.53
97.1
97.61
96
95.49
94.85
91.68
96.54
96.85
97.13
94.34
96.81
87.6
84.44
95.35
87.58
84.91
64.55
72.08
83.62
78.91
81.8
87.59
84.95
85.15
92.71
96.33
96.21
94.62
93.97
95.73
95.97
94.46
93.1
90.66
92.29
94.21
94.9
95.77
95.14
94.81
94.58
96.23
94.99
96.3
96.39
96.55
96.22
86.92
81.37
83.85
87.04
89.18
86.01
83.88
73.26
80.94
81.95
83.12
78.01
77.29
75.98
77.74
76.87
81.05
80.37
81.1
64.37
72
69.99
75.77
75.6
72.46
64.72
63.79
72.12
71.56
72.22
70.06
77.26
77.76
66.3
66.68
66.08
66.4
77.91
80.21
79.37
73.84
56.97
58.24
67.26
61.7
64.05
63.79
69.22
64.4
69.84
82.76
65.84
83.35
81.77
70.76
83.53
77.12
74.59
80.03
70.89
71.43
73.36
66.46
62.19
74.37
76.65
65.74
57.4
61.03
70.41
60.25
52.04
49.85
54.84
49.68
49.46
48.46
62.78
54.45
56.18
69.8
64.24
43.56
64.4
89.07
63.01
58.18
46.1
52.09
49.63
62.52
74.94
83.88
75.08
67.71
63.26
59.56
54.25
54.42
52.85
56.63
62.21
85.79
64.12
61.57
57.91
50.19
51.84
54.59
56.63
57.49
65.39
63.03
61.4
55.26
58.11
87.96
81.94
88.92
69.38
76.56
73.66
76.77
63.03
66.68
60.72
66.16
84.04
77.07
76.84
72.36
80.77
76.82
70.66
74.2
75.89
71.29
75.17
79.96
75.91
69.56
73.51
83.67
87.99
83.04
78.19
71.96
60.08
73.99
82.48
71.84
73.32
68.72
67.99
73.49
69.16
71.01
68.37
60.36
64.5
84.13
85.24
75.77
79.36
61.51
72.55
86.5
77.3
81.2
74.69
79.67
76.89
77.87
90.45
78.79
62.15
70.1
78.64
76.83
79.3
84.65
64.36
66.44
79.33
89.92
75.45
72.77
82.89
71.11
72.06
75.01
76.13
89.93
74.45
76.98
81.81
83.32
74.9
73.6
71.27
69.71
73.81
77.24
77.2
82.98
76.88
84.78
79.8
75.04
74.37
74.48
75.58
77.57
82.21
73.32
86.13
65.5
64.98
74.61
76.92
77.11
77.69
79.33
79.21
85.4
80.06
77.34
65.68
71.48
77.3
72.17
87.76
76.44
77.16
81.56
82.37
81.79
70.79
77.33
80.35
78.5
77.79
75.5
76.35
77.36
78.42
79.76
84.71
94.37
91.22
72.97
78.65
81.05
82.84
71.49
84.73
78.72
79.78
78.74
89.2
74.83
79.42
76.47
80.79
74.74
83.89
84
82.04
81.55
70.01
93.2
77.87
69.08
78.88
85.53
78.67
75.04
77.5
69.83
76.04
86
79.45
71.13
78.32
73.88
72.18
84.33
82.46
88.04
81.4
78.25
95.65
84.91
80.93
96.07
93.47
82.02
76.58
82.9
86.82
87.59
96.24
96.13
96.27
95.84
95.49
96
96.27
96.36
97.71
96.34
97.85
78.95
84.55
89.37
89.96
82.55
90.91
97.72
87.35
91.74
88.91
84.19
83.39
89.56
82.66
85.73
91.67
98.03
98.25
98.25
97.79
97.99
96.91
87.39
97.9
95.72
85.88
89.47
87.67
96.94
83.33
95.37
81.59
89.81
74.7
75.25
84.48
83.91
82.19
86.3
96.98
94.14
96.64
95.37
93.04
89.46
78.46
82.63
72
73.37
81.96
83.64
87.58
82.67
77.6
80.11
83.08
80.69
80.39
73.05
56.09
73.37
76.36
72.88
73.71
71.74
71.77
67.78
58.78
53.32
60.68
55.94
52.96
69.67
56.39
53.73
52.42
64.21
60.75
69.13
63.12
47.46
65.5
68.84
71.77
75.34
70.07
67.47
85.38
79.08
66.8
56.19
60.1
52.87
43.73
70.62
60.67
54.39
52.16
47.64
56.48
55.84
53.3
52.51
89.26
80.7
65.65
62.71
65.04
61.98
60.21
52.47
47.98
48.95
48.93
44.18
58.3
49.29
52.12
53.2
61.47
58.29
52.89
53.26
81.68
63.94
59.89
77.53
65.26
50.42
61.66
67.09
76.13
60.09
78.72
72.96
79.18
56.97
56.06
55.67
70.47
70.69
66.49
63.25
60.61
50.69
50.61
74.56
57.29
66.89
63.27
64.29
81.75
58.83
61.81
63.76
54.88
56.02
57.16
58.77
57.75
58.77
52.46
55.16
59.87
77.79
82.05
83.7
59.09
68.83
69.71
61.56
69.4
86.22
75.82
66.88
62.55
73.51
68.73
65.67
71.12
76.22
71.41
77
76.38
69.52
58.27
74.57
75.22
74.47
87.52
90.64
88.46
81.65
75.1
78.22
85.73
71.89
74.15
72.83
69.39
78.72
84.78
85.26
80.76
83.41
78.12
84.49
84.02
83.67
74.95
80.85
87.49
72.08
76.79
79.81
84.64
72.29
77.04
70.28
80.49
91.29
77.56
89.35
77.92
69.24
76.79
75.42
76.6
73.76
68.62
71.41
74.99
74.08
76.69
75.61
80.13
87.85
75.37
69.3
75.08
79.87
79.07
80.1
72.87
78.7
70.44
69.65
69.46
68.8
60.45
69.09
67.67
64.42
70.87
68.87
78.88
72.94
70.44
79.19
72.04
72.5
84.37
79.31
83.51
75.67
72.94
81.67
80.44
76.21
75.04
79.47
78.12
79.58
82.34
92.14
93.45
84.71
84.33
88.83
84.37
90.04
87.75
92.2
89.02
91.38
84.28
82.3
90.4
83.03
78.99
80.13
73.27
81.57
84.03
83.47
81.65
75.61
80.1
94.56
85.16
82.54
89.05
91.17
90.39
83.87
95.06
93.08
92.37
93.94
89.99
75.92
77.69
88.91
77.28
78.56
82.87
86.32
78.13
84.81
95.22
92.1
85.73
84.34
84.83
91.89
94.17
82.51
77.58
71.14
74.4
77.17
77.4
71.64
77.6
82.35
95.44
93.05
87.96
86.3
82.7
80.26
87.66
78.69
83.53
84.3
83.7
88.91
83.39
85.25
74.87
78.18
76.32
69.33
85.68
93.04
91.87
91.29
94.21
91.56
94.07
93.7
91.65
95.76
93.85
94.47
94.47
93.26
92.62
87.69
89.66
88.33
84.91
89.35
89.36
94.5
83.6
97.55
95.26
93.14
91.44
95.37
94.2
90.47
81.68
90.48
87.26
93.78
94.06
85.68
87.5
95.7
94.44
97
96.01
93.85
94.73
95.53
92.4
89.97
94.91
96.92
97.01
95.42
97.46
90.89
93.55
81.91
83.89
76.89
82.58
95.46
97.19
97.49
96.37
93.84
94.26
94.34
95.1
95.17
95.95
92.17
79.14
58.77
59.52
61.18
86.23
83.04
84.03
69.42
60.51
69.98
67.53
81.12
85.39
71.78
64.94
80.53
90.07
88.45
77.33
75.65
61.07
63.36
74.17
90.28
94.64
68.25
63.84
64.25
65.51
57.43
64.56
71.02
66.79
67.71
57.85
68.98
80.52
82.62
70.49
59.8
61.04
71.65
66.22
71.48
67.81
71.86
72.44
69.55
60.92
59.78
58.69
61.41
63.01
75.1
68.84
51.04
52.64
68.34
92.78
81.85
73.69
63.6
58.32
56.95
44.45
52.11
60.47
59.04
57.71
84.43
63.28
61.34
75.88
73.12
84.23
73.09
55.13
83.54
89.06
79.04
78.67
75.54
74.23
72.91
90.15
86.98
78.32
72.42
68.87
73.08
70.8
73.06
77.38
72.69
77
83.74
84.9
68.78
74.29
70.33
79.95
67.72
72.23
84.66
79.13
89.97
84.26
69.04
69.57
75.11
65.36
79.83
77.95
75.14
63.56
64.12
67.08
66.81
70.21
69.63
67.5
69.24
66.36
67.34
68.52
54.08
73.85
65.73
58.57
58.79
76.51
64.99
63.65
77.31
75.6
75.61
72.84
77.33
81.52
82.11
74.89
65.86
64.94
86.99
75.55
57.86
63.46
65.22
64.04
68
66.76
64.15
66.66
62.82
65.2
66.34
66.65
64.28
57.64
80.62
74.77
85.61
85.56
80.81
82.38
78.31
76.99
60.97
68.85
68.91
67.65
67.77
69.36
70.23
78.87
69.8
67.16
67.48
79.19
73.67
69.42
62.44
59.03
67.52
68.27
69.63
65.51
75.5
76
78.02
75.39
74.24
67.26
68.32
76.08
69.55
71.5
67.8
68.84
79.23
82.39
80.71
76.48
82.75
80.07
73.06
72.68
73.85
72.92
72.51
77.91
77.51
84.68
90.72
81.09
79.41
83.29
88.13
88.52
90.21
81.36
81.6
77.72
74.15
70.32
74.68
74.49
75.17
75.87
79.47
77.64
80.57
87.76
83.56
78.07
89.37
82.67
81.98
83.14
77.49
70.98
84.9
85.75
73.23
71.76
80.68
78.42
69.42
84.43
75.54
66.97
74.49
78.51
82.26
76.14
78.83
80.35
79.91
74.88
76.22
71.34
72.04
70.66
70.64
75.23
79.52
85.84
84.22
78.05
65.51
85.73
80.24
85.12
88.87
85.38
83.16
74.71
80.02
84.4
82.29
83.75
80.66
77.08
78.65
92.42
92.46
89.56
85.24
80.48
85.67
79.07
81.63
86.69
89.66
91.84
86.73
90.42
87.18
85.59
83.78
84.16
84.18
92.42
91.7
90.25
89.15
91.71
90.29
81.89
77.35
82.09
72.8
74.93
77.65
78.69
78.64
91.99
90.76
91.47
85.03
90.94
76.97
74.17
75.47
77.89
81.7
73.4
74.74
82.02
85.31
87.16
92.33
88.18
89.71
83.03
85.68
84.66
81.32
91.25
92.2
87.94
88.36
87.22
92.11
91.07
91.45
92.85
86.82
86.72
89.38
87.71
90.47
77.77
73.1
75.2
66.16
60.86
61.12
62.03
77.87
64.48
70.99
67.1
64.58
71.16
71.27
75.85
82.33
77.27
78.08
66.07
69.75
68.45
72.14
76.67
76.99
63.65
70.27
75.44
72.94
74.97
61.1
63.17
76.5
66.91
64.26
61.89
75.92
68.19
66.23
76.03
77.59
60.9
69.79
70.89
63.07
58.05
65.11
67.85
58.05
62.17
59.55
54.8
60.33
58.55
52.99
58.42
65.79
67.62
65.55
69.35
61.17
69.22
81.17
59.94
71.59
63.04
71.59
63.13
58.29
62.66
77.98
69.08
71.41
63.52
81.88
68.9
64.06
83.17
65.04
61.18
64.4
83.36
58.02
49.64
59.75
53.88
51.96
69.92
66.86
65.75
51.18
55.77
55.35
48.95
61.98
58.55
60.92
62.23
54.87
52.75
59.48
81.15
74.2
69.76
63.19
73.01
72
85.19
74.23
57.65
66.8
56.42
58.41
61.6
67.3
65.3
64.26
64.26
78.14
70.62
64.59
62.59
60.25
56.53
55.73
84.73
93.31
66.44
86.82
73.24
70.25
66.43
67.7
58.31
60.31
84.33
61.31
72.89
57.68
60.13
58.13
57.62
60.46
66.06
80.63
66.92
62.09
56.02
61.97
63.16
60.98
62.41
72.88
54.81
49.86
52.43
54.04
54.5
52.18
51.03
54.6
62.7
87.91
72.65
65.83
62.5
55.37
65.13
62.45
56.53
53.26
56.08
58.39
59.69
55.82
77.11
73.85
54.64
82.72
78.19
57.89
67.35
92.7
71.27
57.24
80.1
73.95
77.76
67.94
70.89
67.64
64.79
54.69
68.4
63.77
80.18
69.78
71.21
71.31
66.33
61.08
64.15
62.84
85.12
80.01
72.12
69.89
72.23
67.79
65.74
59.42
61.81
67.68
64.85
61.24
57.68
56.67
54.34
47.46
46.06
48.04
52.74
58.96
54.95
54.46
56.68
64.98
65.75
56.46
73.92
83.91
81.56
74.79
73.39
67.06
67.89
85.93
77.47
71.79
68.26
68.28
70.42
69.44
70.84
83.41
77.21
83.53
82.61
84.19
84.81
88.58
80.24
78.07
88.28
83.59
82.92
76.96
74.65
69.66
72.76
87.08
86.27
92.41
89.13
86.18
84.59
88.93
82.08
92.47
90.58
79.34
65.6
75.97
85.36
87.08
82.28
76.74
88.3
91.79
78.42
79.45
82.02
80.19
85.32
84.81
82
89.38
77.49
83.04
81.17
66.18
91.11
94.52
79.68
90.18
93.47
79.62
82.68
75.33
73.81
84.92
86.86
76.25
70.45
61.93
81.52
93.67
95.17
91.93
94.52
90.34
81.13
86.82
76.89
82.54
94.23
91.66
85.2
79.53
76.18
92.26
97.84
97.95
97.75
98.09
98.04
98.22
98.14
82.84
89.59
96.18
93.63
92.17
88.28
93.76
95.33
82.72
87.26
92.27
96.07
85.64
77.32
70.99
74.41
80.36
83.58
96.43
97.8
97
92.85
96.66
94.63
91.81
90.9
94.01
94.31
91.77
74.74
84.47
95.46
74.05
79.54
87.61
77.06
79.57
82.49
84.02
89.99
84.05
88.57
92.79
92.5
87.69
90.88
95.23
95.81
95.05
97.37
89.02
93.49
90.45
80.99
64.72
66.09
72.53
75.57
69.02
74.19
73.38
64.81
59.59
70.22
75.35
75.17
75.85
78.19
68.14
76.99
74.37
77.7
68.3
55.77
62.29
59.38
58.56
76.94
73.4
62.47
61.9
58.01
68.77
87.49
73.31
83.82
68.46
74.71
67.5
67.97
70.75
63.57
70.41
62.94
64.34
84.13
80.58
74.4
67.61
64.83
64.36
71.86
81.42
90.3
94.87
77.64
69.88
72.39
80.07
77.52
70.37
77.31
80.11
69.27
67.87
58.14
56.4
52.53
67.56
56
60.49
90.65
70.72
68.01
87.82
71.19
57.5
58.26
52.17
71.87
70.62
58.11
73.88
86.84
84.47
75.07
64.43
55.25
58.4
78.15
62.52
60.17
59.51
65.97
60.45
55.85
59.45
61.86
76.45
74.21
76.05
80.39
78.87
61.92
68.31
50.48
53.09
52.16
58
57.1
56.79
65.78
66.42
64.74
70.95
66.06
52.4
53.05
55.05
45.94
52.81
56.26
54.31
53.25
77.65
58.22
55.46
77.97
61.74
59.43
71.61
71.16
63.69
63.61
67.64
85.61
66.24
67.45
75.5
62.55
61.01
85.41
70.2
57.71
58.88
52.84
74.67
71.96
63.3
60.36
57.72
65.82
74.58
76.19
62.04
79.94
56.93
53.02
81.05
75.83
72.74
59.13
54.78
77.54
76.95
67.12
73.87
69.74
67.58
62.41
59.96
86.01
75.44
64.45
82.12
85.64
65.72
73.84
79.02
67.96
62.01
63.54
61.19
58.05
65.54
59.66
59.29
60.16
61.51
58.9
55.56
55.57
56.44
59.22
62.45
70.87
81.26
60.62
59.84
63.15
66.38
64.99
60.9
59.25
62.37
62.54
67.01
74.18
72.3
75.59
69.86
60.81
61.07
57.38
57.94
59.98
78.13
82.33
78.79
66.41
76.55
92.7
83.84
72.21
82.58
89.29
77.06
78.27
74.88
70.38
73.48
92.83
86.35
92.82
82.73
85.43
73.97
77.49
82.36
94.44
85.17
87.53
86.79
77.86
77.97
84.75
88.08
88.18
76.94
74.44
80.9
84.03
83.35
84.03
74.07
82.25
90.19
84.56
81.83
84.5
85.97
85.91
86.72
91.82
94.03
94.73
92.11
74.67
84.21
81.9
90.09
92.15
82.66
85.21
88.19
90.83
86.29
63.89
59.74
65.76
80.55
71.8
73.64
81.04
86.3
79.58
82.34
63.21
82.99
92.6
90.5
60.96
72.88
75.91
79.07
92.64
87.55
68.35
69.18
74.09
66.54
64
66.51
82.51
90.31
93.25
90.12
90.5
85.86
94.18
96.15
95.77
93.5
94.12
87.44
79.49
80.22
79.28
89.35
93.91
74.37
76.48
80.35
75.67
79.07
85.4
84.9
81.13
76.15
78.64
86.71
76.89
66.3
80.99
78.69
75.62
70.34
71.92
75.25
66.6
56.35
52.51
71.42
67.06
61.26
73.84
85.58
84.12
94.85
94.69
93.27
94.35
90.91
88.06
90.5
91.94
89.38
88.69
86.26
78.02
80.11
78.98
75.63
85.99
87.97
71.92
73.73
61.21
66.47
65.81
81.21
78.36
82.99
95.06
83.62
75.81
94.28
92.45
91.28
80.7
68.24
62.44
75.81
79.89
65.3
71.26
89.34
94.95
84.37
72.35
71.6
50.72
59.43
60.38
51.13
53.23
63.72
85.11
87.99
88.21
80.23
75.63
64.49
62.21
55.06
52.48
54.46
52.87
51.93
54.45
59.01
48.93
54.01
72.46
68.37
63.63
71.41
68.01
77.34
73.36
65.15
68.46
58.37
59.04
52.88
55.18
54.34
46.59
48.45
49.28
52.48
49.54
49.31
52.41
41.25
49.99
43.61
45.55
85.35
89.65
91.35
90.82
82.18
79.48
72.1
78.89
81.88
83.29
84.34
71.9
63.17
62.31
79.01
64.67
61.94
78.88
63.23
53.72
62.16
57.35
50
55.75
57.87
76.77
71.81
69.86
59.41
69.56
65.21
63.33
70.37
78.03
76.73
62.62
64.71
59.46
60.91
66.78
67.91
70.58
73.05
58.9
60.63
64.15
85.83
76.46
76.36
55.61
52.11
54.93
58.27
52.76
57.62
59.63
74.03
75.24
74.45
67.88
78.36
80.3
49.57
61
61.14
68.79
67.56
64.98
65.24
60.71
57.64
57.89
59.22
57.59
56.09
58.98
67.4
54.02
52.96
81.58
61.07
58.97
56.6
54.07
58.25
75.56
63.85
61.24
72.17
58.48
59.94
60.31
45.43
44.68
61.24
65.39
73.82
74.37
66.02
73.35
65.21
60.88
60.55
81.01
67.2
72.15
68.68
59.3
54.56
61.36
71.29
65.91
82.83
82.05
72.18
65.89
79.73
72.14
83.56
87.01
81.45
74.61
74.63
88.62
83.07
66.46
71.67
71.28
72.62
69.65
71.57
71.42
71.42
81.72
85.86
78.17
76.13
73.87
69.79
83.19
82.72
78.28
74.35
68.76
75.26
65.58
68.43
75.84
77.29
75.48
73.2
73.6
75.38
87.09
78.38
59.19
68.89
66.8
75.69
69.2
72.06
72.5
78.95
86.04
83.86
94.08
94.33
94.45
91.01
79.71
78.44
75.73
64.87
72.94
77.57
78.63
82.23
84.86
76.48
85.51
72.96
71.77
86.55
90.23
95.91
93.58
86.71
82.46
85.86
78.17
64.48
90.63
89.68
79.18
73.95
78.17
70.19
83.93
81.05
67.55
75.21
42.23
60.79
70.85
88.38
86.9
91.19
84.28
92.59
74.33
64.03
86.03
81.03
78.59
69.45
71.58
73.55
79.27
63.1
53.3
52.31
70.09
87.31
74.96
78.65
74.07
86.47
83.75
76.26
77.8
84.07
92.04
94.7
93.41
91.95
96
96.43
95.21
95.81
95.65
94.42
94.99
87.07
78.59
72.22
75.42
81.77
88.01
90.33
93.79
92.76
95.53
87.64
79.72
82.17
86.08
91.45
93.4
75.95
65.31
86.83
90.15
87.25
94.83
81
85.12
73.08
86.54
81.29
83.6
79.25
76.57
88.05
80.44
84.23
83.92
72.84
77.5
73.15
76.08
82.18
87.3
84.89
91.78
92.1
92.74
94.13
95.68
95.65
91.2
86.99
92.45
87.49
84.27
82.73
87.76
91.53
73.56
74.26
65.2
89.44
66.42
57.02
62.61
83.92
78.55
79.15
86.36
78.94
74.46
73.45
70.62
84.28
76.45
70.68
77.67
83.97
81.69
72.45
87.46
79.93
68.78
80.17
72.03
74.56
66.65
70.16
87.13
80.7
82.94
80.7
76.06
74.89
67.37
64.31
60.15
54.81
52.68
65.99
70.44
63.42
61.71
57.05
54.92
59.41
37.8
40.14
40.89
37.13
39.84
45.29
44.04
44.28
51.19
55.38
59.69
41.84
51.01
66.33
52.14
55.15
50.13
51.43
43.06
49.89
57.06
86.77
86.11
58.96
60.87
59.9
52.15
52.87
49.06
60.19
52.76
43.78
39.86
57.57
58.26
52.51
43.21
74.89
65.49
56.45
56.79
55.24
55.2
59.17
56.5
51.39
47.73
47.89
53.3
37.55
61.76
71.01
65.99
63.7
59.85
52.71
55.44
52.04
56.73
52.45
73.44
70.45
59.62
51.04
60.73
60.68
72.38
75.52
69.47
71.61
65.09
62.45
77.71
75.12
76.21
66.51
62.95
64.47
68.04
62.12
60.86
61.09
64.33
62.16
59.09
66.48
79.08
73.88
59.18
84.3
66.33
68.08
57.91
56.3
56.37
61.15
62.46
54.54
60.83
61.76
70.86
62.89
53.78
67.64
75.18
80.13
64.19
62.89
59.36
53.09
57.38
61.01
54.53
63.65
64.61
56.33
53.31
54.96
60.61
58.51
55.68
56.15
55.48
51.52
80.4
66.61
75.97
65.43
54.46
61.2
68.44
65
81.66
76.18
64.88
59.97
62.97
61.16
58.36
49.22
49.33
47.66
46.34
38.74
43.47
44.48
53.56
65.64
72.01
63.52
52.39
56.27
58.38
57.05
54.3
49.94
53
54.68
53.99
46.86
42.59
54.46
75.05
92.5
70.81
70.2
62.01
62.6
66.99
68.93
59.71
57.34
81.58
92.73
82.03
73.24
84.46
69.58
67.69
69.78
69.01
69.71
71.76
71.38
70.4
64.1
54.82
80.21
69.1
69.78
72.16
72.64
91.94
80.27
78.42
79.19
84
87.21
83.59
70.17
80.78
72.38
69.73
74.16
80.62
78.16
71.46
74.18
78.97
77.21
75.06
78.77
83.52
87.87
86.85
83.34
88.74
89.75
85.21
80.09
83.82
79.93
89.78
92.85
79.51
66.66
90.96
89.86
85.18
80.86
90.23
88.96
89.05
89.15
89.67
80.59
73.71
76.45
85.28
86.39
92.89
88.37
92.97
81.44
86.44
90.3
81.74
71.67
73.01
78.05
93.76
90.6
91.17
91.34
92.28
96.33
96.47
97.62
97.67
93.37
83.4
69.27
78.53
77.81
86.15
86.42
86.74
87.4
90.06
79.74
78.66
67.93
79.89
87.27
87.53
81.57
92.63
61.05
60.41
67.49
70.68
83.14
79.85
87.1
96.57
96.71
86.48
75.61
70.72
73.82
76.18
74.7
80.24
85.27
92.52
96.58
91.4
84.47
82.78
72.83
90.19
68.92
81.25
96.22
83.7
84.14
63.58
65.49
68.39
69.45
73.07
77.37
86.94
88.72
86.71
73.68
66.85
73.21
75.78
85.16
77.48
58.58
64.01
66.25
74.65
63.58
75.26
71.67
62.58
76.08
87.8
81.75
82.9
79.68
80.63
72.93
64.52
55.45
89.96
93.49
84.15
81.97
93.78
91.65
87.37
81.37
72.29
64.43
58.91
62.04
60.38
67.54
77.13
92.15
79.74
74.67
79.77
78.58
75.34
75.45
78.72
69.55
61.73
56.14
41.82
54.5
60.03
84
91.49
91.09
86.88
76.22
80.08
72.74
65.19
69.03
67.65
73.36
56.7
61.42
67.53
88.49
89.49
85.64
64.42
72.67
86.18
73.66
65.17
73.65
73.36
74.98
71.88
84.13
79.33
77
91.13
70.41
64.33
61.12
73.9
65.48
66.74
68.47
62.15
57.8
64.31
71.11
70.06
64.12
77.63
77.8
78.68
79.12
86.85
75.52
72.6
69.09
66.99
79.77
57.84
59.73
71.76
80.42
68.43
74.3
61.8
67.54
86.09
74
59.22
57.12
52.56
68.46
88.73
80.08
63.89
62.24
77.66
89.02
82.44
87.72
91.4
78.34
64.33
63.45
58.3
66.76
74.09
83.98
82.03
67.42
66.98
78.34
62.19
72.91
78.81
84.68
76.6
71.62
72.86
64.72
89.86
70.24
70.44
76.1
80.34
72.3
68.62
89.58
69.22
67.15
68.76
76.2
77.5
71.21
66.09
64.91
78.69
69.63
64.21
70.49
78.9
70.8
69.46
63.14
65.19
68.82
63.67
69.88
74.33
72.05
67.69
66.91
61.05
66.86
72.71
75.81
60.35
71.98
71.41
76.67
70.17
67.87
73.64
84.81
77.39
79.11
74.12
72.99
73.56
73.15
71.17
67.39
66.7
65.39
49.2
54.3
68.84
77
68.84
69.43
69.69
72.26
88.59
67.96
69.17
69.97
72.32
81.45
82.59
83.31
78.61
75.95
73.32
72.55
72.31
62.03
56.84
63.46
62.15
70.57
75.34
73.41
84.22
74.58
59.74
69.9
79.82
78.09
78.78
81.54
79.69
90.42
77.91
73.74
73.61
77.93
75.61
83.3
85.62
88.91
83.81
78.23
83.3
78.74
86.07
83.78
88.55
91.8
79.5
71.98
85.94
91.19
91.99
91.71
89.56
80.96
86.3
83.11
87.76
93.31
91.93
86.44
86.11
81.14
80.84
76.24
67.11
76.6
85.73
87.67
91.5
93.61
90.5
85.92
69.04
81.8
77.31
91.95
89.74
90.76
91.1
85.26
61.55
69.01
71.62
68.65
69.82
63.5
66.61
60.43
69.88
60.54
49.49
54.38
69.07
82.27
84.19
84.35
93.73
96.22
88.36
90.67
91.59
93.75
92.65
93.11
87.01
79.63
80.05
84.68
92
91.65
90.82
91.75
92.66
94.45
90.34
74.67
65.71
78.62
89.54
78.04
69.42
77.21
84.26
95.77
94.59
77.61
71.61
80.89
81.82
77.58
71.54
67.8
70.35
72.38
71.94
70.58
85.58
84.25
90.94
85.26
93.3
81.66
68
72.72
74.91
88.95
85.59
75.03
67.54
69.15
73.47
87.66
76.89
78.28
65.82
75.4
70.98
62.12
65.73
67.69
75.34
92.22
83.75
81.74
80.66
82.46
73.61
71.27
67.73
64.44
72.26
77.78
75.53
67.46
75.83
62.74
65.31
73.93
72.3
86.19
90.65
89.35
82.2
92.4
81.47
61.76
57.36
57.89
62.94
65.04
85.72
75.54
62.95
54.65
56.64
75.17
63.6
59.23
66.5
68.19
69.17
67.74
63.47
55.65
51.1
68.68
59.29
66.52
58.45
53.64
64.17
81.44
75.07
74.55
72.26
69.53
85.91
52.81
51.62
57.3
53.69
46.38
40.41
43.43
41.58
41.93
77.84
73.45
75.57
82.37
80.04
68.99
59.36
51.33
61.87
68.39
88.31
87.72
50.62
50.37
49.35
55.92
67.91
65.76
56.65
63.85
57.35
61.64
62.86
60.17
54.5
76.68
82.8
63.78
62.99
74.7
77.04
80.6
62.42
59.49
58.47
62.08
74.93
76.57
67.85
89.13
75.26
60.39
65.18
63.97
64.64
62.18
57.33
60.34
64.49
62.66
61.88
59.33
58.5
53.88
56.34
55.03
58.44
80.69
70.82
76.37
62.68
63.18
63.08
61.21
70.61
61.56
56.9
69.51
74.29
61.84
59.73
51.68
60.23
55.94
65.78
59.52
57.02
60.01
76.31
79.76
79
78.01
81.82
89.73
75.94
60.2
63.31
83.9
65.98
71.32
87.81
89.23
81.13
86.21
92.28
78.35
71.99
66.63
66.95
68.77
67.03
68.24
63.96
81.41
77.69
83.23
77.14
73.13
77.14
76.56
75.24
72.19
72.73
65.2
59.95
65.3
87.09
77.22
62.84
68.72
83.48
67.27
65.65
69.25
76.9
81.07
76.58
73.6
86.71
86.39
90.87
79.44
79.12
79.96
91.98
89.27
84.51
81.28
75.08
80.32
84.98
87.4
80.12
81.55
80.73
81.43
84.93
77.51
79.05
77.25
75.98
76.6
75.3
77.71
85.97
85.15
73.92
79.85
80.35
81.21
75.06
87.97
88.79
91.19
88.87
84.28
89.05
84.8
82.59
83.41
86.36
85.97
89.36
95.29
79.61
79.16
81.77
93.31
91.35
83.87
83.2
82.3
77.74
84.63
82.39
88.27
83.39
88.02
86.83
83.09
73.46
70.12
76.78
81.69
85.08
83.34
79.62
78.5
85.64
81.1
81.4
84.92
85.2
67.67
79.26
82.41
85.82
87.18
88.88
86.73
85.44
85.02
85.8
87.04
86.95
94.75
92.86
90.62
91.14
88.5
87.56
89.32
79
85.73
76.73
75.31
83.95
85.72
79.64
89.72
85.57
93.48
93.85
94.46
92.74
91.44
87.32
94.27
81.25
88.72
88.29
96.29
89.34
86.3
84.97
72.98
81.55
85.78
93.81
88.65
79.65
74.57
72.08
63.94
59.79
68.45
75.1
86.46
80.31
82.62
88.78
91.8
94
95.04
95.48
88.05
82.55
95.5
96.24
93.1
88.23
96.43
96.93
94.58
91.85
91.72
91.71
90.57
89.5
93.83
85.24
83.49
84.38
92.42
88.44
82.89
88.87
83.97
73.03
62.9
71.86
72.6
77.49
80.11
77.75
81.44
89.79
90.82
94.8
95.42
94.25
88.88
68.76
68.13
67.65
66.51
74.23
79.51
71.22
65.87
73.26
75.18
74.9
80.95
93.06
76.79
71.57
73.04
84.24
78
76.11
85.84
94.56
87.83
71.96
71.05
68.22
72.3
73.47
80.06
91.75
76.21
68.73
60.17
62.81
85.9
75.86
66.54
48.82
66.77
68.57
76.04
73.93
79.53
69.66
64.3
63.5
66.82
52.14
51.53
61.43
68.23
63.21
65.41
68.88
48.19
66.04
66.64
67.22
73.95
63.1
68.45
60.3
52.8
50.97
48.73
53.1
80.88
52.14
56.77
61.1
65.05
75.01
71.58
70.34
48.27
52.7
56.37
57.5
60.37
62.79
57.96
58.81
84.43
89.09
89.24
87.96
79.5
80.72
75.95
63.53
60.49
63.04
78.74
68.01
66.81
54.17
53.13
54.33
60.45
80.93
68.42
66.84
76.57
69.25
85.43
81.47
85.61
66.71
55.22
86.03
67.48
69.83
70.4
79.35
90.71
90.22
66.39
70.2
81.08
83.92
66
66.11
82.99
67.43
62.35
62.13
80.54
74.46
67.47
68.99
67.69
63.39
71.91
74.3
72.47
65.39
61.62
72.35
66.95
70
67.33
67.58
62.51
67.61
65.03
84.86
74.45
69.26
80.85
87.76
72.72
64.64
63.52
65.91
68.88
69.17
69.7
66.17
68.65
68.12
66.08
51
50.34
52.77
57.69
58.63
59.24
60.32
59.44
67.68
68.88
68.51
63.95
66.5
61.48
62.26
69.35
65.25
81.21
78.76
82.56
83.91
74.67
75.42
86.59
67.81
64.9
65.75
72.5
91.2
80.42
80.95
73.63
71.53
66.76
61.29
71.79
69.53
76.46
76.8
79.26
75.58
87.31
77.55
80.67
76.67
68.89
81.2
62.56
68.77
75.73
79.71
75.82
75.78
72.78
78.16
74.65
70.06
72.42
76.82
73.24
72.97
76.27
78.97
86.19
79.64
90.25
89.44
76.02
78.18
79.82
73.31
77.64
79.94
73.92
76.72
77.83
78.83
82.17
82.26
81.9
66.2
82.98
82.3
76.84
78.29
70.05
78.18
80.11
81.04
82.07
83.73
81.04
80.72
68.37
75.49
74.72
74.42
69.78
77.57
83.05
70.67
75.87
86.35
84.12
90.91
88.56
82.51
67.14
69.01
80.84
63.67
74.44
73.23
52.47
67.36
78.93
80.62
73.25
61
70.69
79.51
72.34
73.24
79.64
71.34
72.91
78.78
87.84
92.52
91.41
90.77
75.46
83.31
71.39
90.54
92.34
93.1
92.3
86.62
87.09
80.93
91.83
94.76
90.39
78.9
80.47
75.2
75.74
90.57
94.15
93.92
94.32
94.77
95.8
95.37
95.89
85.26
68.27
68.6
80.14
80.64
86.29
92.71
78.71
73.54
86.25
92.73
91.42
92.49
95.7
83.72
86.64
68.45
69.43
77.92
71.49
74.52
86.44
81.54
77.51
69.82
60.45
55.15
77.47
75.95
82.68
82.66
73.19
82.1
91.58
84.7
88.86
92.84
90.75
86.31
79.78
81.71
77.94
62.14
72.82
77.31
60.78
66.93
66.16
64.49
61.35
69.82
90.91
75.45
82.95
89.67
86.47
80.41
75.49
63.2
76.67
76.82
76.2
79.68
86.54
80.88
92.54
87.83
75.69
75.29
74.87
90.78
82.17
76.93
68.71
81.04
89.33
63.77
65.77
62.69
63.76
87.33
70.19
62.25
52.35
64.35
66.16
60.06
53.39
63.85
56.54
52.31
81.19
88.93
78.25
65.62
66.45
86.04
72.52
61.43
59.21
61.97
77.27
71.2
59.55
59.69
46.82
58.66
66.65
43.42
49.32
49.76
47.68
57.46
48.06
54.55
58.88
56.7
51.95
49.08
46.63
49.05
52.93
49.58
49.95
43.81
49.78
46.89
58.66
57.92
59.88
54.02
46.89
48.63
45.36
40.13
38.88
58.64
77.12
82.97
81.07
62.81
72.92
84.84
70.97
58.08
77.36
67.72
48.68
76.8
77.05
75.05
57.04
63.04
71.36
70.77
62.93
61.88
65.55
63.14
63.83
58.73
75.67
72.34
76.16
65.43
64.88
76.82
71.49
77.19
76.84
76.16
75.92
75.31
71.09
68.19
65
70.6
66.35
66.53
60.03
59.89
62.07
56.99
67.43
65.02
57.76
54.21
60.86
55.83
51.22
51.51
72.5
70.2
62.43
66.15
56.65
52.13
61.86
78.81
58.48
53.98
56.8
59.98
60.33
80.17
65.31
61.91
58.35
59.21
58.66
49.91
45.9
52.84
54.27
50.58
49.81
42.85
45.38
56.23
57.36
50.24
56.3
61.89
67.18
87.72
63.67
56.41
56.99
75.05
53.31
49.95
57.66
58.56
63.28
65.5
76.38
80.29
77.85
67.43
64.32
65.26
58.83
56.87
59.1
71.89
82.95
67.41
71.5
71.05
72.12
64.38
61.81
61.36
68.14
83.21
79.83
72.55
68.69
68.33
65.56
77.68
64.88
81.61
88.44
74.16
72.1
69.44
72.31
72.66
70.09
71.56
75.67
72.2
72.53
82.09
71.45
70.71
71.22
71.11
72.97
72.65
73.55
72.63
85.65
76.06
70.7
71.77
75.04
76.91
80.15
86.7
88.78
75.77
71.44
75.52
76.58
79.5
70.97
75.39
68.38
65.65
67.42
72.35
73.12
82.91
62.79
71.88
73.29
73.95
82.72
87.57
85.36
86.91
86.58
88.14
86.96
86.08
73.72
71.59
73.66
79.53
76.38
67.75
84.59
68.87
72.86
77.1
62.79
77.69
60.1
73
83.31
71.32
65.92
71.51
88.51
88.56
85.15
81.2
75.19
67.22
76.62
89.22
73.5
75.22
78.34
76.39
82.31
81.51
88.22
82.1
84.54
76.62
80.69
79.91
83.95
85.17
91.13
87.65
85.56
65.05
75.11
81.29
83.93
79.29
83.7
84.45
87.54
90.46
91.47
91.61
91.93
91.18
90.73
90.04
90.23
91.11
91.27
90.64
89.9
87.57
87.56
87.69
85.29
91.46
92.55
89.1
92.32
93.63
91.77
80.8
83.56
88.91
80.45
75.84
86.63
89.83
90.05
74.59
79.46
75.94
59.57
66.25
73.72
71.87
54.67
58.8
69.92
64.22
73.34
73.47
71.44
79.48
79.54
81.87
83.91
61.02
58.39
71.45
74.21
75.28
74.04
73.46
79.52
62.68
42.51
41.83
38.43
56.5
64.58
60.31
57.19
64.95
64.94
59.26
58.07
55.4
63.54
66.8
57.78
50.72
61.42
63.1
51.33
47.68
56.92
85.86
75.62
61.26
73.79
71.95
49.88
61.35
63.63
60.65
68.02
76.46
65.73
69.09
56.88
76.6
83.31
77.52
59.12
49.56
64.42
69.59
73.39
59.46
50.53
54.35
68.74
61.79
54.12
58.31
54.86
64.7
63.73
61.44
56.95
62.08
72.51
64.49
65.53
72.07
64.35
74.3
66.29
64.59
61.1
72.91
73.84
68.83
57.67
71.04
68.54
59.49
47.94
62.86
63.72
72.49
65.88
59.94
59.15
69.1
71.67
59.31
55.38
59
61.85
54.35
54.77
54.11
58.16
55.6
61.44
58.92
69.06
75.54
86.11
82.94
73.38
70.62
71.45
69.92
68.95
57.46
53.04
52.85
64.26
62.79
64.38
68.88
77.36
83.73
86.43
78.83
88.15
81.74
73.77
69.16
76.94
75.65
67.43
69.08
67.74
67.67
80.41
82.19
69.57
70.09
71.28
66.6
63.27
67.3
73.47
66.37
76.57
68.31
68.71
80.01
68.11
68.41
62.19
67.42
60.24
60.23
66.19
85.61
68.01
70.26
60.12
61.03
71.01
86.97
66.7
61.74
73.99
82.25
68.11
68.66
80.47
68.44
81.23
72.78
75.3
74.49
69.51
69.99
69.96
77.31
73.63
72.02
74.06
69.61
72.98
82.4
68.61
66.41
79.21
76.46
69.54
67.7
60.44
56.08
67.75
70.52
82.6
76.39
71.97
68.38
68.97
69.21
70.73
75.32
79.67
73.2
70.49
72.79
71.04
69.68
69.61
65.24
67.04
70.2
69.46
61.63
62.36
60.11
64.45
74.99
71.55
71.17
71.36
78.22
70.81
81.53
86.88
74.41
62.57
68.7
68.75
64.35
77.75
84.74
79.56
77.93
87.22
75.71
74.84
77.43
73.44
72.48
71.33
76.3
85.92
82.2
70.73
74.68
80.84
82.88
82.54
83.86
84.23
83.96
81.07
79.33
79.25
74.82
86.15
80.01
80.78
81.55
85.17
83.14
73.75
78.36
83.11
81.18
85.52
77.08
70.17
68.06
65.02
85.21
91.23
80.97
85.76
86.06
86.68
93.17
92.94
89.12
91.96
90.66
92.66
90.21
89.74
85.15
93.01
72.78
77.64
76.84
66.37
82.18
66.76
60.32
60.95
90.14
76.63
70.7
78.43
91.45
87.77
84.95
89.47
94.8
95.9
82.94
92.74
86.3
85.12
82.6
67.83
86.2
90.88
93.54
93.45
91.97
95.66
95.93
92.22
93.25
83.19
75.09
84.81
82.44
79.69
87.11
79.47
81.63
81.56
81.64
83.99
79.68
85.86
83.17
78.52
79.46
81.41
83.96
79.84
74.79
77.84
86.34
85.31
87.16
86.91
90.23
91.28
91.76
89.91
90.07
87.32
72.58
90.02
89.54
89.4
93.71
83.93
84.85
92.76
90.82
82.91
73.57
77.74
89.53
92.57
95.53
95.13
87.55
76.97
80.95
92.21
63.85
71.94
74.51
68.18
50.77
48.07
54.25
59.17
68.8
58.2
53.69
59.56
76.99
82.15
85.61
87.47
74.64
71.35
75
68.79
75.65
86.53
88.87
85.84
87.25
86.86
66.73
51.09
61.4
49.39
54.96
58.83
61.63
64.5
72.47
63.32
66.17
46.79
83.2
69.77
57.7
45.63
41.15
53.98
45.15
62.94
57.77
54.22
77.74
78
74.48
86.74
54.21
66.44
63.73
58.46
56.98
51.77
47.98
52.83
48.91
43.41
46.8
55.74
58.89
54.19
49.05
59.5
59.54
71.54
73.71
56.06
48.04
75.83
62.43
61.87
47.34
47.82
59.08
79.04
73.58
56.1
56.03
64.54
66.44
52.4
60.1
61.51
61.31
63.29
61.57
59.52
80.17
86.56
88.41
80.77
73.7
73.72
72.29
70.92
65.62
62.23
73.63
75.29
74.6
75.84
66.77
86.02
60.75
65.45
84.51
68.95
74.77
71.75
55.53
70.19
85.38
64.22
81.28
71.95
58.65
62.52
76.71
60.52
64.34
61.36
64.23
67.2
71.06
64.25
59.52
80.99
62.79
81.58
91.48
89.61
76.07
86.17
79.7
87.76
83.14
72.39
76.91
77.24
75.18
74.05
76.62
75.71
75.42
85.47
75.52
87.99
69.11
64.54
68.81
69.98
72.13
68.07
65.21
81.08
63.03
66.52
66.23
62.68
51.32
57.64
69.66
62.09
62.74
66.12
66.01
65
59.54
63.92
57.43
65.79
86.95
70.48
67.93
69.15
69.78
69.66
67.7
76.29
68.36
77.03
81.06
74.76
71.5
70.95
69
69.8
69.58
65.42
75.85
69.11
72.61
70.61
72.43
72.45
70.67
78.82
62.12
67.89
70.21
74.2
67.61
87.25
76.49
69.27
70.36
70.93
71.13
69.24
75.02
71.36
71.73
85.4
85.48
78.42
85.51
86.62
83.68
75.65
75.89
73.7
74.42
74.81
70.35
69.53
72.99
74.28
76.48
72.15
78.28
87.54
76.6
72.56
72.24
69.14
74.28
78.41
83.66
86.05
82.44
82.84
59.95
61.63
56.52
65.78
75.94
81.36
72.67
73.24
70.54
69.7
86.12
85.21
83.32
88.91
77.59
78.06
85.91
76.22
82.24
90.96
86.84
90.01
89.09
88.47
92.94
91.29
94.17
91.29
88.02
77.29
80.29
80.32
76.76
85.07
85.25
80.68
86.24
86.06
83.09
94.49
93.22
93.6
86.21
81.26
77.99
81.21
91.13
76.72
61.32
87.11
93.95
93.73
90.92
89
94.73
93.01
94.82
73.71
77.95
90.42
81.75
74.79
88.18
81.39
79.12
84.12
83.06
87.79
82.63
81.13
77.38
79.98
80.45
77.43
81.42
92.49
90.01
92.18
89.23
93.46
94.73
70.63
58.92
76.7
91.87
90.74
91.27
94.4
95.37
95.72
88.18
84.92
88.71
86.88
85.48
85.74
93.49
91.87
93.06
88.74
84.88
77.47
78.07
80.76
75.09
76.25
70.72
74.02
70.52
76.14
63.2
63.92
68.81
64.23
79.8
84.59
91.83
77.75
76.14
81.72
86.67
91.85
80.5
70.63
73.37
78.06
81.2
81.12
84.64
90.47
82.68
65.12
68.25
73.27
76.2
74.64
81.11
57.59
47.88
70.62
61.04
65.07
73.17
46.91
56.84
61.31
55.35
48.81
71.83
86.87
71.66
56.72
52.18
60.01
66.88
65.93
65.65
56.6
56.07
60.71
87.46
82.86
77.46
75.1
60.73
69.09
61.98
51.76
50.62
83.6
65.39
70.85
59.64
52.81
75.41
47.89
61.68
66.63
60.63
57.83
73.14
89.05
89.63
83.4
76.44
74.52
60.56
75.2
66.24
57.92
62.42
63.89
72.65
66.42
65.91
63.82
64.34
61.3
57.7
56.65
53.17
63.37
72.89
82.26
93.03
71.17
64.19
73.16
68.27
64.18
72.37
78.5
89.77
82.66
84.36
77.58
67.09
66.87
60.39
74.32
76.86
66.59
66.55
61.26
62.49
64.98
64.74
70.38
74.05
81.84
79.38
75.5
91.43
87.24
84.64
67.45
71.28
73.85
72.7
63.78
55.54
46.04
46.34
63.97
73.55
69.74
90.71
87.47
77.81
79.11
79.8
79.61
57.24
52.14
58.61
74.59
80.31
61.92
63.27
64.73
61.97
63.48
67.92
67.79
65.27
68.61
64.44
50.32
57.71
57.35
57.69
60.63
62.29
77.12
69.78
71.44
73.8
69.54
69.33
65.92
73.78
72.2
68.3
71.86
78.89
73.6
69.83
65.45
61.57
75.16
90.31
77.72
72.59
74.94
85.46
73.34
75.42
85.13
85.18
73.53
84.11
79.21
76.02
74.59
80.28
83.05
80.02
76.72
72.51
76.7
80.91
75
75.55
74.32
72.03
82.4
82.71
79.21
77.49
90.74
75.3
88.59
83.35
56.94
73.07
85.01
88.01
78.38
84.16
93.23
93.93
86.87
79.52
79.45
86.16
82.74
74.44
79.15
88.12
94.17
91.68
86.56
77.49
79.77
81.46
82.06
84.32
89.53
93.02
89.39
81.91
80.91
81.03
81.51
81.61
78.1
82.73
89.7
94.69
87.38
88.16
85.89
85.24
84.53
85.17
87.43
84.23
81.31
83.31
91.33
92.89
85.73
94.12
83.92
83.96
82.29
76.65
88.33
69.86
74.76
78.45
70.62
68.01
65.34
76.17
84.96
86.94
86.61
80.78
86.22
79.57
85.59
77.22
85.82
75.72
68.36
71.56
66.96
67.34
82.89
85.39
89.38
94.68
93.25
94.74
94.62
88.18
83.86
84.74
93.55
88.1
93.5
92.5
88.98
93.64
96.5
95.4
91.31
88.86
82.07
83.37
82.33
83.45
84.96
82.27
78.05
62.52
60.31
61.66
76.4
80.97
88.05
82.21
81.27
85.7
87.55
87.66
89.35
78.92
60.78
72.14
78.55
82.3
90.02
92.63
93.79
94.68
91.61
89.76
84.73
83.1
75.11
78.26
77.36
91.9
97.05
94.15
91.13
87.19
84.23
82.81
93.88
96.4
95.99
70.19
70
62.98
67.6
76.24
74.85
80.92
92.22
85.83
87.85
81.04
76.03
76.05
79.46
82.99
75.84
67.27
76.26
70.32
72.88
78.19
77.02
69.17
67.66
74.23
93.09
81.04
93.04
95.03
93.03
84.65
78.39
70.74
68.12
61.58
58.19
59.56
65.36
83.64
77.78
84.93
78.86
83.72
80.44
80.51
55.48
45.84
52.87
52.88
59.3
62.81
55.67
51.09
57.9
64.47
85.89
75.91
76.54
70.49
53.88
59.81
58.85
58.25
54.36
50.84
57.09
85.5
87.66
68.58
58.11
55.9
69.88
66.52
62.63
67.71
60.08
65.36
57.4
49.08
36.52
38.11
46.27
63.34
49.33
53.49
62.26
61.4
59.6
55.86
54.29
53.75
53.67
54.12
51.1
47.26
69.01
87.8
79.06
76.24
82.18
85.52
88.39
70.89
75.02
57.59
60.91
60.61
56.6
74.52
63.76
58.89
57.53
55.69
64.55
63.5
84.64
57.18
69.02
69.37
70.17
65.82
70.63
67.55
66.62
64.6
57.66
55.4
59.97
81.42
65.75
63.85
63.54
77.7
69.4
75.18
82.9
77.1
70.79
71.81
80.51
83.49
61.79
60.45
65.73
66.82
75.91
70.71
66.53
68.86
60.24
88.07
66.55
64.05
65.33
66.81
84.86
60.49
75.49
69.69
52.52
54.2
57.72
41.5
63.96
68.44
67.76
77.62
68.32
61.42
55.14
55.76
57.39
60.12
59.66
56.08
62.48
63.51
61.33
55.4
60.31
67.91
83.79
66.94
73.66
87.72
88.45
81.82
80.36
71.89
91.96
73.96
75.03
75.41
76.66
71.97
73.41
89.08
76.85
76.72
68.99
78.35
72.79
66.9
65.89
69.28
72.6
70.28
72.85
74.39
71.24
68.69
76.9
77.66
72.66
75.06
65.34
65.57
69.85
64.64
62.07
65.85
70.35
56.1
62.54
73.32
78.21
75.59
69.55
65.61
64.32
70.01
74.33
80.66
71.11
69.49
68.69
72.02
68.17
73.56
70.23
71.27
63.56
75.85
74.3
75.72
80.96
73.68
74.2
73.42
72.41
74.84
74.4
63.94
68.48
73.12
67.77
70.93
72.08
71.62
70.82
85.73
81.17
74.2
80.63
78.49
83.63
76.47
67.51
72.01
68.76
70.4
66.52
67.12
87.7
78.04
81.92
90.58
92.9
91.39
88.79
91.55
89.98
87.43
84.5
87.7
92.91
89.76
90.12
76.29
69.57
79.88
85.29
89.26
94.69
92.59
72.74
82.39
81.72
82.86
85.62
93.3
93.93
94.43
94.25
93.77
92.91
92.96
93.51
93.89
92.94
91.85
93.13
89.06
94.23
94.62
96.87
96.45
97.25
87.53
79.3
80.54
83.95
64.46
67.26
78.26
75.53
90.29
89.52
82.93
93.78
84.93
77.38
78.69
83.24
71.94
81.75
82.73
86.09
83.97
70.09
77.17
87.91
93.52
94.21
93.31
77.28
80.1
76.37
92.05
88.18
80.78
59.6
61.57
72.23
72.02
72.88
76.04
71.68
70.83
65.27
66.23
63.35
60.69
60.88
61.38
81.43
71.17
63.84
72.94
86.83
66.55
62.9
74.95
77.58
75.62
76.28
70.12
65.87
54.77
52.87
41.59
45.58
63.87
77.59
70.46
71.33
74.11
78.29
69.64
65.85
67.24
66.63
63.52
58.51
64.54
73.94
71.23
67.75
69.68
70.66
61.54
65.99
71.98
50.84
72
64.69
79.62
72.73
49.61
52.48
53.85
56.5
50.48
43
56.96
57.95
58.89
72.97
67.07
66.89
60.44
60.93
44.6
47.78
59.54
57.37
60.47
54
50.78
50.03
45.85
31.3
34.72
48.66
49.3
64.74
51.14
38.38
40.41
44.84
54.76
62.95
85.32
87.66
52.91
46.89
43.31
50.03
75.57
71.7
75.67
71.95
73.72
50.13
61.19
59.81
59.96
72.15
73.73
76.81
76.83
62.3
43.95
55.24
52.33
45.01
49.06
52.81
50.42
69.09
83.77
58.96
59.6
83.55
69.59
63.53
58.36
60.44
68.25
59.87
64.69
66.47
61.71
46.37
54.96
59.61
62.94
80.47
92.42
77.15
64.36
52.36
58.47
57.15
64.65
68.04
69.39
80.89
71.18
78.04
66.64
71.7
64.25
67.03
65.3
56.89
79.81
79.94
86.02
90.54
73.63
69.26
70.18
61.07
62.75
61.88
62.95
62.19
64
63.48
55.92
57.69
82.51
70.17
63.14
62.77
62.82
63.25
59.78
53.23
55.08
62.98
64.03
58.97
56.79
53.31
54.63
69.77
71.59
68.66
75.94
70.66
85.85
66.79
62.28
60.05
55.52
65.92
83.52
70.62
54.35
74.45
85.69
80.7
73.07
66.47
75.76
70.04
69.74
62.79
64
72.68
70.99
64.44
49.29
51.49
62.55
68.97
63.65
70.04
65.51
60.1
53.6
53.96
53.13
58.31
58.67
55.54
52.43
56.45
54.68
59.08
51.3
49.46
72.67
64.51
61.83
60.66
56
69.73
86.43
76.54
70.64
69
68.01
62.21
61.66
59.37
60.23
58.6
57.66
68.79
86.66
67.92
69.9
71.19
76.63
77.9
82.11
68.51
68.44
67.92
70.29
71.5
72.49
62.01
68.23
74.58
84.01
72.29
80.86
88.44
83.49
80.04
72.61
79.4
79.2
72.09
76.85
79.99
84.04
86.45
87.86
88.11
82.04
91.15
86.35
75.72
78.29
86.75
91.38
87.56
94.49
93.4
90.87
92.53
92.29
81.35
87.53
80.73
76.75
92.37
91.56
80.46
72.44
87.22
88.15
79.15
77.1
85.06
82.54
79.56
91.52
84.36
82.27
86.33
84.67
85.68
91.82
93.25
93.46
92.29
92.18
93.32
88.09
90.19
85.81
63.58
72.24
82.54
78.4
81.09
91.28
81.45
88
93.35
93.47
81.44
81.43
62.8
74.82
78.43
70.3
75.37
78.95
85.72
96.92
96.96
96.12
91.61
85.43
94.15
92.56
91.4
86.89
73.77
87.64
85.6
82.97
81.35
87.1
89.53
89.02
95.7
81.8
79.86
74.3
88.61
91.3
91.6
92.93
94.8
85.77
74.48
89.84
94.13
93.72
90.03
90.24
88.26
85.01
89.25
95.38
92.24
95.48
93.72
76.83
78.83
81.39
89.21
90.4
79.29
59.84
71.53
81.91
57.16
64.01
74.34
90.07
74.37
69.36
68.91
85.8
75.99
92.24
92.36
90.55
89.62
84.57
82.84
80.52
75.03
77.76
72.23
84.56
88.7
95.12
93.32
94.76
85.7
85.03
87.69
61.75
66.53
66.3
63.47
63.86
71.48
71.44
83.76
92.77
82.71
82.39
79.41
80.39
41.95
52.09
54.82
78.35
70.15
66.91
58.36
53.7
63.88
84.15
85.16
86.07
73.61
72.3
90.79
92.09
88.05
77.6
89.37
85.48
72.65
88.42
75.78
67.91
60.36
64.43
68.11
65.08
65.21
68.45
56.79
53.84
51.08
60.05
59.87
58.65
71.6
66.38
69.37
68.97
55.47
56.28
47.2
53.09
57.94
57.54
55.02
61.5
85.35
78.18
76.77
85.02
86.82
79.32
77.19
69.5
68.84
85.56
67.48
49.95
64.22
58.46
71.2
88.14
60.67
57.53
58.37
54.11
67.35
59.42
64.43
83.05
75.89
79.5
70.55
65.45
88.72
86.69
85.34
86.05
73.05
82.6
83.31
78.66
74.62
75.7
65.08
66.83
85.28
61.87
61.88
66.41
69.1
71.55
68.81
68.09
69.68
66.21
52.65
68.47
72.68
88.66
75.49
65.99
61.39
66.02
63.95
64.34
60.86
62.55
59.66
59.77
58.09
64.83
66.29
58.39
60.53
60.93
75.62
64.25
67.02
60.78
66
58.38
57.76
57.84
59.78
54.51
50.56
54.49
53.19
58.04
64.1
61.33
59.04
57.77
40.31
47.73
51.47
55.35
54.66
54.12
49.92
60.76
52.66
46.75
44.64
57.8
67.61
59.22
57.15
67.26
87.38
62.19
59.23
60.02
60.91
59.53
58.58
54.3
56.93
63.22
86.53
90.48
85.17
84.07
81.93
63.04
64.05
66.7
80.82
71.65
61.28
75.02
73.86
70.2
65.83
59.79
85.35
82.72
80.03
78.6
77.56
70.16
76.8
78.86
88.06
82.56
74.33
74.83
72.12
74.15
74.4
76.81
80.82
79.7
82.87
81.17
91.01
92.59
75.88
71.49
71.89
72.41
75.88
87.88
81.3
75.72
82.69
83.55
85.83
86.33
81.71
83.26
85.32
75.84
71.32
77.61
75.32
68.85
75.97
79.21
66.45
75.65
79.43
82.07
79.47
73.6
76.34
79.89
76
78
82.57
82.03
87.43
90.06
89.69
83.41
84.18
84.29
89.8
74.86
74.14
84.47
79.35
89.02
89.52
90.45
86.49
89.25
92.41
92.6
91.26
89.83
87.37
55.02
62.72
63.16
69.01
69.73
80.68
83.43
80.69
84.71
84.75
83.66
73.16
63.43
74.84
74.69
77.7
66.13
81.22
94.87
95.54
94.54
95.25
94.69
94.06
91.86
91.72
91.22
93.61
95.45
77.64
62.4
73.77
88.31
86.97
85.55
79.93
89.46
89.58
77.77
83.27
87.04
82.88
86.31
92.53
95.32
95.76
93.4
93.69
82.75
86.62
81.08
89.33
81.16
68.24
73.2
81.32
89.82
79.24
83.07
84.2
92.62
75.54
78.05
81.85
85.87
85.17
86.53
84.5
84.1
90.99
88.98
90.57
91.08
94.1
79.86
87.51
83.07
85.55
90.48
89.92
80.2
80.52
69.46
74.34
91.92
92.79
87.02
85.08
89.45
83.98
72.38
71.91
86.34
76.9
72.39
72.03
68.17
76
87.28
83.54
67.58
65.23
64.99
65.83
65.48
65.44
55.09
52.07
57.12
60.87
60.18
49.2
53.89
63.11
55.18
50.94
48.22
50.95
65.53
77.79
75.11
67.33
68.65
55.47
59.28
58
61.73
60.14
61.62
60.72
62.61
71.12
81.32
73.77
65.94
57.84
74.6
66.27
75.82
75.94
68.12
61.6
57.86
55.63
48.2
65.88
86.76
84.93
80.9
77.2
74.55
91.33
85.63
73.73
74.32
78.28
70.18
70.27
76.68
79.08
48.22
57.8
61.44
67.83
73.61
71.32
71.03
84.52
70.35
89.21
61.93
61.29
81.33
82.93
82.82
68.33
62.05
65.32
63.92
63.04
69
70.02
80.95
65.95
74.77
70.99
61.37
65.41
67.69
63.53
72.62
66.62
73.53
63.97
63.71
63.71
61.43
59.14
57.49
68.7
67.59
59.99
56.1
58.71
71.03
60.02
57.86
73.9
61.72
60.59
63.21
83.92
89.46
65.64
65.11
63.63
61.23
81.65
63.71
68.32
66.64
60.84
65.33
65.38
65.03
71.93
78.41
86.54
80.64
65.29
78.99
80.45
70.79
62.37
60.54
63.6
65
66.93
67.74
87.88
70.05
66.06
76.88
70.33
85.43
88.31
79.84
85.68
84.36
79.61
76.5
74.36
79.76
76.39
70.4
70.37
69.27
73.95
76.51
74.53
78.54
81.51
89.9
80.8
72.77
67.33
71.53
77.8
85.24
77.39
79.6
87.26
80.35
73.94
79.9
82.56
70.94
73.45
75.69
81.58
89.48
88.58
82.86
82.44
82.42
90.56
86.76
81.48
83.69
90.77
93.34
92.19
86.98
91.55
88.96
87.74
83.43
79.85
80.21
83.71
79
77.02
71.43
75.99
88.01
90.39
88.8
81.38
81.84
93.08
90.72
89.05
86.88
89.02
83.32
84.11
84.4
77.48
66.77
73.37
77.93
83.38
71.24
70.99
90.05
84.49
87.86
82.64
81.18
82.2
89.63
81.35
85.65
80.7
90.51
92.21
89.53
90.32
86.9
85.71
84.47
84.1
86.11
87.36
65.53
65.88
88.16
92.06
87.82
91.4
85.39
81.8
89.33
86.93
88.76
90.09
86.91
93.89
84.04
85.29
82.83
86.4
86.19
89.72
90.85
91.39
83.58
77.8
93.09
95.08
95.05
96.72
96.68
96.26
95.39
96.2
96.59
95.18
89.86
71.19
77.27
82.74
79.38
72.07
88.34
92.37
96.32
93.42
90.57
80.67
84.39
65.14
70.21
71.32
86.88
85.03
77.7
85.93
86.97
63.18
67.72
73.82
66.09
83.84
87.6
73.32
80.59
81.2
79.84
85.73
83.36
71.29
87.19
71.7
67.19
73.01
87.98
71.16
66.11
88.27
90.74
93.4
95.26
95.18
91.38
85.8
72.94
74.01
91.91
84.8
85.73
92.9
88.07
93.09
92.04
93.41
89.69
81.32
75.24
72.55
74.05
77.81
84.93
86.99
86.86
84.1
82.48
78.96
78.66
84.13
79.98
79.48
68.43
57.94
85
93.43
94.44
72.26
70.23
83.45
79.87
75.25
77.76
60.51
59.53
55.31
56.11
65.44
65.47
66.58
65.41
68.85
55.64
64.9
75.99
84.1
77.39
69.34
61.49
63.23
63.05
54.56
61.53
63.12
64.96
77.58
81.5
73.8
48.68
56.37
61.55
62.2
48.75
52.23
43.64
61.44
54.56
50.23
50.57
60.51
65.26
59.39
56.07
60.11
54.57
46.49
47.8
42.6
62.16
67.22
61.46
51.22
39.54
43.01
44.26
59.01
61.38
55.39
61.05
84.25
52.68
61.92
72
79.39
85.91
76.77
61.68
64.13
62.49
60.76
73.33
56.12
50.29
55.26
66.88
77.69
88.54
84.19
76.19
71.83
68.85
73.14
83.38
86.76
91.35
77.68
78.98
77.84
55.63
62.14
64.8
65.18
78.02
72.45
68.53
65.75
62.7
64.54
66.83
64.17
61.77
64.89
64.48
66.1
60.21
48.68
55.8
70.28
65.69
51.63
55.97
75.55
78.95
68.52
61.8
86.79
77.81
65.57
57.11
74.67
68.95
65.05
64.37
59.34
58.51
58.49
56.04
58.12
60.62
58.84
72.35
77.79
65.91
63.9
65.6
83.99
75.55
68.7
70.39
69.43
63.9
65.22
60.5
64.07
61.29
64.62
67.39
72.83
77.5
86.43
78.94
82.66
84.03
66.13
66.8
69.2
73.72
71.92
65.14
64.29
62.74
59.96
57.2
56.14
54.06
51.66
52.37
57.51
58.8
67.81
88.36
74.47
73.75
80.88
73.64
74.16
76.21
66.69
72.87
62.47
75.45
66.92
65.39
64.54
57.69
52.46
68.22
74.13
74.3
90.24
80.19
64.4
65.92
67.09
74.36
84.85
76.87
71.49
67.82
75.45
65.62
61.7
56.39
64.1
65.02
62.12
69.29
68.11
69.76
83.84
74.15
63.42
61.6
63.27
66.47
71.41
74.53
81.1
76.05
82.06
84.85
92.03
90.08
90.45
89.9
89.18
72.95
88.06
93.92
94.88
92.52
89.63
90.18
90.76
83.27
84.64
80.25
84.82
85.25
88.94
86.23
87.04
90.08
90.31
83.65
84.04
73.53
78.16
78.36
84.25
85.28
85.02
81.19
78.58
82.9
70.92
74.05
78.4
83.78
84.91
79.17
73.22
81.98
73.29
82.43
70.71
85.59
81.75
87.29
81.18
81.76
82.44
72.86
81.74
74.41
68.35
72.18
87.34
94.33
90.99
94.61
95.34
96.68
96.64
94.64
77.25
87.16
95.07
92.53
90.7
93.68
92.94
95.64
95.95
93.98
96.48
94.9
94.33
91.51
89.63
94.43
90.1
94.18
90.03
93.02
78.61
86.66
86.01
91.29
83.33
85.51
89.88
93.29
93.29
95.03
95.12
95.78
83.1
85.08
78.27
69.6
83.56
75.66
71.28
67.56
76.11
77.59
76.47
75.18
84.82
80.19
84.38
76.83
80.68
74.08
81.04
81.18
76.4
82.97
82.57
89.32
69.39
72.55
70.77
63.3
63.72
66.7
87.85
74.99
88.79
92.25
88.43
91.62
82.05
92.36
95.2
92.38
83.1
68.57
66.21
72.45
65.28
80.36
64.21
72.11
86.45
92.22
78.22
73.73
85.16
66.71
59.9
69.82
85.69
81.25
72.22
69.66
75.92
73.26
78.17
61
80.8
83.13
71.03
70.26
67.85
68.78
67.86
70.26
69.42
61.03
62.12
73.74
66.37
69.96
73.45
72.46
56.95
55.12
54.23
52.89
43.76
42.13
53.32
60.61
78.71
74.27
67.79
68.77
71.44
61.21
71.58
58.04
45.04
47.38
68.58
53.43
50.42
56.76
56.58
65.18
57.53
51.86
51.54
78.55
82.38
64.8
67.05
89.26
91.03
67.95
71.06
71.71
67.56
68.34
69.6
68.11
82.94
86.36
93.14
77.74
84.83
74.37
69.39
69.98
70.74
68.44
77.99
66.18
62.13
66.74
86.54
67.16
73.3
68.21
64.66
64.06
65.92
64.83
70.82
80.73
77.6
78.95
86.45
72.17
60.7
67.46
74.73
80.95
81.43
83.97
78.59
75.63
82.89
68.13
60.98
67.22
82.86
86.31
74.86
71.13
71
72.34
74.66
76.16
81.3
66.12
66.74
67.95
70.88
68.43
67.51
63.73
63.85
65.26
61.11
65.76
66.45
63.14
58.94
63.48
75.26
67.76
60.68
74.69
70.08
71.13
67.37
70.25
71.05
75.95
77.64
75.96
83.91
83.98
80.07
81.2
72.71
71.38
71.37
76.33
64.34
66.92
66.94
73.67
66.88
60.84
65.42
68.47
88.29
74.74
69.38
73.38
70.17
81.48
81.42
78.24
82.14
88.61
82.66
85.26
75.78
62.96
70.71
72.22
70.8
72.77
69.65
74.59
68.07
67.07
70.95
73.6
73.04
74.95
81.03
88.48
81.51
77.14
73.6
72.91
73.11
76.25
77.3
76.9
75.67
69.85
82.1
86.55
73.7
59.93
74.21
71.47
71.85
72.51
72.74
77.68
72.91
72.49
72.75
75.7
69.81
86.7
88.06
81.63
60.42
70.47
87.26
79.53
81.71
90.48
90.31
82.82
82.53
75.06
89.49
85.83
85.54
90.4
88.52
94.29
93.51
87.64
86.53
81.92
78.79
83.03
81.58
85.02
80.73
82.32
80.06
76.19
77.68
85.49
83.51
80.44
86.68
89.58
91.42
87.77
83.62
90.48
87.34
70.06
80.14
82.95
79.26
85.36
77.74
78.25
85.61
82.7
79.95
83.91
88.44
92.45
92.43
86.96
55.61
65.65
65.18
69.2
69.19
79.4
84.62
86.29
94.55
93.86
95.3
91.85
79.84
80.4
70.95
63.83
77.24
79.56
84.18
87.95
94.38
94
94.71
93.19
92.03
93.08
95.35
93.04
86.45
62.28
74.37
68.13
79.36
80
75.75
84.63
79.17
70.67
66.93
54.27
53.2
80.76
75.79
74.11
67.83
66.93
86.79
89.16
87.35
83.88
73.84
71.67
77.6
79.37
79.66
81.33
88.54
87.85
80.22
83.25
86.48
89.73
90.96
90.17
89.5
94.37
92.27
78.68
86.2
87.87
93.87
77.98
79.03
84.27
80.65
79.52
73.55
74.69
78.92
77.82
84.07
92.04
85.4
79.17
82.2
69.91
73.81
63.23
68.63
61.56
65.77
63.95
55.72
76.03
66.22
64.67
54.62
72.09
80.32
68.89
59.04
64.23
66.95
55.8
62.09
63.24
62.75
69.66
62.74
56.14
72.79
68.92
69.71
69.09
69.96
68.45
71.18
62.04
51.34
53.06
50.99
51.96
59.37
58.6
48.82
50.29
51.88
63.28
74.65
57.08
69.38
69.82
65.57
57.98
62.4
54.62
57.92
63.38
76.08
62.57
58.46
61.22
68.82
62.22
51.76
52.53
49.76
55.45
54.66
52.37
83.55
91.25
75.99
64.43
62.98
67.27
89.41
78.21
88.02
65.31
81.58
63.72
68.25
62.45
62.47
61.81
76.77
70.03
85.17
64.18
59.27
57.21
54.31
55.58
63.81
59.33
73.42
83.96
61.66
58.95
58.45
57.74
57.93
60.12
69.89
66.75
70.88
71.63
70.98
70.64
73.71
81.83
63.61
59.16
71.4
57.54
63.15
66.21
57.05
63.63
74.51
56.09
51.43
56.98
55.99
64.51
59.21
58.13
62.31
82.95
70.31
65.98
74.94
67.97
62.37
67
68.42
61.12
60.65
58.3
66.13
74.65
65.15
65.81
56.88
63.48
72.51
60.26
73.01
65.97
57.32
56.14
54.14
54.56
60.55
59.61
63.8
71.95
84.2
66.66
78.32
79.11
66.1
57.42
63.15
64.26
59.8
58.81
56.32
57.85
66.46
76.28
69.46
76.6
72.89
72.19
73.32
65.39
64.4
64.45
62.14
61.77
64.31
60.01
70.94
69.19
62.16
62.31
63.17
64.18
64.91
64.02
63.06
79.28
68.39
61.84
62.72
77.34
82.3
76.54
63.75
66.81
75.33
90.49
80.96
76.76
73.73
89.01
83.8
72.46
67.29
89.13
91.6
93.09
88.1
94.05
76.56
65.94
71.38
77.51
84.79
85.69
87.67
87.73
79.26
78.1
75.56
76.47
77.3
87.51
83.29
75.22
82.11
77.14
83.03
78.87
81.98
82.94
81.25
83.1
82.79
84.96
82.62
84.88
77.79
90.87
89.45
90.39
94.23
77.99
66.7
83.25
83.09
87.34
79.62
63.44
73.92
74.78
78.14
81.83
84.11
78.2
74.75
88.82
84.74
94.04
92.61
88.76
87.18
85.77
71.6
62.17
79.74
84.55
87.69
87.51
92.79
69.77
74.4
75.56
77.01
95.03
83.16
76.72
73.44
71.4
84.83
93.38
95.44
85.32
73.02
80.26
85.27
87.23
95.86
85.46
89.36
80.05
72.91
78.28
93.21
88.35
92.7
92
90.79
82.06
78.68
86.24
82.2
88.54
82.23
74.96
88.67
78.56
72.54
86.16
83.72
81.22
74.33
85.55
94.18
85.3
78.45
79.41
76.14
90.78
97.25
95.73
96.42
93.57
91.51
94.57
87.06
89.44
86.36
89.08
66.33
82.03
83.57
77.89
71.92
80.12
80.72
80.02
90.79
92.92
92.29
83.63
80.15
88.45
72.81
95.61
95.44
87.51
89.02
86.72
95.68
92.88
85.84
84.97
80.23
91.27
85.06
78.1
70.79
74.63
87.93
85.77
72.56
94.3
89.32
91.06
91.74
67.33
60.69
66.44
74.11
63.89
76
85.43
77.68
68.98
84.56
88.11
82.66
79.16
67.5
64.15
73.5
67.19
70.23
77.95
76.74
89.69
93.85
83.93
80.75
67.76
59.42
59.46
70.86
66.47
72.56
67.83
77.49
76.34
81.03
87.45
86.85
64.36
50.8
44.44
54.28
72.75
58.82
73.5
68.62
60.05
68.8
58.14
70.11
63.69
60.21
70.81
74.4
66.45
57.19
55.95
58.24
57.74
59.38
68.74
71.94
62.42
75.19
75.62
69
60.07
54.76
52.34
71.72
72.06
69.13
74.01
49.44
59.5
66.53
68.69
75.12
84.48
76.09
74.77
91.95
88.08
79.3
76.4
74.19
74.41
73.62
67.65
77.52
79.73
83.22
85.83
75.69
72.23
74.43
72.03
69.24
70.63
81.16
77.41
75.79
74.26
74.05
77.66
81.91
81.33
84.77
76.71
71.52
72.72
85.49
81.09
62.99
63.26
67.98
57.51
54.28
64.38
68.93
74.76
65.56
73.34
79.97
72.43
72.3
86.41
81.28
63.68
59.32
66.29
67.08
77.17
70.97
90.86
66.57
59.36
61.1
66.55
91.64
79.57
74.44
76.96
78.56
75.39
67.9
57.52
61.03
67.49
71.54
84.21
81.73
65
63.07
65.84
73.72
75.97
68.09
64.4
62.77
70.15
83.58
79.21
68.27
69.68
71.41
71.31
69.01
65.5
69.97
77.79
64.67
66.14
84.27
69.58
65.21
69.85
70.21
66.01
65.12
63.4
65.03
65.26
76.42
82.36
82.02
65.31
69.63
72.17
71.35
73.13
88.57
91.89
90.07
94.52
78.94
75.61
79.89
76.15
76.2
73.95
70.91
73.28
78.31
79.35
81.36
75.89
74.38
71.16
75.6
77.07
75.52
85.85
79.08
64.73
62.43
68.6
68.68
67.7
59.45
71.03
71.06
79.28
74.11
75.15
73.92
75.44
90.12
86.14
83.83
80.76
80.03
79.1
78.07
72.19
73.44
81.18
82.05
78.78
79.31
78.51
63.53
71.33
73.78
73.56
73.35
79.65
84.15
88.71
82.43
54.24
71.94
77.49
88.47
94.14
93.87
92.23
87.83
84.29
91.49
94.12
87.15
76.23
76.95
89.56
84.97
83.9
80.6
71.27
77.28
94.31
94.75
95.97
95.58
93.78
94.61
95.94
93.93
81.94
68.32
79.27
75.76
80.25
88.64
93.31
83.77
70.69
79.53
80.59
86.63
77.74
76.1
75.27
79.56
93.48
94.97
89.1
83.73
88.97
92.4
87.34
90.98
91.74
74.07
82.25
76.23
78.82
82.8
78.72
87.44
81.64
85.9
73.09
82.83
70.46
59.61
62.47
77.91
70.77
74.21
86.52
82.6
86.19
63.84
66.4
61.36
63.22
63.8
54.82
65.78
87.9
82.22
84.48
76.57
87.34
92.55
85.49
69.25
71.53
73.9
92.86
92.49
93.03
94.74
83.75
72.28
80.62
78.93
87.1
84.62
84.15
85.79
89.62
81.25
76.79
59.31
66.77
71.01
78.41
75.39
71.56
71.25
71.52
72.55
72.63
72.05
48.6
52.9
50.6
50.47
50.24
46.46
51.74
76.8
62.47
50.03
67.76
60
48.18
60.87
65.2
62.28
60.8
63.19
64.05
62.95
52.12
64.81
61.91
78.91
70.3
55.34
56.44
54.24
58.01
56.48
71.06
50.93
61.38
65.08
60.88
57.35
54.29
55.06
49.83
57.72
55.45
76.04
78.36
70.38
64.85
57.95
70.08
81.98
60.2
64.44
81.72
63.63
55.81
56.18
60.82
56.29
47.46
48.6
48.24
75.81
67.82
50.99
53.82
68.3
57.64
64.9
76.28
54.68
48.09
69.11
90.54
84.92
72.42
61.74
64.11
83.92
77.73
74.81
70.03
71.46
62.75
89.83
86.65
82.39
76.89
82.08
74.17
71.81
67.51
71.11
60.85
60.16
65.38
87.88
89.9
90.98
83.06
69.87
68.48
72.93
69.26
68.95
75.89
70.02
57.65
53.01
60.54
67.65
65.12
61.8
61.82
62.95
70.52
67.57
71.06
77.94
77
69.73
70.45
84.86
91.37
72.55
73.25
70.25
74.3
49.66
59.28
62.44
59.65
72.69
69.33
67.65
69.25
67.12
75.32
77.32
78.73
60.13
58.93
73.65
76.71
62.1
60.15
59.92
61.12
77.33
69.16
65.87
68.17
68.99
60.03
61.64
63.33
75.51
77.32
89.1
83.64
74.55
71.53
73.49
87.77
78.97
70.55
71.76
72.9
66.76
81.71
75.55
72.25
62.86
70.73
68.23
73.74
67.32
78.12
72.24
69.56
68.35
71.52
67.73
72.17
75.92
74.86
81.19
81.37
76.6
73.96
77.43
68.22
69.62
69.3
77.33
67.8
66.93
69.38
77.91
88.05
84.02
86.25
77.65
76.35
71.75
72.26
74.45
71.37
75.54
79.38
65
67.08
66.01
68.23
65.14
73.67
74.53
87.44
79.77
76.39
84.62
82.92
66.43
64.77
83.38
71.02
73.56
77.84
69.28
84.88
75.54
69
92.69
89.79
83.4
85.77
85.35
77.19
85.18
85.67
83.63
74.5
63.77
68.8
87.84
85.69
75.56
79.13
79.96
82.42
86.27
90.23
91.45
90.61
80.12
84.75
77.39
90.6
88.25
88.08
89.74
95.59
90.81
86.31
92.24
95.65
94.71
91.71
91.33
93.48
90.37
81.39
89.2
95.85
90.78
93.84
85.65
92.67
95.73
94.74
90.67
95.58
93.71
71.68
74.36
91.77
88.26
91.79
86.72
92.05
96.27
95.93
93.13
74.73
78.09
94.01
94.3
87.4
85.68
77.73
67.08
70.47
80.22
72.77
78.21
96.58
72.99
66.98
75.57
75.31
82.96
62.19
61.8
76.07
70.08
85.14
86.37
92.08
85.89
58.02
72.93
77.06
77.19
79.26
89.35
79.09
82.98
92.17
94.95
95.44
95.09
96.18
96.21
90.87
85.34
89.09
93.32
86.24
93.54
95.74
95.84
96.24
90.85
88.54
72.99
64.11
70.81
70.38
65.56
68.94
58.09
55.31
65.6
73.55
67.98
64.17
60.33
62.49
69.09
63.69
67.08
69.01
61.66
69.8
66.86
54.25
48.88
53.96
59.33
53.41
64.97
92.55
64.25
56.96
56.3
66.1
68.73
71.55
63.79
60.66
85.95
65.4
57.43
63.36
58.03
53.8
58.41
84.04
70.64
43.89
54.64
58.66
61.29
60.13
54.99
71.45
46.49
52.23
53.93
84.24
74.88
57.81
57.96
50.09
43.4
42.81
50.63
43.6
45.32
45.35
46.28
42.98
35.76
38.17
39.64
49.19
51.01
46.63
44.99
52.59
49.09
49.03
46.1
55.07
75.26
59.77
47.96
46.83
50.89
50.04
47.53
55.37
65.5
63.1
78.07
66.62
74.19
71.02
67.28
57.58
81.12
56.48
51.95
57.76
64.84
55.13
52.27
68.39
75.35
65.77
68.97
67.09
80.4
68.92
86.58
63.99
49.43
55.97
70.57
58.16
78.27
68.3
59.29
58.91
60.51
59.19
72.9
64.54
56.48
77.17
66.63
86.09
78.34
64.98
69.6
77.94
82.09
67.46
59.97
61.91
69.73
88.74
73.75
77.24
82.65
75.84
80.36
85.52
55.33
51.67
58.62
77.33
78.14
69.61
69.11
84.43
77.7
71.99
70.68
82.15
62.56
62.37
65.29
65.28
62.63
64.56
62.28
71.9
63.13
59.87
63.37
62.78
75.86
77.73
73.22
78.27
74.2
70.56
79.08
75.86
81.44
90.16
79.61
71.28
71.27
70.71
70.6
69.23
63.52
68.27
79.54
81.96
78.32
76.49
70.66
68.11
70.13
69.88
79.79
76.96
76.83
82.39
85.52
85.93
84.11
86.84
75.25
74.19
74.19
72.97
74.84
75.5
67.82
72.38
65.75
70.02
70.79
75.12
80.57
80.14
77.15
82.62
77.39
76.44
76
71.18
68.75
76.3
73.19
79.06
75.64
76.33
75.7
76.27
76.52
71.15
64.28
73.76
73.47
76.56
74.85
79.71
79
88.47
87.67
82.15
90.96
84.93
74.86
80.28
83.41
78.31
77.91
85.26
74.41
90.5
79.77
82.97
83.37
88.48
79.26
86.2
75.86
94
91.3
89.39
85.13
84.79
80.77
72.21
84.53
87.34
93.63
90.97
75.62
88.52
89.72
94.01
91.91
80.86
92.96
87.03
85.43
76.84
70.01
80.52
84.5
91.65
94.66
91.18
92.75
86.66
91.24
91.81
94.35
92.87
90.23
87.46
94.52
75.86
76.57
75.46
83.11
80.68
92.21
91.5
92.1
93.77
82.08
83.24
92.48
87.92
95.7
95.64
95.62
90.21
89.34
95.24
93.82
96.41
95
95.7
94.33
95.21
89.45
92.02
95.13
96.88
97.03
96.91
96.64
96.45
85.09
84.74
93.29
67.3
86.71
86.36
85.01
94.37
91.19
