19710101
68.73
79.16
85.2
86.57
85.8
77.35
81.77
84.4
91.62
88.77
84.29
82.35
87.13
84.16
90.47
90.63
91.67
92.64
90.07
88.71
85.2
82.68
87.07
77.5
84.26
77.87
79.09
85.9
85.53
86.84
82.32
78.59
55.83
57.24
69.63
68.98
77.13
74.66
67.34
64.29
78.63
82.42
78.92
72.56
75.7
93.59
84.4
84.86
75.8
76.63
72.44
75.73
79.35
75.12
68.34
70.81
75.46
61.75
45.23
66
68.5
74.92
64.06
51.91
78.06
78.13
76.36
85.64
73.8
61.62
44.74
52.27
69.02
74.87
83.73
84.14
76.13
56.47
62
54.8
85.42
65.97
68.56
65.72
80.97
76.77
70.29
71.12
83.47
88.49
86.21
83.17
85.66
73.25
75.28
75.05
69.58
68.57
66.08
68.6
66.06
59.13
66.01
60.96
58.51
60.29
60.4
63.77
62.84
54.7
59.31
56.19
49.28
58.06
65.25
81.92
65.33
79.19
74.69
77.37
90.79
89.94
82.14
83.34
84.46
82.19
77.82
75.24
72.15
70.8
64.63
64.95
59.77
63
60.85
57.72
60.63
57.84
60.44
57.56
56.99
60.3
68.32
63.21
58.68
56.41
69.58
72.9
69.93
73.24
83.27
84.94
81.36
75.58
78.74
69.44
63.73
65.53
77.04
76.12
62.7
65.56
72.19
68.88
70.3
53.93
62.42
64.06
72.6
64.64
69.41
67.89
68.3
59.17
60.44
78.71
77.27
78.13
64.06
73.52
68.84
68.21
60.13
60.12
63.84
64.52
64.86
60.49
51.26
52.84
54.54
61.78
62.33
73.57
62.77
68.83
70.03
76.49
86.09
70.82
62.66
55
68.59
64.46
64.81
64.47
60.75
59.97
69.07
70.65
78.09
79.86
78.41
72.58
70.88
67.99
66.57
69.61
67.61
68.97
71.81
64.23
64.44
84.36
74.07
69.07
67.49
68.57
65.9
61.35
68.94
61.31
61.49
72.86
77.47
75.1
74.21
74.75
89.04
72.58
70.73
70.58
88.1
72.06
74.06
71.25
69.58
71.86
68.55
59.66
60.51
66.59
72.67
88.03
88.15
77.89
75.82
85.74
65.26
67.12
69.81
72.26
74.33
76.65
73.11
74.38
76.69
83.69
75.21
79.87
82.94
86.26
81.08
80.19
78.48
81.01
81.04
61.15
72.06
66.8
67.27
74.99
77.23
76.61
76.75
78.58
72.31
73.58
70.46
74.76
79.74
70.23
77.5
79.62
70.3
52.17
70.4
75.18
70.72
68.06
71.28
72.73
74.83
75.59
76.24
87.73
80.4
88.89
73.67
64.44
70.31
80.91
65.17
83.57
94.74
92.11
82.14
87.18
85.04
80.62
88.63
84.69
75.6
67.15
56.85
88.22
93.99
86.66
90.07
88.33
83.81
93.98
95.36
97.14
97.57
96.39
95.24
92.06
92.06
89.98
82.46
78.15
59.32
62.24
71.77
74.04
79.27
86.33
84.01
81.93
84.4
86.35
93.33
93.46
95.5
89.67
87.59
83.76
90.25
90.75
96.04
94.44
94.68
95.33
93.43
92.41
93.87
94.98
95.9
94.41
94.74
93.68
92.81
94.49
94.9
93.9
81.72
78.27
77.37
69.01
69.05
76.49
81.17
84.01
88.55
88.46
83.58
83.75
82.39
85.66
88.14
82.08
93.23
94.22
90.3
93.67
93.73
90.64
81.67
77.85
77.51
81.87
86.27
88.88
93.24
94.76
86.76
92.36
86.53
82.06
72.87
77.3
80
71.16
84.6
82.84
92.74
92.39
89.51
85.26
89.36
85.09
89.04
91.52
91.47
87.72
84.6
87.05
81.3
78.99
80.41
72.42
63.7
76.41
82.82
79.7
84.25
69.38
68.46
64.86
66.72
67.96
67.44
68.4
65.66
68.89
65.55
61.89
61.51
56.71
52.96
74.35
77.08
74.04
75.53
63.57
75.83
61.99
67.45
69.32
70.24
74.87
67.27
52.42
72.82
70.35
63.9
86.18
81.32
77.78
85.94
83.13
81.74
78.35
79.7
81.36
86.02
78.59
76.22
70.38
64.95
59.39
69.69
73.74
63.6
64.54
65.58
65.52
88.29
81.94
80.75
77.54
77.28
77.9
78.52
77.72
79.48
65.38
90.03
81.97
83
83.64
65.77
78.78
80.4
69.4
77.04
73.88
68.45
67.17
66.38
66.27
76.75
69.38
62.13
62.3
79.09
82.47
84.53
72.41
71.77
75.86
73.83
66.58
64.53
67.63
73.17
61.26
66.33
72.59
71.66
57.1
58.03
72.56
79.39
67.84
65.9
66.52
68.68
73.72
76.28
74.96
67.92
71.68
72.05
75.8
80.87
73.15
61.47
63.76
71.63
72.93
78.39
80.16
64.09
66.08
67.6
76.45
81.29
90.41
83.57
82.63
71.18
69.28
75.47
77.29
74.93
72.27
78.92
82.6
79.19
85.78
84.54
64.29
80.18
84.16
76.73
85.92
83.09
79.28
85.08
79.7
74.22
70.06
72.7
77.69
76.28
76.15
74.61
72.19
79.67
80.82
76.71
76.12
81.35
82.48
80.94
74.36
71.33
80.64
72.63
75.69
76.36
73.23
82.13
84.86
90.58
86.25
68.64
75.75
75.46
77.37
80.29
80.8
79.34
77.06
76.28
87.83
83.24
72.44
71.44
73.94
75.43
81.49
85.4
83.17
87.25
88.97
83.93
84.65
80.29
78.2
70.81
77.14
74.58
78.86
77.59
79.52
76.11
78.64
85.69
74.91
65.34
55.45
68.29
84.49
91.31
90.57
85.91
81.98
80.91
84.56
73.24
74.53
75.55
78.51
75.26
62.01
73.11
82.06
73.94
80.37
72.1
82.06
83.79
78.38
76.9
82.2
83.42
84.2
91.44
90.44
85.88
90.42
86.37
85.96
86.83
94.98
88.61
95.66
82.43
81.01
81.84
94.27
92.11
84.66
75.17
83.03
90.13
86.99
91.82
92.46
95.93
86.33
72.11
63.87
76.85
81.03
85.11
83.77
94.18
96.24
88.59
94.55
96.03
93.55
95.55
93.68
87.2
90.64
96.43
93.83
90.18
90.45
85.99
82.3
83.9
86.97
88.44
81.21
78.52
80.47
87.7
89.22
87.1
88.8
92.54
86.84
80.86
73.61
78.14
80.26
75.06
89.08
91.17
84.36
85.65
89.2
93.42
93.06
91.84
82.51
82.55
85.42
83.87
90.2
92.27
88.75
91.09
94.04
95.45
95.08
96.6
94.32
89.11
89.6
86.37
85.97
83.2
78.2
87.35
87.5
94.71
91.31
88.67
87.98
85.47
89.54
82.11
84.05
87.51
79.37
80.86
69.31
62.1
78.41
91.19
82.79
67.35
62.49
71.66
70.97
74.68
76.1
77.93
75.89
69.15
66.62
61.6
52.57
61.49
64.23
66.72
80.26
83.47
81.2
84.45
73.27
80.3
70.41
67.56
72.65
81.25
88.37
84.55
82.71
68.52
71.37
66.92
69.62
66.49
65.36
67.43
65.03
64.04
73.25
73.58
69.82
65.76
62.82
61.8
65.65
62.74
61.97
50.38
45
60.5
64.96
74.52
82.72
68.15
72.38
83.69
80.93
82
74.64
64.67
63.35
85.35
81.85
83.53
77.6
65.77
67.11
81.81
79.29
63.23
70.92
65.24
60.38
64.2
58.72
53.64
56.73
64.86
61.38
57.5
72.85
68.68
66.34
62.05
69.67
68.6
64.61
63.68
68.13
65.16
65.39
69.25
67.24
60.58
53.82
52.56
69.84
75.38
71.54
60.32
59.41
62.5
67.1
70.16
76.57
66.95
54.9
66.86
81.72
74.49
87.47
85.92
75.45
67.99
68.71
75.1
71.25
73.22
73.98
54.52
58.96
67.95
77.29
69.79
69.8
88.29
94.63
77.64
92.5
82.44
73.61
74.2
72.51
85.1
77.83
76.63
73.2
69.29
68.06
75.11
75.8
83.07
73.99
72.83
67.56
65
77.57
84.68
77.17
71.63
66.98
60.76
78.84
80.87
71.19
72.9
84.54
74.97
89.4
77.15
74.17
73.11
69.27
71.17
72.71
73.75
72.36
74.35
83.93
81.44
75.84
74.33
74.62
73.69
66.87
68.33
68.16
76.22
68.18
61.91
66.67
70.97
69.4
69.35
68.45
72.22
79.99
76.6
68.54
71.13
73.51
75.63
69.47
85.94
94.18
88.83
88.02
66.85
74.16
74.97
71.37
73.03
73.24
72.67
71.69
73.13
81.1
67.58
70.85
76.32
72.79
79.76
84
86.56
74.28
89.49
83.81
75.7
87.03
84.95
90.79
90.22
83.85
83.2
77.25
81.65
88.12
86.36
85.07
83.77
84.37
85.73
84.82
83.91
79.38
78.45
81.27
84.07
85.99
80.9
84.66
80.89
90.17
79.71
91.15
78.75
84.62
90.96
74.68
76.2
72.76
75.68
79.51
81.5
80.41
81.75
82.68
70.04
71.28
71.63
73.76
70.53
75.47
78.24
87.69
83.59
87.21
83.89
87.42
88.01
86.81
91.05
92.47
82.38
73.85
80.8
77.4
69.17
71.35
78.07
79.57
83.42
76.37
94.52
89.02
84.58
85.42
69.6
79.54
79.38
76.88
74.95
82.49
79.27
83.69
83.73
77.41
70.92
77.07
84.69
82.76
74.97
69.75
69.55
67.19
93.24
95.04
80.06
73.76
82.6
78.76
73.38
81.04
89.99
87.85
93.63
92.36
88.94
89.87
94.68
96.58
95.85
96.3
96.21
95.81
93.4
93.73
94.11
89.02
89.16
93.74
95.67
86.2
89.71
94.53
92.62
79.67
90.51
69.44
78.6
85.58
87.31
88.84
88.71
89.78
92.95
90.89
96.19
95.1
86.71
85.07
94.32
82.47
93.7
90.45
78.01
88.3
76.73
64.4
71
69.28
63.26
79.38
92.23
92.31
93.35
88.32
89.01
90.44
87
80.64
81.37
90.46
82.16
75.19
75.48
75.18
71.84
69.71
74.39
75.15
82.05
91.08
89.6
73.34
84.11
88.47
88.95
86.49
81.49
73.16
75.77
73.43
66.44
72.79
68.3
62.87
64.21
63.44
64.33
68.42
68.35
73.59
74.26
69.92
72.46
71.03
64.28
63.59
76.12
65.75
64.4
61.16
59.11
62.16
63.4
52.88
59.44
54.92
56.7
70.33
68.54
50.97
43.43
55.81
48.89
51.23
48.38
54.42
73.61
75.44
63.38
66.14
90.49
88.15
78.58
74.06
79.31
74.1
85.24
70.24
71.22
80.75
89.63
86.47
79.4
74.83
67.37
71.63
73.78
74.72
75.37
78.92
81.56
73.51
79.73
75.96
66.24
66.99
71.66
79.42
65.93
73.63
84.73
68.46
68.22
63.72
72.34
70.12
64.71
79.33
62.87
65.08
74.21
74.78
77.33
80.82
77.14
78.38
86.4
72.87
65.34
81.37
81.37
77.44
70.27
79.15
75.58
73.06
71.91
74.45
81.14
77.53
84.14
70.92
70.35
65.59
70
88.87
69.57
72.4
67.13
74.11
71.16
70.24
76.96
74
64.36
75.6
70.65
75.99
80.19
71.33
57.51
75.05
76.75
67.96
84.72
69.75
68.49
78.02
57.07
69.85
65.49
84.64
75.44
68.98
72.23
70.74
72.1
68.87
73.28
71.21
74.66
72.37
66.13
76.77
70.28
71.57
80.47
76.15
90.9
75.73
70.89
76.79
73.96
73.71
73.38
75.39
77.07
80.25
81.41
85.72
87.74
84.08
84.57
91.33
85.41
88.58
82.3
80.17
79.13
86.42
88.03
76.72
85.8
77.83
78.94
71.42
75
80.41
77.13
78.12
81.13
82.68
79.94
78.32
79.54
78.53
85.77
81.82
87.4
86.83
91.55
82.46
86.92
92.44
88.62
71.98
74.14
85.73
92.63
86.38
90.63
79.12
88.82
91.47
90.9
84.69
93.13
94.49
81.1
88.53
93.5
85
81.71
90.5
90.27
80.78
83.36
79.82
89.32
88.04
72.56
73.47
87.34
79.42
88.34
77.97
86.71
87.01
83.87
86.53
77.43
65.02
76
79.5
92.45
92.57
88.34
76.33
78.55
81.05
88.52
81.1
85.54
74.25
71.43
64.87
81.13
78.8
80.4
86.92
93.11
92.72
94.4
94.95
91.68
80.38
79.78
88.45
89.53
84.61
82.78
83
80.55
87.4
92.73
91.63
90.37
82.65
93.65
96.68
95.86
93.97
91.31
75.36
79.38
88.54
80.78
81.93
76.67
83.27
86.49
86.96
87.55
95.24
95.16
94.13
83.99
84.74
74.95
75.66
86.64
86.38
83.1
87.11
92.25
89.69
79.7
87.42
86.65
75.02
82.02
82.49
86.67
87.56
82.98
86.7
71.3
69.57
73.66
77.45
88.16
93.84
90.84
90.61
89.62
83.74
75.72
72.03
83.34
75.67
89.44
87.87
91.07
89.71
86.62
80.43
84.61
85.22
82.14
59.23
71.74
77.22
76.27
84.64
86.2
88.83
87.02
67.79
65.65
70.64
78.52
79.88
67.81
73.31
70.87
70.21
72.81
60.15
55.75
62.43
63.33
65.09
61.52
62.53
70.24
75.24
74.97
68.46
72
69.34
72.15
77.51
76.3
87.03
85.97
85.23
85.88
83.4
83.7
84.58
68.36
59.8
82.48
79.68
64.08
56.3
63.7
65
84.4
91.26
87.4
78.85
82.93
79.14
63.63
57.19
65.89
68.62
73.56
69.95
87.64
51.87
67.99
72.43
72.55
66.57
85.04
67.29
65.14
65.12
64.57
75.65
64.13
67.06
64.57
56.5
65.51
61.33
61.31
59.23
57.34
60.6
48.91
56.65
69.12
69.44
78.93
71.59
82.51
76
72.31
65.92
71.86
67.02
64.76
77.24
72.7
69.05
66.79
69.88
70.28
67.41
76.43
86.9
75.02
90.06
78.2
81.56
75.27
66.04
60.56
74.68
79.27
82.93
77.91
58.34
63.89
61.93
61.53
77.83
85.91
82.51
82.45
74.27
76.17
74.3
67.26
74.49
83.95
85.24
72.1
86.1
83.81
80.4
78.84
84.4
86.99
69.82
70.92
78.2
77.16
90.65
87.22
82.64
64.24
73.7
80.71
76.76
71.09
73.67
78.84
78.88
82.33
90.97
75.7
76.43
77.74
76.41
79.04
77.17
81.58
70.63
77.26
75.09
74.05
73.3
86.52
72.37
73.05
68.71
74.23
72.4
70.25
75.69
79.89
75.34
80.1
79.23
78.94
81.91
82.88
78.75
77.02
76.42
83.58
79.14
70.77
75.99
86.49
75.05
80.14
74.11
72.17
71.9
72.73
77.68
80.38
89.24
81.6
76.08
78.26
92.38
84.64
83.3
82.31
83.8
86.97
83.11
88.03
82.77
90.08
78.41
79.37
83.25
79.02
88.76
89.29
82.92
79.4
85.48
85.46
81.77
78.28
79.25
78.81
82.64
84.02
87.88
86.02
67.02
83.24
82.63
85.84
87.34
83.71
89.73
81.55
74.96
70.3
83.23
81.33
66.15
78.02
82.76
80.96
83.98
94.29
92.44
88.24
90.63
94.5
89.93
84.39
85.79
82.3
84.32
87.92
88.19
87.58
84.85
76.96
81.5
86.36
97.12
92
96.24
95.51
94.84
91.62
91.67
90.35
92.46
85.46
91.61
92.93
88.14
86.8
89.53
89.46
90.48
91.87
94.52
93.87
84.92
88.8
67.24
62.97
69
70
77.94
75.25
71.91
78.56
90.39
92.7
94.11
93.4
95.77
93.65
94.9
89.31
69.94
84.73
91.2
90.28
90.51
91.87
90.28
89.23
89.47
93.38
95.82
80.31
64.29
81.6
85.85
81.41
86.54
91.94
94.42
87.32
88.15
88.67
94.62
95.75
94.62
94.04
87.81
77.35
64.17
74.98
74.94
82.34
80.93
88.15
92.94
88.49
76.44
60.66
76.65
79.12
70.89
84.36
70.13
80.12
77.94
72.25
81.05
71.81
88.4
79.12
81.68
77.14
66.32
65.55
73.5
85.84
86.76
92.9
87.43
89.4
90.36
88.04
71.58
68.8
71.36
76.78
89.99
91.59
85.89
88.75
92.95
90.5
91.06
81.14
80.01
83.72
88
83.65
93.48
94.59
89.32
74.98
77.82
78.43
78.29
70.49
62.66
54.44
56.21
59.02
74.69
75.63
82.74
90.09
68.53
63.19
62.26
68.51
78.98
80.4
88.22
81.35
73.94
71.54
54.85
57.5
59.96
73.05
78.11
63.37
63.85
64.28
63.31
59.5
51.98
53.61
61.71
57.94
46.56
50.01
52.48
59.82
77.27
63.13
61.25
47.31
45.47
51.73
60.94
62.79
64.83
72.37
70.29
67.36
64.51
63.23
55.06
73.45
89.94
92.91
78.75
88.47
66.45
76.38
62.59
63.61
64.64
79.51
76.52
70.12
71.59
63.23
67.79
61.91
54.09
58.07
58.49
69.93
75.91
72.5
62.74
66.82
66.95
65.24
62.62
71.16
83.91
70.13
83.14
75.7
79.06
73.93
84.95
72.78
68.97
69.6
75.77
73.02
88.75
72.44
64.16
78.16
62.23
63.27
64.36
60.81
55.23
67.49
73.53
76.16
78.57
72.92
89.23
76.09
63.83
62.79
59.84
67.9
71.74
74.3
61.07
62.07
63.21
67.75
68.8
62.35
55
55.97
60.13
58.55
59.21
62.04
47.92
59.65
62.5
58.25
67.65
62.18
62.43
68.5
74.15
69.79
66.92
63.76
59.61
57.01
64.97
76.58
79.08
82.55
66.48
73.88
81.81
86.04
77.19
59.88
67.83
72.71
85.6
70.16
66.26
73.47
77.57
66.93
70.89
69.33
74.54
78.64
80.04
75.6
81.01
79.45
74.51
88
89.24
72
69.02
72.41
83.98
86.5
74
79.15
75.65
74.29
72.62
73.63
72.41
86.16
82.93
84.53
80.91
87.57
90.35
73.43
69.05
75.88
73.54
73.89
72.26
87.25
73.43
67.76
78.12
92.18
88.65
80.42
84.78
73.6
75.21
80.87
90.71
87.29
83.7
81.34
80.8
87.28
80.47
67.93
90.31
91.65
82.93
73.62
75.35
83.06
72.88
78.12
81.68
81.06
85.32
84.73
68.03
75.13
89.34
87.43
90.92
92.78
91.58
89.62
82.55
85.91
84.02
80.79
87.93
94.02
92.28
91.93
93.12
89.41
94.04
71.73
88.54
95.83
86.89
91.07
92.54
91.76
91.52
81.85
79.49
71.58
76.33
91.4
95.56
88.62
89.65
79.35
88.19
85.44
81.59
82.7
92.03
91.77
87.85
75.61
69.58
89.41
93.43
91.2
93.39
87.02
72.15
82.13
85.02
94.77
92.99
95.83
88.37
90.35
87.32
94.01
74.72
86.88
88.96
82.79
88.8
94.14
95.78
97.31
96.87
94.99
96.03
95.99
90.1
76.96
73.54
61.17
61.67
67.37
86.01
77.89
82.79
80.81
87.24
95.45
92.83
77.81
89.54
91.45
88.57
70.28
79.44
71.76
82.24
88.91
88.08
89.85
94.78
85.1
76.19
89.92
87.45
92.18
92.64
82.32
95.1
95.56
84.8
89.34
86.17
88.08
75.17
84.62
83.36
77.63
83.1
88.1
83.61
94.53
94.71
80.43
79.53
79.15
74.79
87.03
78.31
89.55
84.26
79.54
77.29
72.02
70.45
65.07
71.48
85.77
73.06
64.01
79
71.85
70.96
62.36
61.45
58.06
74.77
81.34
59.84
65.32
73.87
69.49
73.8
76.39
65.45
72.29
86.66
70.78
65.61
67.37
60.29
61.3
65.89
63.79
68.27
56.36
68.16
58.3
67.81
73.73
69.1
66.34
74.12
81.62
82.75
77.39
78.25
88.16
75.38
85.93
70.43
61.32
85.72
85.82
73.8
67.37
77.23
76.17
70.87
62.46
58.33
51.88
56.69
60.32
50.2
56.55
55.64
60.46
78.55
61.05
66.22
57.18
73.67
64.67
55.29
57.36
57.24
62.3
61.02
56.72
62.24
76.86
70.18
62.83
58.24
59.4
57.46
56.24
86.73
77.57
76.92
73.56
77.73
78.58
66.17
49.14
69.82
71.8
63.31
62.9
55.86
53.95
58.77
53.29
57.77
79.37
57.02
58.28
63.3
71.18
70.44
66.99
64.33
56.92
54.23
58.42
64
66.31
64.96
52.83
69.12
77.44
67.35
66.69
65.34
66.35
70.76
81.21
63.77
66.49
71.39
78.03
76.56
66.21
61.92
76.69
71.57
68.26
65.46
61.06
63.73
70.79
66.96
73.71
79.73
78.1
63.22
62.69
63.98
75.88
87.8
72.53
72.35
69.08
81
68.6
84.01
68.79
62.34
66.08
62.46
85.83
76.47
74.1
74.57
77.38
77.16
71.7
70.7
71.83
68.47
74.11
73.35
73.9
73.43
77.39
80.61
80.39
78.06
89.26
85.69
75.07
77.06
80.05
75.33
78.71
78.8
82.45
79.34
79.88
73.33
74.25
72.09
71.45
81.7
84.5
78.31
78.42
75.35
76.86
71.01
73.79
73.28
76.4
73.84
72.2
87.25
77.24
78.62
78.26
86.94
70.89
73.06
76.62
84.65
91.71
82.04
88.8
85.4
81.64
81.22
79.26
79.43
79.27
77.57
70.79
67.81
64.45
76.83
88.52
78.16
70.52
69.91
70.33
65.81
66.69
75.12
85.02
86.82
89.24
89.42
82.37
85.77
79.8
78.67
77.25
84.02
87.75
92.47
91.31
92.13
88.32
84.11
90.17
91.52
95.2
91.58
90.5
90.32
86.01
72.88
78.44
77.28
90.59
92.01
92.4
97.35
95.25
84.37
79.8
80.15
86.85
85.42
85.03
87.79
80.34
79.57
78.36
83.1
74.07
83.78
87.71
78.31
76.23
82.6
77.53
75.6
80.26
89.81
89.61
81.68
73.8
76.88
80.53
85.03
97.09
97.68
97.74
95.86
87.72
82.49
80.66
87.81
93.48
93.91
93.98
84.98
89.53
89.62
90.72
88.33
90.84
91.51
81.99
78.92
83.28
91.68
97.9
95.31
80.99
78.32
82.62
81.11
73.54
70.66
63.78
85.04
92.64
84.18
85.06
91.18
85.66
94.24
96.38
90.94
90.07
92.05
89.1
89.96
88.88
80.19
81.05
87.2
85.55
86.94
84.27
80.91
84.61
72.35
94.41
84.96
84.16
90.22
94.19
81.47
83.7
83.85
73.25
76.22
80.29
83.66
93.15
94.4
89.55
72.31
64.93
74.37
76.11
69.44
86.94
76.16
63.8
72.99
78.06
73.81
76.12
77.21
90.25
84.37
91.73
79.47
76.25
86.59
86.84
77.5
60.24
65.18
71.35
61.66
64.36
57.57
67.27
71.51
75.88
69.75
67.04
77.5
75.17
68.88
73.47
67.4
70.61
88.64
68.4
70.85
69.27
64.76
56.74
46.5
52.83
62.65
67.66
81.53
75.31
70.82
59.49
51.68
54.31
60.36
70.14
59.31
84.8
87.6
89.27
76.97
75.27
70.08
62.43
68.13
76.52
77.85
62.79
69.29
69.68
63.05
72.41
78.81
71.7
65.76
51.43
66.91
76.51
65.27
65.22
67.27
74.6
79.69
77.73
78.9
65.82
64.56
53.41
71.68
85.06
76.51
74.46
73.93
80.66
79.95
79.63
81.22
90.48
69.89
77.18
74.02
68.63
72.57
72.99
78.47
73.37
74.39
70.76
66.02
60.45
61.63
67.41
79.19
75.59
79.51
75.99
74.21
88.06
85.94
80.5
76.74
72.64
73.91
77.17
71.1
75.42
72.38
78.12
72.7
71.7
63.69
78.36
71.82
74.79
62.75
57.51
65.67
72.68
86.91
68.08
63.66
81.23
79.69
80.43
71.1
76.43
84.97
83.92
75.1
75.76
77.57
82.67
72.79
72.6
79.24
88.53
70.75
91.55
75.1
71.38
71.65
70.65
71.91
71.67
71.09
70.19
80.18
76.73
71
70.11
79.69
83.43
69.92
71.13
70.23
62.51
68.93
80.7
78.27
77.97
77.68
83.41
77.58
72.3
69.62
84.19
78.44
72.22
75.7
74.34
73.96
77.91
76.28
78.18
70.26
78
74.58
81.55
74.55
75.06
74.66
75.7
76.38
76.31
82.69
80
76.44
76.21
85.75
71.66
85.35
65.78
72.06
77.35
72.35
73.67
79.84
79.15
65.65
68.5
77.27
84.72
78.1
76.65
75.14
89.99
83.99
78.42
90.96
89.68
91.37
93.51
87.59
75.36
78.47
82.21
82.01
85.27
83.28
84.2
85.06
82.91
88.74
92.76
88.85
86.01
93.27
88.07
83.9
75.77
68.1
77.8
77.93
80.16
78.99
70.68
74.7
76.98
78.42
74.55
85.41
94.97
96.69
90.66
87.28
83.27
79.18
81.05
89.19
89.8
88.24
92.16
89.97
88.75
93.76
94.85
94.32
94.5
94.58
94.37
96.14
96.48
95.67
93.93
96.73
96.75
96.05
85.58
73.69
75.76
84.33
88.3
86.97
93.15
82.74
84.14
82.13
80.91
90.8
88.93
88.96
86.92
88.27
95.44
89.1
87.49
91.24
75.92
84.17
92.35
92.73
97.07
94.1
96.36
97.04
95.94
94.58
85.63
84.82
83.02
77.05
81.66
46.77
55.29
73.37
76.28
79.88
77.87
75.48
85.16
94.46
89.56
93.17
86.72
75.97
64.01
76.42
86.47
83.05
80.45
82.8
87.53
92.96
97.09
97.56
86.37
90.22
90.81
73.05
94.32
92.08
90.62
78.97
69.19
80.97
93.23
90.27
79.49
74.31
79.1
74.85
94.28
90.87
94.65
92.74
95.81
96.56
94.58
88.27
93.66
88.72
76.15
79.32
77.03
77.35
79.45
79.3
76.35
71.02
87.17
75.53
81.13
76.84
72.87
82.93
88.52
84.13
85.93
70.12
58.52
68.51
75.1
78.99
65.94
62.47
70.86
64.39
63.69
60.53
60.37
71.74
83.67
71.5
70.6
72.81
59.51
80.36
70.14
78.13
69.03
70.06
77.93
71.53
63.89
70.81
76.7
89.68
78.45
73.26
79.2
74.93
70.35
65.7
70.69
66.43
66.63
63.08
64.16
61.41
55.64
64.63
68.12
69.53
59.81
55.6
81.2
71.13
83.62
88.72
70.26
66.73
89.68
77.46
89.03
72.92
86.64
67.85
62.04
64.37
64.73
64.22
64.29
76.55
55.16
52.96
60.41
62.28
60.16
58.72
52.49
58.61
60.9
63.81
59.28
56.61
51.66
61.24
52.64
58.08
61.13
58.36
64.09
59.54
61.74
58.73
63.54
62.79
58.5
60.26
68.91
73.18
71.09
78.83
77.26
75.08
87.86
74.18
84.92
80.08
82.72
76.14
90.41
88.08
75.52
87.53
78.31
76.1
75.14
75.24
89.37
82.15
84.62
75.29
85.43
94.42
73.95
69.17
70.88
73.12
87.87
74.31
71.88
74.64
81.55
88.53
81.4
67.98
87.57
87.87
81.69
69.75
83.21
83.34
91.77
77.06
78.14
71.06
76.87
84.16
82.95
83
75.94
78.27
70.14
77.14
77.26
83.53
75.73
76.01
75.06
74.64
87.18
92.14
81.73
74.86
66.18
68.63
74.14
77
74.27
74.02
93
90.09
80.24
79.24
78.19
78.09
86.94
83.77
75.98
84.52
74.6
81.74
77.62
77
75.42
73.06
87
80.46
80.14
79.88
80.34
80.55
85.95
82.23
82.83
80.66
84.01
77.08
60.77
71.56
77.82
76.71
79.72
81.23
83.07
84.83
92.15
87.87
78.89
83.67
85.98
91.18
81.77
85.64
75.65
69.99
76.59
81.23
91.94
84.08
81.77
80.84
87.76
87.06
77.72
76.78
66.65
80.1
61.48
73.07
82.87
74.64
72.7
77.53
81.06
72.93
78.51
65.21
71.74
76.58
67.85
91.16
93.22
85.13
94.84
85.8
79.09
81.79
84.72
83.46
75.87
70.21
76.02
91.74
81.47
73.35
80.56
84.17
89.23
84.19
93.08
94.27
90.49
88.42
80.27
80.54
82.75
84.43
88.52
86.44
88.67
92.24
92.02
85.47
83.97
85.31
89.38
85.41
86.72
89.73
87.93
84.94
85.82
79.39
76.58
75.9
72.42
79.66
94.94
91.41
81.24
82.77
90.21
95.6
96.76
98.23
88.28
97.5
94.79
94.96
85.82
90.91
96.41
92.21
94.63
77.73
78.43
71.21
70.13
81.71
86.07
87.62
88.27
87.2
86.22
80.67
76.72
80.76
84.22
83.96
86.4
85.15
87.72
85.8
87.47
86.17
87.41
81.87
92.72
90.5
92.58
89.48
60.88
69.42
77.7
63.7
81.48
68.08
80.38
71.76
81.64
89.48
92.98
87.25
83.81
91.4
91.58
78.17
80.77
91.2
92.86
86.56
86.56
79.98
84.01
80.01
75.36
76.95
91.25
77.41
75.27
84.46
87.82
76.59
78.85
71
65.07
65.3
63.19
55.77
52.4
75.63
87.67
83.04
72.54
73.3
82.28
67.42
67.89
77.99
68.36
70.92
66.18
70.85
83.27
86.82
76.39
88.2
90.03
83.4
78.02
71.72
67.39
66.02
64.95
65.05
61.86
75.8
67.02
68.36
65.15
70.58
72.73
74.05
64.64
62.44
65.77
64.04
62.79
54.71
45.26
57.61
59.88
64.35
76.06
81.53
73.66
81.17
71.19
72.73
83.3
72.66
75.4
70.92
69.95
74.07
72.82
65.39
73.14
84.34
89.6
85.01
78.72
69.04
75.84
75.23
45.37
61.95
63.01
59.31
56.3
62.22
62.57
76.23
81.34
68.51
71.54
72.72
62.94
67.99
63.68
64.19
57.92
74.72
65.36
66.05
75.54
77.77
63.26
57.84
62.61
62.41
66.32
69.22
73.12
76.7
77.92
74.02
67.98
68.15
66.29
62.87
66.57
72.79
85.19
72.68
73.16
83.68
80.45
79.88
75.55
70.25
77.05
86.39
63.35
73.51
75.79
71.79
78.86
73.2
65.52
70.9
73.88
80.8
69.45
69.05
73.81
82.65
79.65
79.48
75.88
66.09
69.54
84.68
75.33
76.3
73.48
76.12
72.13
69.06
65.76
64.47
70.67
80.28
78.26
77.61
82.71
74.96
72.62
76.87
76.32
80.11
77.31
72.96
73.63
75.05
76.69
79.35
80.86
85.59
76.51
76.48
76.29
79.44
71.33
68.35
69.33
84.33
71.3
75.75
79.11
79.24
70.85
71.74
76.07
77.5
82.28
81.05
90.63
80.13
69.49
74.96
78.42
78.82
73.6
75.46
89.59
88.49
86.87
86.97
75.3
80.13
83.71
77.58
82.51
78.91
83.36
85.2
79.41
79.77
90.37
84.21
87.23
82.81
90.06
85.1
80.95
79.24
84.34
76.38
79.42
76.71
74.74
83.58
83.27
79
86.62
89.79
86.16
79.95
90.25
87.25
85.73
85.56
77.91
78.01
85.1
80.03
68.85
77.36
77.69
77.31
76.56
80.5
66.65
76.83
76.67
83.39
82.13
73.78
73.66
79.72
89.74
92.73
93.77
94.72
93.92
92.52
93.69
74.59
72.86
78.1
91.39
88.21
86.83
73.32
80.93
81.63
71.94
77.4
83.93
86.23
87.29
83.53
80.94
79.85
86.52
89.99
88.89
83.88
76.76
67.81
83.43
76.98
72.21
73.43
76.63
57.64
67.81
77.15
74.85
77.1
84.14
78.44
81.46
94.74
88.03
91.59
93.98
96.74
92.63
76.92
76.43
85.92
91.02
90.32
73.11
73.89
80.25
80.28
82.81
85.15
68.84
56.98
77.67
72.06
73.25
68.35
60.03
67.32
69.46
75.3
69.67
86.41
68.74
77.11
75.94
73.57
79.98
77.4
81.27
72.25
64.49
71.53
81.75
80.79
72.92
56.3
60.78
64.27
64.64
73.26
75.59
74.29
68.29
69.49
75.71
72.86
70.01
72.56
78.49
79.06
83.43
83.06
71.45
66.4
70.81
73.52
81.11
73.46
82.88
76.36
79.08
90.32
91.4
85.97
83.92
71.75
71.98
73.78
76.34
86.9
89.52
85.05
77.48
74.93
70.65
65.43
70.22
72.46
78.31
61.97
80.41
68.02
72.84
79.96
72.04
84.73
56.28
58.48
61.68
61.84
59.9
64.12
72.54
66.26
56.72
59.94
59.12
71.67
68.87
70.35
66.15
54.72
65.51
72.14
73.45
64.43
66.61
72.15
58.12
62.46
63.98
57.23
58.65
43.14
58.17
53.1
57.88
52.24
54.55
62.47
62.06
60.7
73.2
82.89
64.56
60.96
59.78
64.8
59.32
65.61
76.68
82.25
89.04
66.55
55.45
63.76
68.95
66.57
62.07
73.75
80.53
76.41
71.49
74.29
72.26
68.69
62.19
66.04
67.8
70.53
61.98
80.26
70.84
69.22
60.33
54.6
79.66
74.08
69.38
65.18
62.94
65.55
65.17
57.74
66.1
74.4
74.28
77.6
79.72
84.74
66.6
69.55
61.55
60.42
66.22
79.8
73.49
87.68
71.79
75.48
77.09
72.32
78.11
85.57
75.71
82.84
71.37
65.73
64.32
63.3
68.39
70.05
64.31
64.51
65.4
65.01
65.76
68.39
66.91
69.78
73.18
78.45
76.06
82.74
75.46
75.79
72.15
70.11
84.67
71.78
73.37
71.52
61.79
61.76
78.35
76.32
71.47
69.46
64.52
69.13
75.27
76.74
74.14
65.76
75.08
69.17
73.45
70.44
68.47
70.05
78.76
74.74
71.75
65.8
67.28
68.07
66.93
81.84
63.61
65.25
64.66
88.93
70.94
90.98
80.48
65.46
72.13
77.74
83.61
81.09
78.13
81.82
90.84
80.78
78.61
71.73
72.1
72.04
77.45
75.29
76.42
91.45
91.09
82.76
82.05
88.54
75.32
76.55
87.08
83.96
89.92
87.16
73.51
71.25
66.98
79.92
79.73
75.62
68.55
89.22
85.98
90.02
87.63
84.25
82.8
73.23
74.97
76.15
76.37
80.04
78.54
86.08
85.84
74
78.02
72.26
79.15
77.09
83.5
83.56
81.83
83.67
77.8
92.21
82.86
75.85
75.59
72.17
91.66
80.41
85.5
77.25
81.56
86.55
86.84
78.04
77.84
87.9
72.87
79.91
67.37
76.99
70.35
66.52
76.42
79.41
84.83
71.61
71.73
80.48
87.51
88.06
78.3
82.62
81.59
88.34
77.5
84.64
86.48
81.28
93.04
76.64
77.01
83.04
78.54
79.81
77.22
81.97
81.41
90.23
75.62
88.13
91.27
94.6
92.7
70.59
70.4
81.82
92.59
74.43
82.35
90.9
75.95
82.84
85.06
93.69
94.27
95.79
84.25
87.05
82.6
85.11
89.86
69.1
94.34
83.72
85.47
82.41
91.85
76.23
46.62
63.55
71.23
84.44
88.2
84.66
83.61
85.53
87.61
91.11
91.21
91.53
91.85
90.9
88.81
84.34
83.75
88.9
83.67
78.46
85.69
87.03
87.14
85.33
68.34
59.05
68.76
77.05
83.19
82.55
80.3
71.96
77.08
72.82
76.74
93.96
92.44
94.63
88.36
90.51
84.2
82.97
78.59
80.85
65.18
72.92
87.77
82.12
81.96
91.9
81.58
69.17
71.69
66.61
86.61
65.46
55.25
66.32
61.93
75.88
72.51
74.92
71.23
67.5
57.73
61.15
64.86
63.74
65.04
60.53
71.02
80.49
77.29
70.21
74.13
66.7
64.83
62.48
59.73
61.84
53.23
60.96
83.95
85.15
75.48
75.87
75.03
64.82
64.39
54.58
68.09
66.73
62.27
74.55
72.49
68.66
87.61
71.99
53.77
67.01
62.64
67.5
68.65
64.56
55.88
63.98
67.43
59
57.7
54.38
62.33
48.75
65.95
61.76
62.01
61.34
57.04
52.47
55.6
59.03
66.37
87.82
87.42
92.33
85.01
70.34
65.56
63.29
63.61
65.34
65.54
62.75
71.67
74.54
85.25
73.22
77.35
87.7
68.97
73.54
75.03
73.11
79.95
75.91
66.66
67.05
65
71.88
66.78
71.62
64.95
70.84
68
70.9
80.73
74.89
78.42
89.83
69.28
70.93
74.33
70.24
71.63
85.42
71.78
76.65
74.98
73.51
72.32
74.07
72.44
86.21
70.51
84.21
75.49
70.79
71.53
71.08
78.49
71.22
72.57
76.48
64.37
65.9
64.51
67.91
87.97
76.54
75.17
79.63
78.78
77.74
82.39
78.06
76.31
75.49
77.05
83.97
86.1
83.4
89.49
78.39
82.69
76.46
74.89
81.19
74.34
76.63
76.83
82.75
87.69
83.78
89.21
92.23
89.36
83.71
78.1
77.62
77.56
77.11
77.54
79.48
85.72
76.42
75.83
78.67
89.12
74.56
74.26
79.15
76.67
75.53
69.81
89.56
88.38
87.65
84.97
86.56
82.15
80.75
79.33
81.99
73.47
75.46
84.87
84.16
80.57
83.16
78.71
80.46
81.79
83.07
81.04
82.51
81.79
81.92
86.77
87.24
81.42
88.27
87.52
90.45
79.91
78.39
85.88
83.63
87.4
93.06
91.55
81.94
84.37
93.1
91.22
80.56
86.29
95.04
84.43
85.32
93.99
83.07
88.82
91.26
80.4
83.72
86.3
95.41
88.94
93.4
88.31
89.9
84.95
88.22
85.56
85.86
94.35
91.91
83.08
94.57
96.42
95.38
93.73
94.81
86.83
71.04
81.01
78.7
71.02
84.69
81.34
90.34
81.09
90.24
89.72
94.67
88.06
73.82
72.8
87.49
94.16
91.15
95.45
81.53
85.83
78.69
83
88.89
89.43
94.23
92.42
94.72
97.44
98.16
97.38
93.62
95.86
90.78
74.86
80.41
91.59
95.49
94.73
93.02
88.63
73.84
74.85
81.81
83.48
77.03
86.1
97.96
93.17
91.01
66.96
72.29
85.87
85.71
71.76
69.88
77.29
83.43
81.64
86.13
84.62
91.89
88.5
94.56
84.78
83.24
80.53
78.17
79.33
92.37
94.99
91.24
88.1
77.84
75.26
71.19
64.92
68.91
62.12
77.95
76.77
83.22
79.53
73.97
77.73
80.46
79.75
65.67
60.05
73.45
64.83
63.07
63.32
79.69
91.67
88.68
92.65
94.9
94.24
88.4
80.74
92.08
73.85
63.78
65.82
66.44
71.39
75.88
73.49
66.99
70.81
70.75
70.92
70.02
79.84
84.95
84.49
88.59
75.81
71.3
76.74
72.89
64.35
74.02
66.87
63.1
66.04
59.21
58.89
51.64
55.24
59.19
65.87
66.53
67.15
79.89
71.69
78.85
79.65
74.29
85.32
88.54
71.61
62.79
83.64
84.97
86.6
89.73
79.73
79.66
84.05
82.2
69.46
84.59
72.66
62.98
74.29
67
71.42
63.84
59.24
63.44
78.54
68.27
59.31
58.62
64.52
58.71
81.52
74.28
56.41
56.24
52.3
52.06
56.7
59.55
64.74
59.42
59.93
70.09
80.67
74.97
67.55
68.67
77.92
87.57
69.23
66.77
66.78
57.19
56.47
53.36
63.32
57.53
52.64
58.48
57.15
61.66
64.51
74.8
89.13
86.1
78.44
86.6
76.58
77.7
73.32
67.72
64.97
64.32
69.58
63.78
64.74
77.73
63.32
59.83
64.64
70.57
78.9
66.4
67.42
70.52
66.03
64.96
66.3
65.93
84.34
87.72
77.87
80.91
65.05
69.59
68.83
72.66
71.92
79.46
61.67
65.56
67.51
67.85
63.58
67.59
65.63
68.6
71.62
77.13
57.61
57.88
65
77.75
70.46
65.08
67.63
66.23
65.45
65.72
66.67
77.37
68.58
64.59
66.51
74.92
73.63
69.24
69.32
67.37
80
67.31
62.97
62.2
72.12
86.78
72.45
74.99
79.39
77.66
78.61
74.38
74.46
69.74
73.33
78.89
67.99
67.82
67.65
72.91
73.49
71.11
68.65
68.76
69.54
69.59
75.25
84.5
76.38
70.42
70.38
77.82
85.06
79.43
74.04
73.82
84.14
75.77
73.07
77.02
87.29
77.83
73.8
71.15
78.49
89.84
78.53
78.58
77.4
72.31
92.31
72.86
75.33
72.41
73.53
79.65
71.46
76.62
76.04
65.26
76.45
82.54
87.71
84.06
64.46
70.99
77.72
78.39
80.89
81.4
74.5
79.8
84.53
71.82
89.09
79.08
76.72
70.79
72.03
72.3
89.19
75.84
79.63
83.49
75.56
75.36
80.6
80.22
82.3
80.01
76.72
84.82
88.12
88.24
91.52
76.97
81.89
89.52
92.55
92.33
87.03
96
97.05
93.42
95.86
90.96
70.24
74.66
68.89
76.83
75.49
82.36
87.06
89.96
86.34
90.76
82.71
84.64
84.66
92.06
78.62
86.6
92.7
90.19
77.44
72.5
71.39
73.45
73.14
81.85
85.66
79.46
82.41
82.84
86.08
77.71
88.6
86.73
89.84
86.69
89.57
93.7
91.08
78.71
93.21
88.36
93.45
94.16
94.16
88.5
81.99
68.47
71.93
83.18
92.77
88.87
76.72
81.51
72.43
89.81
91.65
81.47
77.97
91.33
93.77
83.94
78.82
88.31
81.75
75.36
86.33
87.58
83.27
89.62
94.4
93.13
91.21
91.23
91.91
93.95
77.37
64.34
71.06
78.03
93.75
94.83
93.41
95.38
95.55
94.63
89.35
83.25
90.03
80.67
80.2
77.25
65.71
64.08
61.48
61.15
76.42
84.08
79.79
79.72
76.08
91.44
89.15
82.76
93.25
96.07
94.72
94.94
92.32
89.99
94.71
93.73
86.98
92.16
87.61
78.31
67.18
65.56
65.77
63.12
65.22
67.68
64.03
80.6
73.48
73.52
74.7
72.49
73.81
70.98
55.81
52.39
67.34
71.78
68.27
65.01
59.17
75.67
67.98
60.04
58.85
86.05
65.8
62.65
73.77
87.04
80.88
77.46
75.07
68.78
68.11
80.51
82.91
81.19
81.49
83.66
67.75
67.45
63.71
68.66
55.91
49.77
52.75
61.37
65.09
72.55
69.72
60.7
57.81
57.5
66.84
67.06
76.17
88.18
70.06
63.98
61.54
64.24
71.1
74.23
87.57
77.42
89.58
83.62
84.64
87.36
82.29
69.96
79.45
63.38
61.96
60.4
61.46
74.53
70.2
81.63
76.82
78.3
76.3
69.56
88.72
81.05
82.35
76.51
78.74
73.67
72.05
77.78
65.54
69.64
88.83
79.84
72.86
68.78
76.83
66.73
67.85
65.3
82.22
72.41
74.25
72.42
75.57
73.16
76.27
82.68
80.82
87.61
75.8
73.91
71.29
71.24
92.27
84.11
76.5
83.19
88.3
74.58
69.13
79.47
78.77
72.36
72.93
74.54
78.93
77.28
71.24
69.39
80.27
85.12
76.99
74.27
80.61
82.45
76.94
79.51
81.31
78.35
79.75
89.78
73.26
81.77
81.76
78.61
74.29
80.64
78.47
74.46
74.55
74.63
80.98
86.1
84.98
86.51
81.36
80.25
83.21
81.43
77.48
76.78
82.37
76.8
74.15
68.58
72.59
70.89
71.8
74.21
69.08
81.28
82.09
68.11
70.19
74.34
74.62
75.57
74.76
71.43
73.76
77.74
64.49
84.68
83.99
79.67
84.69
88.66
79.78
79.12
83.66
86.69
83.06
92.66
89.07
87.73
88.36
84.97
94.41
94.64
85.3
87.2
93.68
81.71
83.96
88.51
89.81
84.72
92.8
86.23
89.05
85.17
83.98
84.7
85.93
84.46
84.1
85.77
85.71
91.37
83.09
84.1
80.72
59.63
71.08
71.97
67.93
69.15
87.4
85.39
84.33
85.11
81.67
76.53
85.42
87.54
79.31
89.17
93.64
96.56
91.63
86.37
94.1
95.22
89.22
84.92
78.63
77.49
88.22
89.73
83.86
84.77
91.93
89.5
96.83
96.97
95.85
96.15
95.15
95.85
85.42
67.19
68.13
80
92.71
75.57
81.71
96.95
97.24
98.46
90.98
96.39
94.1
87.8
83.23
93.15
98.45
98.13
97.71
86.35
78.77
91.25
94.55
92.34
94.85
96.51
97.63
94.77
90.08
97.48
80.58
84.07
89.85
92.53
96.77
93.92
91.69
87.7
87.46
77.96
83.24
87.29
88.86
77.1
72.15
75.99
78.19
84.71
78.92
64.88
74.87
78.39
82.64
83.54
84.12
82.24
75.59
76.37
82.39
77.85
80.34
84.69
73.76
85.34
86.25
81.11
85.17
69.47
76.33
87.31
79.15
77.49
69.98
65.87
54.67
66.51
75.63
81.56
63.54
94.1
84.3
71.13
69.13
74.68
74.71
72.35
69.99
68.05
61.03
54.85
58.96
66.23
70.28
74.69
87.81
82.52
92.15
71.73
86.85
85.42
93.56
93.83
91.13
86.04
74.98
93.53
84.51
78.21
73.83
92.21
87.61
79.28
83.37
85.48
81.5
88.45
77.73
93.03
81.16
88.44
86.5
90.74
92.05
78.74
59.86
62.26
69.85
57.64
46.4
55.24
51.96
60.97
61.07
60.8
44
52.08
68.74
59.22
68.21
81.85
63.75
74.44
51.85
77.23
75.61
63.96
67.43
80.17
61.14
68.1
63.74
60.53
66.5
72.18
59.51
68.22
73.69
87.47
61.69
60.73
63.28
81.16
77.34
62.92
85.22
87.27
85.05
59.84
61.08
69.58
68.85
73.03
68.5
66.75
70.49
75.91
90.58
75.47
78.91
78.79
68.92
79.19
73.36
65.71
65.82
67.18
65.88
63.26
69.84
72.08
77.31
67.55
75.8
81.72
73.91
68.25
66.79
62.94
84
76.29
71.39
75.36
66.62
76.58
79.22
83.1
70.53
87.58
64.36
67.65
82.4
73.82
71.4
88.65
69.81
65.74
64.07
82.27
76.98
72.65
72.71
83.63
81.77
65.84
67.79
67.19
65.42
71.33
72.98
69.24
85.22
74.54
72.87
71.6
74.85
70.35
71.43
85.87
77.36
77.77
75.36
83.96
68.6
67.44
66.16
72.55
73.44
75.84
75.37
60.09
66.37
84.16
70.22
82.42
71.85
80.11
67.65
69.38
80.21
68.78
78.52
77.07
72.85
75.46
73.06
70.53
70.78
70.35
69.51
80.95
75.05
71.53
68.82
71.28
74.56
72.91
65.73
87.25
72.55
74.15
65.68
69.35
72.44
76.74
79.46
76.68
79.04
69.97
79.87
67.11
75.89
88.85
75.89
74.48
73.76
72.87
75.56
70.03
72.28
76.67
74.87
74.44
74.23
76.58
74.37
73.23
78.01
81.03
74.87
76.89
74.76
76.5
73.32
72.97
75.43
79.05
82.67
81.29
81.32
81.02
82.54
60.27
75.97
72.23
84.22
57.81
64.23
71.61
63.07
75.14
79.38
83.32
76.66
80.57
80.15
69.59
70.98
76.48
78.98
88.47
97.55
96.78
91.95
96.19
93.54
90.58
86.42
86.25
82.59
70.61
69.62
77.05
75.75
72.4
91.64
93.7
94.92
85.27
77.54
86.44
80.82
86.32
94.77
96.89
95.91
96.33
96.94
97
91.39
79.74
80.48
87.14
78.76
86.38
86.03
91
81.9
78.96
75.39
70.9
83.2
83.01
81.19
94.5
90.32
94.26
91.21
90.82
90.58
83.96
78.26
88.79
89.01
81.25
80.82
90.1
97.04
94.65
86.33
87.67
95.77
82.28
77.16
90.29
94.27
90.37
92.79
95.29
95.59
80.32
84.5
84.8
87.22
85.69
76.86
83.57
94.23
80.68
72.62
82.38
77.81
76.32
67.99
59.02
61.4
73
81.53
76.93
84.57
79.39
73.95
77.87
77.98
92.55
93.29
93.45
90.1
93.31
82.48
69.21
73.4
79.9
80.61
73.11
88.26
88.87
85.43
77.3
77.48
81.72
80.89
92.2
86.37
90.6
94.1
70.03
70.42
79.92
86
75.58
68.61
65.38
72.64
75.64
83.51
86.95
83.82
89.46
76.23
77.17
88.86
87.92
92.34
91.75
85.18
93.53
93.82
95.79
93.97
80.94
72.66
72.35
74.54
74.87
87.93
82.06
75.53
66.8
85.56
81.47
69.49
71.39
76.63
83.49
70.19
77.97
76.42
66.55
67.1
70.77
74.75
68.26
62.83
67.26
73.84
72.51
84.29
84.38
63.35
66.42
81.89
64.75
80.2
80.36
69.77
64.48
61.83
61.67
58.77
54.9
56.97
56.52
73.64
85.62
74.97
67.12
69.36
68.96
65.21
63.34
67.11
66.61
75.45
69.97
67.5
73.99
74.98
68.97
64.66
69.4
77.23
90.22
79.63
80.62
81.94
77.42
74.63
70.5
83.94
64.32
66.49
67.22
68.19
81.76
86.62
74.05
78.11
75.59
88.62
83.48
83.02
84.99
79.09
71.3
70.12
71.97
67.83
75.53
85.75
81.94
83.37
77.67
73.77
74.02
84.2
76.81
77.04
74.99
82.12
70.35
76.43
64.54
60.4
66.22
81.79
69.53
66.86
68.22
70.13
67.73
72.3
61.83
88.51
71.45
69.45
75.19
77.27
76.29
83.76
74.36
69.61
69.6
68.7
70.44
77.19
75.28
65.73
69.71
72.48
72.42
71.07
72.07
74.97
73.74
73.77
83.23
78.19
76.27
75.9
73.74
74.7
78.67
65.83
73.17
74.16
74.82
76.37
72.53
72.78
68.52
70.32
69.57
68.03
67.04
62.1
80.02
73.43
75.17
66.98
68.95
83.87
77.22
71.86
73.58
86.41
83.25
78.57
78.48
77.74
75.99
71.16
75.75
70.8
74.72
77.35
75.97
72.52
93.02
83.99
84.16
76.76
82.85
80.06
67.3
79.05
87.24
70.4
73.22
70.12
70.87
72.59
76.29
69.13
81.18
75.75
71
78.08
75.49
75.07
71.95
78.27
77.82
75.75
80.42
80.32
81.95
73.43
77.78
80.8
82.25
78.34
80.7
71.82
71.37
77.66
76.89
80.42
88.43
61.51
66.43
80.91
80.98
80.45
87.11
89.95
80.78
84.56
87.15
84.02
87.71
88.96
64.75
75.13
73.58
66.62
68.46
73.81
84.11
81.89
93.99
96.38
97.36
86.71
78.19
97.44
97.72
97.17
95.81
91.3
92.49
95.32
90.8
91.21
84.81
93.82
85.93
73.12
87.72
96.76
97.89
96
95.86
98.08
94.83
98
97.57
98.04
98.09
97.61
95.85
94.11
93.18
92.47
95.12
96.44
96.4
90.39
80.77
64.27
72.31
77.86
77.6
79.5
82.22
82.39
76.54
77.8
67.1
69.55
83.74
84.25
94.74
65.13
73.95
74.44
81.5
74.45
60.68
66.09
87.77
87.03
81.05
85.23
85.56
89.13
97.01
97.35
93.99
93.23
93.13
90.57
88.23
84.36
81.89
78.42
88.38
73.95
83.08
83.82
66.3
73.75
72.31
73
72.46
80.8
82.34
85.77
88.36
69.65
75.86
80.3
83.31
73.67
89.71
92.41
93.4
90.18
92.94
96.03
96.27
95.05
69.32
85.68
77.18
59.89
69.24
69.35
65.52
80.2
87.94
87.36
69.02
66.41
72.4
67.7
68.52
73.55
76.81
79.79
82.69
70.53
71.74
73.94
69.09
67.98
74.07
60.6
88.28
95.23
73.03
62.69
67.61
65.57
62.33
71.66
74.18
69.59
81.56
61.3
83.77
84.07
93.34
80.06
61.12
49.88
58.58
64.78
60.88
76.25
85.62
83.52
68.16
63.4
64.62
60.07
70.54
69.98
64.35
56.99
78.62
71.32
67.83
64.69
65.14
64.06
65.77
53.85
59.89
64.81
58.8
61.78
66
70.28
86.64
88.12
90.36
70.31
57.19
65.43
63.47
82.99
78.17
83.92
82.97
76.7
87.21
79.2
81.08
69.55
79.5
66.3
67.49
87.42
76.29
70.34
73
74.41
83.09
76.84
69.31
74.44
80.6
71.31
77.23
77.38
83.77
68.78
63.87
56.36
75.3
65.78
59.96
65.62
68.31
61.47
63.27
72.49
78.77
76.17
73.62
81.18
88.31
85.75
69.09
76.43
75.53
72.98
67.9
67.4
71.95
70.55
71.69
74.74
74.55
66.91
62.29
66.96
63.36
66.73
82.74
73.38
68.45
63.17
72.07
68.49
73.75
82.47
69.36
60.16
61.09
66.66
68.91
65.98
63.55
65.41
77.96
90.95
68.23
70.89
74.58
68.01
83.18
77.39
82.18
86.96
92
91.09
71.06
88.15
80.98
81.43
85.03
83.37
82.35
85.24
81.09
84.03
75.18
78.66
80.25
85.11
78.31
79.16
75.61
71.89
72.45
77.66
82.51
73.8
74.08
78.97
81.3
80.77
74.35
79.81
80
77.43
79.67
88.89
75.95
79.77
83.39
78.4
83.75
79.03
79.17
81.46
79.42
74.69
80.48
80.28
77.77
78.95
77.43
77.14
74.75
78.31
86.92
81.45
92.79
83.82
75.08
79.71
80.54
80.42
77.84
79.26
79.51
74.94
78.55
73.47
81.45
83.58
78.37
83.78
84.73
79.98
76.3
70.91
82.63
88.01
83.28
87.6
92.3
92.3
86.16
91.38
92.46
91.76
85.29
86.96
76.41
74.62
77.01
78.8
94.72
83.77
72.69
78.66
86
92.55
93.96
97.21
97.39
96.83
91.77
85.51
91.33
96.07
94.96
97.03
81.99
82.22
83.79
84.88
75.85
73.01
93.8
75.71
89.81
93.72
91.45
90.26
96.6
89.34
85.8
90.66
88.4
86.96
95.48
95.08
82.4
78.24
81.82
79.48
83.69
91.53
95.03
95.31
96.45
97.02
97.88
96.3
90.14
88.17
95.09
86.28
84.01
89.69
97.44
94.3
81.07
81.65
83.28
87.74
96.94
96.29
84.25
95.77
83.37
73.12
85.15
89.72
85.97
93.13
94.97
86.78
89.24
96.69
96.48
97.11
97.62
97.23
97.17
97.98
97.23
95.05
91.71
85.01
82.29
89.44
83.58
87.09
70.11
89.75
82.53
62.12
76.76
84.43
75.63
77.18
78.75
65.45
85.68
67.88
87.7
90.32
87.82
77.24
78.06
84.22
84.94
89.11
78.22
74.19
84.94
69.41
72.7
77.04
92.54
89.37
82.7
91.81
87.61
89.22
82.09
71.27
73.46
68.04
88.35
79.06
78.66
71.83
63.36
57.09
69.71
74.23
85.92
84.84
81.04
69.56
67.12
79.86
67.41
73.5
71.74
92.61
77.43
86.43
78.75
72.63
75.03
73.44
68.77
61.19
78.91
82.49
76.41
72.59
76.88
89.26
79.39
73.91
78.33
79.78
79.21
74.72
67.48
77.71
53.73
57
57.65
65.24
63.78
63.3
64.92
76.13
71.55
74.28
69.08
73.3
76.08
75.57
83.35
84.59
83.98
72.37
67.03
67.49
70.99
79.16
78.19
74.04
72.08
70.8
63.57
57.9
66.67
72.38
72.29
80.36
79.58
75.31
70.2
80.06
78.5
75.53
61.12
74.58
73.25
74.3
81.59
86.15
80.38
78.56
74.38
73.88
87.59
66.36
67.08
63.38
76.19
79.89
77.41
69
70.74
68.64
76.9
82.15
69.55
64.5
73.83
80.45
64.16
65.09
65.95
74.54
66.67
66.49
80.19
69.08
73.9
77.7
72.59
68.65
76.01
67.14
69.59
80.28
68.47
65.13
65.34
56.73
64.63
65.25
70.54
65.58
64.46
78.89
75.42
83.59
87.57
74.56
70.37
75.56
81.4
71.08
70.38
71.63
68.82
63.63
57.67
63.74
66.77
62.01
66.53
69.56
69.29
67.68
64.37
69.64
85.21
74.15
70.1
70.64
69.81
73.64
67.61
68.02
66.88
66.56
66.13
66.17
70.39
71.95
63.52
64.24
57.47
88.28
90.89
88.21
68.55
74.05
71.73
76.22
74.33
74.66
75.99
75.66
77.08
83.26
73.91
77.88
84.1
78.09
67.42
69.54
75.95
76.85
80.01
82.72
94.73
93.13
92.4
83.79
79.32
75.16
80.54
84.56
84.57
83.71
85.88
83.37
86.35
82.76
82.82
76.62
79.42
81.19
82.14
85.53
72.19
81.53
82.53
90.04
90
88.84
74.7
78.27
83.59
87.6
87.02
84.68
84.82
82.93
82.2
87.96
91.87
84.09
94.42
88.07
87.76
93.63
91.3
71.81
71.82
81.87
87.37
72.68
77.25
75.45
76.95
78.51
73.44
78.45
83.98
85.25
86.48
88.44
86.97
92.04
94.46
97.08
82.82
72.32
78.98
86.9
86.07
76.39
64.99
86.16
73.73
72.27
76.51
84.73
94.28
84.41
82.18
72.76
76.51
95.56
96.78
94.03
93.58
71.58
78.5
77.23
81.72
82.45
85.07
80.54
86.16
82.92
79.58
62.63
75.62
78.27
78.62
62.81
76.17
68.52
66.75
81.68
79.14
76.52
83.55
88.33
85.99
88.72
90.56
92.54
78.53
84.1
82.19
90.3
93.44
89.86
91.76
94.19
85.36
93.37
91.83
95.9
95.56
93.33
86.87
86.05
88.66
93.79
93.61
95.62
95.17
94.95
88.76
87.66
75.66
75.06
84.6
87.63
91.35
86.28
83.33
87.97
91.74
93.42
94.56
92.72
87.01
86.57
92.71
94.43
83.54
87.77
94.26
75.34
71.95
74.68
57.42
74.71
74.06
78.56
70.15
83.83
88.11
84.54
67.93
75.21
80.91
80.53
74.1
72.69
68.94
81.59
80.39
68.02
73.73
68.09
71.87
69
66.99
67.42
70.52
80.28
71.33
71.7
67.31
63.28
81.21
75.99
90.92
94.17
59.97
71.07
50.26
52.53
66.37
63.34
60.65
62.59
70.51
56.79
47.25
84.91
89.32
77.81
68.59
72.15
74.38
57.18
62.11
62.66
52.81
58.87
65.64
83.05
81.8
69.77
66.95
73.02
80.68
72.32
68.62
70.84
71.16
59.39
68.43
59.91
78.82
82.83
64.06
74.94
84.52
70.07
57.72
66.19
60.05
76.05
56.98
52.39
61.86
57.76
55.78
56.41
66.98
82.36
72.8
84.88
85.91
81.75
81.63
82.77
76.59
58.5
57.79
60.39
63.01
68.85
66.73
64.61
67.69
62.66
65.61
87.29
82.69
80.57
74.96
72.52
65.56
65.34
75.08
61.41
61.56
61.04
57.56
71.61
73.05
58.55
69.49
81.65
87.75
73.23
75.15
83.68
73.28
82.21
79.79
78.35
79.31
75.82
79.08
64.4
75.98
71.94
73.57
71.47
74.84
78.26
66.75
69.57
67.64
67.03
70.07
71.85
79.94
71.6
77.99
69.34
68.12
64.17
70.32
63.92
63.93
63.11
61.87
68.43
71.84
79.08
89.89
73.21
81.06
72.13
72.8
82.61
85.09
64.27
78.26
74.98
72.4
74.83
73.9
80.08
86.84
73.9
79
74.6
77.21
77.32
77.05
75.69
75.97
74.1
81.22
81.68
79.15
81.78
78.68
76.56
82.43
89.2
87.03
88.74
70.88
79.09
69.31
72.69
75.55
90.95
84.45
78.53
71.94
77.52
79.49
80.86
82.18
79.02
89.62
79.46
89.81
81.15
79.05
79.02
82.21
80.82
80.84
83.58
78.08
77.75
74.03
78.76
83.62
87.55
89.02
78.15
63.67
74.15
76.47
78.4
69.3
77.55
76.86
87.1
90.92
74.79
68.73
70.41
78.44
77.88
79.03
73.89
73.41
73.07
75.12
78.34
75.71
76.32
74.52
76.93
78.56
75.86
77.81
79.92
80.74
66.56
87.92
83.23
77.16
74.9
76.09
74.58
72.5
82.85
85.64
79.79
85.11
79.82
81.68
94.1
94.99
92.77
76.17
63.89
76.06
72.06
76.62
81.01
88.47
87.79
70.83
72.69
76.73
58.83
65.66
72.64
59.14
74.48
81.55
77.39
82.67
87.66
86.83
86.82
85.82
80.85
80.27
61.21
75.88
79.47
68.01
74.18
71.61
71.35
61.54
77.12
69.76
86.29
74.83
68.6
72.76
86.06
90.29
93.29
88.2
87.72
86.52
88.97
91.43
85.99
84.69
80.17
75.94
83.88
73.83
79.48
82.2
81.19
79.36
88.34
92.02
91.62
91.36
90.43
83.08
74.7
85.51
74.05
75.03
78.5
71.98
77.54
68.73
73.76
79.09
83.6
74.99
83.34
91.06
92.94
79
75.03
79.23
61.69
71.4
77.85
79.37
76.95
64.65
70.08
78.29
93.18
81.38
72.33
71.64
57.46
63.31
65.79
70.78
73.31
75.43
74.67
70.97
65.79
60.48
58.75
66.11
53.99
46.28
59.06
57.31
59.08
58.74
55.91
46.5
53.85
61.1
68.7
63.4
58.98
57.07
60.05
62.14
60.42
56.83
57.39
51.97
54.49
55.16
55.92
68.25
63.93
76.41
60.76
76.87
75.14
79.86
74.17
63.47
64.6
61.01
55.53
70.68
69.34
76.13
90.96
72.96
60.83
62.79
59.47
63.56
60.84
57.36
57.52
58.08
50.6
75.22
76.32
91.04
91.47
71.69
73.9
61.25
71.38
70.27
56.33
52.25
52.79
63.95
70.13
62.34
51.24
59.86
59.06
59.95
65.92
66.74
68.84
69.86
67.68
65.69
69.29
67.51
70.94
71.57
74.84
79.93
63.35
56.24
66.69
77.08
77.77
68.9
84.56
59.42
61.56
63.34
59.93
61.3
63.85
67.79
62.97
70.86
73.21
81.53
86.07
77.39
83.97
69.07
84.96
76.9
76.93
84.4
75.78
79.49
74.14
69.94
72.72
72.62
64.93
72.68
73.44
74.38
72.76
68.59
64.58
65.75
65.52
70.39
65.11
75.67
72.48
73.89
79.14
60.08
81.15
64.18
72.74
67.75
86.66
67.04
64.99
64.36
67.42
61.78
66.84
72.02
65.59
65.41
65
64.23
63.68
65.74
62.28
61.42
67.75
68.07
63.01
62.41
65.03
61.9
55.94
58.8
55.42
61.07
59.42
63.06
79.75
69.93
58.32
60.93
68.25
65.69
61.13
59.77
73.11
71.2
77.6
71.17
68.37
65.41
83.61
78.84
63.64
69.32
67.23
68.12
69.87
65.46
67.74
67.49
64.78
75.88
78.48
80.3
78.56
84.49
72.75
70
73.34
70.9
79.97
75.89
67.24
71.72
76.02
76.43
70.42
71.17
80.52
72.28
76.23
89.01
80.28
78.16
87.8
81.94
91.9
83.68
78.72
75.75
74.44
73.76
79.85
82.37
88.92
83.64
86.28
79.27
88.07
79.43
77.56
79.69
85.3
81.75
83.33
80.48
79.11
79.13
80.36
82.96
91.52
69.32
72.72
76.78
79.06
80.1
73.8
90.52
85.39
85.86
86.64
86.78
92.65
89.25
93.41
92.13
84.82
84.13
80.05
72.69
79.3
90.92
92.87
90.98
89.51
88.51
88.77
84.63
89.64
81.8
83.17
86.7
83.31
90.09
84.46
81.22
71.03
75.34
94.81
94.38
90.48
83.78
68.47
84.82
84.67
87.12
84.27
78.59
80.8
90.03
92.18
96.16
94.52
90.43
87.08
70.66
75.94
88.84
89.64
95.99
91.22
89.14
88.37
85.25
92.07
85.52
85.73
91.68
91.22
89.81
88.99
82.22
90.3
95.75
80.52
78.96
76.99
89.19
92.12
86.32
94.81
86.23
81.02
76.32
93.98
83.83
76.48
60.54
79.95
83.07
80.52
79.19
91.02
93.94
84.61
81.13
78.3
81.19
90.11
84.3
75.37
75.96
65.35
60.67
62.7
66.71
67.18
67.68
69.28
77.94
80.99
88.45
86.92
68.62
85.24
80.95
69.13
75.2
72.95
70.53
72.38
76.36
76.74
78.5
77.94
78.84
73.66
79.22
87.33
86.54
74.45
74.13
78.48
79.38
85.62
84.45
83.61
85.28
77.96
75.82
77.93
79.91
84.12
72.78
71.87
70.89
68.44
73.16
73.56
76.37
83.03
71.82
63.78
50.31
69.39
72.83
76.59
82.8
84.49
67.96
81.72
93.44
76.78
73.33
71.65
70.73
70.59
68.34
72.86
73.46
65.23
63.32
65.19
69.54
76.74
77.66
77.7
67.16
59.81
71.28
89.4
70.79
72.1
60.59
63.6
60.22
64.78
78.53
72.69
73.05
74.73
66.22
64.5
62.72
72.6
88.48
80.61
71.64
78.01
67.29
51.17
62.48
78.61
70.15
68.24
65.15
69.88
62.91
68.78
88.59
83.08
72.92
55.59
60.74
61.27
64.78
60.2
66.94
76.86
65.92
53.69
54.65
64.03
61.65
62.26
65.49
66.86
84.67
70.07
75.84
76.67
74.12
60.71
66.69
73.14
66.02
63.18
72.96
69.4
67.6
65.3
73
83.05
69.86
75.4
69.35
71
77.72
82.19
74.49
80.73
73.37
68.87
66.09
63.69
62.5
64.78
77.17
74.77
63.49
64.11
65.94
72.77
68.75
71.09
71.55
74.13
80.18
77.24
69.65
74.22
71.23
69.48
78.28
82.96
72.64
71.77
72.22
85.24
75.2
70.7
88.99
78.37
73.21
73.67
79.95
82.13
77.69
70.85
73.1
71.06
73.96
73.74
73.25
77.66
77.85
76.54
72.64
75.36
82.86
72.24
73.01
84.43
79.14
72.48
80.54
79.02
77
75.94
81.6
76.91
71.37
74.57
76.02
71.64
72.12
75.16
76.12
72.97
71.41
70.8
73.81
66.38
71.02
71.92
68.97
72.8
82.83
90.86
86.13
88.69
83.81
83.25
75.54
75.15
79.5
81.16
80.5
90.18
76.48
77.06
73.79
76.92
75.07
75.07
79.14
80.35
85.61
72.18
76.27
74.75
79.84
79.34
89.02
89.14
90.4
92.96
87.78
79.37
74.48
83.6
87.79
76.02
85.5
90.84
75.19
68.43
69.11
75.62
79.43
75.79
72.73
70.51
72.88
78.16
78.83
81.59
75.59
78.78
79.39
78.86
89.46
88.47
73.14
71.01
82.21
79.84
78.03
79.7
72.99
70.87
81.23
90.58
89.78
78.9
88.13
92.52
92.09
91.92
92.34
93.3
93.22
87.73
87.07
84.79
83.15
80.66
90.58
86.11
88.14
93.65
81.44
74.13
73.06
76.01
71.43
69.89
74.89
88.39
87.63
87.04
81.57
90.73
92
91.19
76.45
81.78
79.11
88.58
93.81
89.12
73.61
72.15
82.93
68.65
76.87
78.88
74.72
76.92
72.71
76.69
85.99
80.19
71.76
77.13
86.56
75.42
84.7
91.32
90.96
86.22
88.09
80.58
89.15
83.61
82.57
71.23
85.89
76.71
82.81
84.47
86.61
92.73
93.92
91.32
84.42
80.05
71.69
70.82
78.44
80.17
82.76
67.91
73.93
87.76
70.86
77.64
86.29
87.38
78.23
72.28
73.14
81.86
73.39
85.3
79.09
53.01
52.37
61.99
66.36
83.72
75.66
58.84
64.49
67.25
69.94
75.6
71.26
71
60.46
54.21
62.02
67.06
70.09
87.66
67.96
65.44
63.87
63.96
61.22
58.38
67.95
72.3
57
60.84
62.96
55.44
72.96
89.3
75.02
77.85
69.38
76.87
90.59
75.68
81.12
68.64
62.64
64.09
63.07
67.23
65.73
56.99
66.54
72.02
60.25
65.89
58.35
58.05
55.65
60.72
62.99
65.2
58.21
66.57
56.74
49.58
63.95
46.77
46.16
49.27
69.45
66.56
59.42
59.65
64.91
66.14
75.78
80.89
79.06
75.77
68.17
68.84
67.32
62.7
61.92
60.35
74.91
80.52
73.01
67.41
63.19
64.46
64.34
62.08
59.88
51.45
65.67
73.68
75.23
69.81
81.71
67.63
56.93
60.04
60.05
56.63
65.44
63.01
64.18
82.04
74.8
78.43
78.05
78.19
66.57
67.64
77.76
81.59
81.6
78.69
89.09
84.85
70.7
57.43
66.84
67.12
62.72
77.63
76.6
70.05
68.72
55.54
62.8
61.68
55.82
57.97
65.45
61.81
59.53
58.57
59.2
66.62
62.46
74.93
72.51
74.54
70.19
64.59
78.92
75.52
86.54
79.96
60.21
78.31
70.95
65.47
74.13
62.05
64.79
63.96
63.23
62.48
54.62
56.38
61.48
61.13
55.39
54.72
58.68
62.03
58.98
63.44
60.83
62.5
55.51
57.89
56.81
57.23
57.23
54
57.5
59.94
59.79
53.93
62.93
60.31
57.64
56.07
55.27
54.85
55.72
60.94
78.31
68.75
60.82
56.88
56.55
58.15
50.71
54.6
60
70.82
61.22
57.14
81.54
64.02
57.34
56.51
64.38
68.84
72.6
69.94
66.2
70.8
71.92
73.08
69.62
68.69
65.35
69.3
68.79
66.41
68.92
67.67
66.29
62.65
62.71
62.11
67.59
71.07
73.5
75.97
77.53
74.31
79.68
87.25
82.89
80.02
81.21
89.38
94.47
93.55
74.75
70.6
76.71
85.6
94.25
92.73
90.6
78.42
92.88
95.99
84.28
89.47
87.45
75.39
78.89
75.71
78.15
85.55
95.22
93.89
86
93.91
89.96
90.44
88.19
87
96.01
85.02
76.04
79.25
87.33
87.62
83.99
77.92
86.21
76.28
95.05
90.01
85.01
82.83
81.71
85.58
93.87
97.52
96.2
91.51
78.22
89.12
89.75
88.3
82.18
81.6
69.63
81.26
72.41
83.53
70.06
90.65
95.8
91.66
93.53
95.97
84.19
84.44
91.09
98.24
97.04
93.96
92.54
94.74
96.04
95.58
82.62
85.75
72.07
74.2
86.29
73.71
83.05
83.33
88.41
82.29
68.73
67.5
77.68
81.63
81.31
82.07
93.68
83.65
88.42
80.44
70.81
75.51
77.6
80.9
79.08
82.69
84.25
85.83
84.65
72.81
76.06
74.72
74
69.47
56.55
61.54
75.93
88.14
82.45
76.56
81.86
80.56
76.96
75.89
84.55
77.62
78.1
78.36
76.33
79.95
83.47
87.6
85.34
83.06
85.71
77.35
81.35
72.88
74.82
67.11
63.54
58.83
49.26
68.74
81.88
80.55
73.69
73.06
73.65
84.55
94.33
71.34
64.51
73.74
76.44
65.17
66.93
73.22
78.3
74.07
75.29
75.77
76.12
75.49
75.68
65.32
59.42
66.86
62.99
62.06
69.06
76.22
75.65
65.6
57.86
64.63
50.61
59.06
57.67
56.3
68.65
78.46
84.63
71.93
73.17
70.67
63.92
64.77
67.85
84.16
90.6
78.66
69.72
81.97
52.3
60.12
64.69
64.73
72.74
67.59
60.02
60.64
53.75
55.23
46.41
60.93
60.02
64.75
64.62
62.6
63.82
67.49
68.36
81.96
83.71
77.11
73.18
79.63
73.44
64.4
59.09
61.73
67.6
71.84
68.24
63.99
63.57
64.8
62.06
58.06
54.54
67.21
66.28
64.49
67.06
57.13
62.32
65.73
61.55
70.06
63.14
55.74
82.34
77.78
69.81
66.81
70.89
67.77
62.05
60.43
61.91
76.1
70.88
70.33
70.95
60.21
79.12
65.69
64.38
61.36
73.31
73.92
62.72
83.2
64.13
73.49
81.44
78.79
61.57
65.67
57.77
62
64.37
57.89
65.72
76.24
56.12
60.49
59.29
55.69
62.67
77.71
66.09
58.63
75.92
73.24
69.28
76.12
76.79
77.13
85.71
62.77
60.03
60.01
61.52
85.19
66.03
72.99
72.77
65.64
59.73
58.98
63.9
64.03
61.43
66.3
79.91
66.41
69.05
87.82
76.58
68.79
67.68
66.28
67.16
64.16
61.69
68.98
66.08
64.48
67.73
63.09
58.79
52.17
72.49
91.95
85.49
87.23
80.08
67.99
68.06
76.35
81.5
75.05
83.52
89.41
71.32
68.46
69.99
72.51
73.85
75.26
81.49
83.56
72.1
67.34
72.28
71.28
87.34
88.74
86.62
76.44
75.63
76.63
75.14
73.98
88.13
86.13
82.96
83.86
96.01
83.24
78.78
78.47
91.38
90.89
81.5
72.79
78.62
74.95
77.42
78.43
70.2
62.18
64.14
70.46
73.51
78.46
75.42
83.5
93.44
92.29
94.96
94.19
93.76
83.79
89.85
74.84
82.37
86.3
88.59
95.1
92.47
94.66
94.61
92.48
95.2
95.14
96.3
84.28
88.3
88.94
88.38
87.25
92.94
92.81
89.05
94.85
84.03
73.73
70.64
83.02
88.03
87.84
92.06
91.91
95.51
94.31
82.79
82.76
88.47
91.8
91.8
87.73
85.38
88.42
93.35
93.52
95.53
96.36
94.92
89.58
90.41
93.42
82.06
77.74
77.91
94.61
84.97
88.98
87.11
82.54
67.35
76.86
77.93
72.09
86.6
96.35
96.4
93.28
90.6
92.84
93.47
83.72
81.44
65.1
79.21
77.19
84.72
60.76
63.05
75.75
89.63
92.47
83.65
77.29
84.3
92.51
90.11
93.02
83.55
70.02
79.78
87.44
69.08
75.73
71.8
66.91
72.9
83.79
65.66
61.67
59.08
55.48
65.71
69.83
74.62
66.04
78.88
68.55
76.25
84.11
86.05
79.87
79.99
74.46
86.27
80.65
67.54
68.87
75.09
75.73
75.63
66.88
67.57
67.23
70.07
72.32
84.13
77.9
68.62
54.23
57.25
62.44
74.65
63.93
61.47
60.81
67.31
71.72
76.98
82.62
71.93
58.39
66.92
66.26
60.04
63.49
67.34
67.54
58.2
53.25
72.33
77.52
80.56
76.24
69.32
69.67
76.34
68.67
63.98
62.02
58.05
52.31
53.17
79.63
62.72
62.34
62.62
53.35
51.13
55.02
60
82.14
70.33
84.81
67.38
67.75
64
74.19
86.06
73.98
55.99
66.49
65.76
69.15
66.07
65.74
57.52
67.42
58.68
59.77
60.95
61.4
72.86
57.12
59.67
57.25
78.09
66.08
60.19
62.2
61.49
74.47
74.47
68.48
74.86
67.75
57.8
59.19
55.11
60.13
78.34
69.33
68.52
63.74
69.25
70.22
77.12
60.69
73.67
64.07
76.76
82.37
61.85
62.38
62.5
49.66
69.09
71.25
49.04
63.92
62.67
70.9
68.88
70.84
83.76
79.11
64.26
60.6
72.05
76.67
70.04
61.92
66.3
59.72
61.92
67.95
62.34
63.38
63.28
59.25
65.71
70.2
67.6
62.96
60.76
65.77
68
74.41
74.62
79.9
75.16
72.01
76.52
67.01
70.28
69.6
65.71
69.81
68.88
65.81
71.72
82.12
85.7
73.54
64.82
60.8
63.59
66.87
64.21
69.94
65.56
62.38
62.11
60.72
63.39
65
64.39
65.95
61.56
61.74
62.65
65.94
68.68
59.79
60.28
70.5
73.25
70.81
67.27
66.25
68.25
78.33
74.62
75.44
74.82
81.73
76.96
86.4
92.56
68.77
70.22
73.73
87
80.13
79.78
73.02
73.99
89.36
70.83
73.83
77.2
74.96
68.89
79.87
76.16
77.96
74.76
74.39
73.74
64.32
75.95
88.15
76.24
75.67
76.68
83.68
79.35
83.51
80.96
81.23
86.51
78.92
85.36
81.92
85.27
80.23
78.38
78.27
79.36
69.84
68.6
81.17
84.39
75.94
76.3
77.34
78.57
79.88
79.94
86.11
91.14
74.46
62.9
65.97
78.93
80.59
77.75
82.74
92.9
80.01
79.96
77.82
81.56
83.17
86.04
76.7
75.88
72.02
80.73
72.99
78.7
75.6
81.05
89.95
91.92
88.54
90.95
82.89
83.56
82.96
76.45
85.77
83.97
86.08
73.27
82.32
84.31
74.92
77.62
90.23
80.86
83.42
90.11
84.45
90.19
79.53
75.05
85.22
88.11
91.91
86.83
95.18
83.29
95.02
94.8
94.5
93.46
86.69
84.32
72.23
63.69
75.98
73.52
78.34
82.7
88.47
86.48
88.81
78.73
86.18
92.88
93.49
87.69
87.09
81.64
72.88
86.03
93.11
82.2
72.13
60.2
75.7
81.54
79.37
74.83
78.81
74.6
72.93
70.73
64.49
60.56
76.87
71.55
77.54
87.15
86.77
87.77
89.01
87.81
67.54
84.36
76.18
63.12
57.84
61.05
73.32
71.16
62.71
65.92
64.43
67.24
75.85
77.7
74.69
63.35
70.75
72.49
63.38
77
69.98
74.28
85.25
74.14
82.42
72.45
84.86
66.36
65.69
68.07
71.91
72.95
88.65
68.97
82.33
72.72
69.97
64.76
76.37
83.96
88.82
73.59
77.4
63.32
58.75
61.38
62.7
69.63
69.82
77
70.42
76.03
86.53
72.43
58.73
64.84
77.45
61.67
66.28
72.86
70.33
62.11
74.72
69.76
56.42
64.13
56.75
58.92
68.24
70.46
43.18
50.53
64.77
68.18
57.92
52.87
58.89
61.37
83.24
69.32
69.27
73.84
79.19
74.8
55.71
53.86
54.17
56.12
59.96
57.1
56.01
70.33
74.57
80.93
70.65
73.4
71.64
73.71
70.98
53.32
56.93
59.35
57.25
61.16
63.51
62.13
72.69
74.4
75.49
85.87
72.49
64.87
59.88
60.37
82.02
78.17
76.3
65.67
76.66
66.13
64.47
68.15
67.05
65.23
62.7
64.75
73.4
71.03
80.72
83.56
74.86
66.25
73.67
82.9
84.26
83.45
70.7
75.37
73.06
80.83
83.62
70.97
81.04
73.33
73.33
68.76
76.22
67
66.8
69.54
83.46
72.62
85.18
84.78
79.75
75.89
58.89
61.8
66.76
67.55
74.22
67.2
67.6
79.34
84.75
72.02
69.89
67.71
69.31
68.2
69.8
72.35
77.09
80.51
68.2
78.46
70.65
69.91
67.15
70.8
68.76
68.32
60.23
60.31
63.76
67.79
78.96
89.48
71.07
69.5
69.27
72.46
67.51
69.42
73.7
72.08
77.26
79.5
91.75
72.75
66.43
67.18
68.63
68.31
77
73.4
77.27
72.31
85.06
85.15
90.58
81.29
79.37
77.68
78.87
68.58
73.25
92.1
78.69
76.57
75.65
83.45
85.86
81.86
84.85
77.29
77.74
74.59
83.38
78.22
73.86
77.92
78.46
83.42
91.71
91.14
83.36
86.13
83.05
87.56
82.93
75.48
76.11
80.16
78.74
82.66
82.8
77.47
88.95
75.84
72.94
78.39
76.93
81.63
82.74
79.44
83.84
85.09
82.51
83.18
84.56
83.87
82.58
80.06
84.63
83.42
80.33
81.56
81.26
81.84
82.47
75.46
71.46
73.62
73.7
76.76
79.62
81.4
88.64
87.46
92.47
88.29
85.38
82.63
75.84
60.42
72.55
59.47
64.92
62.55
75.65
83.16
86.81
91.61
93.49
94.93
90.38
77.59
87.12
68.77
70.9
62.76
67.78
79.92
85.84
81.65
93.74
90.34
88.15
91.71
94.4
93.18
95.11
95.87
90.21
94.09
93.52
94.56
96.21
96.34
96.08
93.84
92.13
90.96
94.27
96.9
94.52
97.19
96.66
95.71
95.91
92.54
74.46
84.77
76.16
78.49
93.34
95.21
90.36
81.29
87.12
84.64
92.49
95.5
92.08
86.26
83.98
84.65
89.36
91.76
97.65
97.35
95.05
90.7
88.02
89.09
95.79
93.93
95.04
92.67
90.95
87.87
88.63
91.89
87.95
90.07
89.71
84.01
93.15
94.07
88.37
90.27
83.74
78.6
83
80.61
87.95
90.51
73.06
76.88
77.68
83.54
66.45
73.55
74.08
83.04
91.02
88.5
71.52
74.42
74.35
67.63
65.08
89.96
71.63
65.61
68.67
69.12
69.95
69.37
73.2
75.4
76.33
82.44
68.14
70.89
66
63.18
73.34
77.16
70.52
71.96
67.82
65.04
79.66
86.91
81.08
83.72
82.77
84.15
86.37
74.17
67.28
60.07
68.83
77.78
72.49
68.68
71.06
71.73
50.93
58.38
75.86
73.53
73.66
92.45
87.58
91.68
87.03
80.82
72
66.2
75.25
65.57
62.49
74.53
83.34
79.54
79.39
54.61
62.15
61.09
55.69
56.33
47.98
45.91
44.54
69.98
76.58
82.96
83.2
77.14
65.62
78.67
92.54
68.04
71.28
67.09
73.17
76.5
75.78
84.51
78.06
76.89
81.08
92.75
91.88
91.87
80.9
82.06
70.52
57.09
53.68
81.13
75.32
82.91
77.86
72.21
63.61
84.12
88.89
72.08
57.59
64.52
72.05
74.87
73.7
65.84
71.66
66.66
74.37
72.8
68.35
68.84
70.29
68.63
70.74
71.29
54.76
62.89
64.59
63.91
63.01
73.15
76.53
87.75
80.73
83.45
73.26
80.17
85.03
67.81
73.61
69.46
78.22
92.48
90.16
78.5
78.9
77.59
65.29
73.92
78.33
60.67
75.82
77.48
82.39
74.36
70.65
72.56
69.51
62.54
63.37
61.39
65.25
64.37
65
64.43
70.94
86.3
76.55
73.5
76.37
80.05
86.74
69.22
69.56
73.9
81.49
74.16
71.98
77.32
77.76
88.76
79.68
76.87
73.96
88.45
81.53
80.09
90.44
80.28
77.47
79.63
76.17
73.69
76.63
80.63
73.24
75.23
89.58
80.21
82.74
86.53
83.3
85.11
74.85
80.22
95.77
96.07
89.01
90.01
77.9
75.69
70.96
83.51
81.41
79.04
85.11
87.38
90.37
81.08
78.37
81.03
89.87
83.58
96.02
95.15
94.2
96.92
93.11
96.13
86.3
86.36
89.04
80.82
80.48
67.09
77.75
84.68
84.66
95.93
95.65
95.61
87.45
86.31
90.45
92.08
86.49
88.66
87.25
86.4
89.43
90.91
91.62
83.94
77.35
92.12
81.44
82.25
79.83
81.55
81.67
82.78
89.53
79
72.04
76.92
85.44
77.39
85.05
85.22
70.55
79.74
73.88
77.7
85.44
84.82
71.23
60.01
63.64
81.38
88.15
93.13
91.77
91.32
89.12
85.27
89.67
95.88
89.74
87.18
79.77
95.41
95.17
95.11
86.57
91.49
81.3
82.65
85.04
85.13
97.33
97.23
97.48
97.23
96.54
98.09
98.66
96.94
96.28
95.54
92.06
97.53
97.71
98.17
95.29
97.65
87.68
85.39
96.42
88.32
85.78
66.11
73.19
84.45
79.9
83.04
88.65
86.4
86.49
94.07
97.36
97.23
95.63
95.05
96.72
96.92
95.42
93.94
91.1
92.95
95.16
95.94
96.69
96.16
95.85
95.63
97.21
95.95
97.26
97.35
97.52
97.19
87.55
82.3
84.58
87.79
89.69
86.71
83.14
73
81.18
82.18
83.63
78.06
77.59
76.66
78.43
77.65
81.71
80.81
81.4
65.33
72.26
70.01
75.72
75.78
72.9
65.44
64.46
72.55
71.6
71.77
69.78
77.01
77.83
66.31
69.03
68.8
69.12
80.06
82.01
81.04
74.96
58.91
60.67
68.98
63.13
66.78
66.2
71.63
66.11
71.69
84.99
67.25
84.81
83.15
71.69
85.05
78.41
74.18
81.28
72.16
72.95
76
69.41
64.3
75.63
78.1
67.48
59.25
63.16
71.84
62.03
54.01
52.01
56.81
52.03
51.69
50.73
64.77
56.52
58.36
71.47
65.99
45.48
66.22
90.87
65.46
60.61
48.04
54.18
51.64
64.16
76.47
85.47
76.72
69.47
64.57
60.51
55.63
55.88
53.32
57.23
62.61
86.43
65.07
62.06
58.7
51.41
53.22
55.78
57.82
58.82
66.65
63.9
62.39
56.03
59.25
89.01
82.69
89.67
70.33
77.26
74.51
78.08
64.35
68.34
62.06
67.68
85.32
78.22
77.72
73.7
82.2
78.72
72.35
76.24
76.18
72.57
76.04
81.66
77.58
71.51
74.77
84.65
89.28
84.14
79.76
73.17
61.5
75.45
83.57
72.89
74.48
70.05
69.82
74.96
71.13
73.58
71
63.26
67.28
86.36
87.62
78.83
82.45
64.15
74.98
88.66
79.59
83.71
77.23
81.98
79.28
80.09
92.99
81.71
65.33
73.1
81.11
79.17
81.64
87.15
67.29
69.13
81.55
92.14
77.96
75.29
85.54
74.1
75.24
77.99
78.93
92.86
77.43
79.94
84.85
86.1
77.79
76.48
74.36
72.75
76.91
80.2
80.11
85.55
79.48
87.48
82.66
78.07
77.59
77.66
78.44
80.41
84.98
76.12
88.77
68.86
67.86
76.29
78.77
79
79.63
81.13
80.99
86.98
81.49
79.09
66.77
73.22
78.92
73.82
89.31
77.97
78.88
83.23
84.01
83.56
72.23
78.94
81.87
80.27
79.45
77.07
78.15
79.19
80.24
81.64
86.45
95.34
92.4
74.1
79.88
82.03
84.47
72.56
85.96
79.94
80.7
79.89
90.32
75.79
80.58
77.66
82.19
75.97
84.31
85.08
82.99
82.29
70.43
93.71
78.38
70.7
79.59
86.43
79.77
76.42
78.88
71.41
77.55
87.69
80.94
72.51
79.57
75.22
73.54
85.75
83.86
89.36
83.32
79.78
97.1
86.2
82.29
97.6
94.76
84.01
78.69
84.82
88.6
89.19
97.72
97.62
97.77
97.45
96.86
97.58
97.88
97.89
98.39
96.85
98.56
79.93
84.86
89.3
91
83.81
92.23
98.46
87.84
92.57
89.03
84.96
84.84
90.22
82.61
85.22
91.92
98.84
99.19
99.19
98.53
98.87
97.86
88.27
98.67
95.95
86.94
90.68
89.25
97.83
84.17
96.05
83.12
90.74
75.89
76.94
85.88
85.79
83.49
87.79
97.88
94.7
97.32
96.06
94.15
90.15
80.04
84.05
73.74
76
83.92
85.16
88.35
83.8
78.91
81.24
84.48
82.16
81.76
74.42
56.57
73.56
76.69
73.24
74.22
72.38
72.55
68.06
59.53
54.2
61.2
57.19
53.96
69.88
56.97
54.14
52.43
64.13
61.01
68.82
63.36
47.54
65.6
68.38
71.82
75.43
70.33
67.59
86.39
81.23
68.88
57.73
62.03
56.02
45.58
72.48
62.77
56.08
54.42
50.45
58.74
58.86
54.55
53.81
91.11
82.07
67.65
64
67.1
64.99
62.71
54.47
50.09
51
51.98
46.76
60.41
51.98
54.49
55.18
63.3
60.13
54.71
55.11
83.66
65.87
62.32
79.47
67.17
52.58
63.74
68.87
77.67
62.08
80.64
74.94
81.24
59.22
58.41
57.75
72.17
72.6
68.41
65.3
62.44
52.3
52.21
76.53
59.45
68
64.38
65.36
82.4
59.37
63.06
64.66
56.17
57.35
58.72
60.33
59.23
60.01
53.94
56.27
60.8
78.52
82.75
84.93
60.58
69.92
70.55
62.71
70.55
87.07
76.35
67.68
63.64
74.49
69.63
66.39
73.05
78.32
72.99
78.16
78.1
71.64
60.65
76.19
76.53
76.17
89.08
92.36
89.7
82.97
76.39
79.81
86.49
73.5
76.26
74.91
71.5
80.91
86.85
86.66
82.34
84.86
80.15
85.65
84.89
85
77.38
83.56
89.89
74.54
79.36
82.41
87.03
74.56
79.57
73.26
83.26
93.79
80.09
91.52
80.22
71.73
78.95
77.77
79.21
76.44
71.08
73.9
77.39
76.16
78.9
78.11
82.48
90.03
77.67
71.89
77.36
82.53
81.73
82.39
75.56
81.1
73.06
72.44
72.5
72.04
63.68
71.71
70.66
67.46
73.43
71.86
81.58
75.88
73.55
81.92
75.32
75.78
87.39
82.2
86.24
78.68
75.96
84.24
83.27
78.89
78.13
82.59
79.84
81.04
83.34
93.55
95.01
86.19
85.97
90.19
85.98
91.47
89.24
93.68
90.89
93.12
85.94
84.2
92.11
84.88
80.71
82.15
75.08
83.25
85.72
85.41
83.59
77.79
82.26
96.32
87.23
84.57
89.98
92.64
91.12
84.62
96.13
93.82
93.01
94.74
91.17
77.11
79.13
89.89
79.06
79.87
84.12
87.41
79.45
85.63
96.35
92.99
87.54
85.78
86.31
92.63
95.42
83.77
79.2
72.55
74.47
78.83
79.12
73.28
79.13
83.81
96.71
94.56
89.77
87.86
84.2
81.94
88.86
80.23
84.79
85.95
85.27
90.31
84.67
85.98
76.09
79.63
77.95
71.42
86.76
94.26
93.18
92.53
95.71
93.24
95.51
95.12
92.89
96.14
94.35
94.93
95.06
93.84
93.84
88.65
90.31
88.88
85.53
89.7
89.93
95.5
85.27
98.46
96.4
94.2
93.23
96.37
95.52
90.53
81.62
90.5
88.06
94.25
94.62
85.49
87.5
96.2
95.23
97.8
97
94.67
95.7
96.65
93.51
91.22
96.06
97.97
98.05
96.55
98.48
91.54
94.4
83.03
85.41
78.1
82.89
96.31
98.26
98.53
97.42
94.84
95.29
95.41
96.21
96.24
97.01
92.91
80.12
59.92
60.6
60.82
86.42
83.25
84.96
69.97
60.97
70.34
68.06
81.18
85.55
73.09
66.15
80.99
89.86
88.13
77.07
76
61.62
63.95
74.71
90.67
94.32
68.9
64.36
64.64
66.15
57.79
64.55
73.27
69.29
69.51
59.6
70.64
82.8
84.23
72.47
61.95
63.37
73.55
68.71
74.08
69.85
73.59
74.71
71.51
62.78
62
61.36
63.64
65.03
75.93
70.95
53.33
54.26
70.33
94.3
83.46
75.69
65.17
60.1
59.43
46.63
54.13
62.51
61.28
59.43
85.12
64.65
62.94
77.95
74.11
86.1
74.81
57.07
85.2
90.62
80.7
79.99
77.38
75.99
74.89
92.23
89.16
80.34
74.32
71.02
75
72.59
74.73
78
73.43
77.66
84.24
85.24
69.22
74.79
70.89
80.02
68.56
72.64
85.13
79.54
90.45
85.2
69.75
70.36
75.95
66.13
80.2
78.66
76.17
64.45
64.84
67.9
67.7
70.83
70.05
67.92
69.76
67.33
68.21
69.25
55.34
74.39
66.77
59.99
60.04
77.32
65.6
64.94
78.3
76.63
76.83
74.36
78.98
82.52
83.38
75.68
66.34
66.62
88.35
77.81
59.53
64.93
66.37
65.47
69.49
68.11
64.95
68.16
65.44
67.31
68.88
69.3
66.97
60.4
82.92
77.39
88.23
88.02
83.1
85.14
80.87
79.37
63.32
71.14
71.34
70.06
70.31
71.82
72.77
81.15
72.22
69.95
70.02
81.55
76.46
72.29
65.22
61.81
70.18
71.19
72.63
68.64
78.44
79.01
80.95
78.31
77.22
70.18
71.27
79.09
72.31
73.88
70.55
71.93
82.11
85.52
83.7
79.22
85.8
83
75.94
75.51
76.77
75.82
75.69
80.24
80.02
87.03
93.78
83.77
80.68
84.69
89.94
90.19
91.65
83.01
83.4
79.83
76.13
72.19
76.43
76.42
77.17
77.77
81.36
79.6
82.45
89.47
85.24
79.44
91.01
84.59
83.69
85.01
79.44
72.84
86.76
87.51
75.18
73.6
81.39
79.39
70.79
85.32
76.63
68.7
75.92
79.64
83.91
77.97
80.03
81.06
81.09
75.93
76.98
72.94
73.83
72.21
71.94
76.75
80.23
86.36
85.07
79.32
66.93
86.33
81.21
85.91
89.54
86.93
84.15
75.81
81.49
86.09
84.25
85.43
82.42
78.33
80.58
94.02
94.05
91.06
86.89
82.17
87.26
80.71
82.64
88.43
91.34
93.51
88.56
92.23
88.47
86.81
84.14
85.32
85.89
94.22
93.66
92.22
91.14
92.96
91.19
82.87
78.35
81.63
74.47
77.29
79.19
79.62
80.12
92.72
92.04
92.27
86.34
90.82
77.36
75.02
76.19
78.75
82.49
74.58
76.09
83.61
86.36
88.34
93.45
89.73
90.62
82.34
86.49
85.85
82.7
92.35
93.37
89.41
89.62
88.38
93.35
92.25
92.59
93.94
87.87
87.73
90.36
88.93
91.58
78.81
74.44
76.17
66.74
62.02
62.58
62.93
78.25
65.85
72.33
68.25
65.71
72.43
72.72
76.89
83.32
77.83
78.44
66.09
69.61
68.9
72.72
77.32
77.31
64.02
70.84
75.88
73.76
75.36
61.07
64
76.54
66.77
64.52
62.35
76.43
68.48
66.5
76.54
78.19
61.02
69.75
71.03
63.23
58
66.07
69.4
60.67
64.18
62.11
57.23
63.27
61.49
55.69
60.33
67.06
69.85
68.03
71.02
63.61
71.55
83.04
62.22
74.7
66.29
74.73
65.66
61.14
65.21
79.84
71.19
73.18
65.78
83.22
70.58
65.36
85.08
66.78
63.31
66.97
85.34
59.75
51.68
61.78
56.03
53.98
71.98
68.54
67.62
52.99
57.99
57.66
51.34
64.08
60.37
62.64
63.84
57.09
54.94
61.32
82.72
75.98
71.59
64.97
73.98
73.54
85.87
74.65
58.47
67.19
57.26
59.03
62.4
68.15
66.41
64.88
64.91
78.54
70.87
65.44
63.68
61.44
57.65
56.96
85.6
93.98
67.49
87.57
74.46
71.27
67.27
68.79
59.61
61.47
84.93
62.23
73.7
59.3
62.26
60.47
60.01
62.45
67.75
80.98
68.32
63.98
58.21
64.53
65.39
63.34
64.79
74.22
55.99
51.81
54.74
56.31
56.86
55.24
53.99
56.22
64.49
88.67
73.6
66.95
64.35
57.7
67.79
64.92
59.45
55.9
58.81
61
62.36
58.68
79.09
76.62
57.35
85.11
80.37
60.16
69.85
95.25
74.26
60.18
82.64
76.38
80.18
70.61
73.48
70.01
67.36
57.73
70.76
66.4
82.3
72.32
74.43
74.04
69.54
64.26
67.42
65.95
87.63
82.9
75.04
72.72
75.07
70.73
68.81
62.58
64.8
70.66
68.16
65.13
61.02
60.1
57.51
50.97
49.68
51.32
55.83
61.47
57.87
57.63
59.68
67.71
68.75
59.71
76.82
86.17
83.22
76.62
74.95
68.45
70.11
88.41
79.56
73.92
70.43
70.28
72.51
71.38
72.72
84.86
78.78
85.32
84.34
86.18
86.56
90
81.72
80.48
90.31
85.75
84.99
78.88
76.44
71.61
74.73
87.44
87.36
93.01
90.03
87.11
85.77
89.51
82.41
93.59
92
80.93
67
77.59
86.7
88.26
84.36
78.29
89.37
92.7
79.45
80.6
82.93
81.24
86.71
86.26
83.3
90.57
79.54
84.46
82.7
66.98
92.6
96.2
81.68
91.69
94.86
80.92
84.28
77.29
75.82
86.54
88.95
78.01
71.93
63.49
83
95.02
96.21
93.1
95.83
91.59
82.38
88.42
78.69
84.59
95.61
93.14
86.61
81.15
77.62
93.5
98.9
98.93
98.57
98.99
98.95
99.16
99.09
84.15
90.32
97.22
94.58
93.78
90.01
94.87
96.28
83.63
88.71
93.43
97.12
86.76
77.59
72.03
75.16
81.44
84.06
97.47
98.7
97.81
93.57
97.74
96.06
93.32
92.08
95.23
95.29
93.19
75.6
85.56
96.46
74.97
80.72
88.56
78.1
81.16
83.37
85.17
91.18
85.13
89.42
93.74
93.68
88.44
91.98
96.22
96.82
95.9
98.37
89.97
94.39
91.74
82.75
66.43
66.67
73.12
76.01
69.67
74.24
73.5
64.95
59.89
70.28
75.42
74.95
76.26
78.63
68.29
77.07
74.55
77.73
68.63
55.66
62.76
59.62
58.49
76.96
73.04
62.67
62.38
58.71
68.89
89.53
75.17
85.18
69.59
75.39
69.81
69.59
72.63
65.84
72.55
65.5
66.53
85.71
82
75.94
69.55
66.99
67.02
73.93
83.2
92.82
96.93
79.78
72.39
74.45
81.65
79.07
71.38
78.16
81.05
70.85
69.58
60.02
58.18
54.19
68.74
57.87
62.34
92.09
72.62
69.8
89.22
72.61
59.41
60.41
54.05
73.58
72.92
60.22
75.55
88.85
86.15
76.53
66.16
57.17
60.27
78.94
64.45
62.03
61.43
67.98
61.21
56.39
59.98
63.06
76.94
75.09
77.01
80.81
78.67
62.09
68.72
51.47
53.89
52.82
58.54
58.05
57.45
66.13
66.87
65.16
71.37
66.79
52.87
53.79
56.01
47.07
53.81
57.29
55.43
54.01
78.22
59.73
57.26
78.93
63.25
61.11
72.35
71.85
64.7
64.24
68.87
86.27
67.47
68.59
76.24
64.11
62.54
85.5
70.97
59.64
61.05
54.37
76.02
73.15
64.83
61.83
59.13
67.04
75.07
77.22
63.14
82.08
59.2
55.73
83.43
78.18
74.87
61.88
57.54
80.11
79.62
70.02
75.77
72.3
70.17
65.44
62.78
88.54
78.02
66.91
84.01
88.01
68.78
76.4
81.38
70.68
64.98
66.3
63.88
60.81
67.36
62.16
62.45
63.36
64.68
62.37
58.64
58.57
59.72
62.56
65.67
73.61
83.96
63.62
62.84
66.21
69.58
68.22
63.94
62.42
65.33
65.6
69.96
76.98
75.39
78.63
72.85
64.07
64.47
60.48
60.8
62.99
80.54
83.95
80.4
68.41
77.8
94.34
85.62
73.55
84.44
90.9
79.27
80.34
77.36
72.86
75.32
94.3
88
94.42
84.37
87.07
76.25
79.35
84.21
96.26
86.84
88.82
87.77
79.73
79.81
86.54
89.55
89.63
78.09
75.1
81.36
84.21
84.42
84.95
75.33
83.17
90.84
85.83
82.66
85.61
87.19
87.1
87.79
92.74
95.05
95.82
92.89
76.06
85.31
83.45
91.3
92.93
83.31
86.12
89.24
91.95
87.88
66.43
61.53
67.46
81.65
73.19
75.03
82.6
88.08
81.1
83.45
65.02
84.72
94.15
92.05
63.27
74.57
77.74
80.74
94.36
88.97
70.39
70.94
75.95
68.37
65.23
66.88
83.63
91.84
94.62
91.45
92.09
87.33
95.83
97.38
96.84
94.45
95.12
88.98
80.66
81.03
80.88
90.95
95.02
75.66
77.49
81.43
77.27
79.65
86.24
85.7
82.87
77.4
80.91
87.46
78.1
67.73
82.48
79.63
77.17
71.59
74.4
78.79
68.12
58.34
53.98
72.23
67.91
61.87
75.12
86.37
85.14
95.72
95.5
94.03
95.14
91.55
88.69
91.31
92.63
89.87
89.45
86.86
79.56
81.06
79.7
76.53
86.89
88.92
72.86
75.08
63.46
68.38
67.14
81.6
78.85
83.62
94.97
84.36
76.07
93.99
92.18
91.46
80.94
69.03
62.83
75.81
79.79
64.7
70.73
88.43
94.83
83.97
72.34
71.64
50.69
59.37
60.58
51.63
53.88
63.87
85.01
89.49
89.71
79.42
77.04
66.53
64.02
56.67
54.49
57.47
55.51
55.09
57.03
61.55
51.46
55.85
74.69
70.34
65.56
73.39
70.28
78.92
75.45
67.43
70.31
61.15
61.54
55.14
57.06
57.22
50.21
52
51.46
54.52
51.22
51.54
54.43
43.43
52.07
45.68
47.36
87.52
91.63
93.08
92.83
84.29
80.61
73.76
80.81
83.09
84.65
85.92
73.98
65.34
64.2
81.12
66.75
64.39
80.72
65.47
56
64.07
58.54
51.14
56.79
58.79
77.85
72.82
70.7
60.02
70.02
66.4
64.71
71.08
78.55
77.45
63.33
65.54
60.5
61.73
67.31
69.01
71.63
73.7
59.92
61.76
65.21
86.64
77.72
76.9
56.8
53.17
55.97
60.37
55.44
59.97
61.95
75.96
76.66
75.14
70.2
80.26
82.42
52.04
63.09
63.41
71.07
69.9
66.92
67.11
62.67
60.16
60.07
61.4
60
58.65
60.94
69.47
56.46
55.2
82.99
62.43
61.1
59.28
57.09
61.09
78.39
66.54
63.82
74.5
61.18
62.71
62.99
48.21
47.55
64.02
68.17
76.23
76.71
68.36
76.09
67.84
63.69
63.2
83.43
69.8
74.71
71.14
61.92
57.28
63.75
73.76
68.38
84.88
84.79
75.03
68.79
82.57
75.14
86.51
89.97
84.67
77.6
77.55
91.32
86.18
69.8
74.74
73.99
75.39
72.87
74.65
74.54
74.24
84.06
88.52
80.94
79.07
76.78
72.79
86.1
85.44
81.07
77.37
71.7
75.79
67.38
70.18
77.43
78.94
77.28
74.55
75.03
76.82
88.21
79.41
60.94
70.93
68.87
78.25
71.73
74.38
74.87
81.35
87.88
85.37
95.93
96.14
96.27
92.5
81.02
80.52
77.87
67.22
74.72
79.21
80.26
83.59
86.8
77.68
87.45
74.45
73.88
88.17
91.85
97.38
94.69
87.51
84
87.54
79.82
66.04
92.11
90.98
80.58
75.25
79.61
71.96
85.11
82.62
69.32
76.66
44.47
63.72
72.55
89.83
88.47
92.94
85.96
94.15
75.81
65.92
88.16
83.31
80.54
71.27
73.54
75.55
81.01
65.06
54.86
53.78
72.17
88.63
76.33
80.13
75.7
88.13
85.41
77.68
79.72
85.92
93.5
96.42
95.07
93.48
96.81
97.18
95.72
96.54
96.55
95.14
95.79
87.68
78.9
72.86
75.95
82.17
88.45
91.01
94.55
93.63
96.38
87.88
79.89
83.45
87.19
91.93
94.22
75.92
65.8
87.62
90.79
88.16
95.51
81.72
86.14
74.3
87.26
82.56
84.74
80.07
77.33
88.97
80.92
85.17
84.37
73.81
78.4
74.15
76.9
82.89
88.16
85.92
92.79
93.2
93.98
95.15
96.7
96.92
92.44
88.28
93.52
88.9
86.02
84.49
89.34
92.71
74.1
74.47
65.51
89.54
67.27
57.4
63.53
83.67
78.75
79.47
86.53
78.87
74.67
73.69
71.17
84.2
76.47
70.82
77.86
84.01
81.89
72.79
88.24
80.88
70.09
81.25
73.21
75.08
70.04
73.58
88.89
82.44
85.07
83.46
77.79
76.83
70.28
67.74
63.71
57.73
55.04
69.46
73.29
66.28
64.33
59.91
57.91
61.42
39.57
42.84
44.53
40.65
43.04
48.41
47.57
47.59
54.11
57.88
61.54
43.79
52.4
67.63
53.93
57.19
52.73
54.07
45.47
51.87
58.64
88.28
87.38
60.48
62.19
61.62
53.83
54.91
51.14
62.03
54.65
45.42
41.75
59.69
60.34
54.46
45.39
76.65
67.56
58.37
58.7
56.03
56.06
59.38
57.35
52.04
48.65
48.75
54.07
38.77
62.35
71.44
66.84
64.05
60.1
53.37
56.03
52.83
57.44
53.34
73.86
70.55
60.61
51.73
61.53
61.53
73.13
76.72
70.89
73.03
66.13
63.5
78.85
76.51
78.09
68.67
64.95
65.21
69.19
64.28
62.68
62.46
64.81
62.68
60.19
67.22
80.17
74.89
60.7
85.94
67.3
69.62
59.22
58.03
57.3
61.72
64.24
56.33
61.53
62.76
72.2
64.59
56.44
70.06
77.82
82.51
66.96
65.53
61.82
55.7
59.89
63.49
57.33
66.07
67.14
59.06
56.08
57.75
63.17
61.35
58.74
59.11
58.39
54.46
82.75
69.06
78.59
68.24
57.26
63.68
71.07
68.31
84.41
79.48
68.2
63.41
66.38
64.42
61.36
52.51
52.9
50.93
49.61
42.23
46.99
48.07
56.45
68.86
75.24
66.69
55.78
59.36
61.43
60.2
57.46
52.91
56.08
58.01
57.11
50.26
46.17
57.22
78.49
95.39
72.88
72.43
64.08
64.72
69.06
70.87
61.36
59.09
82.33
94.34
83.14
74.93
86.2
71.53
69.46
71.83
71.07
71.66
73.83
73.22
72.29
66.57
57.28
81.51
70.92
71.58
74.29
74.49
93.77
81.56
79.53
80.61
85.13
88.73
85.03
71.1
82.07
75.36
71.52
75.91
82
80.04
73.5
75.76
80.35
78.69
76.31
80.03
85.08
89.36
87.86
83.52
89.64
90.27
85.54
80.93
84.81
81.17
91.21
94.02
80.71
67.98
92.38
91.31
86.63
82.11
91.75
90.18
90.53
90.71
91.19
81.82
75.08
77.73
86.77
88
94.37
89.95
94.62
83.36
88.06
92.03
83.72
73.63
74.97
80.09
95.3
92.05
92.4
92.84
93.91
96.99
97.25
98.43
98.47
93.56
84.08
69.95
79.65
79.5
87.2
87.09
87.24
88.43
91.13
81.65
79.23
68.49
81.1
88.2
89.26
82.43
92.85
62.07
61.93
69.12
72.44
84.18
81.01
87.81
97.14
97.4
87.21
76.52
71.52
74.71
76.92
75.12
80.96
86.26
93.4
97.55
92.62
85.59
83.97
73.98
91.28
70.21
81.93
97.13
84.36
84.75
64.76
66.31
69.37
70.3
73.74
78.31
87.54
89.31
87.46
74.93
67.77
73.83
76.82
86.48
78.74
60.19
65.19
67.18
75.6
63.91
75.07
71.42
62.59
76.53
88.18
81.33
83.04
79.53
80.24
73.03
64.51
55.85
90.11
93.58
83.88
81.68
93.74
91.61
87.35
81.57
74.55
66.62
61.93
63.93
63.13
69.86
78.58
94.43
82.8
76.95
82.24
80.46
77.72
77.29
81.41
72.57
65.38
60.4
45.88
57.19
62.21
85.69
93.31
92.85
88.14
78.05
83.1
75.16
67.96
71.77
70.34
75.08
58.07
63.12
69.04
90.15
91.47
87.35
66.5
74.64
87.9
75.89
67.73
75.52
76.35
76.85
74.25
86.39
81.35
78.96
92.73
71.98
66.27
62.94
75.74
67.46
68.93
69.85
64.16
59.77
66.24
71.85
70.35
64.86
77.7
78
79.3
79.6
87.54
76.18
73.54
69.98
67.51
80.42
58.92
60.62
72.71
80.37
69.11
74.7
62.44
67.92
86.25
75.03
60.09
57.92
53.35
69.01
89.15
81.37
64.67
62.89
79.42
90.43
84.45
88.89
92.78
79.7
65.64
65.2
60.31
68.43
75.59
85.13
83
69.32
68.61
79.26
63.42
73.69
79.77
85.48
77.7
72.85
73.95
66.23
91.02
71.76
71.56
76.91
81.61
74.26
71.02
92.08
71.79
69.77
71.41
78.67
79.91
74.04
68.71
66.79
81.05
72.31
66.9
72.86
81.13
73.34
71.78
65.72
67.65
71.27
66.05
71.9
76.21
73.8
70.14
69.5
63.2
69.54
75.32
78.9
63.22
74.77
74.44
79.55
73.21
70.86
76.29
87.81
80.63
81.87
76.88
75.85
76.37
75.89
73.88
70.01
69.74
68.39
52.72
57.61
71.37
79.71
71.73
72.36
72.48
74.99
91.42
71.09
72.23
72.77
75.4
84.11
84.24
84.85
80.18
77.47
74.78
74.06
74.03
63.75
58.62
65.23
64.11
72.06
77.04
75.31
85.64
75.36
61.38
71.49
81.83
80.21
80.26
83.43
81.69
92.01
79.6
75.45
74.98
80.13
77.7
85.21
87
89.94
84.79
79.3
83.99
79.38
87.1
85.08
89.64
92.95
80.43
72.84
86
92.15
93.21
92.98
90.92
82.3
87.61
84.52
89.07
94.69
93.2
87.67
86.84
82.41
82.37
77.82
68.89
77.91
86.66
88.92
93.25
95.15
91.7
87.21
70.09
82.6
79.07
93.57
90.91
92.13
92.48
86.58
63.63
71.75
72.95
70.53
71.24
65.36
68.74
62.02
71.91
62.42
51.94
56.53
71.12
83.9
85.7
85.92
95.22
97.07
89.27
91.38
92.46
94.54
93.06
94.26
87.72
80.23
80.75
85.38
92.39
92.09
91.1
92.18
93.35
95.24
91.73
77.33
67.72
80.47
90.31
79.52
71.85
78.56
84.6
96.55
95.25
77.75
72.77
82.25
83.01
78.82
72.69
69.54
72.17
73.69
73.4
71.85
86.78
85.67
92.15
86.51
94.4
82.87
69
73.8
76.17
90.02
86.66
76.38
68.38
70.35
74.6
88.51
78.43
80.36
67.32
76.23
72.08
63.37
67.38
68.37
75.61
92.39
83.68
81.73
81.02
82.88
73.9
71.58
68.34
64.85
72.88
78.52
75.96
68.01
77.28
63.97
65.72
73.9
72.39
86.38
91.08
89.6
82.43
92.51
81.33
62.28
57.79
61.01
65.67
67.3
87.85
77.08
65.53
58.23
60.77
77.48
65.68
61.73
68.74
71.68
71.78
70.45
66.86
59.61
56.37
71.16
61.22
68.91
60.93
55.64
66.45
83.04
77.44
76.75
74.84
71.2
87.11
54.63
53.65
59.2
55.57
48.33
42.55
45.62
43.39
43.75
79.51
75.4
77.49
83.45
81.66
71
61.33
53.31
63.99
70.56
90.12
89.52
52.46
52.21
51.32
57.84
70.2
68.03
58.91
65.78
59.2
63.18
63.47
60.92
55.31
77.3
82.93
64.49
63.43
75.92
77.76
81.64
63.26
59.92
59.02
62.65
75.54
77.32
68.84
89.73
76.57
61.4
66.08
64.74
65.7
62.77
58.3
61.5
65.27
63.63
62.83
60.14
58.95
55.61
57.85
56.62
59.66
81.63
72.14
76.75
64.1
65.23
66.31
63.56
71.2
63.1
58.21
71.31
75.34
63.16
61.21
53.46
62.12
57.91
67.23
60.71
58.68
61.79
77.06
79.91
80.49
79.25
82.75
91.93
78.13
62.89
65.89
86.18
68.41
73.55
89.67
91.5
83.25
88.53
94.67
80.83
74.53
69.34
69.44
71.5
69.68
70.53
66.27
83.57
79.95
85.81
79.83
75.71
79.39
78.93
77.77
74.48
74.86
67.6
62.83
68.14
89.78
79.96
66.53
71.62
85.9
70.24
68.63
72
79.84
83.7
79.26
76.08
89.36
88.91
93.58
82.16
81.99
83
94.75
92.03
87.56
84.02
77.96
83
87.36
90.22
83.04
84.28
83.58
83.22
86.45
78.89
80.68
78.96
77.68
78.42
76.94
79.53
87.86
86.75
75.71
81.42
81.66
82.84
76.38
89.12
89.99
92.5
90.32
85.93
90.4
86.34
84.25
85.26
88.23
87.63
90.89
97.02
80.99
80.17
82.84
94.23
92.05
84.29
83.91
82.61
77.44
85.33
83.41
89.26
84.22
89.19
88.11
84.04
74.31
71.23
77.99
82.47
85.45
84.66
81.12
79.5
86.6
81.87
82.2
85.92
86.3
69
80.68
83.01
87
88.79
89.97
87.31
86.54
86.4
87.13
88.36
88.46
96.26
94.28
91.91
92.37
89.48
88.8
90.8
79.96
87.38
77.88
76.91
85.88
87.48
81.22
91.38
87.02
94.92
95.05
95.97
94.11
92.73
86.72
94.84
81.68
90.16
88.74
96.84
91.06
87.87
86.15
74.12
82
86.98
94.36
88.51
80.82
76.27
73.63
65.82
61.55
70.44
75.16
87.84
81.99
84.02
89.63
92.29
94.48
95.56
96.21
88.83
83.28
96.37
97.17
93.4
88.8
97.33
97.82
95.07
92.25
92.56
92.58
91.41
90.3
94.63
85.97
84.45
84.63
93.16
89.1
83.38
89.61
84.96
73.87
63.53
72.33
73.51
77.85
80.77
78.52
82.15
90.06
90.98
94.78
95.46
94.31
88.84
68.87
67.66
67.67
66.81
74.61
80.58
72.2
66.01
73.64
75
75.1
81.03
93.27
77.3
71.58
73.12
84.22
77.88
76.31
85.74
94.62
87.63
71.56
71.02
70.05
74.41
75.23
82.19
93.43
77.99
70.96
62.58
65.11
87.77
77.77
69.28
51.84
69.33
70.19
77.49
75.69
81.72
71.83
66.93
65.75
69.09
53.96
53.41
63.76
70.64
65.34
67.01
71.63
51.08
68.87
68.61
68.47
74.59
64.27
70.09
61.94
54.2
52.92
50.69
54.64
82.45
54.02
58.61
62.95
66.52
76.16
72.85
71.09
50.3
54.94
58.88
59.79
61.76
64.28
59.63
60.37
85.78
90.73
90.85
89.73
80.31
81.3
76.34
63.87
61.13
64.09
79.48
69.15
67.48
55.47
54.23
55.25
60.57
81.37
69.06
67.51
77.64
69.76
85.75
82.03
86.01
67.48
56.09
86.2
68.11
70.5
70.91
79.97
91.32
90.66
67.07
71.14
82.76
85.44
67.42
66.94
84.29
69.17
64.43
63.94
83.01
76.15
69.31
71.19
69.42
65.08
73.3
75.39
73.29
66.3
63.63
73.91
68.17
71.3
68.86
68.94
64.29
68.77
66.73
86.08
76.8
72.23
83.65
89.99
75.04
67.19
65.85
68.26
71.47
71.81
72.21
69.11
71.22
70.4
68.69
53.8
53.2
55.5
60.31
61.29
61.9
63.25
62.23
69.89
70.98
71.08
66.57
68.77
63.97
64.97
71.9
67.82
83.86
81.84
85.29
86.56
77.37
78.42
89.56
71.37
67.77
68.73
75.17
94.07
83.37
83.91
76.56
74.42
69.87
64.7
74.91
72.5
79.02
79.66
82.55
78.15
90.08
80.56
83.3
79.57
71.82
84.25
65.98
70.51
77.42
81.45
77.6
77.08
74.32
79.73
76.49
71.55
74.03
78.4
74.87
74.59
77.85
79.82
86.91
80.79
91.84
91.1
77.33
79.83
80.9
74.64
79.33
81.51
75.58
78.35
79.46
80.57
83.8
83.11
82.9
67.07
83.62
82.86
77.91
78.85
70.44
79.06
80.98
81.86
82.67
84.75
82
82.31
70.07
76.18
75.5
75.01
70.65
78.53
83.83
71.85
76.72
87.27
84.52
91.56
89.46
84.68
67.78
70.04
82.26
64.98
76.38
75.02
54.89
69.36
80.16
82.37
75.36
63.15
72.42
81.3
74.43
74.61
81.11
72.89
74.13
79.97
89.21
93.92
92.99
92.2
76.78
84.45
72.76
91.56
93.86
94.53
93.65
87.83
87.71
81.16
92.66
95.27
91.68
79.45
81.14
76.34
75.87
90.73
94.92
95.14
95.81
96.06
96.73
96.24
96.8
86.18
69.59
69.62
81.32
82.18
87.04
93.12
79.39
74.2
87.74
94.18
92.46
93.25
96.47
84.79
87.12
69.59
70.79
79.72
73.42
75.67
87.47
82.59
78.3
71.15
61.41
56.61
78.39
76.81
83.35
83.68
74.13
82.95
92.35
85.61
89.51
93.53
91.24
86.12
79.99
82.62
78.61
63.51
73.68
77.83
61.14
66.95
65.95
64.43
61.88
70.14
90.98
75.62
83.19
89.88
86.43
80.61
75.72
63.47
76.69
77.18
76.15
79.39
86.35
81.04
92.63
87.73
75.84
75.35
74.6
90.74
82.58
77.23
70.81
82.85
91.46
67.44
68.14
65.63
67.02
89.02
73.21
64.71
55.28
67.03
68.81
62.67
55.67
66.07
59.1
54.53
82.66
90.4
79.22
67.95
68.69
87.59
74.15
63.63
61.96
63.98
78.88
72.75
61.59
61.4
48.65
60.31
68.39
45.23
51.46
51.74
49.35
59.22
49.86
56.32
60.68
58.63
53.55
50.88
48.37
50.96
54.81
51.02
51.83
45.52
51.1
48.65
60.5
59.75
61.46
55.63
48.82
50.56
47.45
41.09
39.49
58.74
77.23
83.74
81.66
63.81
73.63
85.65
71.83
58.98
77.59
68.5
49.65
77.52
77.44
75.57
58.36
64.31
72.26
71.5
64.05
62.99
66.53
64.11
64.63
59.45
76.65
73.18
76.61
66.16
66.29
77.88
72.98
78.85
78.98
78.26
78.5
77.63
73.64
70.51
67.11
72.4
68.1
68
61.4
60.89
63.39
58.75
68
66.58
59.12
55.49
61.34
57.48
52.94
52.53
72.29
71.23
63.84
67.94
59.29
54.86
64.11
81.4
61.11
56.79
59.28
62
62.47
82.32
67.78
64.35
60.9
61.61
60.87
52.64
48.59
55.24
56.82
53.5
52.59
45.76
48.16
58.86
59.9
52.91
58.6
64.25
69.55
90.05
66.44
59.35
59.85
77.45
56.25
53.24
60.66
61.56
65.47
68.3
79.1
83.11
81.63
70.91
67.55
68.51
61.91
60.02
62
75.11
86.21
71.11
74.56
74.38
75.53
67.54
64.77
64.52
71.17
86.26
83.81
76.35
71.5
70.65
68.02
79.71
67.57
83.93
90.61
76.15
74.56
71.69
74.39
74.43
72.12
73.62
77.63
74.14
74.55
84.03
73.15
72.64
73.21
73.18
75.07
74.66
75.52
75
87.82
77.94
72.89
74.02
76.53
78.59
82.03
88.66
90.58
77.57
73.1
77.09
78.02
80.84
72.7
76.83
69.87
67.56
68.89
73.42
73.78
83.77
63.54
73.43
74.66
76.33
84.27
89.07
86.68
88.44
87.81
89.62
88.47
87.62
75.62
73.31
75.45
81.1
77.67
69.48
86.2
70.62
74.35
78.68
64.54
79.08
61.89
74.65
85.06
74.17
68.51
73.44
90.15
90.05
86.74
82.87
76.56
68.9
78.32
90.92
75.56
77.08
79.39
77.7
84.04
83.46
89.94
83.66
86.02
79.16
82.42
80.72
84.48
86.38
92.55
88.93
86.97
66.67
76.12
82.76
84.73
80.06
84.85
85.25
87.44
90.83
92.22
92.28
92.56
91.49
91.05
90.16
90.46
91.61
91.85
91.06
90.7
88.46
88.46
88.36
85.91
92.42
93.52
90.12
93.29
94.62
92.76
81.98
84.5
90.08
81.86
77.24
87.62
90.99
91.28
76.59
80.77
77.25
60.91
67.82
74.81
73.44
56.75
59.37
70.98
65.54
74.37
73.97
71.51
79.27
79.68
81.73
84.12
61.13
58.78
71.31
74.23
75.25
74.21
73.63
79.19
62.6
42.91
42.29
39.25
56.83
64.82
60.62
57.56
65.25
65.24
59.41
58.45
55.73
63.21
66.72
59.84
52.86
64.72
63.84
53.3
49.8
58.66
87.26
77.45
63.02
74.88
73.62
51.93
63.53
64.57
62.72
69.86
77.18
67.71
71.51
59.1
77.86
84.95
77.93
61
52.47
66.1
71.12
74.82
61.58
52.75
56.68
70.98
64
56.5
60.3
57.08
65.9
64.98
63.22
59.08
63.98
73.73
66.24
67.38
73.39
65.78
75.87
68.36
66.28
62.94
74.52
75.45
70.78
59.48
72.71
70.6
61.08
49.89
64.41
65.57
73.06
66.36
60.94
60.08
70.37
72.93
60.36
56.37
59.93
62.38
54.91
55.56
54.98
59.2
56.23
61.83
59.56
70.16
76
86.77
83.69
73.82
71.13
72.12
70.91
69.76
58.6
54.42
53.31
64.76
63.29
65.6
68.74
77.79
84.59
87.18
79.92
89.42
83.17
74.9
70.72
77.71
76.47
67.52
69.65
68.72
69.01
81.27
83.5
70.95
71.72
73.01
68.18
64.74
68.18
74.67
67.7
77.04
69.3
69.8
80.69
70.5
70.75
64.31
69.59
62.6
62.62
68.33
87.91
70.42
72.57
62.48
63.54
73.19
89.1
69.2
64.51
76.15
84.59
70.75
71.1
82.53
70.8
84.1
76
78.47
77.44
72.23
72.53
72.2
79.48
75.61
74.79
76.84
72.64
75.9
85.03
71.23
69.21
81.86
79.64
72.53
70.6
63.34
59.15
70.62
73.26
84.82
78.98
74.76
71.05
71.55
71.71
73.47
77.83
82.62
76.04
73.47
75.54
73.86
72.34
71.96
67.97
68.46
71.47
70.97
63.35
64.19
61.82
66.4
76.56
73.22
72.66
72.83
79.9
72.5
82.45
88.82
77.14
65.29
71.05
70.64
66.91
79.94
86.04
81.06
79.75
88.8
77.58
76.76
79.06
75.2
74.2
72.13
77.55
86.61
82.84
71.81
76.29
82.17
83.71
83.6
85.1
85.77
85.31
82.74
80.89
80.45
75.93
86.91
81.6
82.03
83.02
86.41
84.19
74.6
79.93
83.76
81.91
86.06
77.85
70.94
69.87
66.71
86.71
92.68
82.79
87.59
87.54
88.11
94.43
94.33
90.64
93.01
92.11
94.05
91.61
91.03
86.65
94.56
74.27
79.13
78.54
67.82
83.39
68.29
62.05
62.53
91.47
77.66
72.36
79.75
92.89
89.33
85.18
90.02
95.52
96.65
83.55
93.45
86.56
85.14
83.28
68.75
86.35
90.89
93.91
93.89
92.14
96.28
96.63
92.4
93.82
83.74
75.25
85.53
82.25
79.68
87.39
80.33
82.03
82.31
82.24
84.56
80.15
86.7
83.32
78.98
80.73
82.4
84.75
80.54
75.37
78.91
87.2
85.96
87.87
87.71
91.07
91.9
92.33
91.01
91.16
88.33
73.79
91.14
90.34
90.71
94.7
84.47
85.77
93.68
91.91
84.53
74.67
78.99
89.73
92.37
95.61
95.26
87.46
77.16
81.17
92.13
64.06
71.95
75.39
68.25
51.19
48.85
54.77
59.3
68.9
59.1
54.23
59.84
77.44
81.56
85.65
87.55
74.61
71.67
75.46
69.75
78.06
88.58
90.58
87.75
88.81
87.88
68.84
53.66
64.62
51.83
57.88
61.15
63.79
66.86
74.51
65.15
68.4
49.27
84.38
72.56
60.75
48.26
43.69
57.8
47.22
65.1
60.75
56.41
79.83
79.51
76.46
87.94
55.81
68.15
65.61
60.5
59.1
54.13
50.02
54.92
51.03
46.08
49.27
57.47
61.36
56.73
51.03
61.71
61.78
73.47
75.15
58.17
50.24
77.38
64.15
63.43
49.18
49.46
60.47
80.87
75.43
57.43
57.97
65.74
67.86
53.74
61.44
62.49
62.13
64.15
62.76
60.2
80.61
87.49
88.55
81.3
74.38
74.65
72.97
71.79
66.43
63.33
74.26
75.79
74.84
75.92
67.31
85.89
61.18
66.56
84.58
69.79
76.25
72.9
57.48
72.02
86.7
65.68
82
73.69
60.74
64.68
78.07
62.54
65.62
62.95
65.45
68.35
72.32
66.18
61.44
82.17
64.85
83.3
92.1
90.08
77.27
87.13
81.04
88.26
83.63
74.09
79.24
79.44
77.25
76.04
78.57
77.67
77.63
87.72
77.92
90.45
71.63
66.8
71.27
72.27
74.2
70.38
67.66
83.57
65.73
68.84
68.57
65.05
53.81
60.36
72.33
64.69
65
68.16
67.87
67.11
61.19
66.65
60.41
68.06
89.45
73.76
71.23
72.26
72.58
71.79
70.06
79.5
71.33
79.39
83.79
77.26
73.99
73.88
71.62
72.15
72.29
68
78.36
72.26
75.3
73.43
75.03
75.22
73.27
81.68
65.28
70.73
71.68
75.56
69.32
88.35
78.08
70.94
71.88
72.6
72.62
70.74
76.28
72.91
73.13
86.78
86.92
79.94
86.96
88.41
84.86
76.89
77.18
75.23
75.94
76.26
72.14
70.87
74.6
75.82
77.8
73.81
79.12
87.88
77.25
73.11
72.96
70.53
75.19
79.05
84.4
86.22
83.58
83.76
60.54
62.33
57.83
67.45
76.35
82.53
74.26
74.59
72.04
70.88
87.06
85.39
83.33
90.16
78.54
79.17
87.03
77.74
83.35
92.35
87.51
90.92
90.31
90.05
94.38
92.65
95.73
92.72
89.23
78.83
81.82
81.96
78.18
86.3
86.72
82.27
87.53
87.7
84.9
96.03
94.7
95.06
87.85
82.75
79.22
82.25
92.33
78.66
63.48
87.34
94.36
94.47
90.88
89.3
95.3
93.62
95.26
74.49
78.58
90.94
83.7
76.72
88.99
82.2
80.03
84.85
83.54
88.65
83.03
81.29
77.67
80.44
81
77.99
82.98
92.68
90.54
92.77
89.96
94.24
95.56
71.85
60.51
77.31
92.61
91.53
91.98
95.26
96.31
96.58
88.3
85.29
89.29
87.24
85.99
86.64
94.29
92.65
93.82
89.24
85.34
78.12
79
81.39
75.74
76.78
71.19
75.62
72.2
77.2
64.4
64.58
69.83
65.07
79.81
84.6
91.77
77.51
75.77
81.61
86.52
91.72
80.27
70.02
73.01
78.15
81.54
81.4
85.05
90.7
82.1
65.5
68.41
73.86
77.05
75.22
81.67
57.92
48.13
73.89
63.93
66.64
75.69
49.6
58.8
63.56
57.94
51.5
74.11
88.12
73.76
60.56
55.74
61.76
69.07
67.71
68.27
58.82
57.96
62.78
89.22
84.75
80.02
77.1
63.01
71.09
64.86
54.51
52.26
85.05
67.27
72.34
61.89
54.96
78.06
50.77
63.93
68.7
62.85
59.74
75.24
91.15
91.63
85.32
78.65
76.6
62.6
76.83
68.52
59.86
64.23
65.42
74.23
68.2
67.43
65.43
65.6
62.96
59.69
58.78
54.11
64.77
73.92
83.11
94.01
72.06
65.21
73.98
69.57
65.11
73.52
79.61
90.8
83.31
85.55
79.59
69.12
68.42
62.05
75.66
78.33
68.29
67.7
62.4
63.71
65.63
65.79
71.19
74.84
82.61
80.38
77.65
92.56
88.48
85.02
69.13
72.81
74.99
74.36
65.55
57.57
48.31
48.51
65.65
74.84
70.85
91.79
88.15
79.4
80.42
81.26
81.08
59.13
54.48
61.15
76.81
82.41
64.03
65.82
66.91
64.04
66.27
70.55
70.16
67.55
71.3
67.68
53.46
60.43
60.31
60.87
63.72
65.23
79.34
72.24
73.87
76.06
71.82
71.74
68.66
76.16
74.77
70.83
73.93
80.89
76
72.89
68.54
64.7
77.58
92.78
80.2
75.52
78.05
88.14
76.17
78.39
88.31
88.15
76.86
87.16
82.14
78.95
77.58
83.25
85.9
82.85
80.14
75.67
79.7
83.85
77.65
78.25
77.23
75.01
85.18
85.3
82.26
80.34
93.7
78.32
91.4
86.93
59.45
75.2
86.92
89.72
80.27
86.34
95.31
95.89
88.28
81.94
82.46
88.31
84.68
76.43
81.35
90.03
96.07
93.55
88.37
79.2
81.75
83.47
84.12
86.15
91.01
94.86
91.18
84.15
82.69
82.61
82.6
82.48
78.81
83.88
90.89
96.05
88.35
89.62
87.21
86.66
85.63
86.55
88.71
85.66
82.56
84.73
92.74
94.34
86.36
95.54
85.46
85.05
83.88
77.8
89.49
72.22
76.6
79.99
72.21
69.51
66.23
78.07
86.3
88.2
88.33
82.43
87.83
81.27
87.33
79.17
87.45
77.11
70.22
73.28
68.49
69.02
84.75
87.07
91.05
96.28
94.7
96.31
96.23
89.41
85.38
86.69
94.96
89.88
95.14
94.04
90.34
94.49
97.42
96.33
91.75
89.29
82.16
84.24
82.97
83.99
85.32
83.37
80.39
63.4
61.99
64.66
77.07
81.52
88.92
82.73
81.57
86.96
89.3
89.03
89.83
77.78
60.41
72.56
79.52
83.08
91.32
93.74
94.98
95.82
92.7
91.06
85.48
84.18
76.32
79.37
78.47
92.79
98.1
95.22
92.33
88.49
85.6
83.94
94.82
97.55
97.05
71.52
71.31
64.24
68.3
77.52
75.91
82.05
93.22
86.79
88.96
82.09
76.85
76.37
79.3
83.27
76.45
68.09
76.6
71.21
73.22
78.18
77.36
69.89
67.89
74.69
92.67
80.19
92.92
95.04
93.25
84.57
78.37
71.23
68.59
61.66
58.49
59.97
65.74
83.98
77.85
86.63
81.05
85.3
82.43
82.88
57.72
48.69
56.11
55.86
61.79
65.38
57.71
52.96
59.52
66.12
87.36
77.5
78.39
72.77
56.78
62.53
61.84
60.56
56.02
53.38
59.33
86.94
89.59
70.58
61.2
59.01
72.07
68.46
64.51
68.94
61.99
67.22
59.55
50.98
38.92
40.25
48.34
65.1
51.02
56.12
64.31
62.98
61.44
57.53
56.18
55.8
55.44
55.96
53.26
49.03
70.77
89.06
80.34
77.64
83.56
87.06
89.19
71.25
75.56
58.21
61.12
60.95
57.21
75.36
64.57
59.92
58.61
56.52
64.93
63.99
85.11
58.33
69.26
69.76
70.86
66.16
71.04
68.27
67.22
65.41
58.24
55.97
60.83
81.55
66.23
64.34
64.01
78.2
70.74
76.42
83.73
77.83
71.6
72.87
81.12
83.96
62.89
61.83
66.42
67.06
76.04
71.27
67.53
69.68
61
89
67.8
65.01
66.24
66.88
85.19
61.99
76.28
70.58
53.57
56
59.66
44.26
66.19
70.36
70.04
79.53
70.41
63.57
57.58
58.23
59.77
62.06
61.99
58.26
64.25
64.91
63.13
57.48
62.37
70.15
86.15
69.9
75.94
89.91
90.47
83.62
82.8
74.2
94.4
76.78
77.54
77.88
79.17
74.85
76.2
92.41
79.88
79.7
72.03
81.05
75.47
69.46
68.68
71.96
75.46
73.14
75.53
77.09
74.06
71.43
79.6
80.42
75.39
77.83
68.19
68.35
72.6
67.45
64.53
67.99
73.02
58.83
65.21
74.76
79.92
77.32
71.05
67.1
65.43
71.58
75.59
82.29
72.78
71.36
69.98
73.36
69.28
74.28
71.84
72.68
65.21
77.54
75.93
77.41
82.69
75.21
75.71
75.27
74.33
76.53
75.76
65.4
70.42
74.31
69.33
72.49
73.61
73.21
72.11
86.87
82.5
75.78
81.32
79.26
84.9
77.74
69.34
73.34
69.58
71.51
67.1
68.42
88.39
78.95
83.2
92.1
94.19
92.67
89.3
92.19
90.96
88.31
85.26
89.21
94.46
91.27
91.62
78.05
71.15
81.21
86.58
90.61
96.32
94.2
74.07
83.58
83.15
84.22
86.85
94.82
95.57
96.06
95.89
95.4
94.55
94.62
95.2
95.49
94.49
93.37
94.72
90.62
95.87
96.28
97.76
97.36
98.18
88.13
79.4
81.61
85.05
65.83
68.67
78.79
75.06
91.03
89.81
83.55
94.34
85.08
79.18
80.55
84.53
72.28
83.59
83.53
87.59
84.41
71.91
79.39
89.33
93.92
94.79
94.35
79.71
81.67
77.42
93.05
89.11
81.79
60.92
62.94
73.38
73.41
74.08
76.84
72.84
72.18
66.49
67.04
64.13
62.47
62.8
62.97
82.16
72.42
64.84
74.18
87.64
67.91
64.63
75.95
78.78
76.46
77.34
70.88
65.59
55
53.37
42.94
46.36
64.32
77.39
70.29
71.44
74.2
78.37
69.56
65.43
67.25
66.91
63.63
59.42
65.2
74.25
71.03
68.1
70.31
71
62.09
66.31
71.87
51.13
73.66
65.71
81.89
74.93
51.92
55.72
56.84
58.18
52.05
45.7
59.7
60.8
61.91
75.72
69.39
68.39
61.35
63.1
46.86
49.45
60.84
58.69
62.33
56.35
53.41
52.33
48.18
33.33
36.78
50.95
52.71
66.6
53.53
40.27
42.42
46.8
56.83
64.88
87.01
89.15
54.66
48.84
45.2
51.84
77.45
73.58
77.72
73.81
75.51
52.22
62.37
61.61
61.77
73.78
75.73
78.75
78.62
64.58
45.99
57.02
54.08
46.85
51.1
53.51
51.57
69.91
83.86
59.75
60.42
84
70.22
64.15
59.05
61.07
68.9
60.82
66.08
67.49
63.04
47.59
55.54
60.44
63.64
80.56
93.11
78.38
65.95
53.84
59.29
58.25
65.39
68.89
70.5
81.23
72.67
79.29
67.64
72.09
65.46
67.94
66.47
58.14
80.55
80.9
86.8
91.79
75.04
70.96
71.28
62.59
64.53
63.63
64.68
63.69
65.37
64.39
57.19
59.01
82.8
71.73
64.87
64.17
64.1
64.35
62.21
55.47
56.8
65.34
66.26
61.62
59.44
55.82
56.64
71.52
73.73
70.46
77.75
72.79
87.86
69.45
64.69
62.45
57.67
67.75
85.47
73.03
56.86
76.9
87.66
82.99
75.35
68.62
77.75
72.2
71.68
65.36
66.53
74.76
73.32
66.89
51.9
53.85
64.94
71.06
66.01
72.42
68.06
62.68
56.14
56.75
55.68
60.96
61.47
58.3
55.17
59.11
57.58
61.54
54.05
52.11
75.02
67.3
64.65
63.21
58.76
72.08
87.36
77.86
71.84
70.13
69.21
63.49
63
61.02
61.77
60.11
59.24
69.91
88.42
70.36
71.49
72.65
78.55
79.59
83.41
70.11
69.95
69.54
72.06
73.02
74.27
63.79
69.8
76.55
85.49
73.64
81.55
88.92
84.41
81.03
73.15
80.06
79.73
71.8
77.42
80.73
84.77
87.01
87.92
88.75
82.78
91.84
87.18
76.02
78.58
86.98
92.78
89.21
95.96
94.21
91.96
93.86
93.17
81.35
87.8
81.32
77.12
93.81
92.94
81.88
73.81
88.59
89.77
80.77
78.52
86.41
84.22
81.25
92.85
85.76
83.33
87.82
86.19
87.26
93.25
94.68
95.1
93.68
93.67
94.92
89.86
91.95
87.12
65.25
73.84
83.93
79.16
80.92
91.55
81.26
88.67
93.94
94.54
81.66
82.15
64.33
75.55
79.62
71.83
75.87
78.91
86.42
97.79
97.83
96.87
92.35
86.09
94.77
93.08
91.75
87.68
74.08
88.46
86.57
83.52
81.42
87.47
91.19
90.51
96.82
83.14
81.32
76
89.29
91.8
92.43
94.02
95.91
86.45
75.27
90.92
95.31
94.85
91.04
91.39
89.18
85.52
90.23
96.34
92.91
96.44
94.57
77.55
79.54
82.33
90.08
91.26
80.08
61.63
72.2
81.95
57.89
64.62
74.24
89.71
73.82
69.65
69.55
86.22
76.23
92.39
92.53
90.58
89.71
84.18
83.02
80.81
75.4
77.51
72.23
84.75
88.9
95.09
93.36
94.76
85.78
84.89
89.43
64.17
69.19
67.97
65.09
65.75
73.09
73.43
85.51
94.42
84.62
83.99
80.84
83.71
45.42
54.21
56.65
80.04
72.06
68.95
61.56
55.45
65.81
85.71
86.32
87.74
74.89
74.21
92.24
93.71
89.15
78.42
90.95
87.1
73.9
89.99
77.48
70.04
62.65
66.77
69.85
66.9
66.74
70.08
58.32
55.41
53.2
61.71
61.35
60.36
73.11
67.7
70.62
70.63
57.41
58.27
49.1
54.98
59.84
59.48
57.01
62.09
85.43
78.7
76.78
84.86
87.22
79.18
77.33
69.72
68.76
85.54
67.82
50.81
64.83
59.15
71.57
88.77
61.5
58.54
58.91
54.77
67.59
60.02
64.67
82.76
75.99
80.05
71.11
66.16
89.3
87.35
86.41
86.52
74.68
84.11
84.21
79.25
75.76
76.21
66.35
68.09
86.26
63.79
63.56
67.91
70.23
72.93
69.74
69.14
70.81
67.62
54.8
69.44
73.13
88.66
76.45
67.26
62.78
67.49
64.65
65.53
63.24
65
62.01
62.19
60.82
67.78
69.09
61.27
63.24
63.68
77.65
66.41
69.52
63.35
68.8
61.45
60.77
60.69
62.6
57.23
53.33
57.45
56.2
61.09
67
64.43
61.93
60.52
43.52
50.96
54.63
58.67
58.28
57.64
53.46
63.93
56.01
49.99
48.16
60.63
70.36
62.27
60.08
69.87
89.91
64.84
62.15
62.98
63.76
62.21
61.31
57.75
59.83
65.84
89.36
93.54
88.3
87.03
84.88
66.03
67.15
69.76
82.37
73.09
63.93
76.9
75.73
71.76
67.65
61.79
87.07
84.26
81.17
80.61
80.03
73.17
78.91
80.61
89.67
84.28
76.46
76.87
74.26
76.03
76.34
78.17
82.73
81.1
84.46
82.83
92.89
94.5
76.67
72.59
72.89
73.43
76.49
88.29
81.36
76.89
83.99
84.6
86.58
87.18
82.91
84.63
85.93
76.53
71.81
79.1
76.18
69.5
76.98
80.19
67.27
77.23
80.51
83.15
80.17
74.51
76.94
79.97
77.32
79.43
84.09
83.38
88.99
91.29
91.1
84.68
85.67
85.53
91.35
76.69
75.49
85.69
81.21
90.31
91.12
92.37
87.87
90.59
93.92
94.29
92.72
91.17
88.84
56.9
65.03
65.06
70.66
71.46
82.11
84.48
81.28
85.59
85.7
84.93
74.67
66.08
76.86
77.13
78.7
67.08
81.95
95.72
96.43
95.23
96.31
95.79
95.1
92.59
92.27
91.57
94.17
96.33
78.62
62.92
74.54
88.64
87.71
85.77
79.81
89.77
90.67
78.89
84.39
88.45
83.48
86.82
93.57
96.39
96.85
94.11
94.64
82.85
86.96
81.53
89.89
82.09
68.98
74.13
82.35
90.57
80
83.67
84.46
93.71
76.25
78.58
82.59
86.58
86.04
87.2
84.81
83.88
91.02
88.9
90.48
91.02
94.19
80.08
87.75
83.04
85.42
90.5
90.03
80.44
80.8
69.69
74.19
92.07
92.93
87.18
84.97
89.93
84.13
73.27
72.23
86.61
76.87
72.56
72.36
70.56
77.92
89.35
84.93
70.18
67.44
66.86
68
67.66
67.05
57.84
55.07
60.25
64.23
63.29
51.47
57.02
65.66
58.48
54.76
51.06
53
67.62
78.8
76.34
69.21
70.3
57.44
61.93
61.05
64.54
62.02
63.62
62.47
64.21
73.04
83.19
75.68
67.94
59.38
76.94
68.55
77.43
78.12
70.39
63.79
59.89
57.84
50.12
68.13
88.51
86.43
82.55
79.2
76.72
93.22
87.44
75.25
75.82
79.93
72.16
71.05
77.24
80.45
49.82
58.71
62.33
68.39
74.56
71.89
71.36
85.09
71.65
89.98
63.17
63.14
82.73
83.53
83.71
69.26
63.27
66.3
64.78
63.96
69.59
71.18
81.93
66.99
75.35
71.99
62.55
66.74
70.28
64.24
73.5
68.25
74.41
65.42
65.16
65.41
63.3
61.4
59.93
69.58
68.26
61.68
57.99
61.22
73.43
62.75
58.82
74.02
62.94
62.05
64.89
84.34
90.87
67.15
66.84
64.85
62.65
82.4
66.33
70.83
69.45
63.84
68.06
68.35
67.95
74.35
80.72
88.18
83.39
68.48
81.3
82.93
73.26
65.32
63.38
66.7
68.03
69.6
70.32
90.66
73.34
69.07
79.31
72.96
87.61
90.68
82.38
87.92
86.8
82.68
79.62
77.66
82.62
79.07
73.95
73.97
72.49
76.86
79.61
77.43
81.34
84.16
92.66
83.75
76.08
70.81
74.4
80.88
88.16
80.6
82.59
90.44
82.63
76.75
82.7
85.83
74.01
76.45
78.68
84.46
91.09
90.22
84.88
84.54
84.33
92.01
88.21
83.45
85.49
92.79
95.11
93.8
88.48
93.32
90.79
89.23
84.96
81.6
81.99
85.71
81.15
79.13
73.63
77.95
89.42
92.12
90.86
83.39
83.81
94.87
91.93
90.67
88.41
89.63
84.54
85.03
85.68
78.32
67.85
74.17
79.09
84.67
72.98
72.72
91.61
85.98
88.58
83.67
82.24
83.35
90.77
82.77
86.82
82.56
91.7
93.87
90.67
92.33
88.81
86.67
86.26
85.79
87.75
88.77
67.32
67.32
89.26
93.24
88.61
92.64
87.22
83.62
90.92
88.26
89.97
91.53
88.81
95.44
85.32
86.73
84.17
87.66
87.71
90.95
92.22
92.63
85.15
79.28
94.52
96.66
96.66
97.63
97.59
96.93
96.02
97.08
97.52
95.92
89.74
73.3
77.5
83.71
80.71
73.64
88.76
92.78
97.24
93.78
91.55
81.79
85.19
67.41
72.58
74.12
88.25
86.45
78.44
86.35
87.77
65.68
69.42
75.48
68.17
84.98
88.52
74.47
81.53
81.97
80.09
86.23
84.4
72.9
88.06
73
68.41
74.13
88.86
72.07
67.36
88.99
91.77
94.25
96.2
96.19
92.23
87.46
75.4
75.19
92.79
85.55
86.65
93.55
88.39
93.02
92.02
93.28
89.82
81.39
76.18
73.01
74.29
78.49
84.57
86.58
86.92
83.95
82.18
79.12
78.66
83.87
79.91
79.39
68.76
58.4
84.96
93.55
94.55
72.95
70.96
83.85
79.87
77.32
79.45
63.27
62.79
58.07
58.2
66.74
68.04
69.44
68.31
72.06
59.54
67.62
77.3
85.26
78.7
70.77
63.42
65.43
65.54
56.7
63.35
65.33
67.78
79.74
82.78
74.14
50.83
58.67
63.38
64.4
50.94
54.51
46.05
63.01
56.53
52.2
52.93
62.99
66.93
61.02
57.43
61.38
56.3
48.21
49.88
44.69
63.99
68.86
62.97
53.16
41.84
45.02
46.07
60.73
63.07
56.9
62.84
84.97
53.76
63.25
72.19
79.39
85.82
76.7
61.95
65.04
63.49
61.41
73.43
57.06
51.61
56.16
67.48
78.51
88.72
84.68
76.62
72.19
69.12
73.48
84.16
87.74
91.82
78.66
80.12
79.16
57.13
63.38
65.86
66.18
78.57
74.13
70.44
67.84
64.73
65.94
68.6
65.86
63.79
66.66
66.05
67.52
62.08
50.81
57.68
71.2
66.71
53.32
57.55
76.99
79.03
69.69
63.15
87.45
78.82
67.14
59.43
75.82
70.56
66.69
65.58
62.09
61.28
60.83
58.68
60.63
63.35
61.42
74.56
79.97
67.91
66.13
67.81
86
77.69
71.07
72.6
71.74
66.51
67.78
62.96
66.27
63.66
66.37
69.4
74.65
78.49
88.83
81.25
84.88
86.33
68.46
69.86
72.12
76.48
74.98
68.15
67.44
65.74
62.99
60.26
59.09
57.18
54.88
55.7
60.59
61.53
70.66
91.12
77.63
76.74
84.08
76.29
77.36
78.97
69.79
76.02
65.61
78.79
70.29
68.97
67.66
61.06
54.61
69.73
76.12
75.08
91.68
81.88
66.62
67.65
69.18
76.64
86.88
78.71
73.11
69.64
77.1
67.65
63.85
58.52
65.87
66.8
64.14
71.47
69.96
70.88
85.66
76.16
65.69
63.87
65.45
68.63
73.01
75.65
82.28
77.18
83.28
85.81
92.72
91
91.31
90.82
89.97
73.09
88.96
95.02
96.13
93.64
90.76
91.61
92.02
84.18
86.13
81.33
85.91
86.28
90.04
87.19
87.71
91.18
90.94
84.6
85.08
74.47
79.46
79.72
85.56
86.72
86.53
82.75
80.08
84.33
73.27
75.7
79.93
85.29
85.73
80.38
74.77
83.61
74.94
84
72.06
86.69
82.6
88.05
81.86
83.29
83.7
74.33
82.8
76.09
69.95
73.61
88.26
95.19
92.17
96.03
96.15
97.7
97.54
95.16
77.77
87.94
96.19
94.18
91.76
94.55
94.06
96.46
96.68
94.7
97.43
95.58
95.26
92.31
90.77
95.73
91.53
95.75
91.86
94.04
78.32
87.27
86.86
91.75
83.39
86.15
90.7
94.15
94.14
95.95
96.01
96.67
83.65
85.68
79.57
70.66
84.24
76.78
71.96
68.42
76.84
78.24
77.08
75.92
85.32
80.97
85.67
78.11
81.93
75.19
81.91
81.76
77.35
83.6
82.9
89.2
69.3
72.83
70.79
63.45
63.88
66.6
87.69
74.82
88.55
92.25
88.45
91.57
81.87
92.21
95.37
92.18
82.88
69.11
66.67
72.81
65.31
80.4
64.41
72.31
86.52
92.06
79.98
75.54
86.23
69.95
62.22
71.72
86.33
82.31
73.52
71.89
77.85
75.02
79.78
63.23
82.71
84.02
73.48
72.86
69.76
70.77
70.05
72.35
72.68
63.27
64.51
75.24
67.89
71.58
75.11
73.97
58.87
57.02
55.59
54.65
45.95
43.94
55.25
62.3
80.15
75.79
69.36
70.43
73.04
63.21
73.52
59.99
46.8
49.22
70.45
55.32
52.18
58.32
58.34
66.6
59.11
53.78
53.24
79.94
83.57
66.46
68.87
89.73
91.61
69.05
72.2
72.7
68.24
68.85
70.11
68.78
83.87
86.95
93.85
77.9
85.41
74.77
69.74
70.1
71.11
68.59
77.63
67.04
62.91
67.23
86.89
68.16
74.22
68.8
65.18
64.83
66.65
64.97
71.19
81.31
78.35
79.57
87.2
73.78
62.34
68.93
75.96
81.99
82.17
84.76
79.28
77.14
83.46
68.93
62.32
68.05
83.41
87.09
76.27
72.62
72.43
73.37
74.99
76.57
81.46
67.31
67.95
69.04
73.01
70.82
69.65
65.97
66.15
67.59
63.51
67.91
68.88
65.66
61.38
65.8
77.36
70.55
63.27
77.74
72.52
73.76
70.03
72.74
73.45
78.2
79.83
78.27
86.16
86.32
82.45
83.14
75.04
73.76
73.95
78.63
67.24
70.01
69.95
76.53
69.92
64.05
68.56
71.33
91.04
77.27
72.17
76.37
73.14
84.3
84.34
81.39
84.9
91.47
85.5
87.46
79.05
66.42
74.08
75.25
73.94
75.88
72.84
77.36
71.01
70.12
73.04
75.64
75.05
76.65
83.1
90.03
83.29
79.01
75.7
75.09
75.19
78.36
79.1
78.9
77.77
71.69
83.49
88.07
75.62
62.21
76.28
73.41
74.06
74.6
74.95
79.27
74.81
74.38
74.64
77.53
71.06
87.96
87.96
82.44
62.12
72.56
88.11
80.58
82.08
91.7
91.12
83.62
83.8
75.65
90.51
86.76
87.14
91.26
89
95.39
94.54
88.56
87.72
82.91
80.07
83.79
82.08
85.66
81.65
82.08
80.73
77.44
78.87
86.32
85.15
81.74
87.8
90.7
92.64
88.53
84.78
91.81
88.92
71.33
81.7
84.7
80.68
86.4
78.68
79.47
87
84.22
81.52
85.37
89.66
93.69
93.67
88.21
57.69
67.42
66.68
70.77
71.18
80.44
85.71
86.92
95.26
94.45
96.06
93.12
81.58
81.75
72.66
65.28
78.06
80.35
85.44
88.94
95.27
94.98
95.48
93.84
92.49
93.62
96.1
93.32
86.64
63.3
75.07
69.15
81.01
81.24
77.07
85.86
80.13
72.55
67.87
55.75
54.31
81.38
75.8
75.31
69.2
68.05
87.59
89.82
87.96
84.79
75.02
72.79
78.53
80.44
80.76
82.51
89.63
88.81
81.16
84.25
87.46
90.71
91.96
91.15
90.45
94.62
92.34
78.51
86.28
88.3
93.8
78.05
79.16
84.54
80.39
79.65
73.74
74.94
79.33
78.07
85.13
92.62
85.7
79.91
83.08
70.66
74.11
63.65
68.63
61.6
66.32
64.64
55.77
77.79
68.2
66.43
56.15
74.28
82.57
71.24
60.96
66.62
69.47
58.62
64.56
65.53
65
71.94
64.6
58.63
74.6
70.75
71.46
70.9
71.67
70.57
73.07
64.12
53.79
55.68
54.33
55.08
61.78
60.98
50.86
52.63
54
65.07
75.97
58.7
71.38
71.64
67.51
59.82
64.12
56.47
59.59
64.67
77.56
64.45
60.27
63.25
71.69
65.13
53.94
54.6
52.03
57.36
56.35
54.27
84.92
92.92
77.27
66.22
63.46
67.64
89.99
78.99
88.68
66.45
82.17
64.79
69.26
63.26
63.33
62.61
77.42
70.77
84.97
64.97
60.14
58.12
55.38
56.62
64.94
60.41
74.22
84.7
62.71
59.86
59.55
58.64
58.96
60.85
70.32
67.92
72.2
72.68
72.26
71.48
74.58
81.8
64.98
60.73
72.86
59.38
64.74
66.96
58.05
64.7
76.87
57.9
53.27
58.99
57.76
65.65
61.32
59.65
64.02
83.7
71.61
67.4
76.85
69
64.11
69.64
70.88
63.84
63.24
60.94
68.19
76.57
67.63
68.01
59.11
65.82
74.94
63.06
75.35
68.63
60.11
58.83
56.91
57.29
63.43
62.27
66.73
74.02
86.26
69
80.66
81.43
68.43
59.64
65.53
67.04
63.04
62.08
59.5
60.87
68.96
78.96
72.69
79.28
75.73
74.57
75.45
67.56
67.07
67.39
65.03
64.28
67.03
62.89
73.42
72
64.98
65.21
66.02
66.8
67.69
66.83
66.27
81.77
70.9
64.57
65.34
78.23
83.95
78.63
65.82
68.57
77.22
91.98
82.84
78.85
75.37
90.39
84.69
74.37
68.71
90.82
93.21
94.95
89.66
95.94
78.93
67.85
73.24
79.42
86.63
87.54
89.14
89.61
81.19
79.8
77.53
77.93
78.35
88.46
84.46
76.46
82.67
78.19
84.47
79.88
83.33
84.33
82.62
84.27
83.91
86.27
83.79
86.39
79.29
91.95
90.14
92.05
95.27
80.09
69.1
84.5
84.61
89.04
82.22
65.41
75.37
76.6
79.75
83.44
85.41
79.76
76.49
89.98
85.83
95.31
93.8
90.13
88.57
87.2
73.34
64.23
81.54
86.68
89.12
88.83
94.44
72.06
76.55
77.46
78.6
96.75
84.79
77.74
74.96
72.82
86.19
94.78
95.95
86.38
73.77
81.26
87
88.37
96.89
85.9
89.25
80.09
72.29
79
93.55
89.02
92.96
92.39
91.54
83.07
79.88
87.56
83.16
89.56
83.47
78.08
89.83
78.74
72.86
85.81
83.41
81.28
75.02
86.43
94.99
86.32
79.99
80.78
76.99
91.59
98.24
96.58
97.32
94.4
92.34
95.34
87.35
90.24
87.08
89.88
67.3
82.97
84.74
79.18
72.82
81.46
81.74
81.06
91.29
93.65
93.06
85.08
81.44
89.08
72.63
95.58
95.21
87.29
89.06
87.01
95.73
92.54
85.34
84.81
80.26
91.33
85.76
78.99
71.28
75.08
88.58
86.04
72.73
94.53
89.65
91.43
92.03
67.58
61.05
67.04
74.74
64.41
77.99
87.41
79.72
71.6
85.32
89.69
85.27
81.27
69.93
66.58
75.42
69.21
72.32
80.33
78.29
91.63
95.65
85.78
82.94
68.86
61.95
61.88
73.16
68.75
74.63
70.77
78.04
77.76
82.5
89.1
88.65
66.32
52.77
46.53
55.91
74.13
60.76
75.91
70.73
62.65
70.86
60.08
71.81
65.54
62.32
72.47
76.17
68.73
59.7
58.16
60.48
59.92
61.45
70.01
73.52
64.06
76.67
77.03
70.72
62.06
56.86
53.35
72.18
72.49
70.22
74.62
50.21
60.26
67.27
69.88
76.25
85.15
77.36
75.91
92.19
88.29
79.88
77.3
74.99
75.43
74.09
68.01
78.74
80.57
83.62
86.47
76.36
73
75.38
72.24
69.31
71.06
81.9
78.12
76.61
75.12
74.6
78.63
82.33
82.31
86.13
78.38
72.86
73.75
87.19
83.01
65.2
65.24
69.7
59.18
55.63
66.04
70.34
76.2
67.43
74.95
80.87
72.79
73.31
88
84.35
65.47
62.04
68.82
69.44
79.86
73.33
93.08
69.49
61.8
63.69
69.19
94.1
82.04
76.91
78.96
80.47
77.66
70.32
60.55
63.34
69.74
74.07
86.79
83.97
67.35
65.66
68.32
76.28
78.67
70.46
66.86
65.67
73.73
86.6
82.02
71.1
72.54
74.47
74.18
71.77
68.4
72.88
80.78
67.59
69.25
86.78
72.34
68.22
72.92
73.15
69.24
68.18
66.44
68.18
68.29
79.01
84.54
85.1
68.33
72.82
75.17
74.22
75.82
90.02
93.83
91.81
96.44
81.07
77.61
82.12
77.96
78.13
76.04
73.3
75.59
80.35
81.12
82.97
77.77
76.01
73.22
77.7
79.16
77.63
87.32
80.71
67.09
64.95
70.88
71.15
70.05
61.67
72.89
72.71
79.33
75.41
76.56
75.48
76.82
91.58
87.44
85.06
82.25
81.68
80.56
79.48
73.65
75.08
82.73
83.14
79.96
80.98
79.88
64.77
72.56
74.86
75.17
74.13
80.79
84.52
88.77
82.29
55.19
74.07
79.05
89.87
95.54
95.4
93.63
88.69
85.63
92.64
95.65
88.77
77.78
78.19
90.43
86.16
85.32
82.02
72.29
78.78
95.7
96.12
97.52
97.13
95.2
96.14
97.48
95.44
83.41
70.26
80.69
77.11
81.12
88.87
93.9
85.06
71.67
81.06
80.87
87.96
79.63
77.09
77.78
81.56
94.73
95.71
90.2
83.94
89.61
93.19
88.38
91.75
92.48
74.99
84
76.37
80.03
84.25
80.7
88.92
81.86
87.77
74.08
84.04
71.5
61.07
64.28
80.18
71.73
74.99
87.92
83.99
87.4
65.44
68.02
62.78
64.41
64.38
56.62
67.12
88.21
83.04
85.96
77.89
88.17
93.52
86.44
69.87
72.25
74.92
93.47
93.11
94.03
95.79
83.79
72.32
80.66
78.52
87.14
84.53
84.4
86.07
90.2
81.37
76.9
59.75
67.56
71.5
78.57
76.07
72.32
71.67
71.85
72.81
72.87
72.1
48.99
53.38
51.03
50.68
51
47.42
54.95
79.12
65.88
52.27
69.63
61.92
49.73
63.65
67.16
64.26
63.29
66.52
65.94
65.02
54.31
67.18
63.83
79.43
71.8
57.59
59.29
57.66
61.65
59.65
72.64
53.39
63.53
67.29
63.12
60.4
57.27
57.03
51.44
59.55
57.29
77.75
80.08
72.29
67.12
60.39
72.09
83.27
62.2
66.96
83.72
65.43
57.77
58.17
62.79
58.41
49.45
50.6
50.26
76.95
69.36
53.22
55.74
69.72
59.33
66.93
77.56
55.46
49.04
69.82
91.1
86.11
73.25
62.14
64.68
84.61
78.43
75.73
71.22
72.34
64.43
90.59
87.45
83.17
77.55
82.68
74.67
72.61
69.15
72.1
61.41
61.24
66.39
88.57
90.28
91.69
83.7
70.84
69.94
75.23
71.4
70.81
77.56
71.2
59.22
54.78
62.4
69.35
66.65
63.52
63.68
65.05
72.29
69.74
73.27
79.63
79.49
72.01
72.4
86.02
92.76
74.17
75.05
72.22
74.81
51.09
61.38
64.55
62.31
74.33
71.26
69.78
71.96
69.53
77.48
79.89
80.78
62.3
61.79
76.27
79.77
65.07
63.24
62.73
63.99
79.47
71.7
68.38
70.32
71.31
62.7
64.38
66
78.33
79.8
91.24
85.99
77.01
73.77
76.27
90.78
81.89
73.51
74.81
75.99
69.8
84.41
78.57
75.28
65.81
73.91
71.09
76.82
70.32
80.96
75.32
72.43
71.42
74.35
70.67
74.9
78.55
77.71
83.69
84.62
79.6
76.97
80.07
71.2
72.71
71.43
79.29
70.17
69.32
71.65
79.76
89.4
85.72
88.02
79.42
78.3
73.58
74.35
76.09
73.35
77.69
81.36
66.28
69.1
68.17
70.38
67.01
75.54
76.6
89.37
81.87
78.38
86.19
85.07
67.61
65.42
84.22
71.49
74.68
79.04
70.7
85.85
76.68
69.28
93.93
91.18
84.4
86.3
86.25
78.21
86.71
86.89
84.04
75.27
64.97
70.11
88.15
86.91
77.47
80.58
81.52
84.52
87.06
90.84
92.49
91.01
81.45
86.27
78.83
92.03
89.35
89.37
91.18
97.04
92.16
87.81
93.65
97.06
95.99
92.83
92.7
94.78
91.41
82.58
90.58
97.29
91.92
95.25
86.82
93.73
97.05
95.97
92
97.01
95.04
73.07
75.18
91.67
88.51
92.91
87.7
93.51
97.21
96.92
93.73
75.58
79.33
95.16
95.37
87.75
86.03
78.25
67.94
71.61
81.69
73.63
78.97
97.29
74.75
68.68
77.63
76.43
83.58
63.53
63.16
77.28
71.2
85.25
87.39
93.14
87.64
59.51
74.15
78.08
78.09
80.46
90.19
80.1
84.07
93.46
95.97
96.33
96.1
97.11
97.1
92.35
86.81
90.14
94.23
87.2
94.58
96.72
96.8
97.19
91.65
89.62
74
65.7
71.3
70.8
66.22
68.91
58.45
55.71
65.66
73.24
67.78
64.59
60.9
63.03
69.48
64.61
67.59
69.31
61.62
69.57
67.06
54.87
49.3
54.51
59.65
53.58
65.03
92.44
64.25
57.32
56.9
67.9
70.64
73.44
65.13
63.27
87.37
67.65
60.08
66.12
60.53
56.37
60.35
85.69
72.7
46.51
57.99
61.26
63.96
62.95
57.89
74.15
48.69
55.63
56.46
85.75
74.84
59.89
60.86
52.17
45.26
44.77
52.34
45.84
47.54
47.03
47.87
44.59
37.61
40.28
41.88
51.02
52.87
48.61
46.9
54.26
50.94
51
48.07
56.85
76.35
60.7
49
48.12
52.56
52.05
49.47
57.03
66.84
64.72
79.37
68.36
74.67
71.11
67.75
58.34
81.28
57.32
52.66
58.48
65.5
55.52
52.63
68.81
75.86
66.45
69.43
67.11
80.86
69.6
86.92
65.08
50.36
56.65
71.22
59.19
79.13
69.29
60.47
59.7
61.63
60.05
73.9
66.03
58.52
78.49
67.26
86.63
79.82
66.57
70.89
79.05
83.45
69.32
62.24
64.03
71.43
89.03
75.49
79.44
83.81
77.11
81.22
85.53
56.6
53.5
60.58
76.9
79.05
70.93
70.99
85.72
79.01
74.12
72.76
83.83
64.85
64.73
67.5
67.45
64.99
66.98
64.69
74.13
65.31
62.2
65.63
65.14
77.81
79.81
75.76
80.43
76.17
72.98
81.15
77.6
83.79
92.59
81.7
73.64
73.72
73.03
72.9
71.46
66.21
70.76
81.43
84.86
81.47
79.37
73.63
71.03
72.91
72.92
82.55
79.8
79.52
85.18
88.11
88.62
86.68
89.75
78.2
77.09
77.02
75.61
77.46
78.01
70.63
75.24
68.3
72.57
73.43
77.27
83.12
81.64
78.57
83.91
78.83
78.1
77.9
72.94
70.6
77.85
75.1
80.54
77.21
77.7
77.21
77.83
77.92
72.68
66.17
75.06
75.03
77.87
76.01
81.25
80.76
89.82
88.83
83.25
92.19
86.67
76.64
81.21
83.55
78.29
78.41
85.51
74.91
90.68
79.96
83.81
83.83
88.05
80.15
86.99
76.31
94.65
91.35
89.62
85.64
85.43
80.55
72.16
84.42
87.41
94.39
92.22
76.58
88.56
90.16
94.87
93.33
82.48
94.14
88.58
86.89
78.68
72.25
81.8
86
93.44
96.12
92.73
94.04
88.13
92.58
93.48
95.72
94.19
91.28
88.77
95.96
77.32
77.97
77.29
84.56
82.43
93.33
92.75
93.35
95.15
83.54
84.32
92.67
88.26
96.04
96.07
95.84
89.68
89.11
95.58
93.83
96.87
95.39
96.2
94.51
95.38
89.19
92.02
95.53
97.5
97.68
97.53
97.27
97.06
85.24
85.25
93.55
67.88
87.7
86.58
84.52
94.8
91.28
