19710101
68.56
78.23
84.4
87.36
86.64
78.17
83.45
84.36
92.3
89.39
85.1
82.1
87.07
84.58
91.06
91.2
92.19
93.13
90.95
90.7
86.23
83.52
87.42
78.21
84.2
77.19
79.09
85.27
85.21
87.19
81.95
81.61
57.32
59
70.87
70.96
79.05
76.44
69.02
66.9
81.18
85.22
82.38
75.11
78.12
95.6
85.8
86.14
77.04
78.05
73.84
77.43
81.06
76.21
69.37
71.62
77.5
62.7
48.42
65.92
68.25
74.77
63.55
52.88
76.02
77.29
76.19
84.04
72.07
59.67
44.13
51.85
68.2
72.04
83.7
82.16
74.24
55.77
61.46
53.38
84.97
64.75
67.66
65.58
80.7
75.37
68.62
70.04
81.1
87.79
86.74
83.75
86.46
73.84
77.09
75
69.39
68.82
65.88
68.79
65.25
59.06
65.19
61.23
57.53
59.62
60.84
63.16
62.52
55.26
59.22
56.05
49.88
57.31
62.87
80.4
64.55
78.38
74.07
76.08
92.97
90.78
83.37
84.46
85.14
83.59
79.58
76.99
73.97
72.18
66.83
66.84
61.49
64.65
62.18
59.97
62.64
59.06
62.77
59.97
58.6
62.65
68.66
63.74
58.92
57.46
70.05
73.54
70.4
72.63
83.21
85.47
80.38
76.17
80
70.47
64.49
66.86
77.75
76.13
63.61
64.94
71.81
67.38
68.15
54.08
63.62
64.64
70.2
63.81
70.74
70.21
69.62
60.48
61.08
77.92
78.16
79.55
64.98
72.2
69.06
67.47
59.93
60.66
63.82
64.39
65.24
60.11
51.37
53.25
55.12
60.67
61.68
73.99
62.51
69.39
70.67
77.82
86.53
69.44
62.09
55.84
68.76
64.52
65.95
65
61.59
60.72
68.93
71.01
78.2
80
78.51
72.95
70.87
68.24
66.99
70.86
67.27
70.79
72.87
64.56
64.4
86.57
74.66
70.12
68.56
70.93
65.58
62.06
69.17
62.02
61.91
74.1
78.28
75.85
73.57
75.6
90.35
73.29
71.27
71.86
89.04
71.57
74.24
71.46
69.58
71.98
67.97
59.38
60.13
65.77
71.98
86.37
88.65
77.76
75.3
85.84
64.57
67.14
68.87
72.18
74.2
76.42
73.44
74.45
77
84.04
75
80.37
83.04
85.51
79.67
80.91
79.92
82.41
80.97
60.89
71.91
67.93
68.16
76.17
78.32
77.36
78.3
80.25
73.82
73.82
68.65
75.52
80.38
71.3
79.37
79.49
71.01
52.19
70.66
76.01
71.83
67.12
73.27
73.64
75.05
77.23
77.2
87.9
81.47
90.01
75.03
67.19
72.8
82.8
67.43
86.68
95.99
93.13
83.2
88.49
86.34
81.4
90.61
87.02
77.84
65.4
55.73
88.76
95.15
87.86
91.08
88.95
85.08
94.95
96.68
98.22
98.63
97.27
96
93.22
93.09
91.14
83.04
79.54
59.92
61.41
70.83
73.39
80.01
87
84.7
82.63
85.04
87.22
94.63
94.84
96.44
89.88
88.64
84.71
91.23
91.64
97.27
95.64
96.12
96.56
94.76
92.45
93.7
95.02
96.12
94.36
94.75
92.97
92.45
94.32
94.84
93.88
81.87
77.08
77.69
69.46
69.41
77.1
81.61
83.49
88.83
88.64
84.23
85
82.8
85.55
88.21
82.04
93.17
94.2
90.35
93.76
95.65
93.59
84.6
80.39
79.66
84.22
89.72
92.69
95.7
97.11
88.05
94.56
86.95
82.95
73.52
78.49
81.11
71.84
86.07
85.79
95.23
94.52
91.92
87.35
91.57
87.53
90.74
93.53
93.69
88.04
84.68
88.02
82.06
78.85
82.34
73.2
63.55
76.67
82.59
79.61
85.06
68.71
67.2
64.4
65.96
66.98
66.26
67.76
65.02
68.13
65.23
61.39
60.11
56.53
53.48
74.17
77.2
72.56
74.61
63.86
75.31
61.87
69.87
70.78
71.84
74.51
67.51
53.32
72
70.01
62.47
85.9
80.19
76.4
85.44
82.45
81.06
78.42
80.32
80.7
86.13
78.56
77.21
70.79
63.98
58.17
69.58
73.38
62.65
64.17
67.45
67.35
90.28
83.22
81.32
78.79
79.08
80
80.43
78.63
77.74
66.48
91.59
83.18
83.26
85.95
67.37
80.09
82.12
71.03
79.74
76.29
70.53
69.81
69.83
68.21
80.09
70.74
63.34
64.8
82.28
83.83
84.79
71.56
72.06
76.4
74.49
67.53
65.69
66.99
73.62
62.51
67.57
74.59
71.85
56.22
57.74
73.59
79.28
68.45
67.96
67.96
69.56
74.48
76.73
72.79
69.08
73.44
73.32
77.73
82.58
73.88
62.29
64.9
72.77
74.2
79.52
80.43
65.84
67.83
69.46
77.5
81.05
90.13
83.83
83.41
71.74
69.68
76.13
78.11
76.43
72.32
79.72
83.49
79.67
86.32
84.35
64.01
80.51
85.69
77.33
87.58
85.16
80.39
85.62
79.42
75.12
71.36
73.65
78.9
78.22
77.31
76.08
72.83
80.98
82.23
78.36
77.06
82.18
83.01
80.12
73.01
68.61
80.48
73.19
76.62
76.99
74.49
82.75
86.84
91.68
86.39
69.05
75.32
75.32
77.08
79.7
80.97
79.77
77.24
76.94
88.84
84.05
71.21
71.25
74.32
75.57
82.43
85.56
82.89
87.87
89.13
84.24
85.44
80.41
78.2
70.2
77.39
74.7
78.98
77.89
80.04
76.24
80.44
86.91
75.22
64.62
55.77
70.54
85.12
92.2
92.07
85.7
81.94
83.4
86.73
72.05
74.31
75.51
79.6
75.74
60.09
73.26
81.84
73.99
81.03
73.66
82.81
86.02
79.84
77.1
81.79
83.43
85.64
92.38
91.01
86.66
91.79
87.08
86.25
87.68
96.71
89.68
96.93
84.61
81.28
84.12
95.49
92.45
84.08
77.17
84.12
90.02
88.34
93.01
93.79
96.96
86.7
71.55
63.14
77.37
81.71
85.7
83.6
95.48
97.85
89.24
96.76
98.13
94.97
96.7
94.92
89.52
92.3
97.7
95.17
91.47
91.23
86.94
82.86
84.53
88.14
88.82
81.53
79.06
81.31
88.18
90.63
89.25
91.07
94.31
88.88
83.06
75.67
79.05
79.32
73.65
88.07
91.35
85.21
84.79
89.63
93.83
93.34
91.7
81.99
83
84.95
83.04
90.81
92.75
89.08
91.15
93.96
95.28
95.05
96.9
94.4
87.94
89.97
85.79
85.91
83.24
77.94
87.27
87.85
96.81
93.01
90.51
89.57
86.58
91.48
83.36
86.36
90.42
81.46
81.17
70.47
63.94
82.07
93.41
83.97
68.63
63.92
72.6
72.16
76.08
76.76
77.56
75.72
69.32
67.86
62.81
53.91
58.99
61.89
63.85
79.12
82.31
79.9
83.96
71.46
78.81
68.46
66.09
70.93
80.26
87.47
82.81
80.72
67.25
70.7
65.82
67.31
65.56
64.33
66.1
63.21
62.63
72.54
72.52
68.98
65.22
62.63
60.92
65.81
63.5
61.26
49.49
43.75
59.35
66
74.7
84.41
69.34
71.68
84.06
80.35
80.99
73.08
62.74
61.82
84.84
81.95
82.83
75.3
65.2
67.79
82.47
77.89
61.57
70.65
65.59
59.65
63.6
60
55.45
57.26
67.15
63.28
59.34
74.43
71.89
68.35
62.83
70.94
69.01
65.02
63.72
69.85
64.98
66.11
69.36
68.29
61.95
55.57
53.39
71.57
74.71
70.13
61.57
59.09
63.23
67.86
71.06
76.94
68.59
55.77
67.6
80.75
74.46
88.55
85.78
75.3
69.66
68
75.44
71.63
73.43
75.41
53.38
59.3
67.9
78.15
69.19
70.05
88.99
95.09
77.44
92.81
82.18
73.65
74.76
73.79
86.59
78.03
76.2
72.94
68.79
68.21
75.31
76.46
83.91
74.1
73.25
67.7
65.05
78.4
85.33
76.91
71.67
67.55
61.29
79.56
81.22
70.97
73.59
86.72
75.3
90.3
76.49
73.33
71.92
69.03
70.76
72.1
73.4
72.49
74.57
85.27
82.11
75.74
74.93
75.54
73.11
66.35
68.55
68.48
76.42
68.28
61.84
66.05
71.41
69.37
68.91
67.44
73.51
81.86
77.52
68.92
71.84
74.38
75.72
70.13
86.42
95.23
89.51
89.84
66.59
73.27
74.02
70.68
72.62
72.48
71.65
71.13
72.63
81.78
66.24
70.18
75.68
72.31
79.47
83.94
86.72
74.59
89.16
83.93
75.9
87.21
85.11
91.94
90.95
83.69
83.76
78.56
81.95
89.29
87.03
86.39
84
85.47
87.07
85.71
85.36
79.5
79.15
82.31
85.47
87.45
81.58
85.9
82.45
91.79
80.9
91.91
80.27
84.91
91.53
73.95
76.96
72.33
75.75
79.92
82.27
80.56
80.72
81.69
69.72
71.86
72.43
74.62
72.15
77.17
79.69
87.91
83.6
87.86
85.05
90
89.53
88.65
91.2
93.36
81.46
73.18
80.68
78.65
68.59
70.22
79.37
80.77
85.13
79.01
95.46
89.36
83.29
86.23
68.31
79.18
79.5
77.76
73.44
83.1
79.34
84.32
85.19
77.07
71.63
75.75
85.66
83.82
73.96
67.97
68.16
67.39
93.16
95.76
79.89
74.78
83.02
78.9
71.69
81.28
90.04
89.66
95.38
93.38
90.57
90.6
94.73
96.77
96.3
96.74
96.28
96.3
93.91
94.21
94.75
89.85
89.53
93.68
96.02
87.04
89.79
94.79
91.63
78.93
88.8
66.58
77.75
86.03
87.58
88.1
87.89
89.66
93.05
90.72
96.51
95.16
87.07
88.18
96.57
84.54
95.94
92.56
81.57
89.53
77.4
66.29
73.64
71.24
65.86
81.47
94.47
94.26
95.45
89.6
91.55
93.58
89.49
83
83.23
92.17
83.1
77.14
77.04
77.57
73.8
68.98
75.27
75.28
81.76
90.8
88.95
72.1
82.34
87.71
88.52
86.08
79.92
70.22
74.71
72.43
64.98
72.29
68.03
62.5
63.47
62.65
64.06
68.15
67.8
73.89
74.14
69.79
71.55
70.99
66.09
62.79
76.36
66.04
64.33
60.51
59.4
62.41
62.45
52.25
58.56
54.84
56.39
70.45
67.35
49.94
42.57
55.28
48.18
49.8
47.26
54.11
73.88
75.31
62.59
67.56
90.74
88.33
78.69
73.71
79.76
74.09
86.04
70.38
72.24
81.77
90.99
86.92
80.28
76.42
68.13
72.73
74.6
76.5
76.09
81.56
83.68
74.95
81.11
76.59
66.68
68.87
72.38
79.84
65.75
74.02
85.3
69.25
68.97
64.77
73.14
70.98
65.07
79.83
61.65
66.15
75.4
75.85
79.37
79.84
75.19
76.68
86.51
71.08
64.86
80.83
80.58
76.65
73.46
79.47
75.97
72.44
71.4
74.02
81.04
78.36
84.6
70.21
70.37
64.66
70.36
89.86
69.07
73.22
66.21
74.56
70.71
69.97
77.45
73.42
63.56
76.43
70.31
76.95
81.54
71.62
57.69
76.79
77.39
69.48
84.74
69.39
68.78
77.67
56.53
70.22
64.5
84.66
74.88
69.28
72.55
70.48
72.31
69.38
74.36
71.3
75.54
72.77
67.42
76.29
70.61
72.59
81.35
76.59
91.19
75.19
71.33
77.72
74.56
73.83
73.29
75.73
77.64
81.02
81.87
87.51
88.59
83.73
84.91
92.59
86.86
89.31
83.2
80.91
79.89
86.62
87.96
77.43
85.45
77.25
78.8
70.98
74.54
79.91
77.45
76.86
80.75
82.1
79.49
77.88
79.46
78.19
85.87
82.37
87.71
85.66
91.62
81.77
86.79
92.29
88.03
71.02
74.53
87.5
92.61
86.4
90.81
78.41
90.07
92.18
90.81
85.94
94.43
95.26
81.3
90.26
94.77
84.45
80.96
90.25
90.75
80.67
83.69
80.67
90.64
86.95
70.95
74.27
89.47
80.15
88.58
78.59
88.47
87.85
84.24
88.11
78.1
64.84
76.72
81.19
93.96
93.92
89.25
76.84
79.27
81.47
88.65
82.4
88.92
75.84
72.66
65.72
83.17
82.05
80.62
88.68
95.09
94.36
95.55
96.4
92.39
80.01
79.86
88.31
90.46
84.92
84.13
83.11
81.01
87.94
91.81
92.48
88.89
80.61
94.75
98.3
96.96
93.66
91.75
73.17
80.16
89.46
84.11
80.72
75.9
83.65
87.23
88
87.32
96.58
96.49
95.1
84.33
85.05
75.8
74.19
89.07
86.95
82.94
87
92.43
89.27
79.36
87.68
86.23
75.04
82.29
83
86.67
87.76
82.88
88.86
71.6
69.28
74
77.53
88.33
94.48
90.4
90.96
90.71
83.81
74.63
72.7
83.23
74.81
89.51
88.86
93.91
90.55
88.21
82.68
86.35
86.99
83.74
60.91
73.21
78.88
78.64
88.8
90.96
90.99
88.64
68.19
67.47
70.88
80.32
80.62
68.94
75.17
72.02
71.44
73.6
61.07
56.41
63.6
62.13
64.61
61.5
61.15
67.84
74.78
73.19
65.99
71.37
69.1
71.32
77.94
77.72
87.09
86.12
86.51
85.39
83.8
84.84
84.71
67
57.72
81.73
78.45
62.67
54.76
64.05
64.14
83.93
90.93
86.08
78.97
82.49
79.12
63.37
57.6
65.29
68.67
73.47
71.78
87.69
50.42
66.54
70.98
72.03
67.42
83.39
65.9
64.44
63.92
63.39
75.51
63.67
66.2
63.41
55.97
65.28
60.57
60.91
58.61
57.09
60.8
48.83
58.1
70.29
70.73
79.86
72.12
83.74
79.74
73.95
66.59
73.39
67.71
65.76
78.25
73.27
69.1
68
70.71
71.02
67.62
76.58
87.75
74.96
91.32
79.28
81.26
73.4
65.53
61.55
75.3
79.14
82.05
76.97
56.87
62.35
58.98
59.05
74.97
85.34
82.35
81.6
74.41
74.75
73.07
66.25
71.04
83.88
85.05
69.46
85.5
83.57
79.55
79.27
84.68
87.02
67.55
69.91
79.15
78.39
91.26
86.49
81.64
62.98
73.64
81.23
75.46
70.15
73.95
79.61
79.92
82.3
91.21
73.79
75.53
78.21
76.96
80.25
77.9
81.47
70.69
78.21
74.56
73.9
74.38
86.48
72.27
72.33
69.04
74.32
72.54
70.52
75.81
80.35
75.5
80.7
79.34
78.5
81.98
83.07
78.95
77.22
76.91
83.9
79.05
71.19
76.98
88.3
75.66
80.93
74.28
72.38
72.37
73.58
78.71
81.31
89.79
81.91
75.51
77.7
93.16
85.6
83.82
81.92
83.26
86.92
83.39
88.35
83.31
90.9
77.92
79.3
84.04
79.33
88.84
88.84
82.73
78.94
85.06
85.33
82.24
78.48
78.76
78.63
82.18
83.72
87.49
87.11
66.49
82.57
83.39
85.73
87.44
85.94
89.37
81.64
76.01
71.79
82.4
81.5
64.56
78.18
84.22
80.58
84.51
95.11
92.74
88.77
92.6
95.79
91.19
84.02
84.68
82.75
84.8
88.31
89.07
88.85
85.49
77.91
82.25
87.19
98.39
91.81
97.39
96.85
96.1
92.89
93.13
91.82
94.08
86.9
93.33
94.26
89.47
88.24
90.58
91.82
91.33
93.19
95.91
95.33
85.91
90.15
67.44
62.45
67.93
69.84
78.65
77.27
74.55
80.48
91.5
94.59
96.01
94.45
96.83
94.68
95.15
89.95
70.75
86.43
92.15
91.46
91.48
93.02
90.65
89.74
90.71
94.09
97.09
80.48
66.09
82.28
86.86
82.29
88.38
92.13
95.08
87.61
87.14
89.29
95.91
96.9
95.77
94.23
88.02
77.69
64.31
75.47
76.17
83.32
81.85
90.01
93.24
87.42
75.07
59.17
77.76
78.23
71.45
84.79
70.23
80.25
77.83
71.82
79.91
71.33
87.66
79.23
81.42
77.15
65.47
63.96
73.19
85.86
88.96
95.53
89.86
91.53
92.46
90.54
73.61
70.93
73.21
79.35
92.16
94
88.38
91.56
95.66
93.33
93.88
84.43
82.34
86.33
90.12
86.06
95.58
96.71
91.89
77.8
79.8
80.43
80.5
68.59
60.75
53.92
54.22
57.94
74.16
74.63
81.49
89.29
67.23
61.76
60.63
66.31
78.46
79.07
87.79
80.29
72.28
70.33
53.11
55.38
58.47
72.35
75.04
62.22
63.82
64.08
62.79
58.14
50.09
53.4
61.11
56.85
46.81
49.97
53.55
60.03
77.7
62.08
59.72
45.96
44.28
52.06
61.09
62.96
64.34
72.68
70.56
67.57
64.03
62.72
55.12
74.17
90.1
93.28
79.54
88.14
64.69
75.12
61.4
62.83
64.44
79.75
76.62
70.65
73.27
65.56
69.06
63.45
56.6
59.67
59.55
73.53
77.38
72.45
63.64
67.96
67.63
66.74
64.33
72.59
85.77
70.57
82.54
75.35
79.82
75.18
85.75
72.92
70.29
73.97
75.39
70.77
89.39
70.68
63.32
77.14
61.14
59.46
62.82
60.59
55.28
67.81
73.13
76.31
78
73.1
90.27
76.1
62.41
62.15
60.74
69.63
72.47
75.45
61.61
61.38
63.54
65.75
67.96
62.16
53.57
55.05
59.74
58.59
59.45
62.41
48.02
59.42
61.9
57.7
68.4
62.3
62.06
68.67
73.76
69.65
66.66
62.88
59.45
56.19
65.7
77.17
79.45
84.03
64.99
73.08
82.42
86.34
75.11
60.03
67.76
73.18
86.64
70.47
66.27
75.18
77.62
66.74
71.49
69.18
74.69
79.87
81.11
76.21
82.2
80.64
75.44
88.26
89.56
71.99
69.52
72.84
84.32
86.66
73.98
79.47
76.09
74.48
73.06
74.12
72.91
87.37
84.82
84.81
79.79
88.09
89.49
73.02
68.01
75.35
72.81
73.44
72.01
86.95
73.48
67.53
77.71
92.11
88.55
79.62
83.2
72.08
75.25
80.83
90.39
87.07
83.85
81.29
79.7
88.53
82.46
68.8
90.69
93.22
83.21
74.29
74.42
84.72
72.2
77.8
82.24
82
85.34
85.73
67.24
74.82
90.03
87.03
91.3
94.18
92.9
91.51
83.23
86.8
85.04
81.81
89.82
95.15
93.04
92.75
94.09
89.84
95.09
72.59
88.87
97.02
87.44
91.86
93.82
92.86
92.56
83
79.75
71.21
75.9
93.1
96.97
89.12
90.33
80.28
88.85
86
82.61
83.38
92.69
92.2
87.36
74.82
72.07
91.03
95.66
91.49
94.64
89.42
75.07
83.65
85.68
95.37
94.03
96.96
90.25
91.13
87.73
95.17
76.18
87.67
89.46
83.13
89.41
94.84
96.93
98.42
98.31
97.36
97.7
97.86
91.19
77.54
73.88
62.01
63.05
68.79
84.55
77.63
83.8
81.39
87.6
95.85
93.72
78.97
90.13
91.5
87.42
69.86
80.4
71.48
82.08
88.24
88.85
90.68
94.54
84.37
75.82
90.27
88.16
92.12
93.15
85.42
95.74
95.9
85.83
89.61
85.34
88.53
76.21
85.03
84.39
78.84
84.86
89.51
85.41
96.82
96.29
82.85
80.97
81.23
76.77
90.05
80.53
91.47
86.02
80.67
78.93
73.69
72.67
67.06
73.83
87.41
75.9
66.84
81.58
73.31
72.95
64.34
60.01
57.38
73.13
81.49
57.43
64.46
73.49
70.19
74.34
76.96
66.55
71.58
86.42
69.29
64.65
67.52
62.43
61.91
66.27
63.54
67.23
55.86
65.93
56.2
66.96
74.34
69.6
66.65
73.13
79.45
82.82
77.09
77.41
88.17
76.44
85.79
68.91
62.32
85.81
85.74
74.58
67.7
77.06
77.18
70.16
62.16
58.73
51.9
56.83
60.47
49.71
55.93
55.02
62.16
80.32
59.79
65.93
58.7
73.83
63.72
55.71
58.69
58.79
63.54
62.73
59.71
64.44
79.76
73.63
64.36
61
62.01
59.46
60.24
89.31
80.32
79.56
76.68
80.46
81.25
67.77
50.7
72.01
72.71
65.01
63.95
56.17
54.8
60.11
54.01
59.48
81.63
57.82
59.14
63.15
74.08
71.19
68.14
64.75
57.18
55.8
59.96
65.75
67.27
65.37
54.29
70.78
78.29
65.3
65.19
66.24
66.68
72.55
82.08
62.13
66.18
71.08
78.25
76.85
66.7
62.27
78.84
71.23
68.3
66.9
61.45
64.53
71.06
68.04
74.98
81.55
79.06
62.66
63.03
64.86
76.68
87.52
72.63
72.47
69.11
82.04
69.28
84.89
68.67
62.8
66.41
63.76
86.49
76.33
74.56
75.04
77.78
77.88
71.41
70.13
72.32
68.83
74.72
73.7
74.79
74.38
78.82
82.16
81.98
79.3
90.84
86.33
74.93
78.38
81.78
76.09
80.07
79.26
83.86
80.36
80.43
73.43
74.47
73.53
73.15
82.68
85.39
79.66
79.74
75.34
77.22
71.67
74.05
74.16
76.3
73.57
71.91
87.72
76.1
79.31
78.86
86.95
70.34
72.89
76.93
83.98
91.03
81.83
89
84.37
80.45
80.82
79.25
80.08
79.64
78.13
71.34
67.73
65.69
78.46
88.5
78.12
71.7
70.34
71.38
66.68
66.07
76.47
86.42
86.75
88.27
90.7
84.11
87.08
80.63
78.65
78.12
86.29
89.26
94.72
93.55
93.34
89.34
85.61
90.94
92.94
96.73
93.04
91.75
91.34
88.03
73.61
80.01
78.2
91.84
93.27
94.41
98.36
96.17
83.09
80.22
81.69
89.44
85.81
86.05
88.73
81.66
79.23
78.22
82.64
73.97
84.73
87.45
77.86
78.38
82.83
76.96
74.99
80.52
90.28
90.06
82.19
73.35
78.77
81.4
86.5
97.86
98.91
99.21
97.13
89.68
83.99
81.25
87.74
93.82
94.59
95.99
86.95
90.74
91
92.38
89.53
92.58
92.88
81.72
78.15
84.63
93.2
99.26
96.61
81.27
77.96
83.29
81.17
72.58
70.35
63.83
85.39
92.92
84.94
85.4
91.1
86.42
94.27
96.25
91.76
90.54
92.55
89.49
90.09
89.57
81.36
80.98
86.88
86.35
84.76
81.52
77.86
83.61
72.95
94.33
83.97
85.06
92.08
95.8
83.08
85.77
85.56
73.99
76.73
81.87
85.43
95.22
96.62
91.36
74.38
67.39
77.01
78.85
70.37
88.93
77.55
65.17
74.89
79.96
76.95
77.38
79.76
92.77
87.6
91.28
80.11
78.99
85.59
86.77
77.13
58.85
65.23
69.79
59.66
62.99
56.76
66.71
70.15
76.85
68.91
66.59
78.43
76.07
68.68
71.57
65.97
69.68
88.07
65.85
71.63
67.9
63.97
56.41
47.26
51.27
62.36
67.8
81.81
74.75
69.04
57.77
51.87
53.55
60.12
69.48
58.64
85.25
87.84
89.61
74.51
72.23
69.13
61.39
67.47
76.1
78.25
62.15
69.31
68.42
63.63
71.82
77.95
71.16
65.28
51.11
67.87
75.92
64.8
66.14
68.67
75.08
80.66
79.68
80.42
66.04
64.76
54.54
72.55
86.51
77.68
74.42
75.8
82.72
82.06
81.61
82.78
92.69
70.23
79.48
74.5
69.43
72.98
72.8
78.65
73.73
74.52
69.46
65.67
61.03
62.09
68.5
80.46
78.98
80.96
75.91
76.39
87.48
86.41
79.07
75.83
72.08
73.08
75.72
71.01
74.66
72.64
79.65
72.18
71.09
65.5
78.93
69.23
75.58
62.21
57.33
65.71
73.8
87.39
68.26
63.84
81.96
79.57
79.91
70.62
77.31
85.31
83.82
75
75.69
78.97
82.87
73.72
73.33
81.08
88.63
70.45
92.08
74.3
71.24
71.81
70.8
71.96
72.29
70.93
70.99
80.15
77.25
71.95
71.37
81.17
83.53
70.86
72.05
71.84
64.13
69.97
80.68
79.03
78.45
78.48
83.15
78.45
73.06
70.22
84.95
78.88
72.51
76.69
74.82
74.64
79.25
77.13
77.87
70.68
77.2
74.87
83.13
74.88
74.98
74.48
74.85
75.18
74.97
81.16
79.99
75.7
75.6
85.17
70.12
84.3
64.18
71.22
76.88
70.94
73.38
78.95
77.76
65.06
68.48
77.22
84.59
78.5
75.62
74.51
90.1
82.77
78.5
91.76
90.93
91.28
94.32
87.31
73.95
78.13
82.9
83.62
86.46
84.13
85.65
86.08
83.28
89.89
93.45
90.8
86.86
94.87
88.75
84.35
77.3
68.25
78.86
78.13
81.46
78.9
69.43
75.67
77.5
79.81
75.26
85.91
95.32
97.87
91.43
87.74
83.13
80.2
82.14
90.5
91.28
89.75
93.33
91.51
90.27
95.79
96.01
95.38
94.8
95.7
95.42
96.85
97.17
96
93.88
97.58
97.57
96.81
85.85
72.89
76.49
85.39
89.54
88.6
93.96
85.78
85.24
83.21
81.93
90.99
89.1
89.81
90.04
89.69
96.85
89.43
88.95
92.04
76.75
86.14
93.1
93.37
98.34
96.03
97.33
97.65
95.88
95.48
88.09
86.95
85.04
78.93
81.47
46.36
55.12
73.73
76.28
79.78
77.57
76.14
84.78
94.32
90.01
92.55
86.68
75.33
64.15
75.31
86.96
83.26
80.62
82.81
87.68
93.55
96.97
97.35
86.59
90.02
91.58
73.76
94.25
92.11
89.75
78.73
71.14
82.99
94.49
92.38
81.18
75.66
80.88
76.98
95.92
92.51
96.32
94.1
97.83
98.51
96.86
90.7
95.68
91.28
78.13
81.52
78.83
79.25
81.5
80.95
77.15
73.45
89.14
76.73
81.3
76.3
72.39
82.87
88.26
84.45
84.82
69.3
58.07
67.01
74.55
79.08
66.8
62.29
70.36
63.27
64.63
59.88
60.18
70.11
84.51
70.73
71.96
73.22
59.1
79.34
69.25
78.91
68.75
71.35
78.2
71.26
63.64
70.86
76.29
90.27
77.87
72.76
79.21
75.59
70.79
65.9
70.76
66.64
66.73
62.75
64.09
60.98
55.16
65.29
69.36
70.23
59.77
56.48
82.55
72.19
84.11
88.35
70.51
67.05
92.17
79.69
90.81
73.37
88.57
68.58
63.1
66.12
66.96
65.93
65.89
78.54
55.73
54.34
62.16
63.01
60.97
59.71
54.63
60.62
63.08
64.24
60.95
57.95
52.39
62.13
53.25
59.86
62.2
58.81
65.06
60.72
63.85
60.44
65.24
62.89
58.19
60.83
71.03
74.48
71.94
80.42
77.66
75.73
87.99
75.29
84.67
80.57
83.06
75.8
90.28
87.51
74.63
87.56
78.56
76.89
79.72
76.03
90.28
82.62
85.85
75.49
86.4
94.46
73.6
69.06
70.62
73.36
87.09
73.84
72
74.78
82.7
89.67
81.77
67.91
87.57
87.83
81.99
71.41
84.65
84.24
92.36
76.83
78.46
70.79
77.95
85.46
83.88
84.47
78.62
79.12
72.07
77.51
78.33
85.01
76.9
77.12
76.38
75.98
88.47
92.69
83.08
75.91
66.76
69.83
75.25
78.17
75.46
74.67
93.84
90.68
81.19
80.29
79.45
79.56
87.68
84.62
76.2
85.91
75.45
82.22
78.37
76.74
75.87
73.05
86.08
79.87
79.98
80
79.68
80.44
86.76
82.67
83.12
81.1
84.38
76.07
60.99
71.36
77.32
75.77
80.01
81.86
83.52
85.77
91.93
88.5
79.25
83.68
86.59
90.91
80.31
86.84
76.4
71.72
76.43
83.34
93.82
85.22
82.65
81.95
90.24
87.98
79
78.82
67.56
80.62
62.34
72.79
83.91
73.66
73.77
77.48
83.24
73.45
80.36
66.03
73.66
78.02
70.64
93.12
94.79
87.47
96.21
86.5
80.09
82.88
86.02
83.3
75.97
70.73
78.42
93.05
81.56
73.46
82.7
86.1
91.21
85.07
94.19
95.67
91.25
89.49
81.09
81.32
83.29
85.86
89.54
87.37
89.9
93.67
92.93
86.84
84.98
86.31
89.83
86.26
87.42
90.4
89.46
86.95
89.84
82.1
80.05
77.09
74.59
81.45
96.64
91.65
82.1
86.64
92.89
97.01
98.22
99.69
90.83
98.98
96.93
96.84
88.48
92.82
97.73
93.85
96.1
77.64
78.25
71.24
70.28
82.12
86.7
88.2
88.28
87.63
86.69
81.53
77.13
81.31
84.71
85.15
87.41
85.81
88.66
86.79
88.23
87.07
88.11
82.64
93.23
90.71
91.91
89.08
61.63
70.19
77.54
63.94
83.84
70.09
81.47
73.1
83.73
90.79
95.06
89.57
85.38
93.54
93.76
80.39
83.22
93.43
94.99
88.11
88.5
82.02
86.1
82.27
77.49
78.59
93.86
79.67
77.21
85.87
89.01
78.49
80.31
68.88
64.71
64.73
61.45
54.51
52.04
75.08
89.31
83.29
72.76
72.35
82.55
67.42
67.67
79.06
68.5
71.33
66.64
70.62
83.2
87.32
77.39
88.93
90.25
83.91
79.82
72.35
67.79
66.86
63.91
65.82
65.58
77.29
67.02
68.21
65.06
70.56
73.12
73.85
65.59
63.18
66.37
64.95
62.57
54.7
46.72
58.63
59.81
64.66
76.79
81.56
73.13
80.38
69.96
73.68
83.57
73.06
76.53
70.56
70.22
74.67
75.77
67.22
74.14
87.05
91.65
87.05
80.76
70.16
78.31
74.21
45.66
62.55
63.47
60.38
58.04
60.24
62.32
78.11
82.85
69.52
73.98
75.19
63.95
69.03
65.26
65.81
60.57
77.29
67.25
67.26
76.28
77.63
62.49
56.71
62.31
62.96
67.1
70.44
73.4
76.2
77.27
75.62
67.76
69.33
66.4
63.88
65.85
73.56
87.43
72.67
75.35
84.67
80.27
79.51
75.63
71.01
78.58
85.4
63.3
75.97
75.3
71.73
79.77
72.07
64.84
71.11
74.03
81.78
70.28
71.13
73.57
84.1
80.86
80.58
77.5
67.47
71.96
86.18
76.2
76.87
73.94
76.24
71.01
68.61
65.76
64.94
71.42
81.01
79.33
79.22
84.11
75.48
73.2
77.72
77.69
81.95
78.7
75.78
75.38
77.03
77.41
81.28
83.22
87.64
77.03
76.15
77.16
80.52
71.51
68.75
70.22
85.38
72.57
76.27
78.42
79.28
71.87
73.28
77.59
78.58
84.21
82.81
91.81
79.48
68.43
74.75
78.25
79.02
74.39
75.66
89.75
89.06
87.47
87.66
74.97
82.05
84.04
78.26
83.28
79.37
83.58
85.45
80.15
81.4
91.28
84.54
87.93
83.77
90.73
85.38
81.31
79.4
84.15
77.42
81.55
78.64
76.35
86.91
85.1
80.07
88.77
91.33
86.57
81.95
92.85
90.71
87.9
87.56
79.29
78.92
85.34
79.52
70.4
79.29
78.81
79.23
79.29
82.75
67.21
78.65
78
85.7
82.14
75
74.11
80.69
90.7
93.92
95.24
96.16
95.74
94.17
95.4
75.02
73.55
79.56
92.53
88.95
88.57
75.82
82.21
84.8
71.5
79.06
85.55
87.45
88.64
83.89
82.94
82.27
87.08
91.32
89.73
84.44
77.55
71.6
85.75
78.91
72.39
74.71
77.38
58.34
69.87
77.75
75.8
77.55
84.93
79.17
83.97
96.02
89.42
93.18
95.9
98.4
94.87
77.91
77.36
87.48
92.01
91.47
73.01
73.93
81.42
81.72
83.94
84.36
68.63
57.34
77.26
71.66
74.1
68.37
59.56
67.33
68.45
75.27
69.88
87.08
68.97
77.21
75.16
73.58
79.93
77.45
81.95
72.25
64.33
72.24
81.82
81.24
73.2
55.71
60.25
63.33
65.06
73.32
78.26
75.87
70.33
71.55
76.98
74.29
71.7
75.04
80.57
82.29
84.31
85.26
72.79
68.4
72.65
75.63
82.14
75.39
85.03
78.53
80.75
92.88
94.45
88.81
85.63
72.94
74.12
76.37
76.52
87.22
90.52
86.14
78.98
76.26
70.91
66.72
70.77
72.83
79.14
61.01
79.9
67.75
74.44
81.2
72.5
85.27
54.39
58.89
61.53
61.5
59.55
63.58
73.21
66.83
55.48
59.34
60.03
72.5
69.09
71.32
66.71
54.94
65.63
74.08
73.98
64.84
66.47
73.86
58.59
63.17
64.14
56.46
58.52
43.27
58.21
53.92
57.47
51.32
54.8
63.3
61.81
59.43
74.25
82.73
64.32
61.72
60.69
64.06
58.89
68.72
78.07
83.86
91.2
66.59
55.68
64.98
70.04
67.45
64.29
76.05
81.59
78.22
72.83
75.68
73.74
70.94
63.72
67.57
69.43
72.71
64.8
83.09
72.82
71.05
61.48
56.01
81.6
74.98
70.47
66.75
63.98
66.31
66.44
58.71
65.93
74.52
75.26
78.3
80.57
86.66
66.45
68.53
61
60.01
66.46
81.5
74.07
88.78
71.63
75.99
78.57
71.74
77.94
86
76.4
85.14
71.82
65.95
63.2
64.53
68.89
69.82
63.96
63.81
65.42
65.43
65.87
69.07
67.27
69.65
73.47
80.01
75.77
84.1
76.84
76.14
72.43
71
85.33
72.09
73.74
72.05
62.49
61.76
78.51
76.45
72.47
70.43
65.43
69.41
75.33
77.58
73.98
66.7
76.22
70.49
74.14
71.08
68.5
70.54
80.08
76.06
72.09
65.7
67.36
68.55
66.54
80.57
63.46
64.95
64.64
89.35
70.57
91.16
79.66
65.02
71.87
78.02
83.15
81.74
78.43
82.53
90.92
79.77
77.98
71.52
71.57
71.33
76.69
74.49
76.52
91.66
90.85
82.43
82.83
87.47
73.65
76.03
87.07
83.72
90.6
87.45
73.46
71.14
66.92
79.97
79.67
76.15
67.93
89.55
86.09
89.34
88.35
85.64
83.33
75.11
77.05
77.76
78.78
80.89
80.49
88.84
87.76
74.55
76.18
71.17
81.86
78.08
83.54
85.61
82.66
84.51
78.18
92.73
84.23
75.46
75.81
73.65
92.93
81.17
86.57
79.36
82.38
87.81
87.66
79.97
78.42
89.9
71.97
80.45
67.73
77.77
70.43
67.14
78.35
80.63
84.37
71.96
71.8
81.72
89.51
90.02
79.1
83.3
82.34
89.08
79.46
85.45
85.46
82.59
94.02
76.53
77.27
83.42
79.85
79.89
76.3
82.11
81.33
91.3
76.81
88.28
90.54
94.62
92.55
69.91
69.4
82.65
92.74
76.69
84.82
90.39
77.16
84.95
86.44
94.7
95.34
96.73
84.72
88.51
83.84
86.2
89.26
70.16
94.49
82.98
84.99
83.78
91.6
76.08
45.66
62.86
71.12
84.55
88.03
84.61
84.28
85.16
88.1
91.18
91.23
91.47
92.01
90.86
88.65
84.23
84.27
89.61
84.62
79.13
85.66
87.03
86.94
85.34
66.64
60.25
70.04
78.67
84.53
84.12
82.12
73.47
79.12
73.65
77.69
96.72
94.58
97.02
91.24
93.18
86.34
84.97
80.3
82.25
66.41
74.61
89.88
83.94
84.35
94.16
83.48
70.86
72.98
65.86
86.16
62.8
54.96
66.32
61.22
75.52
71.64
74.46
70.86
64.65
56.06
60.12
63.65
62.89
62.89
60.66
73.11
80.98
76.3
71.12
73.5
66.75
63.61
60.82
58.37
60.48
52.91
60.9
82.9
84.57
75.56
75.34
74.94
63.5
63.16
54.76
70.01
67.37
60.46
73.4
71.97
68.28
87.06
67.81
51.12
64.96
61.26
66.88
68
63.96
54.09
63.77
65.47
57.9
57
53.59
62.38
47.89
65.35
61.27
63.26
62.06
57.77
53.74
56.66
60.26
67.43
89.28
88.77
94.36
85.7
70.98
65.83
63.38
63.15
65.83
65.89
63.71
73.19
76.43
85.58
74.05
79.77
89.72
69.15
74.13
75.63
73.49
81.46
75.31
67.55
65.45
64
70.59
65.13
72.11
63.78
69.27
67.15
69.28
80.64
74.17
79.4
89.82
68.81
67.68
74.15
69.82
71.5
84.64
70.76
76.76
74.75
73.58
71.93
73.04
73.32
87.28
69.58
85.45
74.42
70.49
71.13
71.67
78.28
70.85
73.14
76.82
64.07
65.59
64.71
67.55
86.99
75.83
74.85
80.07
79.6
78.86
82.62
78.16
76.26
75.14
77.4
84.55
87.58
84.34
88.76
78.61
82.53
76.05
74.46
82.39
74.9
77.35
77.38
84.89
89.56
84.64
90.52
92.82
90.35
84.85
78.32
78.36
77.96
77.1
78.5
80.13
87.39
76.75
75.98
79.48
89.44
73.83
74.38
80.31
77.06
76.31
70.64
91.4
89.46
88.49
85.7
86.83
82.16
81.22
79.93
82.68
73.65
75.11
84.56
83.56
80.4
83.36
78.98
80.36
81.73
82.65
80.8
82.58
81.9
82.22
87.37
88.83
81.63
89.54
87.94
90.5
80.34
79.09
86.41
83.67
88.08
95.31
93.25
84.11
86.92
95.17
93.44
81
86.99
96.51
85.64
86.87
95.65
83.63
90.82
91.97
80.57
84.36
88
97.17
90
95.13
89.33
91.55
85.78
88.42
86.42
87.18
95.77
93.43
84.11
96.3
97.51
96.86
95.67
96.28
87.46
72.27
82.69
80.57
72.04
86.16
83.97
91.67
83.06
91.76
90.9
95.91
88.08
72.33
73.53
88.57
94.38
93.28
97.32
84.64
87.28
80.98
84.83
90.22
90.58
95.54
94.2
97.11
98.94
99.58
99.12
96.03
97.58
93.26
77.63
82.07
92.98
96
95.86
94.15
89.81
75.12
77
83.38
82.93
78.59
88.46
99.08
93.6
90.86
67.52
72.87
86.38
84.09
72.15
70.25
77.81
82.34
80.58
86.18
84.12
91.21
88.17
94.37
84.57
82.54
79.38
76.2
78.55
93.03
95.45
90.04
87.3
76.22
75.25
71.08
64.22
67.23
61.9
78.3
77.12
82.85
78
72.59
76.37
79.57
79.49
64.01
60.69
72.33
64.67
64.33
64.24
81.57
93.41
90.68
94.69
96.71
95.95
89.6
82.05
93.78
75.09
64.78
66.78
67.57
72.49
77.37
74.67
68.33
71.55
71.88
71.73
71.56
82.06
86.12
83.69
87.39
74.94
70.62
75.33
69.87
62.94
73.56
64.11
59.11
64.82
58.82
59.31
51.58
55.66
58.75
64.28
66.08
66.71
79.93
70.41
80.43
78.77
73.17
86.14
87.71
69.27
60.74
84.03
86.21
87.4
90.24
79.58
80.81
84.43
82.43
69.22
84.25
73.63
63.92
75.6
68.06
70.64
63.62
58.95
62.55
78.33
68.08
59.46
58.96
64.14
57.71
82.13
75.73
57.63
57
52.62
51.16
56.72
59.85
65.57
61.9
61.12
70.67
82.09
75.69
68.82
69.9
81.47
88.89
69.51
68.74
68.53
58
57.89
53.67
63.69
58.6
54.28
60.13
59.18
62.04
65.16
76.8
91.61
89.06
79.76
88.42
77.73
78.79
74.07
68.26
64.12
63.82
69.16
62.99
63.77
78.07
61.29
59.28
64.26
70.96
78
65.6
67.21
70.45
64.07
64.1
64.72
65.42
85.01
88.41
78.46
83.1
64.68
68.9
68.65
74.23
71.65
80.71
61.2
65.16
66.98
67.98
63.36
67.33
65.18
68.95
71.86
77.5
56.86
57.67
65.62
77.94
68.97
64.04
66.56
64.46
63.62
64.11
66.97
77.76
68.62
63.25
65.7
74.69
73.19
68.86
68.46
67.39
80.12
65.84
62.04
63.32
74.02
87.71
73.18
75.57
80.47
78.55
78.73
74.12
74.53
69.77
73.5
78.83
67.62
67.47
67.56
73.68
73.96
71.43
68.69
68.34
69.39
69.47
75.4
85.73
77.28
70.29
69.91
77.92
84.29
79.68
73.28
72.61
84.99
74.5
71.51
76.39
85.19
76.33
73.35
70.65
79.61
89.65
78.11
78.51
77.37
71.96
92.17
71.99
74.39
72.07
72.39
78.48
69.76
76.41
75.35
63.54
74.84
81.78
87.39
83.66
63.99
70.28
78.38
77.59
80.31
81.4
75.12
79.67
83.74
71.65
90.5
77.12
75.42
71.45
72.15
72.65
90.44
75.12
78.3
84.18
76.08
74.98
79.56
79.12
82.03
79.31
76.1
84.58
88.21
89.99
92.25
76.83
81.68
90.05
93.51
93.16
87.66
96.25
98.02
95.47
97.38
92.04
69.03
74.62
70.08
77.69
75.8
82.55
88.13
90.37
86.88
90.74
82.69
84.32
82.93
92.46
78.8
87.48
92.84
90.81
77.01
72.58
71.33
74
73.54
81.28
85.42
79.06
82.4
82.08
87.54
78.48
89.15
88.86
91.54
89.18
91.03
95.49
93.06
79.67
94.26
90.12
95.34
94.94
95.41
89.12
81.82
66.5
69.37
82.03
92.76
89.25
75.91
81.17
72.7
90.16
90.84
80.34
76.37
90.68
93.61
83.36
78.44
87.62
80.95
75.42
86.3
85.46
82.75
88.91
94.37
93.28
91.7
91.76
92.28
94.24
76.5
63.57
70.43
77.48
94.05
95.3
94.21
98.04
97.98
96.94
89.83
83.94
91.88
82.48
81.18
78.54
67.29
65.72
62.56
61.37
77.85
85.81
81.28
81.27
77.66
93.4
91.44
85.1
95.31
98.34
96.55
97.41
94.82
92.66
96.78
96.48
86.47
92.16
86.16
76.55
63.93
63.49
63.63
60.91
62.77
65.54
61.24
79.32
71.78
72.05
73.6
69.7
71
69.55
53.96
50.58
64.04
69.8
67.47
62.54
58.08
75.82
65.91
58.34
57.44
85.55
64.46
62.44
74.23
87.12
80.55
76.52
74.2
67.76
66.85
79.49
82.49
80.95
79.89
82.6
66.28
66.28
62.49
67.8
54.29
48.4
51.84
60.48
64.16
71.96
67.92
59.41
56.47
55.89
67
66.85
76.84
90
71.08
64.74
61
64.03
71.86
76.05
89.34
77.16
90.82
85.37
85.21
87.95
82.38
70.57
80.12
62.99
62.7
60.81
61.8
77.19
71.82
82.39
78.43
80.45
78.74
70.6
90.06
83.57
83.71
77.32
78.55
72.44
70.79
76.63
65.15
69.48
88.12
78.34
70.3
67.09
75.97
65.21
66.55
63.77
81.35
70.29
72.57
71.73
74.16
71.68
77.29
82.66
80.82
87.27
73.2
72.65
69.44
71.41
92.73
83.93
76.77
84.32
87.64
73.17
68.39
79.36
78.92
72.01
72.46
74.4
78.8
76.96
70.63
69.96
80.63
84.98
76
73.77
81.31
82.07
76.83
80.21
81.68
77.94
79.09
89.28
73.7
81.3
82.18
78.38
75
82.85
78.97
75.23
75.08
74.72
82.19
86.9
85.86
87.29
82.47
81.24
83.8
82
77.47
76.39
83.13
77.17
73.79
68.19
72.1
70.6
71.37
74.24
68.92
82.35
82.87
67.96
70.16
74.36
74.01
75.2
72.87
69.51
73.07
76.97
64.08
84.49
83.1
78.71
84.39
89.02
79.02
79.92
83.5
87.24
83.93
93.18
89.34
88.67
88.43
85.78
94.8
95.2
85.72
87.79
94
80.94
83.29
88.12
90.94
85.92
94
87.79
89.34
84.49
83.68
83.84
84.75
82.51
82.81
84.93
87.17
92.23
85.57
85.32
80.51
60.77
71.35
74.28
68.5
71.31
89.02
86.55
86.65
87.01
83.99
79.89
87.23
87.39
81.01
90.66
95.06
97.88
92.44
86.89
94.48
96.52
89.77
85.56
80.67
78.15
90.08
90.4
84.84
85.75
93.29
90.34
97.9
98.14
96.8
97.3
96.45
97.18
86.22
68.31
68.39
78.63
93.56
75.63
81.57
97.9
98.19
99.65
92.94
98.31
96.38
89.14
85.04
95.29
99.67
99.36
98.6
87.15
80.27
93.47
96.39
94.29
97.1
98.18
98.99
96.8
92.09
99
80.7
84.57
90.36
93.59
97.84
95.91
93.51
89.41
89.47
79.29
82.82
86.68
88.03
77.94
72.06
76.1
79.27
84.95
79.22
65.02
74.46
78.39
84.13
84.7
85.68
83.02
74.45
75.31
82.7
77.37
81.21
85.44
75.01
86.28
86.01
81.69
85.27
70.43
76.28
86.84
78.65
79.19
70.85
67.48
56.22
68.51
76.82
83.69
66.32
96.22
86.62
72.51
70.73
76.75
76.82
75.12
71.87
69.81
62.14
55.48
60.05
67.43
72.21
77.36
89.99
85.11
94.74
73.47
88.89
85.65
94.21
94.37
91.73
87.6
74.15
94.15
84.82
77.44
73.42
92.36
87.9
79.99
83.65
85.22
80.52
89.45
79.37
93.87
82.13
90.03
88.46
91.82
92.79
77.73
60.3
62.57
68.11
55.86
46.84
54.52
51.6
61.95
60.24
60.06
45.63
53.05
69.31
61.44
69.22
82.7
63.94
74.68
51.46
78.39
75.13
63.76
66.89
78.9
58.84
67.11
63.77
59.91
67.38
71.99
57.36
68.31
73.01
87.32
60.99
59.19
62.77
83.35
77.66
63.38
87.39
89.39
87.5
61.64
62.12
70.88
69.34
73.94
69.27
68.28
71.85
78.03
92.17
77.72
80.47
80.56
71.67
82.39
74.94
67.19
67.39
68.48
67.28
64.16
71.22
72.71
79.06
67.45
77.15
83.27
74.82
69.1
70.51
65.62
83.87
76
70.68
72.73
65.78
78.63
79.85
82.9
69.68
88.62
64.6
67.55
83.57
74.1
71.89
88.52
69.43
63.88
63.3
82.15
77.07
72.88
74.12
84.45
82.44
65.41
68.51
67.78
64.74
71.91
73.74
70.14
84.52
74.54
72.84
71.42
75.89
70.31
72.19
86.84
77.32
78.41
75.3
84.88
68.1
68.14
66.57
73.28
73.73
76.34
76.43
60.92
67.19
83.93
70.55
82.87
72.6
80.47
68.17
71.26
81.13
69.02
78.74
77.65
73.89
76.64
74.53
71.93
71.58
71.52
70.36
81.66
76.05
72.08
69.06
72.63
75.88
73.99
66.24
88.55
71.67
73.52
65.8
69.67
72.64
76.06
79.9
76.36
77.36
69.17
80.5
65.77
75.31
88.74
75.01
73.67
73.12
72.38
75.04
69.83
71.57
76.51
74.93
74.65
74.35
76.22
72.99
72.42
77.58
80.62
74.21
77.19
74.12
75.93
72.52
74.39
77.03
79.94
84.73
83.49
82.34
82.3
83.44
62.26
76.1
72.35
85.22
59.66
64.97
72.49
63.28
75.47
79.75
83.54
76.04
81
81.05
69.12
70.37
75.11
79.25
88.74
98.72
97.91
94.31
97.56
94.68
92.03
87.85
87
83.62
70.9
69.48
77.69
76.7
74.79
91.64
94.84
96.4
85.67
77.73
87.63
83.07
87.35
96.29
98.15
97.16
97.42
98.1
98.12
93.32
81.01
81.64
88.24
79.45
87.32
87.49
91.52
81.99
78.98
77.77
72.86
85.78
88.05
85.94
96.64
92.94
96.05
92.69
93.02
92.31
83.65
76.64
91.34
88.7
80.46
80.85
90.71
98.65
96.5
90.34
90.43
96.58
84.53
78.51
91.71
95.95
91.02
93.41
95.65
95.64
79.98
84.89
85.03
87.47
86.72
77.24
83.87
94.52
78.55
72.14
80.4
77.05
74.87
68.9
59.61
59.83
72.34
81.89
76.36
84.86
77.09
71.65
76.79
78.05
92.8
94.09
93.76
92.78
95.79
85.91
72.49
76.31
82.01
82.47
74.86
90.29
91.01
88.09
79.23
79.45
83.97
82.34
94.49
88.35
92.83
96.25
71.62
72.75
81.84
87.95
77.32
70.5
66.95
74.31
77.16
83.93
86.97
83.12
89.68
76.69
75.9
88.87
88.31
92.56
90.53
83.93
93.42
94.52
95.88
94.17
79.86
71.15
70.7
74.62
73.33
88.26
82.04
74.61
66.66
86.28
80.11
66.87
67.83
76.66
83.98
69.32
76.54
75.63
65.35
66.41
70.41
74.15
67.29
61.59
66.33
73.5
71.51
85.36
84.65
62.14
66.22
82.71
63.69
80.6
79.49
68.17
64.01
62.5
61.23
57.47
53.29
56.07
55.44
73.34
84.76
73.98
66.95
68.92
70.35
66.47
64.39
68.07
68.26
77.83
70.45
67.22
75.25
77.36
70.76
66.19
70.03
79.08
91.18
80.11
83
84.98
81.13
76.39
71.31
85.83
66.23
67.49
68.38
69.8
84.6
87.88
75.53
76.68
73.88
88.51
83.66
83.56
85.21
78.67
70.34
68.69
70.55
67.74
75.53
85.41
81.66
83.08
77.13
72.75
72.38
83.82
76.8
77.06
74.94
80.56
68.2
75.97
62.93
58.51
64.36
82.21
69.39
66.52
68.19
69.77
68.12
72.31
63.15
90.03
70.94
69.23
75.42
78.13
76.76
84.37
73.11
69.7
69.44
68.27
70.51
78.33
74.82
65.6
69.22
71.71
74.25
70.78
72
74.56
73.41
73.16
83.44
78.66
77.44
76.42
74.37
75.29
80.3
65.33
73.82
74.5
75.65
77.25
73.47
73.79
70.1
71.27
70.18
68.09
67.75
64.71
81.9
73.95
75.99
67.78
70.9
84.79
77.71
72.54
75.29
88.7
84.33
78.34
78.9
77.41
76.09
70.94
74.3
69.43
74.13
76.68
75.98
71.63
94.15
83.82
83.79
75.96
82.87
80.9
68.42
79.76
87.75
69.66
72.86
69.52
69.83
71.76
76.38
68.92
80.84
74.53
71.08
77.02
74.56
74.79
71.52
78.08
78.08
75.14
80.9
81.13
82.58
73.6
77.86
81.21
82.41
78.17
81.24
71.81
71.04
78.07
76.7
82.65
88.77
60.3
69.12
82.49
80.86
80.47
88.94
90.19
81.31
85.27
87.57
84.82
87.53
91.23
64.79
75.63
74.23
65.94
67.57
74.92
85.47
82.77
96.21
97.91
98.55
87.24
79.33
98.54
98.71
98.28
97.55
92.8
93.87
96.71
92.01
92.63
85.26
94.1
86.99
72.79
88.67
97.76
99.52
98.13
95.93
99.51
96.89
99.37
99.01
99.44
99.4
99.2
97.91
96.23
94.38
94.98
97.09
98.01
96.54
90.44
81.19
62.51
70.01
76.37
76.87
79.18
84.27
83.82
77.07
76.34
66.41
67.45
83.54
82.28
93.83
65.3
73.16
74.8
80.01
73.89
60.9
65.44
87.49
87.49
81.64
85.64
86.34
89.95
97.11
97.48
94.16
93.47
93.59
91
88.63
84.99
82.23
78.8
88.49
74.04
83.53
84.12
66.32
73.08
74.78
75.55
74.01
82.88
84.38
88.1
90.17
71.51
78.15
83.11
86.15
75.73
92.03
95.06
95.94
92.1
94.61
97.95
98.04
97.38
70.85
86.06
78.99
61.61
70.23
70.14
68.22
83.27
88.39
87.91
69.09
65.3
71.76
66.33
66.75
73.38
75.89
79.73
81.84
70.55
69.74
73.87
69.17
68.12
73.18
61.56
89.21
95.15
71.06
62.42
66.99
64.05
61.98
71.72
74.39
70.28
80.73
59.93
81.38
83.04
93.19
80.76
61.76
49.71
58.44
64.25
61.25
76.43
85.98
82.54
67.76
62.15
64.27
58.91
70.36
69.67
63.4
56.97
79.15
70.52
68.04
64.32
64.78
63.2
65.21
54.15
60.16
64.55
57.37
61.04
65.75
70.9
88.55
89.88
90.97
70.64
58.04
66.46
63.65
83.99
79.33
86.28
83.53
77.53
88.68
79.9
82.03
70.78
80.29
67.28
67.84
88.67
77.35
71.27
74.35
76.45
84.5
78.47
70.09
75.91
80.85
70.97
77.71
78.51
82.48
67.65
64.19
56.63
75.79
66.19
59.99
65.57
68.83
62.62
63
73.99
78.45
76.86
73.74
81.12
89.13
86.33
68.65
77.09
76.52
74.09
68.95
67.57
71.88
71.02
72.04
75.12
75.18
66.22
62.04
67.4
63.38
66.84
83.79
73.91
68.52
64.08
73.33
68.7
74.53
83.25
69.32
60.39
60.95
67.33
69.09
65.57
63.45
66.39
79.99
91.68
66.92
70.82
75.42
68.63
84.19
78.52
82.86
88.68
94
91.28
71.28
89.01
81.52
82.67
85.98
84.55
82.33
86.41
82.58
83.77
75.09
79.8
81.52
86.47
78.78
79.9
76.78
72.95
73.43
78.91
83.37
75
74.24
79.66
82.83
81.74
74.03
80.19
80.19
77.63
80.04
89.75
75.41
80.64
83.75
79.06
84.76
79.99
79.24
80.46
79.39
74.55
81.18
79.75
77.7
78.02
77.47
77.39
75.59
79.36
86.37
81.99
93.01
83.24
74.52
79.46
80.49
81.53
79.77
80.26
80.27
75.71
79.6
73.91
81.37
84
80.45
85.04
84.25
79.74
76.96
71.42
84.25
88.64
84.45
87.93
93.19
94.05
88.91
92.97
93.64
92.1
85.76
87.55
77.46
76.48
77.25
79.31
95.5
85.08
72.78
78.83
86.79
94.27
94.46
98.07
98.5
97.82
91.94
86.69
92.71
96.72
96.46
97.9
81.1
81.4
84.58
85.13
75.18
73.25
95.42
76.41
89.95
93.62
92.1
90.94
97.4
91.02
87.16
91.42
89.62
87.83
97.24
96.46
83.15
79.8
82.61
79.42
84.7
92.59
96.77
97.34
98.19
98.39
99.15
96.86
87.54
86.93
95.68
87.31
84.59
91.29
98.85
94.24
78.13
77.09
81.54
87.89
97.25
96.5
85.16
95.32
83.54
74.08
86.06
89.36
85.28
92.94
95.05
86.28
89.63
96.94
96.83
97.41
97.7
97.19
97.56
98.17
97.73
95.89
91.57
84.79
83.22
89.08
83.13
86.95
70.49
89.68
81.81
62.76
78.95
86.67
78.41
78.45
80.55
67.77
88.55
68.18
90.24
92.12
90.93
77.76
78.64
85.9
86.35
90.93
79.45
75.35
87.7
71.98
73.91
79.22
94.09
91
84.07
92.85
89.56
90.18
80.54
69.02
71.82
68.18
89.29
79.39
78.65
70.4
61.8
55.59
66.25
71.61
84.98
84.91
81.4
68.84
64.64
79.5
65.88
73.29
71.61
92.46
75.88
85.18
78.45
71.09
73.14
70.76
67.25
60.52
79.6
81.9
76.3
72.78
76.04
90.01
78.91
73.47
78.98
79.63
78.43
72.62
66.39
77.49
52.67
55.84
55.53
64.52
62.79
62.39
64.16
76.76
70.75
73.09
66.09
71.36
74.59
74.69
82.77
83.07
83.02
73.24
67.66
68.04
70.13
78.99
78.55
74.22
73.4
71.26
64.08
59.46
67.93
73.77
73.73
80.21
79.81
76.93
72.81
82.57
80.71
76.96
61.77
75.51
73.82
75.17
82.72
87.78
81.88
80.28
76.21
76.46
87.24
64.4
66.92
63.45
77.48
80.88
77.72
68.25
70.44
67.47
76.66
83.4
69.11
63.44
73.75
81.01
63.02
64.07
67.1
75.42
66.42
63.93
80.62
67.68
74.05
78.05
72.3
68.75
76.24
66.31
69.76
79.75
68.91
65.21
64.3
56.34
65.01
65.39
70.73
64.97
64.02
79.94
75.24
84.76
87.15
74.25
70.7
76.17
81.66
71.43
69.89
71.25
68.45
62.95
57.66
63.05
66.49
62.14
66.07
69.74
68.42
67.96
64.68
71.24
86.76
74.19
69.98
71.15
69.99
74.58
68.31
68.05
66.83
67.09
66.67
66.88
71.39
72.46
63.14
63.86
57.26
89.44
91.24
89.1
69.42
75.49
71.61
76.98
74.93
75.62
76.4
76.16
76.58
83.41
72.84
78.05
85.36
77.68
67.04
69.22
75.43
76.1
79.52
82.98
95.14
93.25
92.08
83.83
79.2
74.47
80.08
84.51
85.32
83.86
86.27
83.36
86.74
82.68
82.29
76.26
79.6
81.82
83.93
86.79
74.05
82.06
83.64
91.21
90.66
90.16
75.74
80.1
84.39
88.59
88.59
86.27
87.15
83.47
82.44
89.87
94.06
87.04
95.37
90.22
88.32
94.62
92.78
72.05
71.88
83.82
88.96
72.74
78.85
75.28
77.42
78.85
73.79
78.64
83.71
85.64
86.92
89.09
87
92.83
96.05
98.13
80.97
72.35
80.29
87.2
87.61
77.07
64.79
87.42
73.85
73.75
76.57
84.75
95.04
83.67
81.7
73.55
76.79
97.52
98.59
96.26
94.95
71.04
78.34
75.9
82.4
82.49
86.2
79.8
84.37
82.97
81.64
63.41
77.55
80.29
79.83
63.46
77.55
69.56
67.06
83.5
78.48
77.14
83.86
89.38
86.85
89.95
91.63
94.05
78.03
84.21
82.46
91.53
94.14
90.49
92.85
94.24
85.17
94.31
91.57
96.13
95.8
93.16
85.96
85.99
87.66
94.28
93.77
96.02
95.56
95.34
88.46
87.92
75.6
75.57
85.74
88.72
92.65
87.35
83.36
88.94
93.99
95.26
96.75
95.04
88.34
87.57
94.67
97.13
85.81
90.05
96.69
77
73.32
76.27
59.45
76.82
76.35
80.67
71.96
86.41
90.54
85.72
70.15
77.59
82.74
81.93
75.51
70.68
67.32
80.6
79.24
67.33
72.76
66.58
71.06
67.5
66.09
66.89
71.08
80.91
71.07
70.62
66.65
62.93
82.07
75.46
90.05
94.26
59.9
70.83
48.65
51.05
67.17
62.74
59.27
62.12
70.58
56.19
48.93
85.33
90.75
79.68
69.22
71.21
74.7
58.08
62.18
62.25
51.11
58.53
66.27
84.42
81.39
69.82
65.59
73.31
81.36
72.82
68.82
71.43
71.98
59.21
68.05
57.87
78.94
82.64
64.21
74.55
86.22
71.9
57.8
67.36
59.62
77.57
59.33
53.57
63.52
59.53
58.32
59.5
69.39
84.02
72.98
86.28
86.7
82.92
83.76
84.1
77.74
58.96
59.38
61.98
64.42
70.1
66.99
66.05
68.84
64.11
68.07
88.53
84.47
81.82
74.85
72.45
64.96
65.81
75.79
61.4
61.23
59.76
57.31
71.49
69.55
57.51
69.28
82.46
88.84
73.23
76.56
84.63
74.91
84.28
79.79
77.84
79.62
76.48
80.01
63.61
75.21
71.79
72.98
72.09
75.47
77.89
66.96
69.62
68.59
67.71
70.74
72.8
80.91
72.66
79.17
68.86
68.27
63.92
70.86
63.23
63.04
63.02
62.04
68.38
73.61
80.11
91.47
72.96
81.39
72.01
73.39
84.23
85.99
63.47
79.57
76.61
73.76
75.88
74.58
81.25
88.46
74.44
80.04
75.18
79.37
78.49
78.03
76.18
76.36
74.83
83.92
83.24
80.54
83.08
79.52
77.78
83.74
90.15
88.37
89.58
70.72
80.05
69.1
72.24
75.23
90.88
84.83
78.43
71.76
77.66
79.39
80.52
81.64
78.91
90.52
79.88
90.36
80.78
78.71
79.35
83.21
81.34
81.94
84.07
78.9
78.02
74.59
79.52
84.02
88.75
89.36
77.73
62.77
74.5
76.91
78.52
69.83
78.46
77.69
89.59
92.04
74.71
69.34
70.53
79.58
79.5
80.96
73.62
74.1
74.29
76.48
80.02
77.91
77.43
75.47
77.62
80.58
76.85
78.18
80.1
81.83
68.23
89.21
84.45
78.32
76.16
77.59
75.64
73.89
86.02
86.99
80.25
86.32
80.37
82.45
95.74
96.59
94.46
76.57
63.94
75.67
72.24
77.36
82.98
91.34
89.74
70.32
71.48
78.05
60.09
67.3
73.19
59.66
74.51
82.56
77.47
83.34
90.78
87.95
87.42
85.15
81.08
81.57
62.01
76.42
79.85
68.69
74.31
72.1
72.54
62.76
79.02
72.31
87.68
75.72
70.86
72.63
84.84
91.61
95.72
89.79
89.12
88.44
91.97
94.28
87.05
85.92
81.58
76.26
85.95
75.59
80.49
83.29
82.84
80.02
88.46
92.41
92.15
91.97
90.94
83.18
74.25
84.67
71.67
73.68
76.75
70.79
77.36
69.74
74.05
80.4
84.16
75.14
83.61
91.64
92.84
80.4
76.79
81.54
63.4
73
80
82.34
79.63
66.31
70.95
80.54
95.8
83.58
74.46
74.65
59.27
64.84
68.27
73.12
74.88
76.95
77.04
72.64
67.24
62.66
61.24
67.03
55.66
47.04
57.98
57.11
58.22
56.91
54.98
44.45
52.94
60.33
69.47
62.34
57.8
56.49
59.67
61.9
60.17
55.31
55.01
49.66
52.31
52.98
54.1
68.85
64.66
78.07
59.01
75.47
76.09
79.9
74.21
62.98
64.81
60.7
54.93
71.73
70.29
76.86
92.1
73.45
60.41
63.34
60.02
63.56
60.54
56.99
58.02
58.22
50.7
75.37
77.58
91.5
91.55
73.05
75.08
62.25
72.69
69.64
55.49
51.86
52.18
63.59
71.25
62.92
52.22
60.82
60.18
61.7
68.21
68.23
70.32
72.32
69.21
66.84
71.02
69.28
72.14
74.37
76.33
81.38
65.52
57.9
67.56
78.2
79.32
70.47
86.07
61.43
61.6
64.81
61.27
62.05
65.12
68.55
63.82
71.45
73.41
82.82
86.97
78.14
85.31
69.68
86.84
77.26
76.61
85.27
78.05
81.14
75.49
71.15
74.71
73.09
65.97
73.8
73.92
77.44
73.21
68.93
64.85
66.62
66.91
72.17
66.34
76.83
73.69
75
79.46
60.28
82.59
64.3
74.29
68.75
88.78
67.79
65.14
64
68.05
62.11
67.47
73.24
66.25
66.06
64.85
64.33
63.75
64.41
62.21
61.28
67.88
68.84
63.13
62.08
65.11
62.23
56.36
59.65
56.23
61.01
59.5
64.13
82.25
71.29
58.87
60.91
68.37
66.28
61.42
59.72
74.69
72.61
79.55
71.91
69.54
67.03
85.48
79.83
63.79
70.38
67.9
69.07
70.88
66.57
68.76
68.35
65.56
76.2
78.14
80.38
78.55
83.97
72.11
70.05
73.1
70.15
80.21
76.04
66.9
71.03
76.07
76.52
69.07
70.58
79.91
72.08
76.33
89.82
81.18
79.18
88.44
82.48
91.58
83.43
78.41
76.23
75.41
75.51
80.86
83.62
91.34
86.32
88.57
81.46
90.08
80.62
78.47
81.44
87.76
83.39
86.23
81.89
81.34
80.55
82.58
85.07
93.57
69.63
72.83
77.78
80.41
81.68
75.19
92.88
88.25
88.3
85.83
87.55
93.68
89.54
95
92.88
84.9
85.42
80.5
73.11
80.38
90.77
94.85
92
90.81
90.05
90.41
86.24
89.6
82.26
84.69
88.59
85.73
91.98
86.23
82.94
72.1
76.12
95.99
95.05
91.68
84.74
69.68
86.45
86.97
89.33
86.04
79.74
82.11
92.71
94.82
98.02
96.44
93.39
88.67
71.99
76.66
90.55
90.68
97.72
93.2
91.08
89.05
87.37
94.5
87.95
87.82
92.81
92.11
90.96
90.42
82.76
91.48
95.56
80.66
78.53
78.4
90.02
92.18
86.84
95.1
87.54
81.36
76.52
94.63
83.89
77.45
61.27
80.93
83.41
79.64
77.53
91.36
94.97
86.52
81.84
77.97
81.08
89.49
84.4
75.03
75.71
65.46
60.94
65.03
67.42
67.98
68.9
70.86
79.03
83.66
89.95
88.21
71.2
87.19
83.14
70.84
75.36
74.41
72.17
74.95
78.32
78.1
80.37
80.18
81.12
75.34
81.61
89.13
88.43
76.33
75.32
78.77
79.3
86.31
85.25
84.91
86.89
78.65
76.05
77.96
80.87
85.37
72.96
71.55
69.85
66.15
71.25
72.65
75.51
82.74
70.45
62.41
51.17
70.55
72.25
76.04
83.4
85.13
66.84
80.73
93.65
77.25
73.14
71.52
71.86
71.23
67.74
73.07
73.81
64.93
63.14
65.45
69.35
77.48
78.22
78.25
66.85
59.39
71.32
89.28
69.8
72.81
60.37
63.55
60.73
64.44
78.18
73.04
73.02
75.28
66.15
63.81
65.13
74.86
91.23
83.95
73.62
79
68.48
53.04
63.7
82.27
72
70.06
66.39
71.08
64.8
69.26
90.78
85.49
73.44
56.72
60.68
61.1
65.65
62.32
67.91
78.5
66.43
54.03
54.95
64.25
61.64
60.71
67.87
68.5
86.95
70.53
75.99
77.64
73.31
60.35
67.28
75.27
65.47
63.57
75.84
70.19
65.94
65.22
74.78
85.7
69.53
75.82
68.95
72.49
77.86
82.82
77.19
82.92
74.09
70.49
66.64
65.01
62.48
64.8
77.56
75.3
63.02
64.46
66.15
73.92
69.61
72.32
72.6
75.99
81.46
78.17
70.52
76.71
71.86
70.14
80.44
84.45
74.39
72.53
74.26
87.31
76.74
71.71
90.35
77.62
73.53
75.29
81.49
82.59
78.99
72
74.11
71.43
74.48
74.55
74.53
78.96
79.28
78.39
74.64
77.78
83.39
73.06
73.78
86.57
79.64
73.32
82.02
80.88
78.8
77.36
82.48
77.69
72.35
75.69
77.51
72.36
72.73
75.07
75.51
73.01
70.68
69.81
74.33
66.37
72.86
71.57
68.91
72.99
84.35
91.67
86.69
89.44
85.1
83.8
75.25
75.09
80.2
81.53
81.17
90.71
76.57
77.08
74.12
75.76
75.27
74.8
78.14
82.63
85.39
72.02
77.49
74.94
80.86
80.99
91.02
91.81
92.17
95.34
89.97
81.27
76.13
83.98
88.87
78.88
88.05
92.19
77.11
71.11
68.63
76.32
81.02
77.05
73.85
71.06
73.28
79.82
80.07
83.23
75.89
79.88
80.88
80.91
90.93
89.13
74.62
71.91
83.32
80.28
78.9
80.91
74.23
71.87
82.45
92.04
89.99
79.72
89.61
94.57
93.15
93.04
93.37
94.66
94.69
89.5
88
86.68
84.27
82.09
93.55
85.75
88.34
94.96
81.36
74.45
73.86
77.57
72.83
71.02
75.4
89.8
88.92
88.23
81.5
92.1
94.88
93.79
76.11
84.22
79.9
90.59
95.9
90.16
74.32
74.42
83.73
70.08
78.2
79.02
75.09
76.16
71.62
76.01
85.64
78.56
70.04
76.82
87.31
77.19
86.43
92.4
91.42
86.78
89.33
80.91
89.74
81.07
80.6
70.15
86.6
76.45
83.83
84.34
85.96
93.08
94.32
91.4
83.73
80.24
72.33
70.55
80.77
83.2
85.48
68.64
75.19
88.83
71.26
79.63
88.77
91.39
79.91
73.7
75.25
84.96
76.49
87.02
80.51
54.44
54.04
63.39
67.16
86.54
77.66
59.57
66.18
69.7
72.08
77.8
72.82
69.56
60.7
52.89
60.48
67.37
71.26
88.84
69.17
65.34
64.38
64.41
61.06
58.63
68.03
72.92
58.02
60.49
63.17
55.61
73.97
89.85
74.04
77.58
70.97
78.07
91.09
76.85
81.87
67.77
61.97
64.01
63.65
68.69
66.35
57.89
68.81
72.61
60.28
65.2
58.72
58.29
55.76
59.79
62.75
64.32
58.48
68.73
58.08
49.71
63.15
47.03
45.74
49.73
70.44
66.69
58.6
58.6
65.11
67.71
74.89
81.33
80.66
77.67
70.59
70.52
69.1
64.22
62.69
61.65
77.59
83.43
75.98
68.94
64.88
65.85
65.96
63.42
60.47
52.86
66.43
75.1
77.23
70.1
82.77
69.29
58.77
60.88
61.04
57.25
66.3
63.64
65.2
83.14
75.41
80.77
79.18
79.46
70.09
68.33
77.84
83.25
82.11
79.44
90.86
85.1
70.39
56.63
66.41
67.38
61.53
79.11
78.14
71.12
70.18
56.32
63.75
62.32
55.22
57.7
67.13
62.05
59.15
58.69
59.47
67.22
62.6
76.76
72.67
76.69
70.55
65.14
79.43
77.01
87.49
78.4
60.17
79.4
71.15
66.08
74.06
60.91
64.16
63.59
62.32
62.21
54.06
55.07
60.44
60.01
54.73
53.45
57.9
61.23
58.81
64.08
60.37
62.92
55.61
57.56
55.85
56.35
56.6
54.02
58
59.85
59.52
53.63
65.16
60.97
57.16
55.54
54.74
53.98
55
62.02
79.64
69.11
61.06
56.94
56.07
57.16
51.39
55.04
60.32
71.23
60.15
56.07
82.63
63.89
57.31
54.5
63.09
67.74
72.44
69.65
65.95
70.27
72.46
72.94
69.29
68.02
64.41
69.18
68.04
65.1
68.77
67.43
66.48
62.32
61.73
62.33
68.43
71.98
73.52
77.71
78.78
74.92
83.27
90.03
83.75
82.05
82.35
92.21
95.39
95.6
75.43
70.5
75.82
86.34
95.61
95.49
91.85
78.48
93.49
96.79
84.45
87.69
87.37
76.63
76.52
75.05
78.21
87.27
95.98
94.81
86.76
94.94
92.36
90.91
89.46
87.73
97.71
85.87
76.69
80.91
88.11
88.16
83.76
77.34
87.02
78.93
96.01
91.03
85.23
82.13
81.58
86.46
95.26
98.61
97.77
93.83
76.92
89.59
90.82
89.73
82.87
82.64
70.86
83.07
74.64
82.46
69.42
93.27
97.24
91.87
95.29
97.83
85.14
83.78
90.98
99.75
98.65
96.19
93.66
95.24
97.21
97.9
85.43
87.83
73.89
74.71
86.02
74.03
82.9
83.15
89.43
79.9
68.09
65.51
77.78
80.51
79.95
82.27
93.61
83.13
87.79
80.38
70.88
76
77.45
79.8
77.92
81.69
83.07
84.86
83
70.58
75.11
73.91
73.98
69.16
54.74
60.87
76.73
88.35
82.75
75.79
83.49
82.36
78.93
77.27
85.34
78.73
80.66
80.99
78.62
82.56
86.32
89.72
88.18
84.79
87.89
80.09
83.96
75.12
76.34
68.25
63.79
61.07
51.65
67.94
82.14
82.11
75.88
76.86
73.9
84.34
94.68
72.15
64.64
72.69
75.62
64.4
66.9
73.63
78.09
73.71
74.77
75.44
75.07
73.91
74.14
63.07
58.34
65.42
62.18
61.83
68.86
76.06
75.39
65.28
56.59
62.09
49.66
57.48
55.34
55.96
68.68
77.95
84.47
70.62
71.96
69.19
63.29
64.01
67.36
84.97
90.52
77.99
69.42
80.19
50.42
58.69
63.69
63.19
72.34
67.57
59.69
60.12
52.23
54.15
46.44
60.26
58.71
63.96
65.14
63.44
62.56
67.1
68.35
83.12
85.19
79.21
74.31
81.39
74.4
64.87
58.86
61.77
67.46
72.87
68.55
63.95
62.73
65.01
63.04
59.89
55.4
68.49
66.5
64.85
67.91
58.66
65.31
66.42
61.66
70.18
63.2
55.73
81.47
78.2
69.78
66.47
71.53
66.99
61.51
59.88
60.9
77.29
71.01
69.3
71.03
60.02
80.79
64.39
64.4
63.08
74.69
76.17
63.1
85.03
64.65
76.39
81.56
78.24
61.41
65.27
57.56
62.26
64
57.51
66.49
75.65
55.35
60.07
59.26
56.04
63.72
78.35
66.69
58
76.89
74.97
70.38
77.81
77.59
77.68
83.82
61.04
58.37
58.84
62.04
87.59
65.82
73.98
73.58
65.51
60.59
59.36
63.6
63.13
60.07
66.44
81.56
66.74
68.24
89.39
76.25
68.64
67.47
66.72
66.53
63.99
61.18
70.38
66.77
64.64
67.95
62.87
59.2
52.74
74.62
93.19
86.33
88.25
80.8
68.22
67.57
75
80.38
73.55
83.08
89.85
70.43
66.77
69.82
71.66
73.27
75.16
81.18
83.55
71.19
66.01
70.85
70.56
86.89
88.36
87.16
76.62
74.28
75.97
74.12
72.42
87.86
86.2
82.62
83.26
96.12
83.61
79.08
78.69
92.28
91.78
81.36
73.04
77.25
75.22
78.68
80.21
70.64
62.71
62.85
69.56
72.48
79.18
74.23
82.93
95.19
93.47
96.43
95.91
95.59
83.41
90.71
74.28
82.8
85.69
88.17
96.85
93.71
95.74
95.95
93.56
96.6
96.36
97.61
84.79
90.1
90.12
88.71
87.6
94
93.46
90.03
95.91
84.06
73.91
70.89
84.58
89.26
88.97
93.24
93.02
96.61
95.91
84.12
83.8
89.66
92.66
92.54
89.47
86.73
89.22
94.41
94.02
96.96
98.07
96.17
90.57
89.68
94.54
80.61
77.49
79.4
96.2
85.42
89.65
88.72
83.27
68.1
77.47
76.4
71.33
89.09
98.01
98.12
94.34
91.25
93.55
94.23
84.33
81.08
64.9
78.41
77.89
84.69
60.53
62.54
74.69
89.84
93.21
83.49
77.82
84.05
92.12
89.76
93.55
83.78
70.31
79.23
88.55
70.16
74.89
70.14
66.31
72.26
82.99
63.97
61.05
58.29
53.89
64.63
71.28
77.16
68.68
84.3
71.01
77.82
86.57
88.77
81.87
82.1
75.56
87.45
82.89
70.02
71.18
77.42
77.89
77.27
68.85
69.37
68.41
71.49
74.99
88.11
80.51
71.09
57.46
60.01
62.99
73.06
62.66
59.74
59.24
67.01
71.79
75.46
83.33
72.46
57.87
66.83
66.7
59.69
62.24
66.68
66.19
54.9
52.49
72.25
77.17
81.87
76.66
70.34
71.54
77.65
68.93
62.02
61.27
57.09
52.15
53.58
78.97
61.53
62.15
63.01
52.7
50.52
55.51
60.7
83.71
71.94
86.49
68.04
68.19
64.23
74.97
87.07
74.34
56.3
67.01
65.91
69.21
64.96
65.73
58.58
67.81
57.72
58.97
60.29
60.79
74.17
58.83
60.69
59.18
79.87
67.78
60.8
63.58
62.57
76.68
76.71
71.57
77.58
70.24
59.59
60.69
56.11
61.55
82.18
72.79
70.53
65.32
70.31
71.48
79.34
61.73
75.16
65.88
79.65
84.8
63.42
62.83
63.73
50.52
71.34
72.16
48.82
63.65
63.11
73.29
68.17
71.37
84.86
79.02
64.92
60.68
72.38
78.26
70.93
62.08
68.57
59.76
62.26
68.96
62.18
64.72
64.48
59.55
66.54
71.09
69.12
64.26
61.13
66.28
68.41
74.66
76.16
81.59
76.48
72.54
77.42
66.52
71.14
70.89
66.42
70.86
70.29
66.04
73.36
83.34
87.21
73.8
64.76
60.71
63.07
66.14
64.31
69.38
65.4
62.4
61.33
60.48
63.49
65.05
64.44
66.48
61.56
61.92
63.23
67.39
70.13
60.95
61.4
71.75
73.97
71.82
67.79
66.71
69.2
80.08
76.55
77.54
76.5
83.4
77.96
87.96
93.87
68.15
70.81
74.38
88.56
80.41
81.29
73.21
74.13
89.81
70.67
73.5
76.87
75.17
69.23
80.02
75.94
77.89
75.5
74.55
74.32
64.26
76.88
89.37
77.41
75.9
75.73
83.74
80.1
83.76
81.55
81.91
87.04
80.09
86.3
82.56
86.4
82.42
80.04
78.89
81.6
70.88
70.64
82.11
86.35
76.82
77.76
78.62
80.04
81.25
81.11
87.42
92.88
76
62.92
68.49
81.04
84.39
80.72
85.58
94.99
80.89
81.51
79.09
83.14
85.42
89.4
79.74
77.52
73.04
83.16
74.42
80.94
77.62
82.16
91.97
93.78
91.25
92.96
85.13
86.27
85.41
78.51
86.14
84.25
87.2
74.37
84.9
86.54
76
78.57
91.21
80.61
85.31
91.62
85.67
90.39
79.71
75.71
87.79
91.71
93.95
89.38
96.78
85.2
97.14
97.29
96.76
94.97
87.7
83.09
71.83
65.25
75.93
72.74
79.12
84.65
91.21
90.46
90.98
80.77
87.88
94.78
95.77
89.91
89.22
83.17
74.87
87.28
92.65
79.2
70.9
59.08
75.26
81.8
79.94
74.88
78.73
73.35
72.29
69.02
64.18
61.11
76.14
70.29
76.6
87.66
87.15
88.74
90.57
89.16
68.58
85.24
75.37
63.6
56.64
60.09
72.4
70.78
62.32
66.84
67.02
68.97
77.44
79.13
74.86
64.45
72.86
74.31
65.29
79.65
72.53
75.79
87.46
75.76
86.01
74.67
87.61
67.98
67.44
70.77
74.33
75
91.27
71.58
84.62
75.1
71.25
63.77
76.23
84.16
90.2
73.8
78.16
62.73
57.97
61.57
61.3
68.94
68.75
76.3
70.82
75.96
86.61
71.02
58.45
65.17
77.71
60.59
65.17
71.74
68.52
60.98
73.88
69.85
56.07
62.11
56.38
57.34
67.28
67.59
41.64
48.99
65.09
67.57
56.48
52.1
58.95
60.82
84.18
69.68
69.53
73.28
79.33
75.01
55.15
53.17
54.42
56.34
59.83
56.49
55.83
70.22
76.01
82.13
72.38
73.91
71.82
75.51
73.12
54.35
57.92
60.55
58.24
62.29
63.93
62.91
75.68
76.1
77.08
88.52
75
64.53
60.92
61.95
84.15
81.15
78.46
67
78.89
67.54
65.59
68.63
67.49
66.98
63.72
66.09
74.25
73.06
82.68
85.45
76.5
68.46
75.94
84.2
85.93
85.51
71.51
76.25
74.11
82.62
84.64
73.32
81.76
75.02
73.97
70.24
77.37
69
67.92
71.23
85.51
73.91
84.77
86.35
80.34
76.75
57.85
61.04
66.16
67.14
76.38
67.43
68.57
80.31
84.65
72.28
69.92
67.3
69.03
68.2
69.49
71.94
78.24
81.65
68.63
79.42
71.73
69.8
67.18
71.34
69
68.64
60.02
59.67
62.83
68.02
80.32
90.65
71.26
68.66
68.32
73.72
67.8
69.67
74.43
72.49
78.81
81.06
93.5
72.74
65.94
67.39
68.69
68.55
78.32
74.47
77.59
73.2
86.84
87.15
91.78
82.24
80.01
78.73
79.76
68.65
74.12
93.39
79.51
76.79
76.06
84.68
86.21
82.06
85.35
76.75
78.18
74.88
84.21
77.67
73.59
77.96
78.19
83.79
92.8
91.18
83.7
87.51
83.33
88.69
82.78
76.13
76.61
80.34
78.91
82.89
83.58
78.19
89.29
75.66
72.88
80.13
78.79
84.44
85.39
82.04
86.9
87.11
83.85
84.71
85.98
85.06
83.4
81.2
86.75
84.59
82.01
83.41
82.22
83.03
83.58
76.87
72.04
74.27
74.91
78.52
80.63
82.91
90.88
90.26
94.31
90.58
86.44
84.29
76.63
60.99
73.13
59.62
63.9
63.69
77.42
84.81
89.42
92.56
95.25
96.43
91.67
80.02
89.72
70.3
71.36
63.48
68.3
80.77
87.2
82.88
95.13
92.56
90.41
93.64
95.83
94.72
96.08
96.74
91.79
94.69
94.64
96.13
97.29
97.39
97.65
95.67
94.44
92.84
95.28
98.11
96.1
98.53
98.01
97.55
98.02
94.44
77.22
85.87
79.66
81.71
94.98
96.49
91.09
82.6
88.29
86.48
93.61
95.35
92.08
86.76
83.73
84.01
89.44
92.05
97.61
97.41
95.6
90.51
88.31
89.62
96.09
94.21
95.32
93.1
91.23
88.89
89.22
92.16
88.77
90.76
90.43
85.07
93.27
94.42
89
90.76
84.76
79.5
85.28
82.59
90.56
92.53
76.58
80.66
80.01
85.94
69.56
76.13
76.01
85.75
93.31
91.26
74.43
77.16
76.74
68.94
69.48
92.44
74.73
68.65
71.77
71.06
72.4
71.89
75.7
77.68
78.55
82.07
68.93
71.57
66.26
61.74
73.43
77.63
70.64
72.72
67.98
64.75
80.58
86.97
81.55
84.54
83.41
83.72
86.95
73.94
66.41
59.18
68.98
77.4
73.53
69.23
71.38
72.72
49.36
57.83
76.03
72.14
76.3
93.43
87.49
91.87
87.82
81.57
73.37
66.22
74.69
64.75
62.16
75.94
81.67
79.02
76.91
53.89
61.13
59.43
54.01
54.74
47.43
44.89
44.41
70.04
76.99
83
82.07
76.26
65.64
77.71
93.63
68.79
72.82
68.5
73.74
76.84
76.35
86.73
79.83
78.72
82.42
93.99
93.61
92.85
81.96
83.64
72.46
58.65
55.02
82.87
76.7
84.44
79.78
73.74
65.44
86.34
90.73
73.4
58.77
65.39
72.95
75.46
73.53
65.78
72.43
66.49
74.76
73.35
68.88
68.76
69.88
69.09
72.18
71.32
54.78
61.38
63.47
63.25
62.12
73.81
77.68
90.53
83.16
86.25
75.27
81.15
85.61
68.86
74.93
69.95
79.45
92.73
91.06
79.21
79.25
78.4
66.62
74.82
79.29
61.48
76.74
77.76
83.01
74.99
70.7
72.72
69.84
62.72
63.71
61.89
65.35
64.38
64.56
64.23
71.74
86.75
77.17
73.51
77.44
80.58
86.94
69.26
69.77
74.05
82.91
74.9
72.78
78.51
78.76
89.21
79.96
77.77
74.86
90.07
82.76
80.66
91.06
79.99
78.02
79.88
76.31
73.86
77.14
81.27
73.54
75.56
91.4
81.15
84.06
87.86
83.76
85.48
75.38
78.79
95.41
95.88
88.08
89.52
76.54
74.25
69.72
82.58
80.64
77.9
84.73
87.1
90.06
80.38
77.69
80.21
90.21
83.69
96.07
95.21
94.49
96.88
93.04
95.83
86.66
85.92
88.62
79.65
79.63
67.58
80.18
85.82
84.21
96.34
96.5
96.14
87.64
87.51
90.49
92.2
86.81
88.84
87.25
86.8
90.86
91.55
92.77
84.4
76.95
93.4
81.54
80.95
78.36
81.65
82.31
82.85
90.23
80.37
71.83
76.84
86.59
78.02
85.61
86.31
72.57
81.4
75.92
77.76
86
86.01
72.69
61.15
64.62
82.65
89.14
94
92.92
92.78
89.84
85.99
90.36
97.23
91.11
88.15
80.44
96.55
96.02
96.15
88.01
92.43
83.33
84.66
84.91
85.03
98.59
98.43
98.74
98.53
97.76
99.3
99.73
98.38
98.08
96.86
94.27
98.44
99.24
99.31
97.11
99.2
89.67
86.68
97.58
89.4
86.79
66.29
74.12
84.95
81.6
83.7
88.73
85.75
85.82
93.53
97.27
97.09
95.47
94.65
96.61
96.82
95.43
93.66
90.93
93.7
95.64
96.21
96.85
96.05
95.55
95.51
97.05
95.91
97.42
97.5
97.59
97.42
88.04
82.59
85.27
87.26
89.15
86.28
84.76
74.89
82.57
83.54
84.68
79.7
78.98
77.71
79.09
78.46
82.98
82.24
83.05
64.79
74.48
72.67
78.06
77.45
73.81
66.65
65.77
73.99
74
74.9
72.26
78.94
79.74
68.03
67.87
67.05
67.12
80.07
82.05
81.34
74.72
58.42
58.9
68.82
63.13
64.56
64.64
69.53
65.06
71.99
85.2
68.1
85.27
83.54
73.3
85.54
78.59
76.95
82.16
72.59
72.8
74.16
68.19
63.33
76.14
78.29
66.48
58.37
62.48
72.26
62.57
53.25
51.07
55.41
49.99
50.26
50.26
65.12
55.76
58.63
72.14
65.71
45.55
65.78
90.31
63.42
57.55
47.82
52.94
50.44
64.99
77.06
85.29
78.7
69.26
65.09
61.85
55.78
55.82
55.86
58.99
66.25
87.94
65.38
64.35
59.39
51.68
53.26
56.25
58.33
59.2
66.1
64.99
64.38
58.05
59.6
90.02
83.8
90.57
71.31
78.76
75.67
77.51
64.81
68.27
62.61
67.97
85.83
78.82
78.22
74.43
83.01
78.66
73.01
75.13
77.86
73.14
77.57
82.02
78.18
70.89
76.3
86.18
90.24
85.25
80.74
74.15
62.91
76.39
84.74
73.89
75.67
70.52
69.65
74.96
71.21
75
71.35
62.94
67.48
87.52
88.04
77.95
81.93
64.35
75
89.38
80.1
84.51
77.24
83.05
79.38
81.25
93.75
82.47
64.24
72.64
81.32
79.54
81.84
87.69
66.99
68.71
81.58
92.85
77.84
75.11
86.32
74.99
75.64
78.09
79.46
93.18
78.09
80.92
85.61
86.73
78.19
76.73
74.44
73.09
77.95
80.8
80.84
87.53
81.47
88.7
83.52
78.37
77.62
78.3
79.26
80.92
85.63
77.36
89.78
69.22
68.52
75.88
78.47
78.69
79.33
81.19
80.94
87.89
81.55
79.25
66.14
72.34
79
74.85
88.87
77.52
78.45
83.05
83.94
83.15
72.04
78.69
81.84
79.85
79.41
76.67
77.2
78.55
79.68
80.99
86.03
96.3
93.42
73.37
80.07
83.39
84.4
74.66
86.96
81.23
82.63
79.77
91.08
76.28
80.91
76.91
82.93
76.4
86.26
85.84
84.1
82.79
72.31
94.87
79.76
70.43
81.15
87.46
80.49
76.91
78.57
71.25
77.58
87.42
80.63
73.07
80.09
75.77
74.56
86.55
84.86
91.46
84.08
80.18
97.88
86.92
82.93
98.36
95.41
83.58
79.03
84.91
88.93
90.22
98.6
98.67
98.83
98.4
97.76
98.38
98.68
98.88
99.48
98.04
99.94
80.51
85.43
91.25
91.59
83.5
92.01
100
90.43
94.2
90.45
85.78
84.7
91.43
84.45
87.94
93.77
100
100
100
99.88
100
99.08
91.04
99.8
97.54
87.22
90.92
90.21
97.84
86.02
96.63
82.41
90.32
75.4
75.92
84.71
83.39
81.96
86.9
97.83
95.95
97.67
96.21
94.22
90.71
78.95
83.97
73.62
75.21
83.44
85.23
89.59
84.89
80.14
82.66
85.23
82.62
82.41
75.26
59.13
75.55
79.07
75.42
76.4
74.31
74.08
69.74
61.15
56.01
62.93
58.1
54.96
71.29
58
56.28
54.8
66.69
63.4
70.74
65.4
51.08
68.69
71.01
74.05
78.25
72.15
70.21
87.54
80.65
68.61
59.47
62.37
53.48
46.82
73.05
62.73
57.89
54.4
49.24
58.59
57.32
56.3
55.69
91.77
82.87
67.47
65.24
67.59
64.63
62.35
54.6
50.25
51.43
50.33
46.58
61.21
51.61
53.57
55.1
64.79
61.15
55.27
55.94
84.55
66.39
62.59
80.64
67.89
52.72
63.14
69.42
79.24
62.2
81.24
75.35
81.13
57.9
57.19
57.24
72.24
72.63
69.37
65.56
62.81
53.19
53.73
77.44
60.05
69.07
66.44
67.46
83.71
61.04
63.7
66.8
57.38
58.88
59.35
60.19
59.65
61.14
54.09
57.1
63.95
81.2
85.9
85.84
60.78
71.76
72.11
63.64
71.67
88.49
77.49
68.42
64.06
74.28
70.94
69.17
73.85
77.4
73.76
79.31
77.56
70.64
59.66
76.01
76.15
75.77
88.78
92.2
90.83
84.13
77.9
80.79
88.05
73.68
75.29
74.99
71.08
79.93
84.92
87.1
82.49
84.9
80.21
86.51
86.31
85.6
77.6
83.87
90.5
74.59
79.52
82.7
87.75
75.08
79.4
73.22
82.47
93.92
80.64
92.15
80.39
71.81
81.03
78.31
79.38
76.24
71.17
73.7
77.67
77.05
79.65
78.29
82.86
91.54
77.77
72.1
78.27
84
82.84
83.91
76.42
82.9
73.92
73.41
72.84
71.58
63.09
72.33
70.85
67.04
75.15
72.24
82.47
75.89
73.35
81.95
74.73
75.91
87.88
82.97
87.6
78.9
76
86.26
83.84
79.03
78.99
83.36
79.55
81.47
84.44
94.61
95.76
87.19
86.37
90.74
85.9
91.94
90.06
94.51
91
93.16
86.85
84.49
92.58
85.29
80.91
81.36
75.18
83.11
85.9
85.18
83.33
77.31
82.39
96.73
86.97
84.67
92.19
94.11
93.1
86.98
97.55
96.35
95.15
96.87
92.82
79.08
80.49
91.3
79.34
80.85
85.6
89.06
80.97
87.97
97.4
94.28
87.43
86.34
86.97
94.46
96.92
84.35
79.67
73.8
78.7
78.64
78.82
74.49
79.54
84.92
98.13
95.32
89.81
88.67
85.4
83.25
91.67
81.72
86.75
87.28
86.75
91.03
86.51
87.67
77.06
80.73
79.52
72.1
88.21
96.04
94.7
94.3
97.05
94.34
96.97
96.62
94.95
98.47
96.68
97.29
97.26
96.09
94.79
89.4
91.47
90.58
87.3
92.27
92.11
96.91
85.31
99.82
97.09
94.72
92.98
97.89
96.54
92.98
84.09
93.9
89.8
96.48
96.68
89.65
90.52
97.92
97.18
99.28
97.23
95.46
96.25
96.04
92.67
91.73
96.28
98.03
98.02
96.44
98.51
92.92
95.39
83.42
84.09
78.34
85.81
96.81
98.22
98.61
97.63
95.55
95.92
95.93
96.5
96.58
97.22
92.88
80.9
60.65
61.28
63.69
88.32
84.99
85.58
71.7
63.13
71.95
68.32
83.32
86.64
74.18
67.57
82.87
92.17
90.6
80.2
77.29
62.23
65.44
78.01
92.26
95.54
69.88
66.81
66.12
67.38
60.3
69.02
73.16
69.11
70.05
59.97
72.18
83.27
85.74
72.13
62.69
63.32
73.92
68.94
73.81
69.91
74.6
74.47
71.68
63.33
61.56
60.43
63.44
64.67
77.47
70.98
52.64
54.71
69.89
94.29
83.16
75.53
64.7
59.33
57.26
45.66
52.85
61.88
59.8
60.1
86.65
65.63
62.97
77.72
74.94
86.83
75.88
56.81
85.73
91.5
80.89
79.57
76.92
76.18
75.18
92.32
88.62
80.56
74.39
71.35
76.04
73.03
75.82
79.28
75.19
78.65
86.53
87.38
70.63
77.81
73.44
81.44
69.52
75.04
87.44
80.72
92.85
86.64
70.49
70.92
77.71
67.58
82.62
80.72
77.91
65.98
66.12
69.06
68.78
72.45
72.3
69.65
72.12
68.22
70.44
71.78
57.8
77.46
68.43
61.82
61.91
79.52
67.86
66.75
80.39
78.55
78.64
75.79
80.13
84.54
84.55
77.1
68.02
66.79
89.29
76.94
59.42
65.62
67.13
66.08
70.49
69.56
65.89
68.23
65.23
68.06
69.59
70.09
67.56
60.62
84.39
78.02
88.92
89.31
84.65
85.96
82.47
80.93
64.02
71.77
71.87
70.55
70.52
72.49
73.45
83.32
73.18
69.57
70.26
82.2
76.19
71.62
64.71
61.16
69.67
71.36
72.97
68.76
79.05
80.39
82.76
79.92
78.84
71.56
73.6
80.72
73.27
73.93
71.06
73.06
83.8
86.55
85.45
80.73
87.66
83.69
76.76
76.69
77.82
76.72
76.53
82.38
81.46
89.94
95.07
84.7
80.92
85.43
90.91
90.99
92.87
83.77
83.81
79.58
75.74
71.5
76.06
76.21
76.97
77.7
81.18
79.8
82.65
89.6
85.83
80.02
91.86
85.31
84.83
85.01
79.78
73.56
87.27
88.23
74.78
73.71
83.67
81.27
71.85
86.55
76.89
68.89
76.52
80.54
85.01
78.23
80.85
82.81
82.25
77.09
77.99
73.17
73.62
72.8
72.48
77.31
82.93
88.97
87.54
81.25
68.04
89.74
82.87
88.59
92.15
88.79
86.83
76.35
82.97
87.29
84.28
86.52
83.16
79.05
81.26
95.11
95.38
92.97
88
83
88.82
81.52
84.39
89.04
92.5
94.89
88.97
93.12
89.71
87.38
85.21
86.21
86.46
95.26
94.39
93.17
92.12
94.37
92.66
83.69
79.98
84.26
73.27
75.31
79.55
80.73
80.82
94.19
93.05
92.89
86.58
93.03
78.69
76.44
77.96
80.8
83.12
75.29
76.58
83.96
87.71
89.59
94.84
89.07
92.53
85.33
87.43
86.48
82.68
92.85
93.32
89.26
89.61
88.43
93.57
92.78
92.93
93.85
87.95
88.16
91.28
89.12
91.92
78.52
73.44
76.6
67.3
60.79
62.16
63.93
79.89
65.67
72.01
67.11
64.36
71.1
71.44
77.48
83.5
79.16
80.68
67.72
71.57
71.09
74.76
80.22
79.58
65.51
71.48
77.98
74.95
76.91
63.23
65.11
77.87
68.3
65.85
64.29
78.03
70.63
68.23
78.68
79.91
64.31
71.69
72.48
64.7
60.25
67.51
69.9
59.25
63.89
61.03
56.25
61.31
59.26
53.8
60.25
68.83
68.82
67.1
71.08
63.18
70.64
83.27
61.75
72.85
63.93
72.49
64.32
59.28
64.58
80.87
71.16
73.38
65.54
83.97
71.89
67.37
84.44
66.56
62.56
65.12
84.79
58.97
51.06
61.23
55.67
54.16
71.26
68.92
67.28
53.57
56.8
56.58
49.88
63.02
60.1
62.35
63.1
55.37
54.11
60.97
82
75.55
71.15
64.83
74.22
72.64
85.51
75.58
58.95
68.79
57.52
59.37
62.5
68.34
67.3
66.22
67.04
78.21
70.04
64.48
62.16
59.79
57.13
57.11
86.01
94.68
67.57
88.06
74.46
71.17
67.23
68.33
58.67
60.99
85.92
62.48
75.01
59.72
60.99
59.2
58.48
61.64
68.2
81.86
67.52
63.3
57.29
62.33
63.9
61.22
62.88
74.45
56.37
50.37
52.92
55.03
55.33
51.95
50.9
56.5
63.73
88.77
73.83
66.51
62.49
55.46
65.46
65.2
58.99
57.03
59.14
61.78
61.96
58.57
80.92
76.04
57.7
85.32
81.49
60.59
69.99
95.43
73.81
59.47
82.17
76.69
79.34
69.29
74.17
70.91
67.72
57.03
72.08
67.1
83.93
72.04
71.64
72.74
69.16
64.28
66.95
66.09
89.32
83.94
75.47
73.01
76.21
71.33
69.37
63.53
65.23
70.88
67.54
64.17
60.67
59.54
57.25
50.49
49.2
51.17
56.86
62.72
58.29
57.62
60.16
68.37
69.04
59.7
78.03
84.88
83.03
75.9
74.23
68.26
68.93
86.4
78.66
72.98
69.05
69.06
71.16
70.56
72.73
84.28
79.03
85.36
84.36
85.85
87.63
90.17
81.33
79.77
90.44
85.48
84.84
78.48
76.07
71.2
74.65
89.8
88.28
94.9
91.16
88.02
86.23
90.99
84.47
94.46
92.76
81.37
67.82
76.97
87.33
89.13
83.54
78.34
90.63
94.29
80.62
81.32
84.21
81.93
86.98
86.62
84.28
90.61
79.08
85.11
83.53
69.13
93.45
96.97
81.9
92.66
95.74
82.57
85.14
76.93
75.87
87.97
88.62
79.07
73.3
65.01
84.18
95.9
97.49
94.09
96.69
93.2
84.15
89.45
79.29
84.38
96.8
94.71
86.51
81.21
78.45
94.35
99.97
99.98
100
100
100
100
100
86.48
93.03
98.09
94.9
93.48
89.5
95.59
97.5
84.18
88.42
93.82
98
87.57
80.7
72.67
76.61
83.08
86.38
98.3
100
99.02
94.57
98.39
95.95
91.69
91.92
94.8
95.66
92.66
76.46
86.17
96.09
74.68
80.78
89.05
78.02
80.03
83.6
84.93
90.8
84.86
89.32
93.57
93.17
88.53
91.56
96.33
97.08
96.44
98.35
89.92
93.59
90.45
81.05
65.8
67.91
73.38
77.42
70.96
76.63
75.67
67.51
61.41
72.08
77.28
77.32
77.01
79.52
70.15
78.31
76.14
79.84
69.97
57.69
64.1
61.11
60.48
79.37
75.19
65.1
64.28
59.63
70.65
89.2
75.76
86.62
71.91
76.91
68.75
69.6
72.14
64.7
72.07
64.59
65.9
85.64
81.51
76.37
69.29
66.28
65.58
74.34
82.74
91.55
96.34
78.89
72.02
74.82
81.36
78.36
72.6
80.21
82.72
71.55
69.51
59
57.65
53.98
68.48
56.17
61.82
92.3
72.7
69.97
89.08
73.31
60.11
60.89
54.15
72.96
71.54
59.32
76.1
88.62
86.43
76.94
66.16
56.37
59.83
79.55
63.54
61.52
61.08
67.64
63.12
58.32
61.22
64.13
79.67
76.76
78.4
82.97
80.56
63.42
70.37
53.09
55.42
54.37
60.77
59.27
59.7
69.01
68.57
67.11
72.56
67.79
54.45
54.99
56.62
47.72
53.97
57.68
54.74
54.03
79.2
60.02
56.8
80.46
63.41
60.92
73.02
71.63
66.22
68.22
70.17
88.23
68.01
68.85
77.32
63.69
63.28
88.59
71.88
60.3
61.65
54.4
75.8
72.13
64.15
61.08
58.32
66.75
76.95
76.91
63.18
81.94
59.89
56.41
84.48
77.8
75.49
61.5
57.62
79.67
79.96
69.88
77.3
72.45
69.93
64.61
63.32
89.18
78.72
68.25
86.1
88.48
68.16
76.51
81.6
70.34
64.97
66.16
63.53
60.17
67.9
61.62
62.52
63.41
65.31
62.24
59.63
59.23
59.84
62.7
65.97
75.54
83.77
63.67
63.21
66.44
69.71
68.35
64.19
62.49
65.51
66.21
71.36
78.21
76.08
79.41
73.2
63.76
64.68
60.92
61.52
63.62
82.47
83.92
78.9
66.91
78.4
94.49
84.31
72.85
84.33
91.15
77.95
78.81
76.07
71.74
75.68
94.43
88.35
94.63
84.82
87.49
75.76
79.49
84.08
96.29
87.12
89.49
88.24
79.43
79.38
86.72
90.54
90.39
79.6
78.19
84.28
86.22
85.36
86.62
76.61
85.42
92.4
86.19
83.52
86.47
88.1
87.55
88.49
94.59
96.9
97.5
95.3
77.44
86.28
83.44
91.71
94.99
85.36
87.44
90.5
93.83
87.91
64.56
60.31
67.15
83.09
73.77
75.13
83.07
88.22
82.84
84.44
65.84
85.4
95.37
93.03
63.22
75.01
77.61
80.64
95.21
89.68
69.76
69.86
76.05
68.61
65.63
68.86
84.53
93.22
95.84
91.06
92.82
87.56
96.08
98.23
98.17
96.13
96.64
89.25
81.09
82
80.72
91.22
96.04
76.2
78.45
82.09
77.68
81.57
86.91
86.4
82.19
77.56
80.13
88.43
77.98
67.57
82.66
79.95
76.49
71.88
70.7
74.87
66.9
56.3
53.54
72.23
66.94
60.31
74.09
86.53
84.82
95.74
95.74
94.25
95.26
92.03
89.16
91.58
93.32
90.77
89.48
86.97
79.16
81.45
80.54
76.76
86.27
88.17
73.51
74.3
59.82
65.25
66.89
82.21
79.65
84.72
97.24
86.32
79.37
96.84
94.83
93.18
82.16
69.28
64.25
78.11
82.01
67.94
73.29
91.07
96.88
85.34
74.75
72.77
53.23
62.32
62.01
54.31
55.08
65.68
87.41
89.48
90.17
82.82
77.63
65.79
64.12
56.96
52.89
54.82
52.98
51.97
54.77
59.48
50.46
56.62
74.08
70.23
65.2
73.85
70.25
79.76
74.78
66.77
69.64
59.69
60.46
54.16
56.12
54.71
47
48.77
49.71
53.75
51.22
50.41
53.28
43.17
51.54
44.99
46.49
86.02
91.82
93.5
93.05
84.67
81.85
72.83
79.02
81.3
84.7
85.85
72.66
64.43
62.75
79.89
65.19
64.11
80.47
64.84
55.39
63.13
59.31
51.7
56.31
59.45
79.38
74.42
71.66
60.86
70.42
67.48
65.3
72.4
80.06
78.82
63.06
65.57
61.63
62.13
67.41
69.41
72.67
75.61
60.83
61.8
64.75
87.73
78.17
77.87
55.67
52.64
54.9
58.66
53.15
58.49
60.57
75.57
77.39
77.82
70.88
80.18
82.16
50.44
61.86
62.65
71.22
69.57
66.62
66.55
62.19
58.58
59.02
60.34
58.68
56.83
60.64
66.81
53.61
53.77
83.5
61.95
60.25
59.09
56.41
60.53
77.29
65.81
63.63
74.86
60.67
62.34
62.52
48.1
47.05
64.3
68.25
76.82
77.95
69.16
74.98
66.87
62.33
62.67
83.36
69.5
75.48
71.6
61.58
56.05
62.92
72.75
68.17
85.68
86.61
75.6
68.57
82.96
74.65
86.3
90.62
84.62
78.3
78.59
93
87.01
69.93
74.83
74.29
75.82
72.25
74.99
74.96
74.89
85.41
89.45
82.07
79.99
77.32
73.3
86.29
86.57
81.3
77.17
71.83
76.89
66.57
69.3
76.7
79.07
76.47
74.63
74.89
76.76
89
79.29
59.83
68.86
67.46
75.89
69.8
72.54
72.69
79.09
87.4
83.93
95.81
96.13
96.25
92.55
81.05
79.61
77
65.83
74.18
78.76
80.06
83.84
86.77
77.45
86.71
74.18
73.64
87.98
92.2
98.21
95.82
89.03
84.69
88.21
81.18
67.92
92.96
90.83
81.41
77.13
81.06
73.22
85.3
83.41
70.02
77.73
43.87
61.59
73.47
91.27
89.97
94.13
86.99
95.62
77.18
66.87
88.49
83.37
81.81
71.04
74.63
75.32
82.61
66.47
56.92
56.09
72.52
90.98
78.16
81.55
77.5
89.1
86.81
79.81
80.35
86.66
94.98
97.25
96.45
94.87
98
98.81
97.97
98.4
98.03
96.72
97.46
88.34
81.16
75.02
78.78
85.19
91.36
93.63
96.56
95.58
98.11
90.44
82.75
84.88
88.92
94.58
96.23
78.95
67.98
90.23
93.66
90.71
97.54
85.12
87.91
74.09
88.99
82.56
85.44
80.83
78.75
89.2
80.9
85.73
84.59
74.07
78.8
74.8
78.14
84.08
89.16
86.05
93.42
93.56
94.02
95.63
96.99
96.61
92.49
88.94
94.15
89.23
86.44
84.43
89.59
92.78
76.05
76.59
67.86
91.86
67.77
59.21
64
85.93
80.81
81.57
88.66
81.8
76.83
75.86
72.64
87.28
79.1
72.43
79.9
86.25
84.15
74.36
88.77
81.6
70.39
82.51
74.53
76.72
67.64
71.48
89.26
83.37
85.29
82.39
79.49
77.34
68.65
65.97
62.12
57.24
54.58
68.25
72.38
65.05
62.58
58.44
54.76
60.68
39.73
41.29
41.04
37.34
39.62
45.79
44.71
44.93
51.84
57.02
60.7
42.74
54.13
68.42
54.31
56.92
52.97
54
45.62
52.24
60.09
89.26
88.32
60.96
62.4
61.76
53.61
54
50.56
62.46
54.79
45.11
40.93
59.6
60.14
54.04
45.2
77.3
67.87
59.22
59.05
56.72
57.37
62.71
58.22
52.78
48.82
48.91
55.83
40.74
63.86
74.21
69.05
66.47
62.55
54.65
57.26
53.46
59.09
55.29
75.83
72.52
62.02
53.01
62.52
62.33
73.68
77.05
70.9
73.2
66.53
64.08
80.16
77.43
78.18
68.5
64.78
66.95
69.87
63.71
62.54
62.9
66.69
63.88
61.42
68.99
82.13
76
61.44
85.83
68.35
70.45
58.92
57.68
58.39
64.22
63.56
55.36
62.23
63.01
71.78
64.3
56.94
70.07
78.31
82.98
66.02
64.88
61.58
54.93
60.27
63.29
56.55
66.01
65.64
57.97
55.11
57.21
63.27
60.96
58.14
58.26
57.62
53.96
83.65
68.72
78.85
68.06
57.53
64.01
70.89
67.15
84.5
79.37
67.85
63.04
66.45
64.57
61.24
51.9
52.18
50.37
49.17
41.47
46.15
47.48
56.63
69.67
75.72
67.63
56.38
59.89
61.53
60.58
57.26
53.27
55.65
57.3
56.93
49.23
46.08
59.17
79.15
96.13
71.85
70.87
62.66
63.28
68.01
70.79
61.13
58.49
83.31
93.92
83.26
74.54
86.63
70.88
68.67
70.54
69.69
70.47
72.77
72.34
71.44
65.09
56.08
82.05
69.78
70.64
73.03
74.33
93.26
81.11
81.06
81.55
86.8
90
85.84
72
83.63
72.8
71.82
76.66
82.61
79.84
73.12
75.81
80.46
78.76
76.88
80.55
85.54
90.61
89.62
85.41
90.64
91.42
87.54
82.72
85.67
81.99
92.16
95.63
82.53
69.68
93.13
92.33
86.82
81.87
92.27
91.67
91.37
91.75
92.02
82.91
76.09
78.64
87.84
88.82
95.69
90.83
95.24
83.49
88.61
93.05
85.18
74.59
75.91
80.14
96
93.07
93.67
93.27
94.42
98.15
98.3
99.44
99.56
95.66
85.31
71.16
79.27
78.7
87.42
88.11
88.14
88.75
91.53
79.79
80.02
69.6
80.91
88.9
88.78
84.09
93.76
62.84
61.62
67.79
71.25
85.31
81.96
89.03
98.58
98.39
87.21
76.29
71.33
73.71
77.52
75.42
81.56
86.43
93.53
97.27
91.71
86.28
83.39
71.93
89.84
68.94
82.59
96.57
84.02
85.1
64.31
66.46
68.59
69.45
74.14
79.28
87.98
89.44
87.49
73.96
68.43
74.92
77.29
86.51
78.6
58.74
64.56
67.9
75.51
65.69
78.2
74.62
65.19
78.38
89.4
82.65
84.23
81.07
82.67
74.81
66.78
57.47
91.56
95.37
85.66
83.49
95.46
92.51
88.4
82.57
73
65.67
59.73
63.48
61.02
68.72
78.96
93.35
80.28
75.49
80.92
80.26
77.47
78.05
79.65
70.06
61.94
56.93
43.37
56.62
61.9
85.31
92.58
92.06
87.39
77.56
81.01
73.3
65.87
69.69
69.16
75.36
58.61
62.79
69.9
90.36
90.89
86.22
64.95
73.51
86.52
75.42
65.34
72.42
72.35
76.17
72.99
86.21
81.45
79.46
92.27
71.7
65.63
61.74
75.11
67.12
66.64
69.74
63.89
59.77
65.69
72.74
73.25
66.48
79.42
80.05
80.9
82.17
89.04
77.27
74.1
69.97
68.69
82.07
59.51
60.76
73.45
81.82
70.37
75.24
62.97
70.64
88.55
74.78
60.56
59.6
54.61
71.03
91.11
80.58
65.06
63.79
79.25
90.77
84.77
90.09
93.6
79.47
65.67
65.28
60.54
69.45
76.29
86.63
83.09
68.54
68.63
80.09
64.42
76.59
81.68
87.77
79.13
74.6
76.04
67.56
92.6
72.88
73.29
78.68
81.34
74.92
72.65
92.89
72.47
70.13
72.13
79.56
80.42
74.48
69.12
68.18
81.9
72.86
67.09
73.31
82.22
74.29
72.82
66.68
69.08
72.01
66.4
73.66
77.47
75.2
70.25
68.93
63.78
68.72
75.04
77.84
62.05
74.9
74.46
79.79
73.16
71.14
77.48
88.64
80.9
83.22
77.31
76.5
77.55
77.09
74.3
70.67
70.21
68.97
53.5
58.37
73.61
80.8
71.8
73.14
73.52
76.04
92.28
70.82
72.49
73.8
75.86
85.69
84.06
85.44
80.65
76.98
73.71
73.77
73.78
63.32
57.24
64.14
62.73
72.03
77.03
75.18
86.53
75.92
61.05
71.21
81.05
79.77
80.19
82.21
82.42
92.26
78.72
74.46
74.3
79.09
76.79
85.95
87.75
91.6
86.2
80.01
85.68
80.79
87.76
85.67
90.95
94.16
80.99
74.53
88.5
93.91
94.82
94.49
92.13
83.81
88.87
85.28
90.34
95.96
94.74
89.64
89.9
84.97
84.21
78.69
69.56
78.92
88.28
90.43
93.96
96.32
93.24
88.47
71.72
84.27
79.61
94.6
92.76
93.46
93.73
87.57
64.11
69.91
74.06
71.31
72.71
67.21
69.21
62.08
71.69
62.78
50.51
55.87
70.44
84.38
86.62
88.45
96.65
98.67
91.32
93.35
93.93
96.21
94.96
95.44
89.65
82.21
82.68
87.48
94.98
94.34
93.71
94.77
95.33
97.16
91.57
76.25
67.29
80.21
92.52
80.54
70.61
79.37
87.5
98.16
97.12
79.81
73.69
82.42
83.11
77.97
70.11
67.98
70.34
72.13
72.98
72.1
86.66
85.14
91.58
86.11
94.14
81.17
68.33
73.26
75.68
90.59
86.84
76.13
69.05
69.97
75.28
88.91
77.71
79.21
67.48
76.82
72.45
62.94
66.19
69.56
77.13
94.26
85.18
84.1
82.94
84.92
75.84
73.7
70.42
67.49
75.71
79.33
77.66
70.12
77.55
64.78
67.72
77.09
75.29
88.8
92.85
91.41
84.15
94.51
82.95
63.55
59.61
59.03
64.31
67.25
87.91
77.37
63.62
55.61
58.54
77.32
65.05
61.18
68.57
68.59
70.86
68.91
64.8
56.46
50.9
70.02
61
68.1
60.72
56.07
65.85
82.96
77.07
76.97
73.23
70.87
87.39
53.82
52.78
57.74
54.07
47.39
41.02
43.94
43.14
44.04
80.77
74.8
75.91
82.07
81.24
69.7
61
53.91
64.19
71.17
89.18
90.09
51.93
51.04
51.11
58.16
69.15
67.38
58.58
64.68
58.17
62.96
64.5
61.22
56.93
78.63
82.66
65.17
64.18
74.71
78.47
81.63
64.01
61
59.6
63.64
76.33
78.75
70.21
91.63
76.57
61.23
66.67
65.94
66.16
63.92
58.91
61.26
65.85
64.3
62.96
60.69
60.82
54.9
58.11
56.84
61.67
83.04
73.44
77.71
64.29
65.4
64.74
63.5
74.7
64.35
60.09
71.32
76.05
63.31
60.84
53.35
61.21
56.89
68.34
60.78
59.06
62.17
78
81.65
81.03
80.11
84.81
93.23
78.75
62.38
66.19
87.1
68.99
74.05
91.62
92.54
84.66
89.67
95.46
80.7
74.42
69.07
69.45
71.86
70.78
71.73
66.53
83.5
81.39
86.07
79.9
76.32
80.82
79.82
78.28
75.85
75.83
67.84
62.65
68.29
90.72
80.63
65.71
71.43
87.07
70.5
69.37
74.13
81.1
84.24
80.78
77.37
90.34
90.91
94.75
82.79
82.6
84.04
95.97
93.56
88.55
84.46
78.87
84.21
89.34
91.73
83.84
85.47
84.58
83.38
86.63
79.04
80.48
78.98
77.88
78.42
77.55
79.43
88.04
88.01
76.37
81.51
82.07
83.1
77.35
89.95
89.79
92.1
90.78
85.42
90.57
86.08
84.24
85.17
88.05
87.96
91.57
97.31
81.14
80.75
83.88
95.67
93.42
86.23
84.94
84.1
80.09
86.54
84.24
90.01
85.3
89.92
88.24
84.73
75.28
71.21
77.89
83.52
87.29
86.19
82.48
81.9
88.16
84.47
83.7
86.91
86.95
69.08
80.94
84.71
88.46
89.48
91.76
88.91
87.35
87.66
88.01
89.37
89.32
96.8
95.32
93.29
93.76
91.17
90.62
92.38
79.7
86.77
78.6
77.93
86.07
87.54
81.75
91.36
87.86
95.83
96
96.31
95.02
93.71
88.95
96.62
84.3
90.63
90.86
98.04
89.53
87.83
86.27
74.57
83.7
87.33
95.6
90.06
80.89
75.47
73.36
64.91
61.76
70.25
77.12
87.77
80.53
84.31
89.84
93.02
95.99
97.02
97.4
89.55
84.98
96.35
97.22
94
89.48
97.44
97.88
95.77
93.06
92.02
92.3
91.16
90.39
94.93
86.38
84.48
85.78
93.55
89.47
84.3
90.02
84.55
73.91
64.26
73.15
73.47
78.6
81.11
78.59
82.2
91.75
91.78
96.46
97.26
96.16
90.98
70.14
69.52
69.97
69.87
76.01
82
73.31
67.32
74.46
76.53
77.43
83.35
95.21
79.14
74.58
75.19
86.88
80.34
78.21
87.18
96.06
89.68
73.95
73.21
70.21
73.86
75.38
82.03
92.98
76.55
69.83
61.89
64.91
87.13
76.39
67.57
49.98
67.99
70.47
77.86
75.46
80.44
71.13
65.17
65
68.24
54.12
53.14
63.53
70.65
65.12
68.01
70.15
49.73
67.85
67.9
68.89
74.9
64.55
70.61
61.14
53.84
52.31
50.8
55.6
82.17
53.76
57.9
62.59
67.4
77.88
73.06
72.28
49.66
53.2
56.77
58.36
62.43
64.74
59.33
60.19
85.73
91.01
91.21
89.61
81.72
83.09
77.86
65.84
61.58
63.8
79.58
68.88
68.22
54.91
53.99
55.19
63.44
82.26
69.16
68.56
77.86
71.84
87.98
83.54
88.25
69.33
56.84
87.47
69.62
72.48
72.43
82.23
92.94
91.35
67.22
72.33
82.64
85.72
67.72
67.76
84.49
68.41
62.77
62.84
81.49
75.7
68.94
70.08
69.3
64.82
74.26
76.67
75.52
68.84
63.36
74.85
68.86
72.28
69.22
70.33
65.32
70.12
67.23
87.33
76.22
72.35
83.55
90.78
76.43
68.17
66.61
68.97
71.75
72.39
72.37
69.21
71.98
71.4
69.1
54.03
52.34
54.72
59.89
61.01
61.83
62.72
61.46
70.32
71.53
71.01
66.35
68.85
64.22
65.21
71.44
67.83
85.55
82.42
86.85
87.55
77.79
79.72
90.9
70.88
67.49
68.83
76.06
95.39
84.52
84.85
77.67
75.3
70.58
64.88
75.54
73.86
80.91
80.58
82.77
80.18
91.6
81.11
84.83
81.2
72.71
84.22
65.24
69.89
77.83
81.65
77.35
77.32
74.48
80.24
76.22
71.3
73.88
78.54
74.89
74.5
77.96
80.94
88.22
81.55
92.7
91.54
76.75
80.1
81.69
74.8
79.34
81.85
75.36
77.73
79.25
80.66
84.68
84.78
84.05
69.13
85.66
84.37
78.47
80.21
71.98
79.98
82.04
83.22
84.06
85.46
83.19
82.74
69.29
77
76.51
77.11
72.16
80.12
85.32
73.34
79.23
88.68
87.25
94.01
91.43
83.93
69.34
71.59
82.96
65.05
76.42
75.62
54.16
68.39
81.27
82.8
74.55
62.2
72.81
80.1
73.61
74.79
81.92
74.4
78.07
82.94
90.84
95.21
93.85
93.15
77.09
86.8
75.42
93.9
95.03
95.64
94.69
89.19
89.39
83.5
94.08
96.62
92.39
81.99
82.7
77.49
78.93
92.35
96.06
95.56
96.1
96.62
98.11
97.81
98.26
87.4
70.01
69.74
81.56
81.31
88.32
94.94
80.69
75.63
88.13
94.95
93.42
95.21
98.09
85.03
86.86
67.21
70.11
77.59
71.31
75.29
87.84
82.55
78.99
71.41
61.07
56.34
77.35
76.59
84.66
83.52
74.6
83.77
92.88
86.01
90.17
94.52
92.22
86.85
80.05
82.37
79.24
62.1
73.52
78.18
62.37
68.53
67.99
65.71
63.16
73.02
93.13
77.39
84.64
91.65
88.38
82.29
75.99
64.45
78.4
78
78.25
81.98
89.17
82.67
95.05
89.22
77.43
77.82
76.87
92.97
82.79
79.38
71.13
83.16
91.13
64.25
67.49
64.06
64.4
89.05
70.73
63.54
53.11
65.45
67.32
61.37
54.48
65.27
57.62
53.41
83.43
90.71
78.91
66.31
67.62
88.09
74.17
62.17
60.17
63.62
79.76
73.66
61.56
61.69
48.73
61.5
68.67
45.15
50.22
51.92
49.5
59.24
49.6
56.23
60.8
58.67
53.49
49.62
47.77
50.78
54.9
51.2
52
45.86
51.57
48.66
59.9
58.9
61.79
55.83
48.33
50.6
46.92
41.64
41.41
61.49
79.71
85.49
84.16
64.22
75.06
88.29
73.56
60.62
80.68
70.53
51.62
78.9
79.73
78.04
58.87
64.07
73.83
73.08
64.19
63.27
67.42
65.09
66.4
61.16
77.97
75.29
78.98
67.38
67.39
78.46
74.25
79.66
79.16
78.98
77.17
76.51
72.13
69.64
66.33
72.14
68.45
68.67
62.53
61.62
64.47
59.46
69.73
66.98
60.29
57.42
62.95
57.82
53.53
54.86
76.73
72.59
64.6
67.66
59.32
54.92
65.41
82.65
61.62
56.14
59.32
62.16
64.43
84.23
68.71
64.6
60.78
61.92
61.56
52.64
48.84
55.12
56.11
52.51
51.66
45.9
48.17
59.39
60.15
52.57
60.17
66.7
70.28
91.53
66.93
59.77
60.92
78.96
56.53
52.84
61.05
61.75
66.77
69.58
80.82
83.62
82.01
71.75
68.2
68.96
62.48
61.65
62.85
75.96
87.34
71.44
75.59
75.11
75.63
67.36
64.61
64.54
71.13
87.48
84.51
76.12
70.08
69.83
67.52
79.22
67.3
83.41
90.8
75.62
73.68
71.55
74.4
74.1
71.55
73.74
76.81
74.16
75.04
84.85
73.23
72.82
73.52
73.28
75.34
74.84
75.64
74.31
88.05
79.06
73.14
74.46
77.57
79.34
83.09
89.44
91.56
78.08
74.26
77.94
79.12
81.7
73.4
77.91
70.46
67.4
69.99
75.47
77.08
85.64
65.6
74.75
76.77
76.02
85.61
90.91
89.26
90.35
89.73
91.33
89.99
89.12
76.36
74.57
76.15
81.92
79.14
70.88
87.53
71.65
75.54
79.43
65.36
81.3
61.51
76.56
86.29
74.07
68.99
74.87
91.67
92
88.5
85.49
79.69
70.26
79.67
92.26
76.2
78.13
81.53
79.25
85.27
83.19
90.31
83.9
85.61
77.27
82.28
82.99
86.19
87.42
93.34
89.3
87.53
67.07
77.79
83.49
86.25
81.96
86.83
87.25
91.06
93.73
94.32
94.44
94.8
94.11
93.73
93.21
93.72
94.29
94.33
93.49
91.7
89.42
89.55
89.9
87.5
93.59
94.26
90.54
94.37
95.48
93.93
82.53
85.56
90.83
82.16
77.07
88.44
91.68
91.68
75.67
80.97
77.54
60.68
67.23
74.85
73.23
54.34
60.76
72.37
65.75
74.42
76.31
73.8
81.85
82.33
84.08
86.84
62.97
60.33
74.25
77.05
78.27
77
77.25
82.34
64.88
44.69
44
40.64
58.61
67.68
63.08
59.36
67.2
67.25
61.56
61.38
58.61
65.65
69.73
60.04
52.51
63.59
65.48
53.65
49.47
58.12
88.46
78.43
64.21
76.82
75.54
51.36
64.59
65.7
63.96
70.89
77.95
68.32
71.12
59.16
78.54
85.28
78.71
60.13
51.23
66.78
71.73
74.93
60.96
52.74
56.21
69.14
63.39
56.71
60.2
56.63
68.13
66.46
63.81
59.02
64.31
73.93
66.03
67.91
73.36
65.22
76.83
68.98
67.27
63.16
75.05
76.58
70.97
59.3
73.17
70.02
60.64
50.18
65.09
66.77
76.18
68.31
61.91
61.05
71.73
73.65
60.36
56.72
60.56
63.97
55.89
56.33
55.75
60.43
59.44
65.89
62.29
70.47
79.22
88.76
85.32
75.86
72.58
75.09
72.99
72.15
61.49
56.18
55.56
67.18
65.39
67.24
72.08
80.38
87.26
89.55
81.3
90.91
84.71
76.66
71.77
80.48
77.63
69.76
71.21
70.76
70.38
83.02
82.71
71.67
71.65
73.49
69.29
65.74
70.54
76.09
69.23
80.06
70.8
71.09
83.45
71.18
71.87
65.88
70.11
62.17
63.39
70.65
89.34
71.26
73.91
63.2
63.84
74.73
90.79
69.06
64.21
78.6
85.69
71.34
72.49
83.14
70.57
84.18
75.72
78.07
77.43
72.04
72.85
73
80.35
77.16
76.05
78.7
73.76
77.39
86.29
72.85
70.87
83.03
80.53
73.87
72.05
64.84
60.87
71.54
75.16
86.25
80.93
76.08
72.65
73.05
73.43
74.84
80.13
83.47
77.37
74.27
76.69
75.56
73.17
72.84
69.13
68.88
72.22
71.72
64.18
64.18
62.33
66.03
76.52
73.24
72.83
72.85
80.15
71.63
82.96
89.21
76.62
64.34
70.14
70.74
66.57
79.51
86.76
81.18
79.59
89.62
77.93
76.42
79.34
75.06
74.79
74.88
79.46
88.97
83.51
72.27
76.54
83.49
85.58
85.25
86.45
86.18
86.6
82.92
81.28
81.61
77.79
87.52
81.66
82.6
83.45
87.83
86.15
76.09
80.74
85.61
83.47
88.7
80.07
73.43
70
66.91
87.35
93.91
83.4
88.25
88.79
89.05
95.77
95.49
91.98
95.08
93.43
95.22
93.09
92.55
87.93
95.81
74.92
80.08
79.26
70.51
85.78
69.33
62.56
64.35
93.02
78.3
72.87
81.27
94.36
90.28
87.79
92.01
96.82
98.16
85.95
94.77
87.4
87.01
85.7
71.44
88.75
93.46
95.91
96.18
94.66
98.24
98.38
94.34
95.38
84.66
76.75
87.33
83.57
82.42
89.24
81.85
84.58
84.17
85.1
87.02
82.71
87.25
84.65
79.76
80.26
82.64
85.54
81.52
76.32
79.04
88.06
87.57
89.01
88.51
91.74
92.54
92.46
90.6
91.89
88.68
74.11
91.18
90.66
90.43
94.99
84.82
86.08
93.93
91.79
83.47
74.63
78.8
91.99
95.15
97.84
97.5
91.01
79.84
83.12
93.99
65.52
75.14
76.29
69.88
53.14
50.36
56.54
61.78
71.85
60.3
55.9
62.12
80.31
84.69
88.63
89.54
76.59
73.63
77.14
71.56
78.69
88.86
91.14
88.15
89.53
89.41
67.75
52.34
62.36
51.14
57.06
59.9
63.98
67.05
74.62
64.94
68.04
48.16
85.34
70.27
58.64
46.75
42.6
54.23
47.33
64.69
59.27
56.35
79.12
79.52
75.99
88.57
55.94
67.57
64.93
59.29
57.78
52.79
49.19
53.73
49.97
43.94
47.63
57.23
59.42
54.97
50.57
61.03
61.67
72.39
74.55
56.35
48.29
75.5
63.28
62.83
48.97
50.24
61.12
81.31
74.57
56.55
55.24
64.77
68.34
53.71
62.08
63.01
63.57
64.69
63.13
62.35
83.1
87.72
91.77
83.82
76.65
75.87
74.73
72.84
66.85
63.94
75.51
77.18
77.08
77.29
68.81
87.19
62.22
66.97
86.86
71.32
77.05
73.78
56.93
71.22
86.79
66.61
84.06
73.92
60.45
64.57
79.03
61.73
66.13
62.73
67.07
70.06
72.72
65.96
61.24
83.45
64.16
83.05
93.62
92.66
78.39
88.41
81.87
89.78
85.84
74.16
80.16
79.97
77.83
76.77
79.7
79.27
78.59
88.25
78.67
90.91
71.49
67.11
71.41
73.13
75.6
71.04
67.88
84.05
66.09
70.13
69.45
65.96
54.86
60.5
71.91
64.84
65.67
68.72
68.51
67.13
61.56
67.24
60.93
69.48
90.88
73.78
71.16
71.75
73.64
74.45
71.95
80.18
72.22
81.26
84.84
78.9
75.37
74.36
72.14
72.9
73.25
68.97
80.02
72.26
75.91
74.1
76.2
75.87
73.97
82.41
64.77
71.44
71.73
75.8
69.57
89.96
77.76
70.4
71.27
72.3
72.41
70.35
76.24
73.42
73.17
87.4
87.38
80.17
87.57
87.94
85.3
77.28
77.59
75.04
75.94
76.08
71.39
70.81
74.22
75.63
77.33
73.51
80.26
90.01
77.9
75.05
74.07
70.91
76.31
80.43
85.79
89.15
83.9
84.69
62.05
63.43
58.82
67.28
79.23
83.26
74.52
75.46
73.53
72.28
88.16
87.42
85.93
90.94
79.22
79.63
88.55
78.34
84.67
93.67
89.74
93.08
91.89
91.27
95.56
93.99
96.67
93.75
89.78
78.55
81.35
82.42
80.48
87.7
88.05
83.81
89.44
88.36
85.69
97.08
96.15
96.11
88.64
83.48
82.22
85.07
93.81
79.12
64.43
89.76
96.16
95.93
93.96
91.56
96.93
95.28
97.37
75.07
80.18
92.65
83.1
75.99
89.6
82.88
80.43
85.52
84.85
89.94
84.42
83.61
80.17
83.28
83.53
79.87
82.77
94.77
91.75
93.56
91.45
95.98
96.06
71.45
58.99
78.02
92.92
91.57
92.42
95.45
96.34
96.71
89.61
85.9
89.93
88.32
86.92
86.61
94.76
92.65
93.72
89.27
86.04
78.47
79.35
82.24
76.58
76.99
71.2
73.92
71.42
76.81
63.75
64.55
69.8
66.65
82.46
86.83
93.7
79.24
78.23
83.55
88.77
93.76
82.53
72.03
74.94
80.13
83.64
83.68
87.06
92.82
83.76
65.85
70.73
75.3
78.2
76.85
82.74
57.64
50.31
71.79
62.11
66.49
73.7
48.36
58.87
62.96
56.46
50.01
71.87
89.11
72.66
57.59
52.59
60.92
69.47
68.66
66.78
59.3
58.82
62.8
89.07
84.36
78.64
76.81
62.72
70.73
63.21
53.61
53.08
85.45
67.76
73.16
61.88
55.3
76.87
49.73
63.3
68.45
62.49
60.17
75.43
90.88
91.85
85.98
78.83
76.6
62
77.05
67.91
59.43
62.83
66.1
75.22
68.24
67.16
66.17
66.62
62.94
59.76
58.86
57.4
66.1
75.89
85.07
95.5
74.04
67.22
76.05
70.93
67.78
74.92
81.57
92.14
86.86
86.51
78.06
67.53
68.02
62.43
75.7
78.38
68.54
68.29
63.1
65.86
70.06
68.97
73.35
77.01
84.5
80.42
76.76
93.93
89.81
86.32
69.33
73.98
76.35
75.33
66.9
58.42
48.66
49.48
66.56
77.28
72.27
93.6
90.62
81.33
82.26
81.85
81.73
59.93
54.28
59.99
76.16
81.18
63.26
64.56
66.07
63.42
65.71
70.44
70.23
67.26
71.06
66.76
52.83
59.68
59.56
59.76
62.73
64.7
79.74
72.03
74.09
77.13
72.49
72.53
69.09
76.71
74.83
70.96
75.28
81.15
76.32
71.84
67.28
63.22
78.57
92.93
80.18
75.79
78.43
89.49
76.71
78.72
88.86
90.21
77.53
88.11
83.28
80.39
78.55
83.7
87.41
84.38
80.86
76.85
81.56
85.09
78.77
79.43
78.66
75.95
87.28
85.61
83.45
82.35
93.94
79.08
93
86.88
58.35
74.68
86.31
90.57
80.17
85.47
95.27
96.21
89.2
81.11
80.53
87.93
84.34
76.05
80.98
89.74
95.96
93.42
87.55
78.85
81.82
83.39
83.95
86.31
91.57
94.56
91.42
83.71
82.45
82.25
84.31
85.15
81.48
85.67
92.34
97.04
90.42
90.77
88.05
87.25
86.87
87.52
89.65
86.75
83.4
85.64
93.85
94.9
88.74
96.77
85.61
86.52
85.45
80.2
91.15
72.15
76.51
80.57
73.13
71.3
68.42
78.54
87.63
90.14
89.38
83.46
89.15
82.67
88.37
79.82
88.69
78.92
71.67
75.46
71.15
71.82
85.84
87.97
92.41
97.35
95.35
97.27
97.08
89.86
85.9
86.44
95.86
90.5
95.96
95.45
92.32
96.25
98.66
97.72
93.94
92.17
85.59
86.74
86.12
85.62
86.09
83.62
78.31
65.11
61.83
62.38
78.97
84
91.03
85.72
84.24
88.81
89.38
89.74
91.95
81.79
63.86
74.98
81.22
84.81
92.63
95.16
94.86
95.67
92.55
91.15
86.58
84.89
77.13
81.47
80.49
94.04
98.09
95.66
92.84
88.8
84.27
83.43
95.36
97.39
96.86
71.59
71.69
64.39
68.71
77.45
76.7
82.9
93.61
87.79
89.15
82.78
78.1
78.55
81.56
85.26
78.21
69.59
78.47
72.2
74.94
80.14
79.25
72.27
70.53
76.27
95.41
82.75
95.61
97.07
94.79
86.47
80.41
72.4
70.05
63.98
60.09
61.61
67.49
85.81
80.03
87.14
80.42
86.64
82.52
81.73
56.79
46.86
53.64
53.86
61.36
64.13
57.85
53.34
60.43
66.99
87.94
78.72
79.34
72.31
55.76
61.15
59.74
59.16
55.31
52.63
59.38
87.67
89.37
69.89
59.29
57.36
72.03
68.63
64.96
70.41
62.48
67.54
58.56
50.57
37.89
40.44
48.66
64.26
51.23
56.01
64.44
63.63
60.99
57.74
55.87
55.25
55.35
55.79
52.59
50.35
71.92
90.92
82.26
78.93
84.9
87.48
90.95
73.29
78.53
60.21
62.74
63.36
58.59
75.81
65.31
60.78
59.28
57.87
67.84
67.18
86.84
59.66
71.92
72.16
72.36
68.53
72.47
69.89
68.88
66.28
59.37
57.67
62.87
83.7
67.8
66.08
66.09
79.66
72.05
77.82
85.02
80.01
73.94
74.94
83.64
85.86
63.57
62.3
68.2
69.83
78.09
73.16
69.24
71.82
64.1
90.81
68.93
67.36
68.77
70.1
87.22
62.03
79.03
72.6
54.89
56.07
59.05
44.54
67.98
72.61
71.35
82.01
71.61
64.83
58.95
58.95
60.22
63.4
62.74
59.6
66.69
67.78
65.11
59.24
64.15
71.11
87.2
70.89
77.16
91.75
91.29
84.82
83.5
75.44
95.24
76.42
77.49
78.98
80.72
75.68
77.45
93.66
81
81.11
73.89
83.69
77.42
70.29
69.71
73.38
77.24
74.55
77.35
78.62
75.26
72.86
81.44
82.04
77.2
79.6
69.48
69.42
73.68
68.83
67.08
71.14
74.67
60.1
67.17
75.75
80.31
77.27
71.27
67.65
66.11
71.51
77.24
83.04
73.18
71.75
70.83
74.1
70.62
75.49
71.76
73.23
65.38
78.11
75.62
77.79
82.37
74.67
75.59
75.35
73.85
76.22
76.04
64.31
68.96
74.52
67.82
71.98
73.34
72.53
72.58
88.6
83.05
75.89
83.64
82.01
86.65
78.41
68.89
73.34
70.39
72.09
68.47
69.43
89.48
79.09
83.39
92.69
95.73
94.17
91.87
94.35
92.93
89.78
87.14
90.08
95.86
92.82
93.07
79.51
72.73
82.39
87.86
91.81
97.23
94.74
75.38
84.91
83.99
85.38
89.03
95.93
96.42
97.02
96.79
96.46
95.54
95.51
96.1
96.41
95.94
94.79
95.7
91.04
96.86
97.28
99.12
98.83
99.46
91.11
81
82.36
85.85
65.83
69.67
80.72
79.32
92.7
92.44
86.44
96.1
88.07
77.38
79.24
84.31
73.71
83.59
84.49
88.87
86.84
70.05
78.65
89.54
96.19
96.44
95.55
77.75
80.88
78.26
93.11
89.72
81.98
59.98
62.43
72.63
72.44
74.24
76.49
72.09
71.6
66.4
67.43
63.91
61.24
60.69
63.42
82.13
71.71
64.82
72.6
87.48
67.72
63.96
75.5
78.52
77.76
77.01
71.09
68.85
56.97
55.16
41.86
47.18
65.23
79.86
72.74
74.01
76.33
79.99
70.68
67.17
69.07
69.38
65.37
60.57
66.43
75.97
72.78
69.3
71.47
72.61
64.12
65.77
73.24
52.91
75.31
66.56
81.33
74.35
51.18
52.64
55.04
58.52
52.43
45.15
58.27
58.94
60.18
74.19
68.69
67.88
62.03
62.03
46.66
49.57
61.63
58.45
61.35
55.03
51.63
50.94
47.09
33
35.73
49.8
49.37
66.38
51.94
40.6
41.79
47.6
56.53
65.59
87.82
90.27
55.38
48.22
44.95
52.09
78.13
73.99
77.35
74.49
75.3
52.4
63.49
62.35
62.04
74.16
76.62
79
79.3
64.32
46.93
57.08
54.39
46.42
49.82
53.87
52.08
70.87
86.82
62.17
62.63
83.99
70.79
65.4
59.18
61.5
70.25
61.47
66.47
67.73
62.77
48.24
55.74
60.89
64.46
81.97
94.94
78.57
63.69
52.47
58.34
56.98
66.87
68.98
71.42
83.33
72.98
80.4
69.64
75.25
66.27
68.95
67.32
59.38
82.84
83.05
88.97
93.18
76.81
71.68
72.66
63.46
64.49
63.7
64.6
63.98
65.68
65.12
57.41
59.4
85.41
71.07
64.65
64.81
65.39
65.26
62.26
55.94
57.66
65.37
67.34
61.99
59.52
55.55
57.59
72.46
74.94
72.06
80.86
75.18
89.61
69.77
64.97
62.98
59.57
70.12
88.38
73.59
57.44
77.17
89.34
83.68
76.18
69.85
80.05
73.04
72.54
66.58
68.17
77.52
75.81
68.57
53.51
55.6
67.12
72.97
67.41
73.36
68.99
63.63
56.71
57.4
57
62.17
62.24
58.88
55.64
59.89
58.52
62.83
55.41
52.97
76.85
68.04
65.22
63.61
58.87
73.95
89.05
78.89
73.32
71.25
69.26
64.24
63.24
60.38
61.44
59.86
58.81
70.37
88.18
69.03
71.15
72.43
78.18
79.66
84.5
69.59
70
69.64
71.77
73.94
74.84
64.36
70.74
76
86.13
74.79
83.2
90.67
85.83
82.38
74.26
81.92
81.72
73.83
78.95
82.1
86.56
89.52
90.72
90.93
84.38
94.07
89.99
79.96
82.39
90.79
93.81
89.79
97.07
95.9
93.49
95.11
95.34
83.79
90.28
84.01
80.25
95.13
94.05
83.35
75.45
90.45
90.03
81.02
79.41
87.09
85.1
82.08
94.22
87.06
84.97
89.12
87.71
88.73
94.88
96.33
96.31
95.41
94.75
95.85
90.68
92.85
89.8
66.8
75.1
85.72
80.69
83.54
93.72
82.93
90.4
95.29
94.98
83.92
83.3
64.11
76.46
80.22
70.71
78.13
82.17
88.38
99.34
99.34
98.72
93.6
87.84
96.64
95.38
94.56
89.64
78.54
90.79
88.09
85.63
84.33
89.36
90.61
90.31
96.9
82.84
79.89
74.69
89.84
92.58
93.36
94.58
96.12
86.71
76.06
91.12
95.42
94.92
90.78
91.27
89.25
85.89
90.58
96.55
93.41
96.73
95.06
78.18
79.99
82.85
90.68
91.99
80.5
58.46
72.59
84.35
58.75
66.56
77.32
91.9
75.58
71.08
70.68
87.7
78.64
94.64
94.22
92.38
91.91
86.54
84.58
82.25
77.01
78.79
73.86
86.7
91.17
97.52
95.9
96.7
87.35
86.54
89.54
63.46
67.6
67.5
65
65.36
73.37
74.02
85.54
94.71
84.2
83.77
81.1
81.07
43.4
53.61
57.04
80.54
72.14
68.73
59.19
55.45
65.56
85.43
87.3
88.08
75.78
74.35
93.22
94.07
90.2
79.79
91.72
87.83
74.92
90.45
77.67
70.35
62.15
66.38
70.32
67.37
67.97
70.52
58.74
55.77
52.32
61.51
61.95
61.5
73.93
68.26
71.28
71.68
56.98
57.72
49.1
54.93
59.9
59.47
56.87
63.84
88.08
81.23
79.23
86.84
89.11
82.15
79.88
72.26
71.06
87.96
68.86
51.24
66.86
61.24
73.56
90.72
63.3
60.19
63.06
57.62
70.34
61.84
65.62
85.06
77.72
83.12
73.91
67.69
91.12
89.46
87.96
88.96
75.47
84.08
85.2
80.81
76.68
78.26
67.7
69.25
88.14
63.39
63.44
68.57
71.51
74.32
71.62
70.81
72.24
68.79
55.13
71.29
75.71
90.48
76.19
67.91
62.85
67.19
65.59
65.51
63.5
65.87
62.87
63.35
61.22
68.47
68.96
60.47
62.68
62.99
77.72
66.5
68.6
62.59
67.5
60.18
59.86
59.81
62.1
56.72
52.83
56.35
54.58
59.91
66.42
63.61
61.16
60.5
43.48
49.93
53.51
58.24
57.4
56.37
52.54
64.7
56.04
49.66
47.06
61.54
70.9
62.14
59.81
71.22
90.73
64.71
61.93
62.72
63.43
62.3
62.93
57.92
59.75
66.12
90.05
94.47
88.91
88.07
85.96
65.84
66.8
69.69
80.94
72.15
62.16
76.16
74.73
71.2
66.82
60.45
86.49
84.56
81.7
79.72
79.04
71.88
78.76
80.78
89.65
84.87
75.53
76.6
73.13
75.49
75.41
78
82.57
81.33
84.52
82.38
92.37
94.22
76.8
72.81
73.42
73.97
77.65
90.57
84.85
77.45
84.01
86.5
88.85
88.76
83.72
85.44
87.91
77.51
72.48
79.1
77.85
73.04
78.71
82.85
69.7
78.17
82.24
85.55
82.48
76.34
79.31
83.25
77.65
79.85
85.34
85.42
89.93
92.29
91.52
85.67
86.75
87.74
92.14
76.46
76.57
86.38
81.53
91.85
91.97
92.68
89.03
91.88
95.12
95.05
93.58
92.47
89.82
57.33
65.22
65.2
70.98
71.25
83.09
84.76
81.77
86.61
86.61
85.61
73.34
65.78
75.64
75.09
79.58
68.81
83.5
97.32
97.87
97.15
97.6
97.06
96.44
94.61
95.12
93.36
96.25
97.47
79.29
64.26
76.02
90.5
89.46
87.82
81.96
92.29
91
78.92
84.29
88.61
84.39
87.19
94.12
96.32
96.8
94.18
94.36
82.73
87.43
82.98
90.39
82.39
69.97
75.28
81.57
91.3
80.11
84.41
85.51
93.65
76.13
79.25
83.08
87.23
86.21
87.61
85.84
86.35
93.15
90.88
92.67
93.28
96.27
81.98
89.47
85.89
87.7
91.96
91.88
82.55
81.82
71.58
77.81
94.25
94.98
89.06
86.97
91.48
85.46
73.02
73.4
88.13
79.55
75.49
74.57
70.18
77.63
89
85.52
68.9
66.98
66.8
66.55
66.57
66.51
55.08
51.08
57.23
61.08
61
50.67
54.62
64.26
55.07
50.98
49.36
52.88
67.75
79.32
76.12
68.84
69.87
56.68
60.12
58.74
62.4
60.42
63.17
62.99
66.19
72.45
82.98
75.38
67.76
58.53
75.78
67.45
76.49
77.28
69.34
62.43
59.78
57.02
49.76
67.78
88.38
87.27
82.72
78.45
75.62
92.8
87
74.76
75.68
80.06
71.23
71.31
77.18
80.5
49.75
59.71
63.07
70.58
75.28
73.39
73.38
87.69
72.53
90.87
63.45
63.86
82.84
84.5
85.84
71
63.85
67.33
65.92
65.34
70.83
71.33
82.41
68.61
77.32
73.24
63.78
66.97
67.76
64.91
75.11
68.63
75.23
65.61
65.9
65.48
63.11
60.42
58.46
70.25
68.82
61.57
57.78
59.3
71.25
60.55
59.49
75.45
62.91
61.69
64.16
85.44
90.96
67.15
66.55
65.66
63.48
83.65
66.12
71.25
68.98
63.92
69.44
68.25
67.94
74.79
81.57
88.43
82.26
67.69
82.59
83.97
73.41
63.81
62.28
65.7
66.92
69.95
71.11
90.65
72.47
68.72
80.51
74.35
88.63
92
83.58
89.38
87.91
83.47
80.66
78.6
83.66
80.06
73.35
73.29
73.01
78.33
80.99
79.23
83.51
86.66
93.88
84.89
76.56
71.2
75.81
82.04
89.05
81.25
84.01
91.16
83.24
77.6
84.68
86.2
74.45
77.35
80.33
86.57
91.24
89.93
84.41
83.65
84.27
92.49
88.83
83.38
86.21
91.94
94.81
94.41
89.47
93.88
91.64
90.33
85.64
81.89
82.92
86.07
81.45
78.11
72.64
78.19
90.32
91.77
90.48
83.47
83.86
94.98
93.4
90.67
88.89
92.14
85.85
86.84
87.41
81.17
70.43
77.71
80.98
85.9
74.87
73.26
92.18
86.8
91.16
85.27
83.56
84.52
93.01
83.31
87.51
82.8
93.04
94.35
92.11
91.96
88.5
88.34
87.08
86.75
88.66
90.79
68.15
68.91
90.92
94.79
91.01
93.98
87.87
84.53
92.09
89.63
91.31
92.84
89.89
96.67
87.14
87.19
84.92
88.41
88.72
91.97
93.46
94.25
86.3
80.91
96.04
97.67
97.61
98.92
98.89
98.63
97.72
98.42
98.8
97.22
91.99
72.89
79.78
84.85
81.07
75.5
92.45
95.9
98.71
95.41
92.79
83.27
86.44
65.81
71.45
72.99
88.97
86.81
79.56
88.99
89.15
64.7
69.66
75.01
66.34
84.53
88.43
74.43
81.04
81.9
81.46
87.12
84.29
72.82
87.38
72.34
68.99
75.44
89.2
73.43
67.92
89.49
92.12
94.72
96.18
96.34
91.85
86.04
72.92
75.12
92.47
85.19
87.78
94.01
89.56
95.25
94
95.38
91.26
83
75.97
74.14
75.6
79.27
85.61
88.92
88.87
86.19
85.03
81.4
80.64
86.43
82.61
81.89
71.03
60.24
86.52
95.27
96.45
73.92
71.98
85.49
81.44
77.17
80.12
60.88
60.34
57.17
58.05
67.64
66.33
66.97
65.91
70.04
56.94
66.62
77.8
86.22
79.2
71.16
62.51
64.54
64.23
55.97
63.45
64.8
65.91
78.66
83.81
75.97
50.83
58.12
64.01
63.59
51.01
54.29
44.65
62.99
56.59
52.63
52.41
61.36
66.8
61.06
58.78
61.75
56.56
48.42
49.17
44.26
64.92
68.35
62.57
52.46
40.57
44.25
46.58
61.1
63.51
59.02
63.17
86.58
55.13
64.56
75.22
82.62
89.86
80.42
65.58
66.79
64.28
62.4
75.45
57.61
51.84
57.43
69.73
79.3
90.52
86.48
78.11
74.14
71.8
75.93
84.86
88.75
93.95
80.27
80.26
79.66
57.66
64.07
67.27
67.34
80.39
74.94
70.68
67.84
64.11
66.4
69.35
66.63
63.59
66.87
66.83
68.27
62.78
51.41
58.33
73.89
67.37
53.75
57.67
76.5
80.71
70.75
64.63
90.55
79.38
67.14
57.79
76.72
70.66
66.37
66.16
62.31
61.33
61.16
58.49
60.44
63.05
61.34
75.66
80.64
69.02
66.24
68.35
87.07
79.27
72.03
73.72
72.12
66.91
68.18
63.62
67.17
64.21
67.69
70.01
76.45
81.31
89.13
81.41
86.15
86.47
68.09
70.23
73.3
77.9
75.49
68.45
67.51
65.73
63.06
59.97
58.62
56.83
53.8
54.86
60.3
62.35
71.18
92.23
78.58
78.1
84.76
77.43
77.81
80.64
70.25
76.58
65.61
78.9
70.56
68.16
67.56
60.87
54.02
70.51
75.4
75.5
91.96
81.27
64.78
66.54
68.72
75.42
86.73
78.79
73.59
69.15
77.36
67
62.79
57.26
65.38
66.32
63.11
70.34
70.13
70.81
84.86
75.99
65.16
63.31
64.48
67.39
72.82
76.46
82.75
78.53
84.19
87.2
94.73
92.27
92.99
92.29
91.21
75.38
90.54
96.43
97.42
95.4
91.61
92.25
92.83
85.59
86.44
82.19
86.75
87.55
91.09
88.56
89.18
92.87
93.29
85.61
86.21
74.69
79.86
80.82
87.08
87.44
87.34
83.48
81.02
85.75
72.62
76.06
80.95
86.01
85.85
81.69
75.26
84.41
75.42
84.26
74.34
87.3
83.09
89.4
83.15
84.2
84.88
75.54
84.36
75.88
70.33
73.27
89.96
96.23
92.79
96.15
97.76
98.77
98.86
97.17
78.7
89
96.84
94.11
92.33
95.86
95
98.01
98.31
96.3
98.62
97.43
96.14
94.29
91.8
96.12
92.07
95.98
91.59
94.91
80.67
88.34
86.84
92.19
84.42
86.43
91.09
94.39
94.1
95.61
96.42
96.94
85.55
86.09
77.9
69.94
83.99
76.04
72.32
68.16
77.04
78.25
76.88
75.68
86.23
81.03
85.73
77.87
81.86
74.37
81.39
82.46
77.25
84.88
85.55
91.71
70.14
74.16
73.1
65.86
66.31
69.7
89.2
76.25
90.49
94.25
90.87
92.82
83.38
94.66
97.12
93.91
85.04
71.72
69.04
75.12
67.04
82.15
65.97
73.52
88.36
94.56
79.01
75.9
87.21
67.43
62.02
71.72
87.71
83.17
74.47
71.53
77.35
75.06
80.32
62.35
82.01
85.33
72.45
71.08
69.27
70.12
69.07
70.87
69.26
62.57
63.61
75.42
68.1
72.09
76.36
75.08
59.35
57.29
56.21
54.25
45.89
45.07
55.84
62.79
80.53
75.88
69.68
70.35
74.31
63.4
72
59.68
47.8
49.2
71.09
55.23
51.64
58.2
57.64
67.5
59.74
53.94
53.56
81.7
84.67
66.56
68.3
91.47
93.29
69.63
72.7
73.68
68.78
69.78
71.89
70.72
84.47
89.22
95.59
81.58
86.02
75.03
71.14
72.06
72.63
71.12
80.15
67.62
64
68.93
88.47
69.84
76.23
71.06
66.89
66.56
68.57
68.98
75.04
83.52
80.11
81.45
88.51
73.44
61.71
69.34
76.56
83.59
84.88
86.41
81.09
78.33
86.28
71.44
63.64
69.98
83.74
88.67
77
72.98
72.95
74.73
76.98
78.3
82.46
67.74
68.85
69.94
73.7
71.52
71.19
66.83
67.09
67.18
63.09
68.78
68.63
65.62
62.14
67
79.25
71.03
64.01
77.26
72.98
72.87
69.54
72.96
73.84
79.04
81.25
78.92
87.52
87.43
83.43
84.8
76.01
75.13
74.62
80.36
67.65
70.75
71.03
78.58
70.28
64.33
69.2
72.83
92.51
77.9
73.24
77.78
74.26
86.07
85.7
81.56
86.45
92.43
87.13
89.5
79.04
66.31
73.51
75.76
74.63
76.6
73.42
78.91
71.2
70.24
72.4
75.33
74.77
76.91
81.73
90.5
83.22
78.84
75.03
74.15
74.4
77.35
78.8
78.35
77.32
72
84.74
88.48
75.63
61.53
74.84
72.51
73.03
73.69
73.87
79.17
74.4
73.79
74.19
77.46
72.6
88.99
89.03
83.7
61.93
73.11
89.78
81.67
84.55
92.3
93.01
84.12
84.14
77.78
91.93
87.9
88.35
93.25
91.8
96.92
95.96
89.99
89.34
85.01
81.97
85.41
83.49
87.2
83.23
83.22
81.41
78.55
80.93
87.62
85.78
83.92
90.3
92.46
93.86
90.04
86.16
93.63
89.89
71.9
81.91
84.53
82.47
89.57
81.65
81.95
88.71
85.31
82.57
86.93
91.68
95.68
95.13
89.12
58.28
67.78
66.47
70.21
70.2
81.06
86.58
88.45
96.83
95.73
97.77
93.8
80.77
81.51
71.94
65.87
79.14
81.46
85.93
90.37
96.76
96.5
97.2
95.97
95.03
95.85
97.85
95.84
88.61
62.19
76.44
70.35
80.66
81.58
76.82
86.51
79.69
70.79
67.6
55.62
54.6
82.36
77.56
75.24
68.73
68.29
88.09
89.03
87.61
84.83
74.85
72.66
78.71
80.21
80.56
82.39
90.02
89.08
81.12
84.01
87.96
91.18
92.29
91.5
91.08
96.35
95.41
82.9
89.48
90.6
96.25
80.22
81.02
85.96
83.04
82.06
76.18
76.56
80.83
79.98
86.27
94.4
87.47
80.98
84.04
72.98
76.38
65.96
69.19
61.91
66.45
65.09
57.95
77.2
68.66
66.88
57.04
73.62
82.21
70.39
60.84
66.09
68.89
57.04
62.53
64.2
63.8
70.55
62.69
57.49
75.93
71.32
71.9
70.91
72.17
70.08
72.93
63.02
51.73
53.86
51.18
51.81
59.5
60.18
50.34
50.92
53.5
64.89
75.49
58.74
71.56
71.66
67.55
59.94
63.22
55.98
60.8
65.87
77.92
63.91
60.28
63.75
71.51
64.68
53.18
54.07
50.99
57.16
57.24
54.61
86.74
93.34
77.44
66.38
65.88
70.33
91.41
80.99
88.25
66.83
82.61
64.63
69.96
63.65
64.61
65.03
78.19
72.21
85.92
64.94
60.29
59.07
56.22
57.42
65.85
60.77
76.94
86.4
63.73
60.62
59.41
59.28
59.71
62.22
73.08
69.09
74.19
73.76
73.79
72.82
75.87
84.03
65.23
60.81
72.54
58.94
65.26
67.84
59.58
65.91
75.62
58.36
53.72
58.31
57.89
66.28
61.31
60.14
63.61
86.44
72.62
68.04
76.57
70.07
63.56
70.15
71.72
63.5
63.34
61.33
69.59
78.19
67.45
69.02
60.31
67.05
75.46
62.09
75.26
68.93
59.26
58.29
56.06
57.01
62.7
61.72
66.82
74.37
87.37
69.03
81.71
82.8
69.41
60.39
65.84
66.92
63.13
61.75
59.35
61.48
70.46
80.87
72.8
81.12
76.71
76.41
77.39
68.86
68.24
67.85
65.78
65.63
67.62
63.4
75.09
73.02
64.91
64.99
66.07
67.73
67.9
67.48
66.79
82.82
71.26
65.06
65.72
78.96
82.92
78.01
64.64
67.77
76.71
91.35
82.31
77.9
75.18
90.98
85.19
74.16
69.34
90.94
93.89
95.19
90.43
96.14
77.75
67.31
72.62
79.06
86.27
87.2
88.97
89.91
80.83
79.76
76.96
77.85
78.74
90.14
85.48
77.55
82.72
77.86
84.56
79.93
83.37
84.68
82.94
84.65
84.55
86.47
84.57
86.78
80.07
94.09
93.5
93.21
96.51
79.98
69.19
85.26
85.1
88.24
79.85
65.36
74.84
75.97
80.7
84.05
85.7
80.67
77.52
91.09
87
96.36
94.8
90.92
89.25
88.23
73.45
64.17
81.66
86.55
90.06
89.37
94.91
70.74
76.08
78.03
80.98
97.64
86.33
78.87
74.17
73.92
87.89
96.25
97.93
87.34
74.91
82.26
87.08
89.3
97.76
88.83
89.62
81.79
76.21
80.79
95.25
90.63
95.61
93.61
91.46
83.03
79.42
87.94
84.34
90.38
83.36
76.25
90.55
83.05
76.45
88.64
83.9
84.04
77.15
87.44
94.95
86.35
78.4
80.3
78.21
92.57
98.36
97
97.61
94.51
92.47
95.9
88.71
90.76
88.38
89.72
67.54
82.22
84.43
78.95
73.4
81.58
82
81.64
93.02
94
93.69
83.55
80.18
89.81
75.86
97.58
96.94
88.87
89.9
87.72
97.79
94.03
87.42
86.81
81.89
92.97
86.4
79.85
71.94
76.16
89.66
87.53
74.59
96.41
90.91
92.52
93.13
68.64
62.56
67.89
75.35
65.66
77.89
87.56
78.9
70.19
87.07
90.28
84.45
80.51
70.02
67
75.99
69.37
72.1
78.99
79.14
91.62
95.58
85.14
81.79
69.81
60.7
60.58
72.52
68.47
74.6
68.76
79.53
78.88
84.11
89.65
88.84
65.29
52.46
46.89
56.87
74.29
60.38
75.14
70.33
60.99
70.5
60.01
71.4
65.7
61.49
72.23
76.27
67.26
58.34
55.91
58.69
58.91
60.4
70.36
74.06
64.88
77.82
77.59
70.97
61.49
56.18
54.22
73.05
73.59
71.19
75.81
50.51
60.27
67.46
70.19
77.75
86.3
77.78
76.97
93.32
91.6
82.24
79.03
76.75
76.02
75.18
69.59
79.81
81.97
85.82
88.32
78.08
74.49
76.79
74.88
71.79
72.75
83.4
79.76
78.15
77.13
77.49
80.47
85.06
83.84
87.35
78.93
74.04
76.32
87.42
82.72
64.43
64.33
68.28
58.84
56.16
65.88
71.75
75.34
66.55
75.08
82.07
74.35
74.9
88.45
80.89
64.84
61.17
69.12
70.58
79.37
74.09
93.24
68.38
60.66
62.5
69.72
94.61
82.2
77.69
80.21
81.31
77.86
70.59
60.86
62.64
69.53
74.51
87.29
84.1
66.97
64.9
68.04
75.91
78.72
69.86
65.65
64.04
72.84
87.47
83.09
71.87
73.18
75.11
75.37
72.66
69.05
73.26
81.09
67.39
69.77
88
72.08
67.56
72.89
73.13
68.58
67.86
65.65
67.23
68.14
80.97
87.12
85.21
68.34
72.77
75.8
74.62
76.36
91.02
94.03
92.46
96.07
80.03
77.12
81.13
77.38
77.7
75.28
71.56
74.34
79.84
81.48
83.08
77.72
75.97
72.62
77.03
78.66
77.11
88.01
81.56
65.92
63.27
69.07
69.23
68.26
60.25
71.89
73.21
80.74
75.72
77.14
75.29
76.58
92.35
87.55
85.59
82.33
81.39
80.52
79.49
73.24
74
82.39
83.82
80.43
80.14
79.26
65.38
73.13
74.81
75.14
76.18
81.91
87.99
91.77
85.26
57.16
72.33
79.17
90.73
96.15
95.92
94.97
90.43
86.75
93.97
96.43
90.52
79.84
81.47
93.25
86.6
85.81
82.2
74.05
78.69
96.73
97.24
98.3
97.95
96.4
97.18
98.41
96.18
84.69
70.2
81.74
78.3
82.18
91.22
95.31
85.64
72.61
81.5
83.14
88.07
78.86
77.19
75.65
81.67
95.47
97.41
91.03
85.94
91.14
94.12
89.2
93.06
94.39
76.16
83.11
78.93
79
82.99
78.81
87.97
81.46
86.15
74.64
83.41
70.75
61.03
63.74
78.51
71.74
76.02
87.64
82.76
87.26
64.54
66.81
62.92
63.96
63.83
55.87
67.77
87.91
82.43
84.3
76.85
88.99
93.52
86.47
70.36
72.57
74.54
94.03
92.42
93.84
95.95
86.25
74.86
83.59
80.41
88.86
86.49
86.1
87.55
91.48
83.83
78.15
60.68
68.39
71.88
79.38
76.48
73.25
72.97
72.97
73.41
74.12
73.44
50.64
54.25
52.3
51.95
51.7
46.71
51.97
78.55
64.1
51.66
68.05
61.1
50.22
62.58
67.61
64.52
61.08
62.96
66.62
64.96
54.78
68
63.99
79.36
70.97
56.15
56.91
54.81
58.86
57.32
71.62
51.74
62.1
65.91
62.54
58.29
54.8
55.87
51.3
58.93
57.17
77.92
80.39
71.96
66.46
57.98
71.47
83.12
61.38
65.43
83.39
64.09
56.46
56.56
61.62
56.89
47.29
49.16
49.88
78.11
69.65
52.15
54.94
69.41
58.14
65.78
78.44
55.53
49.12
72.59
92.5
86.74
73.63
63.07
66.03
85.76
79.42
76.79
72
72.85
64.7
90.76
88.62
84.72
79.16
84.52
77.27
74.78
69.52
72.97
61.83
61.09
67.01
90.05
93
92.48
85.11
70.94
70.32
73.97
70.76
70.41
77.68
74.02
60.67
55.07
61.48
69.69
67.52
63.84
63.96
64.81
72.34
68.53
71.52
78.36
78.76
71.67
72.1
87.41
93.41
73.85
75.02
72.23
75.71
50.65
59.76
64.19
62.52
76.06
71.03
68.71
71.4
69.85
78.48
79.08
80.79
61.44
60.32
76.82
79.4
64.24
61.67
62.23
63.04
79.5
72.13
68.68
70.57
71.32
61.7
63.32
65.42
76.79
80.89
92.11
86.4
77.11
74.31
76.88
91.75
81.76
73.39
75.29
76.28
70.81
86.26
79.35
75.86
66.52
73.97
72.24
76.89
70.64
81.31
75.96
73.38
71.37
74.53
71.23
76.26
79.18
78.61
85.39
85.64
80.77
77.98
80.8
70.97
72.98
70.66
79.22
68.47
67.98
70.05
78.75
90.35
85.81
88.35
79.84
77.86
72.85
73.28
75
72.35
76.86
81.59
65.82
67.44
66.25
69.35
66.81
75.54
75.64
89.16
81.22
78.02
86.67
84.13
68.37
66.55
86.2
72.77
75.41
79.69
70.71
87.08
77.57
72.53
94.52
91.67
86.28
89.52
87.84
79.29
86.69
87.59
87.28
77.55
66.32
71.04
91.06
87.5
76.98
80.39
81.43
83.68
88.52
92.05
92.94
93.66
82.46
87.24
80.07
92.98
91.47
90.21
91.7
97.91
93.02
87.72
94.17
97.72
96.35
94.11
93.57
95.47
93.06
83.04
91.04
98.1
93.14
96.07
88.29
95.12
98.06
96.72
92.96
97.81
95.98
73.21
77.47
93.79
89.35
93.31
88.69
93.33
97.95
97.99
96.08
76.93
80.01
95.54
96.17
90.08
88.56
80.85
69.16
72.73
82.31
75.81
81.23
98.57
74.23
68.16
76.99
77.13
83.92
64.45
63.57
77.42
71.27
84.6
86.58
93.25
86.17
58.58
73.64
77.91
77.92
80.08
90.83
79.96
83.63
92.88
95.81
96.59
96.17
97.2
97.22
91.42
85.66
89.93
94.28
86.25
94.31
96.63
96.73
97.16
91.94
89.35
73.93
64.91
72.9
72.09
66.52
70.66
60.23
57.51
67.36
76.09
70.59
64.97
60.93
62.83
70.76
64.85
68.27
70.42
64.26
70.55
68.61
55.36
50.56
55.32
60.85
55.33
67.15
93.93
65.67
58.75
58.23
68.38
71.01
73.69
64.84
62.09
87.94
66.92
58.67
64.91
59.37
56.11
60.79
85.16
71.76
45.16
54.71
59.87
62.57
61.44
56.08
72.95
48.52
52.59
54.07
85.41
76.26
58.87
58.36
50.67
45.26
44.8
52.46
43.95
46.38
47.07
47.18
44.04
36.71
38.59
39.75
49.83
52.11
48.2
48.32
54.2
49.91
49.97
47.16
56.73
77.48
60.03
49.22
47.99
51.48
51.15
48.64
56.23
67.47
65.97
80.71
68.09
76.55
72.55
68.52
59.59
83.81
57.37
51.57
58.84
65.89
58.54
55.38
69.81
77.39
68.04
72.56
69.43
82.29
70.23
87.61
64.14
50.15
56.81
73.45
59.21
79.94
70.43
60.48
60.46
62.21
60.82
75.15
65.88
57.47
79.24
69.09
89.14
80.42
67.42
71.55
80.01
84.97
70.59
62.17
64.02
72.25
90.19
74.53
78.3
84.08
77.49
82.26
87.43
57.2
53.37
59.15
80.42
80.29
71.73
70.31
86.52
79.68
75.32
73.78
84.61
64.42
64.44
68.12
67.61
65.19
67
64.39
75.2
65.64
61.79
65.38
65.6
79.36
79.52
75.98
81.27
77.82
74.07
82.23
78.59
83.91
93.03
82.57
73.81
73.84
73.89
72.67
70.89
65.38
71.28
83.21
85.61
81.6
79.11
72.85
70.24
72.5
72.61
83.83
80.13
80.57
86.27
89.03
90.56
88.73
90.74
77.78
77.48
78.01
76.71
78.06
78.39
70.87
75.79
67.74
73
75.17
79.73
84
81.62
78.71
84.01
78.84
78.16
77.69
72.89
69.53
77.92
74.32
80.34
76.83
77.59
76.82
77.37
77.42
72.98
65.66
74.82
74.73
77.83
75.92
81.62
80.49
91.18
89.57
84.55
93.39
87.15
75.99
81.99
86.66
81.33
80.15
87.75
77.58
91.87
80.63
84.86
85.93
90.89
81.07
88.43
77.75
96.21
93.49
91.27
87.84
88.08
83.82
76.31
88.86
92.14
96.67
93.79
78.71
91.34
92.63
96.84
94.23
83.26
95.65
89.69
88.46
79.2
72.2
82.7
86.74
94.1
97.47
93.56
95.5
89.26
94.18
94.36
97.12
95.68
92.45
89.87
97.38
78.02
79.75
77.7
85.73
83.38
95.45
94.36
95.08
96.72
83.66
85.83
95.34
90.58
98.31
98.33
98.29
93.19
92.47
97.97
96.35
98.69
97.57
98.3
97.03
97.6
92.58
94.99
97.56
99.44
99.48
99.42
98.97
98.81
88.11
88.22
95.39
69.81
89.11
89.51
88.05
96.96
93.64
