19710101	
-5.81	-0.78
-8.91	-5.94
-8.29	-4.64
-17.2	-7.27
-17.44	-6.24
-7.9	-2.41
-10.83	-4.19
-11.31	-0.72
-13.27	-5.38
-8.57	-3.79
-11.09	-2.04
-7.74	0.04
-14.59	-1.85
-12.48	-1.72
-3.27	-1.51
-5.16	-1.1
-2.25	0.55
-1.62	0.36
-1.95	2.65
0.34	7.41
0.38	5.18
1.86	9.17
-1.85	8.2
2.77	9.83
-1.12	9.19
-0.16	11.32
4.9	10.73
-0.35	10
-0.96	9.25
-1.68	10.69
1.7	12.64
2.44	13.6
-1.15	5.82
-7.06	2.61
-0.18	3.16
-1.96	6.16
-2.65	6.47
0.4	5.93
0.19	8.36
3.86	11.88
-0.61	9.52
-1.89	9.04
-4.28	9.14
-4.61	12.76
-0.04	11.16
0.73	7.73
1.85	10.13
4.26	6.76
2.83	11.3
-0.55	9.19
0.5	8.82
-1.5	9.27
-3.67	10.22
-2.55	8.06
-1.41	6.78
-3.48	8.31
-3.8	3.98
-7.18	-1.35
-8.02	-0.59
-7.9	-1.37
-6.42	-0.89
-9.55	-0.9
-9.88	-3.5
-11.82	-6.51
-10.37	-6.28
-7.16	-1.77
-13.28	-0.03
-10.47	-0.27
-2.81	4.83
-7.97	6.29
-4.53	1.89
-6.71	8.97
-2.98	10.75
2.86	10.77
0.21	10.29
3.97	8.09
3.63	12.42
7.6	15.62
7.67	18.87
4.44	19.75
5.67	11.98
5.26	9.3
-0.37	9.01
-3.23	12.53
3.05	8.63
3.21	7.13
4.49	9.01
2.88	9.02
2.97	6.69
4.06	8.65
3.91	10.07
5.78	13.33
5.81	11.99
6.9	15.5
8.71	17.4
2.47	17.95
2.59	19.89
1.91	20.45
5.07	20.93
4.52	19.46
8.59	15.53
1.42	14.06
1.89	13.32
3.48	14.63
-2.09	13.35
-0.92	18.47
5.67	20.09
4.91	17.02
0.91	19.97
1.75	20.26
3.23	19.45
2.8	22.79
9.03	23.68
12.66	20.21
9.82	15.97
5.01	12.33
6.44	18.11
6.77	13.97
-1.24	14.28
1.8	11.66
6.78	13.11
8.85	12.33
7.03	12.71
6.78	15.84
6.61	14.44
7.66	18.15
5.16	18.28
4.93	17.96
3.1	21.11
4.67	22.41
12.29	24.32
7.53	25.25
7.09	25.61
6.3	25.75
7.42	26.41
10.63	27.12
10.15	26.8
12.44	27.92
12.2	28.34
11.62	27.57
15.08	27
10.89	25.79
10.19	22.03
9.21	23.12
12.71	24.28
12.25	24.09
9.5	24.47
8.38	19.52
5.62	22.4
11.39	20.23
13.61	20.63
13.75	18.95
12.99	24.24
11.83	25.31
11.8	25.01
11.35	26.38
13.81	25.48
12.58	24.13
12.44	22.25
14.27	22.52
14.39	23.84
11.74	23.62
11.38	19.79
11.34	21.13
6.14	23.51
14.27	26.24
11.55	23.07
10.99	21.11
10.1	18.56
6.51	19.37
11.99	19.66
12.66	25.56
13.12	23.75
13.88	24.31
14.29	24.23
14.75	21.96
12.61	27.07
13.93	23.94
13.42	23.19
13.02	21.2
7.46	19.83
7.28	16.82
9.4	23.2
8.6	23.63
12.57	25.71
11.12	26.36
12.95	25.1
11.52	28.04
14.19	27.5
10.69	29.94
13.34	30.1
13.86	30.61
13.79	32.03
13.23	30.12
12.62	24.46
9.62	26.53
11.38	28.7
13.53	28.92
15.19	24.54
13.55	21.27
11.32	22.38
9.88	21.96
6.99	22.74
7.66	24.8
10.16	25.72
12.82	27.62
10.68	28.77
11.81	29.46
12.12	29.86
17.35	27.42
15.65	26.29
16.78	25.27
17.46	27.49
16.41	30.38
17.12	30.97
17.13	30.39
16.88	29.66
16.68	31.55
17.2	34.23
17.42	29.57
13.39	25.09
9.58	26.5
10.5	29.08
15.61	24.77
12.09	25.84
11.78	30.15
13.6	31.71
19.03	29.26
17.39	24.98
9.41	26.26
9.1	28.11
12.8	29.15
11.25	29.87
12.7	28.41
12.66	27.16
13.59	23.03
10.49	20.49
10.7	26.04
15.52	22.51
12.91	24.05
8.48	25.48
11.24	27.47
14.56	20.57
9.75	21.31
7.73	23.08
10.04	22.85
9.32	24.41
9.32	24.33
10.25	20.56
6.37	18.15
7.59	15.34
4.97	16.8
5.06	20.31
9.26	15.72
7.96	15.35
7.38	18.97
11.6	17.82
6.41	13.55
8.3	12.49
2.9	12.35
2.43	16
3.64	17.75
3.42	20.59
4.18	21.25
5.04	22.29
5.49	22.84
6.22	22.24
9.1	19.85
9.21	23.98
11.59	21.85
7.89	19.94
11.89	16.05
11.43	14.65
10.86	18.31
5.28	20.21
4.58	21.44
6.59	22.51
6.63	15.15
0.82	12.17
-2.54	17.55
0.6	22.73
0.7	20.35
1.9	19.98
2.75	21.3
2.52	21.08
5.74	21.27
7.9	21
6.43	16.87
2.24	6.31
-2.99	9.27
-2.21	10.19
-0.9	17.33
1.93	16.49
2.35	16.67
4.41	19.11
9.89	25.74
4.02	20.75
1.87	23.26
5.81	14
2.76	9.96
-2.77	8.14
-6.62	9.48
-4.15	6.62
-6.71	8.11
-5.3	10.67
3.74	9.41
5.14	13.87
0.49	12.98
-2.28	18.18
3.48	18.6
8.3	16.88
1.91	15.57
8.69	18.5
7.43	15.85
6.03	10.85
6.92	9.13
4.72	7.2
3.22	6.72
1.15	11.28
-0.34	9.32
-0.05	7.74
3.39	8.34
1.51	15.28
-0.72	1.65
-9.2	2.35
-2.75	0.08
-3.16	-0.62
-14.9	-2.38
-14.57	-4.52
-12.21	-0.05
-9.29	1.69
-8.37	0.08
0.04	1.09
0.14	1.15
0.44	1.57
0.93	2.37
0.81	3.09
-0.22	4.34
-2.84	3.73
-0.66	9.75
4.55	7.9
1.68	8.57
-4.61	1.67
-6.99	1.22
-1.45	6.84
-0.8	10.02
-1.92	9.76
-3.87	6.19
-3.83	7.82
-2.49	8.56
-3.17	7.48
-4.97	6.33
-5.47	-1.03
-2.56	0.17
0.11	4.06
-1.62	8.87
-1.97	8.94
-0.31	8.03
-2.91	5.65
-4.69	3.82
-3.71	0.52
-3.87	-0.93
-2.39	-0.45
-0.45	0.89
-0.11	0.94
0.25	1.43
-0.17	1.32
-0.85	1.15
0.7	1.79
0.49	2.83
0.41	1.8
0.11	1.36
-0.29	2.62
0.17	1.68
-1.12	0.48
-0.92	1.46
-0.85	1.04
-6.39	-0.32
-9.39	-2.8
-6.18	-3.62
-6.89	-4.84
-10.48	-5.81
-9.56	-6.27
-8.61	-3.25
-7.39	-2.61
-3.51	0.09
-7.51	0.99
-8.99	-1
-9.31	-1.61
-3.93	-1.15
-9.06	-1.56
-4.74	2.8
-2.54	0.89
-1.72	1.29
-7.34	-0.79
-8.74	-1.2
-3.15	-0.85
-4.56	-0.48
-8.57	-1.93
-10	-2.96
-6.16	-1.55
-7.07	-0.45
-0.77	8.84
-0.26	9.6
0.14	5.98
1.32	3.96
1.33	11.12
1.57	6.55
3.08	5.54
0.4	6.34
3.15	5.75
-2.57	8.52
-1.06	10.15
2.61	13.42
0.7	8.81
1.77	12.92
0.33	7.17
3.5	4.6
4.26	8.2
3.5	8.61
5.03	7.14
4.31	7.1
5.17	8.18
5.69	8.95
6.94	8.46
5.08	9.83
2.7	8.62
4.37	7.6
3.39	8.16
1.8	9.45
3.83	8.05
3.59	14.2
8.06	15.95
6.85	16.11
4.08	15.23
4.07	10.74
-3.24	3.94
-6.56	2.78
-7.16	8.06
-4.38	12.99
-1.59	16.22
0.15	16.68
-0.05	16.39
-0.16	16.39
-1.14	16.27
0.18	16.62
1.07	17.62
0.52	18.79
0.99	15.06
-3.52	13.46
-1.85	20.68
7.41	16.57
5.32	17.77
1.99	12.45
1.54	15.04
1.39	20.31
3.64	18.67
3.52	13.47
6.65	21.08
7.57	20.15
9.77	17.18
7.56	14.44
3.48	19.42
6.89	22.72
8.75	18.08
6.04	15.88
8.6	16.69
9.53	15.52
9.07	13.33
8.17	11.58
8.02	13.22
8.37	11.7
7.31	14.76
6.84	11.45
6.85	13.57
6.93	12.75
8.71	15.29
10.43	16.8
3.99	18.42
7.59	15.21
2.91	10.67
2.08	10.21
-0.31	12.63
1.84	11.47
-1.96	13.77
1.04	18.15
3.1	20.56
4.04	22.11
9.09	16.27
7.54	13.44
7.55	16.62
8.98	19.51
8.7	19.37
7.79	20.29
7.76	21.62
8.41	21.37
9.27	14.32
6.52	19.24
7.63	13.41
9.63	18.28
11.63	17.37
11.5	19.41
6.86	20.22
5.26	19.36
11.43	23.1
11.93	20.3
9.19	19.68
6.53	21.86
7.26	23.55
8.74	25.6
10.78	25.38
10.68	26.85
9.73	23.98
8.08	17.24
6.83	20.46
8.07	24.41
12.43	21.52
11.33	16.41
11.32	16.06
11.95	20.08
8.4	23.66
11.35	25.83
14.36	26.57
16.14	27.64
15.42	27.04
13.72	22.82
11.82	26.64
14.2	27.1
13.77	27.21
13.88	25.49
14.18	23.7
15.11	26.21
16.78	25.41
14.12	21.38
12.12	20.3
9.33	25.45
13.34	24.57
12.49	25.08
14.65	27.71
15.71	25.72
12.85	19.01
10.31	20.98
8.87	23.95
11.43	25.47
16.04	25.67
16.49	26.83
15.48	25.23
11.62	22.26
12.43	22.85
9.29	23.01
13.72	22.55
12.08	24.13
14.04	25.49
15.87	24.66
12.84	27.54
13.59	31.17
16.66	30.89
14.14	23.73
10.97	15.77
12.38	14.47
13.24	17.74
14.18	25.71
16.66	28.72
16.1	28.49
16.1	28.92
15.32	28
17.31	28.28
15.7	29.03
16.92	28.31
17.07	25.52
16.62	28.48
17.14	26.35
17.37	25.2
16.26	23.32
13.18	21.49
15.12	23.71
11.52	24.67
14.16	22.18
16.02	24.24
14.38	24.45
14.12	20.89
12.64	21.34
8.14	23.81
12.11	25.29
12.13	26.73
14.45	28.24
15.2	29.03
15.31	29.93
16.51	30.08
18.78	27.43
16.4	29.95
18.55	30.27
19.82	31.26
19.78	28.81
15.01	25.03
15.66	20
10.83	15.73
10.71	15.03
13.12	16.03
12.81	18.34
7.84	21.12
7.53	22.34
10.23	22.27
12.18	20.7
11.88	19.87
13.51	19.41
14.52	18.11
13.75	17.87
11.1	19.98
7.54	19.86
9.49	19.93
8.76	20.92
8.66	23.25
10.15	24.15
11.81	24.71
13.04	24.44
13.56	25.56
16.21	20.84
17.39	24.34
11.25	19.9
4.84	16.16
4.15	16.01
4.7	17.06
3.82	14.81
10.11	14.77
9.75	13.68
9.2	12.65
9.42	14.12
9.04	17.58
6.17	18.88
5.08	20.14
9.33	14.48
7.13	15.59
1.29	14.25
0.91	14.77
5.05	14.44
4.97	14.53
5.43	14.34
7.1	12.58
6.18	11.24
7.16	9.72
3.33	10.42
1.84	9.86
5.51	12.65
5.82	14.93
8.47	12.18
8.94	11.32
8.64	12.62
8.57	14.53
3.15	18
8.22	20.84
6.36	16.53
7.03	13.34
-0.68	13.53
3.3	12.51
1.57	14.02
-1.29	14.25
0.13	8.67
-5.07	12.43
1.72	8.13
-3.17	8.95
1.59	12.93
4.7	16.67
1.94	15.1
1.44	15.38
5.94	15.96
11.14	18.01
11.08	13.97
8.47	13.35
7.28	14.79
1.26	12.88
1.09	13.7
1.41	15.11
2.5	13.12
2.22	15.55
1.25	16.39
1.03	16.5
0.98	10.73
1.28	14.19
1.03	10.05
4	15.01
2.4	12.46
-1.91	11.31
4.72	9.88
3.45	5.89
-2.74	6.14
0.78	12.6
0.35	15.13
-4.44	0.8
-1.95	3.06
1.27	8.53
-0.01	6.82
4.01	5.85
3.17	5.11
-0.37	4.88
-2.25	5.07
-5.47	4.26
-3.41	5.24
-5.05	5.78
-4.31	9.37
2.12	6.82
4.23	7.08
5.73	13.29
2.68	11.04
1.56	6.52
-0.91	7.72
-3.44	3.58
0.82	3.11
1.56	12.44
0.7	8.47
-1.41	2.73
0.25	2.81
1.97	2.9
1.89	2.57
0.9	2.21
0.39	1.61
-0.9	0.73
-1.61	-0.66
-0.94	3.87
0.1	3.08
-2.96	0.88
-8.56	0.11
-9.1	-0.8
-6.46	-3.68
-5.09	-3.97
-4.93	-2.73
-2.91	-0.66
-5.98	-0.77
-11.59	-2.22
-12.09	-1.04
-11.28	-1.75
-8.85	-0.85
-2.32	1.32
-2.84	0.31
-0.82	1.53
-0.43	4.31
-0.37	1.95
-5.56	3.95
-1.33	0.63
-0.91	-0.07
-0.83	0.07
-1.28	2.16
-2.66	2.95
-6.81	3.53
-8.51	2.5
-7.84	-1.31
-2.23	-0.25
-3.66	-1.07
-2.75	1.31
0.33	1.55
0.39	1.84
0.49	1.76
-0.16	0.92
0.61	1.28
0.31	0.95
-2.63	1.6
-10.05	-1.6
-15.99	-4.23
-9.81	0.87
-5.93	5.36
-1.95	1.67
-1.51	7.86
0.44	1.82
0.37	1.69
-0.33	2.55
-2.9	2.77
-4.55	6.93
-5.94	3.63
-3.44	6.34
-1.6	7.37
-3.03	7.21
3.57	9.2
-0.4	7.7
-3.6	5.79
0.14	5.16
1.76	7.08
1.29	4.7
0.82	4.74
-0.36	4.25
-2.43	6.41
-4.52	6.9
-2.39	5.34
0.02	8.64
1.2	10.94
-0.17	9.06
-3.13	7.2
-5.68	5.04
-2.31	3.29
-2.75	1.42
-3.2	3.43
-2.58	6.92
-4.36	10.1
-0.91	9.56
-0.26	5.4
2.4	9.23
-2.73	12.55
0.71	9.87
1.04	6.77
-2.02	2.74
-2.82	3.87
-1.82	4.12
-3.86	6.67
-3.12	5.57
-0.39	2.41
-0.41	2.58
0.11	3.98
-3.7	10.26
-2.77	10.1
0.26	9.8
-1.17	10.86
-1.98	11.69
0.71	13.34
-1.73	16.26
-0.99	17.7
0.97	18.04
1.54	14.57
4.82	17.51
2.12	16.77
2.11	14.36
5.28	15.65
1.44	18.4
8.05	17.48
4.8	17.97
4.11	15.31
4.38	10.15
2.81	12.61
-1.17	17.44
4.91	16.44
4.63	9.57
4.75	11.53
5.19	17.99
2.77	10.66
2.76	10.18
1.39	6.28
0.96	5.09
1.52	9.5
4.74	12.21
0.52	15.27
4.57	11.12
-0.9	13.16
0.48	6.78
2.95	7.54
-0.04	13.06
0.01	15.44
6.35	11.14
7.32	11.9
5.23	14.21
2.89	16.01
4.51	19.63
11.7	19.84
7.74	22.5
8.89	23.25
12.17	25.82
14.95	24.97
12.06	25.61
11.33	28.27
17.06	29.07
12.31	21.32
7.35	22.47
4.85	16.68
3.35	17.5
5.36	21.39
8.04	16.61
0.93	19.08
1.89	21.42
7.01	23.51
7.51	13.41
1.58	16.21
0.41	14.94
7.67	23.29
10.66	24.52
11.65	25.62
12.4	26.64
9.06	25.28
14.06	23.47
10.85	21.4
8.7	20.49
7.9	19.78
8.63	22.86
7.39	24.41
10.74	24.51
10.79	23.24
12.57	27.1
15.71	28.86
16.52	25.34
15.8	22.05
11.85	24.86
14.11	22.22
13.58	18.46
11.12	21.67
11.5	21.29
13.53	24.57
14.91	24.92
13.64	23.8
14.05	25.31
14.29	25.65
11.16	20.49
12.39	18.21
11.37	20.83
8.65	21.11
7.92	21.78
7.22	23.54
14.42	21.16
14.35	16.02
15.55	23.26
12.28	20.88
14.29	21.83
12.84	26.33
12.73	27.32
15.65	28.37
17.74	26.83
15.66	22.64
14.27	22.43
13.71	25.21
15.51	26.97
14.93	27.61
13.35	27.24
13.28	27.94
15.75	26.02
16.03	27.28
15.76	25.39
16.88	24.15
10.7	25.23
10.98	26.49
13.44	21.57
11.01	25.49
16.44	27.4
20.43	28.83
18.5	30.14
16.05	27.08
12.35	25.16
12.48	25.71
12.24	27.8
14.16	24.28
12.15	23.32
10.99	22.08
9.18	21.01
9.62	22.03
11.68	22.35
8.92	21.98
13.01	23.39
12.21	23.98
11.8	25.03
10.48	26.47
11.4	27.31
15.47	23.56
13.51	25.85
12.76	26.83
13.13	27.76
15.2	29.53
16.11	25.45
8.88	24.09
8.65	25.56
8.98	26.95
12.55	28.22
14.15	27.04
11.6	24.96
9	24.87
8.99	25.47
8.96	27.7
10.52	30.2
12.99	31.14
12.78	30.94
14.81	27.48
16.35	22.63
15.87	21.54
15.36	27.55
14.11	26.35
15.36	22.41
9.97	24.4
14.32	19.18
14.96	15.93
15.19	21.16
11.66	20.72
14.46	21.91
10.94	25.4
11.17	28.15
12.22	29.81
12.35	29.93
12.86	30.21
12.71	30.12
12.34	30.31
11.7	29.92
13.12	25.48
9.47	19.58
7.44	19.08
5.69	18.42
10.06	19.5
6.49	19.21
7.83	22.35
13.26	21.19
14.06	23.38
13.01	18.05
12.38	21.33
13.37	24.29
12.96	19.48
7.91	19.55
12.56	18.68
10.73	14.95
10.06	12.72
9.89	11.74
9.07	17.83
4.7	19.52
7.69	14.3
9.77	14.22
10.38	18.12
12.12	18.97
8.77	18.7
6.34	19.43
4.86	19.29
2.89	19.03
5.36	18.51
9.97	17.79
3.66	19.2
2.75	19.09
6.07	10.23
1.1	5.97
4.69	15.62
9.67	18.78
6.9	15.99
11.23	22.59
5.1	15.26
1.56	12.01
0.13	12.65
2.01	10.06
4.8	12.46
-1.06	10.52
3.2	6.27
-3.52	6.01
-5.9	7.99
-4.88	8.86
-4.76	11.06
-4.59	12.41
-2.7	11.23
4.48	10.34
-4.3	5.92
-8.45	7.3
-7.61	8.44
-6.89	8.65
-3.33	16.93
6.23	17.39
0.12	7.86
-2.93	8.4
1.52	8.07
0.44	11.61
-2.3	10.47
-2	10.31
-2.33	8.07
3.98	8.07
-1.56	6.68
1.86	10.87
-0.4	10.05
-3.41	6.16
-3.62	11.2
-0.45	12.22
-4.35	9.46
-4.73	7.56
-4.92	8.76
-1.84	9.77
3.79	12.22
-0.22	5.01
-3.24	1.37
-8.89	-1.47
-9.69	-1.61
-10.19	-1.27
-12.65	-2.84
-15.2	-4.82
-14.49	-4.25
-15.67	-1.79
-7.56	2.96
-4.77	5.83
-3.18	6.11
-3.03	8.93
-0.15	8.7
-5.64	0.02
-10.03	-1.32
-10.65	-1.5
-9.35	1.22
-3.01	5.85
-0.16	3.68
-5.05	3.2
-0.53	5.88
0.07	3.27
-1.57	1.06
-0.45	11.97
5.12	12.12
4.11	14.14
0.67	10.52
6.5	13.16
5.36	12.82
3.46	8.81
-1.61	4.37
2.01	3.32
0.78	2.75
1.3	2.89
0.84	2.16
0	1.03
0.26	1.09
0.45	1.52
0.58	2.59
0.82	2.18
0.75	1.96
0.65	2.83
1.13	2.09
0.5	1.81
-1.16	0.59
-1.38	0.44
-1.38	2.3
-2.32	0.46
-1.03	0.14
-3.06	0.26
-0.21	1.3
-0.09	4.41
0.03	3.9
1.93	7.24
5.59	12.62
-1.25	8.38
-4.14	6.75
-1.73	5.47
-0.62	6.87
-0.83	8.08
-1.89	6.04
-1.57	2.12
-0.95	6.69
-1.49	3.19
1.53	3.42
1.81	10.82
4.4	11.31
0.63	8.38
0.93	12.59
3.35	8.13
2.56	6.98
2.67	10.03
0.51	9.08
-0.71	8.04
-1.71	10.53
1.76	14
0.65	14.44
7.09	16.03
2.94	13.97
0.53	10.56
4.65	8.18
0.46	7.91
6.19	11.64
3.38	11.55
4.33	9.77
1.03	8.77
1.64	6.54
0.65	8.06
-1.6	4.34
2.78	6.39
2.7	5.86
0.19	3.69
0.46	5.14
-2.71	5.45
-4.02	5.18
-2.72	4.58
-2.7	4.19
-1.1	5.91
3.53	6.11
2.84	5.12
1.68	4.89
1	3.23
-0.37	2.97
0.67	2.58
0.75	4.84
1.1	5.15
1.11	9.75
-2.4	12.49
-0.85	10.53
0.98	13.55
1.21	16.12
4.21	18.19
9.76	17.89
10.48	19.04
5.82	23.09
2.75	23.71
3.1	21.2
4.7	21.11
7.28	15.77
1.91	18
3.54	20.71
5.46	20.49
3.96	19.88
4.12	15.16
2.97	14.44
5.14	10.51
5.43	13.93
-0.26	15.07
-1.55	15.9
-0.98	17.13
1.73	16.75
1.32	16.25
3.71	15.88
0.29	19.76
1.38	21.38
4.44	16.78
7.01	19.25
9.87	15.51
2.43	10.25
1.23	12.42
-0.9	11.26
2.8	10.91
4.07	10.58
3.9	12.83
-1.86	16.8
4.93	12.76
-0.28	13.09
1.26	16.74
1.86	17.73
2.13	11.93
7.1	11.95
1.97	15.19
8.6	19.77
10.08	20.54
7.75	19.42
11.37	16.23
10.01	16.53
9.52	18.96
8.6	16.48
8.29	11.56
9.32	14.1
6.03	15.47
4.66	14.68
1.86	16.9
1.6	19.66
5.41	18.88
9.3	17.04
9.28	21.24
6.72	23.09
5.4	16.37
6.41	16.69
2.73	15.95
5.41	20.07
6.29	22.27
8.72	24.65
10.12	22.38
9.23	19.76
6.71	17.88
5.05	16.19
7.91	16.38
3.9	21.24
4.97	24.56
8.77	23.89
11.45	23.18
9.89	24.72
13.8	25.03
15.91	21.19
15.22	19.5
8.56	23.57
8.47	26.38
14.33	23.05
14.42	24.89
11.23	19.16
5.42	19.03
8.5	21.96
8.97	14.88
8.75	17.03
5.86	16.82
7.95	13.46
9.69	20.21
8.37	22.88
10.31	22.44
9.49	24.51
9.91	25.2
14.22	21.45
8.68	21.25
12.15	21.21
8.15	20.53
10.47	25.65
15.33	21.25
14.74	23.75
11	26.91
16.18	25.83
12.66	24.73
14.28	21.6
14.95	22.74
10.37	26.53
13.87	24.14
8.01	25.41
11.35	22.64
12.54	24.44
11.97	27.55
12.71	20.83
10.37	20.61
9.5	22.21
11.09	23.89
11.51	24.65
13.49	28.03
16.08	29.96
16.25	30.45
16.39	25.82
10.01	27.43
16.57	30.45
14.57	26.64
12.95	19.21
9.58	18.94
10.82	19.49
12.92	20.72
13.75	23.04
10.98	28.08
13.26	23.33
8.79	22.13
8.91	25.49
9.52	28.6
11.95	29.38
12.39	29.77
16.87	30.94
16.21	30.35
16.47	31.22
17.3	30.59
16.9	32.2
17.55	29.88
15.81	25.81
12.5	24.09
10.03	26.67
14.42	24.43
9.78	24.41
14.17	21.58
10.86	19.91
7.63	24.78
10.72	28.63
15.08	32.28
17.13	32.89
17.1	32.33
14.49	31.43
15.97	31.06
16.89	29.81
16.76	28.1
17.45	25.04
17.36	24.65
17.23	24.33
16.6	24.2
16.75	21.96
16.98	23.94
14.93	20.25
13.94	24.74
11.15	23.6
10.55	23.63
15.27	22.31
14.12	23.12
14.1	27.34
13.81	22.5
7.73	21.53
9.11	23.51
15.26	19.35
7.92	23.76
8.22	24.64
12.35	23.05
7.84	20.01
9.17	22.17
10.86	23.77
10.31	26.99
14.29	23.78
14.96	21.1
12.84	22.72
11.68	21.4
12.56	22.28
10.53	19.5
12.94	15.88
12.15	15.03
10.83	14.75
9.48	18.49
9.47	12.36
7.3	13.66
4.64	17.28
3.04	21.29
8.94	16.55
8.48	9.48
7.61	11.24
4.32	9.64
4.3	13.88
7.72	10.42
6.47	8.75
6.78	9.59
0.77	12.14
5.79	9.68
2.24	8.45
3.4	14.3
1.53	12.8
4.81	10.78
6.51	10.18
5.45	8.91
2.36	9
5.3	8.55
1.31	13.25
1.86	13.6
-0.3	14.51
8.02	13.23
4.63	8.22
4.16	12.93
1.05	13.03
2.67	9.68
4.23	14.94
4.92	10.46
0.14	9.85
5.44	8.42
2.18	7.59
-1.42	8.37
-1.67	7.31
0.88	8.95
-1.13	9.56
0.85	10.91
-2.14	10.79
3.83	5.99
3.53	5.95
2.5	4.39
1.14	7.67
-3.09	9.63
-3.83	9.92
1.3	9.61
1.07	13.4
0.47	11.27
4.53	15.69
9.63	16.75
11.74	17.54
5.94	16.46
5.42	15.4
5.6	13.98
-0.25	10.29
-0.24	6.64
2.56	5.69
4.27	7.91
4.52	7.56
5.2	7.77
3.75	9.29
0.39	8.15
1.36	5.19
-0.59	4.64
-1.34	7.8
-0.31	9.62
1.44	10.11
4.71	14.83
3.02	12.76
-0.64	5.3
-0.76	4.24
1.21	5.94
4.48	10.83
6.26	9.33
4.23	7.12
4.31	5.71
0.27	5.52
-3.14	1.63
-0.97	2.3
-5.97	4.24
-4.41	3.86
-3.24	5.99
1.11	8.98
-2.35	6.79
-1.06	7.98
-1.72	9.09
-5.07	5.5
-5.23	5.65
-2.75	-0.73
-1.24	0.61
-1.38	3.17
-1.54	11.27
0.1	11.37
3.71	17.03
2.05	8.71
-0.44	2.93
-2.54	3.99
1.34	6.32
-0.94	5.54
-3.68	3.05
-1.94	4.46
-0.71	13.53
-1.59	7.88
0.38	5.38
-2.69	2.91
-5.09	5.72
-5.72	6.85
-2.03	6.82
-3.73	7.39
-3.29	9.79
-2.6	8.15
1.61	9.91
6.33	13.21
7.12	12.9
6.24	13.82
2.2	9.44
-0.52	4.55
0.86	6.36
-0.07	5.91
-0.11	9.01
1.11	10.44
1.23	10.64
0.04	9.3
3.27	7.61
-0.66	9.86
-0.13	4.35
-2.26	7.4
-1.14	3.31
2.2	7.33
1.76	5.62
-0.25	2.9
-4.06	4.48
-5.45	5.48
-5.1	8.12
-0.76	3.07
-6.57	4.16
-7.17	7.03
-4.61	11.37
-0.25	9.72
0.14	9.52
0.62	8.2
-0.55	6.63
-1	2.98
-7.47	1.3
-8.95	4.42
-2.43	3.55
-0.29	3.06
-0.54	4.18
-4.09	6.58
-5.56	9.34
-4.6	8.22
-4.73	7.64
-0.59	4.31
-4.67	6.96
-6.86	11.92
-5.06	14.11
-2.5	16.05
4.12	16.71
3.55	15.42
3.13	13.85
0.96	15.56
0.34	15.34
5.32	16.57
2.64	16.93
1.55	16.94
4.54	16.71
3.01	13.05
4.96	14.58
5.6	9.54
1.57	12.62
0.43	11.95
3.48	7.41
1.5	6.55
1.77	12.28
4.34	11.78
3.34	8.89
-1.7	5.14
-1.17	3.64
-1.08	6.21
-2.98	8.4
-2.94	12.83
2.02	12.88
7.65	15.19
0.33	11.51
1	3.86
2.4	5.73
3.34	7.42
3.65	7.91
3.8	11.23
6.72	15.35
6.48	20.05
6.91	20.94
6.79	15.98
4.03	14.24
2.84	15.87
2.05	9.19
4.25	11.27
-1.93	12.52
3.92	13.96
4.84	16.39
5.11	20.47
6.35	14.58
3.51	14.59
4.22	13.91
1.56	14.86
-0.28	18.54
3.88	16.3
8.29	18.51
4.97	16.91
7.64	18.51
8.24	15.46
3.1	11.84
1.1	14.04
0.63	18.21
0.87	21.01
1.85	22.69
6.44	18.38
5.43	19.66
5.04	21.1
7.87	18.2
7.85	18.16
7.9	19.79
9.64	25.09
12.98	20.51
6.52	19.56
4.49	22.18
5.32	22.96
8.82	22.4
9.89	19.05
9.74	24.12
12.17	23.96
10.04	26.11
11.46	26.06
10.5	27.32
11.9	28.18
11.83	26.54
12.14	24.63
12.82	25.24
10.2	17.38
8.61	17.76
11.39	14.54
9.88	20.1
11.16	19.16
12.67	20.89
8.84	24.51
14.74	23.91
9.49	22.58
10.35	19.9
7.2	14.04
10.24	15.98
10.35	17.19
5.9	16.28
6.03	17.07
6.82	17.72
12.27	16.78
11.13	19.61
11.88	20.33
13.14	22.62
10.78	25.3
12.8	26.75
15.3	27.98
15.59	29.15
17.69	24.95
14.2	19.77
13.21	17.75
8.41	19.45
15.11	18.36
14.39	24.37
16.29	27.96
16.57	28.91
16.21	27.18
14.73	23.13
14.26	24.85
10.73	27.64
13.52	27.24
13.68	22.9
13.01	17.86
9.7	13
10.1	22.29
16.26	25.26
11.26	26.99
15.62	24.52
14.16	25.42
12.93	26.58
11.88	27.36
13.96	27.88
15.47	28.38
16.8	26.28
15.27	23.04
15.54	25.08
13.8	28.02
15.55	29.92
16.9	27.21
14.57	27.74
15.36	29.33
16.3	25.3
11.5	25
13.21	25.15
13.67	25.31
11.61	26.66
13.5	28.1
13.89	23.49
9.02	21.84
9.19	22.86
10.16	25.41
11.67	27.11
15.42	27.06
12.92	26.13
13.68	26.39
14.41	25.56
13.83	24.43
13.9	25.14
13.23	22.91
12.85	25.08
14.56	25.44
15.23	24.77
15.07	26.52
15.18	28.24
14.57	28.94
16.04	26.08
16.01	23.86
12.28	23.49
12.79	25.57
14.93	23.83
14.55	27.74
15.89	25.78
15.62	22.54
10.51	23.83
9.98	26.09
11.4	25.54
12.05	26.19
14.81	25.67
15.29	19.96
14.17	20.44
14.14	20.97
14.98	19.83
15.23	19.19
13.96	24.13
15.59	24.63
12.96	25.76
13.81	26.01
14.6	25.07
13.79	25.16
13.52	25.47
14.06	24.29
13.57	21.44
14.5	20.67
8.44	20.81
9.97	22.48
10.1	22.97
14.76	18.9
11.14	15.39
6.37	20.99
13.31	25.07
14.89	26.49
14.4	28.05
15.09	26.25
11.83	24.35
9.61	24.77
9.91	24.91
11.94	23.04
10.61	24.07
12.29	23.03
12.33	23.12
14.69	24.16
13.25	20.76
14.49	25.29
12.27	24.42
12.57	24.23
13.2	25.05
12.96	21.87
10.37	23.39
12.63	19.24
6.63	17.42
7.66	16.68
5.74	19.11
3.58	16.9
5.55	15.31
4.57	12.71
4.86	9.7
3.44	8.46
6.79	8.89
6.94	10.23
3.81	13.18
3.99	13.99
9.67	11.57
8.78	13.49
7.3	12.99
8.77	11.04
6.13	12.92
6.12	12.66
2.99	14.19
7.36	12.97
2.08	13.39
0.5	15.71
0.31	17.21
0.12	17.74
1.36	16.92
3.39	10.8
2.42	10.12
3.34	5.51
4.87	8.3
6.38	8.5
6.58	9.22
6.67	8.65
5.73	7.79
5.65	8.08
4.42	9.4
4.25	7.44
3.89	5.87
4.41	6.93
2.93	6.52
3.87	6.53
3.01	5.79
1.84	6.94
0.22	4.05
0.87	3.46
3.17	7.05
0.57	9.2
1.91	6.81
-0.2	6.18
-3.79	4.61
-1.83	1.24
-4	1.04
-9.45	0.18
-10.04	2.37
-4.47	4.81
-1.47	7.25
-1.85	6.05
0.62	7.09
1.12	6.59
2.49	5.57
3.6	5.89
3.59	6.86
0.27	4.83
0.81	8.12
-0.48	6.83
-3.31	5.3
-3.31	3.92
-3.65	2.19
-2.38	3.17
-2.1	1.41
-0.74	1.17
-0.53	1.29
-0.6	1.28
-0.39	1.45
0.89	3.02
-0.99	2.22
-7.47	-1
-9.25	0.14
-7.47	0.11
-6.09	5.07
-5.93	3.39
-7.53	0.88
-3.9	0.21
-5.74	3.34
-1.83	4.32
-4.01	5.1
-4.84	1.99
-1.97	0.4
-3.28	-1.82
-3.63	-0.61
-1.92	8.64
0.61	10.66
1.18	6.95
-3.51	3.43
0.39	5.46
-0.84	1.42
-3.92	5.5
-5.09	3.68
-4.94	0.31
-3	6.75
-0.59	13.29
3.18	12.92
2.13	9.27
-0.09	7.12
-4.48	1.63
-6.89	0.06
-3.05	1.09
-2.07	6.68
-4.75	7.02
-1.6	7.8
-2.11	7.46
-1.15	12.83
0.13	6.63
-3.35	0.9
-6.79	0.88
-2.91	0.14
-6.02	-1.61
-5.81	-2.1
-11.88	-2.64
-6.19	-3.05
-6.21	-4.48
-5.09	-1.59
-2.6	0.83
-1.25	1.61
-0.15	2.37
-0.12	1.3
-6.99	1.28
-9.8	-1.63
-11.85	-2.44
-6.33	4.71
-1.95	1.02
-2.93	-0.72
-4.9	-2.12
-4.54	0.43
0.15	3.35
0.91	4.66
1	3.48
-0.37	1.44
-1.29	2.24
-0.25	3.52
-2.25	3.59
-4.09	5.46
-3.8	2.17
-3.21	-0.38
-1.79	1.22
-0.76	14.71
-0.91	13.32
-2.57	12.88
-3.18	14.64
-2.68	17.84
-1.79	16.53
-1.51	9.14
-2.5	4.1
-5.19	-0.06
-6.96	-0.41
-4.29	-1.11
-8.26	0.1
-3.26	-0.73
-3.9	0.68
-14.45	0.52
-17.87	2.72
-12.02	2.99
-7.73	3.12
-2.25	5.44
-0.04	3.96
1.35	9.16
-1.66	12.9
2.79	14.59
0.1	8.58
-3.97	1.81
-7.4	4.37
-2.19	3.68
1.31	5.46
-1.48	10.15
1.75	15.45
-0.99	15.1
-1.14	12.82
1.46	15.3
0.97	18.77
4.92	16.91
1.6	20.71
2.6	22.67
6.64	24.44
3.06	24.27
5.19	22.85
4.89	23.77
6.52	18.65
5.34	10.13
4.03	9.38
2.62	10.19
0.39	11.36
0.23	16.21
3.75	16.39
3.59	17.17
2.21	19.22
5.77	16.23
5.22	18.11
3.49	20.02
3.16	21.52
4.8	22.02
5.29	19.59
4.44	15.33
2.28	7.1
5.68	13.11
8.16	16.99
6.24	13.03
6.33	16.62
3.72	11.99
2.34	7.53
-1.81	10.77
-2.24	14.08
0.74	12.07
3.52	18.55
4.04	22.02
9.49	23.33
6.85	26.13
7.8	26.11
8.96	24.42
8.27	24.17
9.33	24.73
8.42	23.37
7.25	23.54
10.22	20.61
6.74	17.08
1.11	19.19
4.67	23.85
6.96	23.99
8.17	24.69
8.7	24.84
8.39	24.33
8.95	22.95
10.48	16.59
5.7	13.88
9.05	15.57
7.61	20.22
8.6	22.29
10.92	18.2
7.93	19.22
7.05	21.76
9.27	23.95
12.36	19.15
11.31	19.25
11.76	16.86
9.32	15.64
7.01	16.97
6.26	15.67
7.96	19.01
12.01	20.89
10.9	24.35
11.14	24.71
11.26	22.78
10.14	23.96
14.91	22.98
11.67	27.11
15.05	23.5
10.6	26.11
13.36	22.77
11.15	19.75
9.25	23.76
9.68	26.22
11.34	27.83
12.98	28.5
14.32	28.9
14.26	25.95
11.79	25.81
10.78	26.23
10.96	27.05
11.89	26.62
11.22	27.37
13.55	30.54
16.44	29.02
12.27	29.23
11.27	28.78
11.18	29.56
10.73	30.68
13.24	31.84
15.09	25.06
9.11	25.94
10.05	28.18
11.7	27.86
13.28	25.32
12.51	26.67
10.12	27.9
11.59	30.17
16.54	26.47
13.13	28.69
13.1	30.82
13.54	30.94
14.87	31.14
13.48	31.62
14.97	31.76
16.08	28.21
16.63	23.26
14.74	19.38
14.86	20.19
14.44	18.3
13.26	22.94
14.05	22.67
14.99	24.36
14.44	21.95
7.2	23.74
10.54	26.15
14.49	22.34
9.4	20.98
10.15	23.69
11.66	22.85
11.6	19.79
7.34	20.91
7.91	24.31
11.15	23.26
9.01	21.51
10.4	23.69
15.18	22.85
14.38	24.84
11.29	22.58
10.96	24.17
9.66	24.89
11	19.47
14.64	18.9
12.36	23.05
11.05	22.49
9.99	22.04
11.05	18.36
10.17	15.47
10.38	20.96
9.67	21.93
7.59	23.87
7.61	24.58
7.33	24.9
9.1	24.82
10.09	25.52
15.21	20.99
14.32	24.66
14.77	22.23
13.73	22.31
11.69	19.47
10.03	12.34
9.81	16.2
6.31	16.8
8.33	19.52
5.34	21.1
6.75	21.3
11.53	20.03
9.23	16.67
8.64	23.21
13.08	23.65
14.06	24.16
12	17.22
11.23	15.59
10.07	18.04
10.56	14.35
10.86	18.56
9.54	16.61
9.52	15.67
8.34	13.52
9.59	15.67
4.86	18.86
7.5	22.77
11.92	17.15
11.84	20.29
11.57	25.69
16.4	24.59
15.1	19.38
11.86	16.84
13.9	22.98
13.01	24.83
15.56	22.95
13.72	19.02
12.27	19.29
5.38	21.53
6.05	23.56
7.1	23.81
8.03	22.69
9.66	21.48
12.43	23.12
11.75	23.11
12.92	18.82
10.69	17.29
10.25	12.92
6.46	11.19
4.34	6.14
5.14	6.76
4.87	8.29
5.41	8.24
1.09	11.27
-0.64	10.62
-0.51	9.59
1.88	5.68
3	5.53
2.55	5.07
0.43	6.36
4.8	12.66
5.72	11.79
9.26	17.34
5.06	12.71
4.73	9.36
5.89	14.23
8.65	12.65
7.85	14.46
8.7	13.53
6.92	14.13
6.25	16.27
3.88	16.54
7.75	16.32
8.27	15.34
8.89	13.12
8.48	10.47
7.53	10.26
6.16	8.64
3.53	9.67
4.74	8.42
3.88	6.91
0.72	6.27
1.7	5.22
2.19	3.95
2.51	4.1
-1.24	5.04
-3.9	4.64
-0.04	4.02
-1.48	3.02
-3.57	2.74
-2.1	5.15
-2.66	3.87
-2.39	8.62
5.14	11.65
4.54	12.97
1.84	9.74
0.84	4.48
0.51	2.79
-1.49	2.18
0.5	7.06
0.61	7.99
-1.4	9.37
1.04	3.82
-1.45	4.17
-3.07	1.16
-4.8	1.6
-6.19	1.54
-5.15	-1.33
-4.69	-1.1
-2.31	0.17
-0.64	2
0.82	4.09
2.16	5.19
-0.36	3.28
1.67	3.48
-0.04	2.01
-1.14	0.06
-1.22	1.27
-3.53	2.96
-8.85	-0.64
-8.59	1.93
-4.12	-1.26
-12.17	-2.87
-18.12	-5.1
-9.69	3.53
-0.8	4.11
0.4	1.59
-0.6	0.6
-1.93	-0.16
-2.06	0.04
-1.8	-0.5
-2.4	2.22
-2.13	0.44
-2.39	4.44
2.8	7.69
2.56	6.85
-0.05	4.1
-5.93	2.2
-1.43	2.57
-3.96	0.69
-4.7	2.35
-3.21	1.11
-9.56	-2.61
-5.43	0.29
-2.39	0.79
-1.1	0.85
-1.82	9.56
0.06	4.86
-0.78	3.98
1.99	11.63
4.19	8.2
-1.69	9.03
3.05	7.35
2.97	11.42
1.8	6.21
-2.36	2.67
-5.32	-0.32
-10.6	0.25
-10.21	-0.66
-3.59	2.56
-1.24	2.06
-1.08	3.72
-0.31	10.7
1.07	10.76
4.44	11.78
6.28	13.9
3.12	11.14
3.73	12.82
3.22	7.22
0.32	6.02
-0.43	8.01
-0.43	9.47
0.28	11.86
3.06	14.19
9.08	14.68
10.63	14.48
5.43	12.24
8.51	15.07
3.14	15.97
4.71	15.25
2.91	12.99
0.65	7.08
-2.06	1.58
-5.71	6.69
-3.82	8.29
1.55	13.61
5.45	12.5
4.12	13.75
-0.32	14.54
-1.95	11.36
-1.42	13.06
-0.63	16.08
0.12	15.46
0.28	15.25
7.42	14.72
5.65	10.13
0.75	16.02
5.1	14.58
-0.54	15.7
2.46	17.02
4.02	17.21
3.03	17.62
6.45	17.23
2.89	15.5
5.77	19.7
5.65	22.33
3.27	24.56
3.95	22.65
6.66	19.17
4.48	19.93
7.26	17.88
1.74	13.08
-2.08	2.56
-2.61	2.93
-2.34	9.48
-0.7	12.5
2.02	12.11
5.67	10.89
5.6	8.86
-0.99	13.18
1.95	17.07
6.08	12.77
2.36	7.75
1.14	7.7
-1.44	7.22
-1.95	7.36
0.72	10.22
3.88	12.9
3.31	9.5
-0.42	10.16
-0.45	14.52
-1.82	18.92
5.57	13.8
6.01	12.18
-1.83	15.25
2.67	20.04
7.71	19.95
7.44	16.47
2.98	15.36
4.63	19.21
5.92	24.33
10.69	19.88
8.67	25.87
9.71	26.76
11.25	26.92
10.66	24.07
8.42	26.3
10.04	28.76
15.05	25.46
7.39	19.57
7.95	16.05
5.77	17.17
5.78	16.9
4.56	19.31
5.74	21.91
7.89	24.51
13.11	22.28
10.33	17.06
9.22	17.89
8.35	19.25
7.52	20.39
8.54	19.42
13.7	22.79
14.41	27.14
12.01	26.83
11.08	23.18
9.41	15.45
3.31	20.03
4.69	23.4
9.77	19.03
7.17	16.41
2.19	18.99
2.12	22.62
5.57	24.97
10.06	17.44
6.7	16.64
1.26	18.23
6.88	18.43
8.2	17.74
11.58	21.31
10.44	23.34
8.69	23.66
12.52	27.21
12.52	29.32
13.54	29.74
14.82	29.48
16.73	29.98
15.09	30.54
17.67	31.68
12.69	26.62
15.01	22.66
15.42	26.15
15.84	29.79
17.96	28.65
16.32	26.97
12.81	25.02
14.85	21.43
13.81	23.82
10.16	25.48
11.91	26.53
11.11	24.21
15.11	20.66
9.94	22.61
10.31	25.61
15.8	22.68
13.2	23.33
9.63	26.22
12.23	29
14.31	27.56
15.89	26.12
10.42	24.68
11.88	27.77
13.24	28.17
16.56	25.81
15.85	25.04
13.49	25.96
14.37	27.81
10.43	28.62
15.4	27.73
13.34	20.05
9.81	21.44
12.2	23.26
13.29	24.16
15.16	23.41
13.01	25.55
13.92	22.44
11.99	19.94
12.04	24.11
13.48	25.89
13.12	27.57
11.83	22.95
7.84	21.78
7.76	23.24
9.93	25.23
12.62	26.36
15.26	25.01
14.82	20.38
12.59	20.63
14.43	24.1
12.27	26.34
11.79	27.39
13.53	27.71
12.96	26.41
13.49	28.01
14.26	28.16
13.86	26.44
13.28	23.5
11.76	23.99
13.4	21.48
11.75	21.6
13.35	24.98
12.12	24.09
15.57	23.09
15.85	25.86
17.01	24.32
12.06	22.97
16.42	21.97
15.11	22.41
12.84	21.45
9.8	19.5
8.6	21.22
10.56	23.14
12	25.7
15.46	21.89
16.44	24.05
16.68	26.24
15.78	26.23
12.47	25.3
12.12	25.23
12.51	26.53
11.72	26.96
12.96	26.19
13.07	26.33
11.96	27.09
12.41	27.19
12.27	21.24
5.92	18.17
11.65	21.49
9.98	25.19
10.95	19.41
4.85	16.54
4.9	21.37
6.96	15.89
5.88	11.81
7.11	8.58
4.88	13.46
6.64	10.2
7.72	13.96
4.88	15.87
6.11	14.85
7.73	15.67
7.43	15.56
5.13	15.75
8.35	13.41
3.35	12.94
-1.43	14.61
4.91	19.08
3.76	20.91
6.08	15.24
1.29	15.46
0.02	17.28
4.29	20.82
10.44	21.82
13.62	23.09
13.72	23.51
6.92	22.29
8.58	17.63
12.63	14.97
11.72	14.18
10.2	18.09
9.06	17.08
8.34	13.04
5.3	14.97
0.33	14.98
-0.55	16.16
1.82	16.37
1.76	15.48
2.35	10.72
4.92	12.21
8.26	12.71
5.82	16.05
6.72	18.82
5.03	17.11
4.79	15.36
6.04	11.85
8.51	12.42
8.69	13.64
5.79	11.8
7.67	12.77
7.43	13.44
5.23	15.6
4.68	19.78
9.12	14.19
7.95	13.88
6.19	13.91
3.52	9.53
6.01	10.04
6.02	15.39
2.67	19.6
1	16.65
3.69	12.71
0.49	7.42
2.71	8.36
4.02	6.69
-0.31	8.91
-1.64	9.03
-2.56	8.22
-3.82	4.88
-1.49	7.98
2.62	8.26
0.37	7.68
-2.9	7.64
0.02	8.44
0.75	4.16
1.3	4.04
-0.87	3.96
-5.54	2.56
-6.16	0.58
-2.58	0.94
-2.24	1.17
-1.11	1.22
-4.72	3.45
-9.45	0.95
-10.12	1.45
-0.66	2.72
-0.18	1.34
0.16	1.89
0.5	2.44
-0.99	1.03
-7.19	-0.38
-6.77	-2.04
-6.74	0.03
-2.41	2.39
-0.06	3.6
-1.2	1.39
-2.77	0.08
-4.61	-2.18
-4.62	-4.01
-4.66	-3.35
-5.07	-1.37
-7	-1.81
-5.13	1.22
0.59	9.32
0.67	8.14
0.6	6.75
2.46	7.04
0.62	3.49
-1.25	3.15
-3.16	6.34
-4.05	4.48
-5.82	6.41
-2.86	7.48
0.61	7.96
-4.69	1.39
-9.28	0.92
-0.69	2.38
-3.35	0.62
-5.25	-2.79
-4.99	-2.98
-5.02	-2.72
-4.67	4.3
0.21	4.11
-1.17	3.27
-1.9	2
-1.55	0.64
-0.6	0.36
-1.88	1.85
-3.79	1.2
-1.45	0.55
-1.86	0.52
-1.34	0.68
-2.81	1.37
-5.81	3.86
0.37	6.6
-3.4	5.64
-3.11	6.7
-3.41	2.91
1.46	8.12
-0.9	5.01
-1.76	5.23
-2.15	5.2
-0.34	3.34
-2.25	2.57
-0.53	3.49
-0.46	2.14
-0.54	3.61
-2.24	2.12
-2.39	-0.25
-5.29	-0.96
-7.3	0.01
-2.67	1.68
0.01	2.39
-0.31	2.25
-2.25	3.04
-4.2	2.92
-7.21	2.85
-1.22	2.32
-3.13	2.03
-7.59	-2.13
-7.05	-1.19
-19.69	-1.71
-15.13	0.17
-11.55	7.03
1.55	11.15
6.29	13.58
6.12	16.37
7.79	12.11
4.89	13.25
4.44	10.51
1.66	16.88
3.45	17.05
2.28	16.79
3.49	12.99
5.78	9.91
0.81	6.92
-0.18	9.28
1.32	10.38
1.7	10.71
-0.6	15.67
3.49	9.7
-3.9	10.36
4.21	13.16
6.06	10.64
0.23	14.58
4.55	10.6
2.3	7.01
-0.31	8.62
-3.36	10.01
3.23	10.27
-0.38	9.13
-3.77	10.26
1.72	5.98
1.21	10.88
-1.11	10.42
-0.02	11.54
3.6	16.37
1.94	20.26
5.71	20.75
4.87	20.61
2.48	19.36
2.7	18.85
7.56	15.24
6.89	15.23
4.07	13.79
2.79	9.72
-3.48	9.86
1.4	13.24
-0.04	13.45
-0.04	14.99
8.85	17.26
2.11	13.8
1.99	5.97
0.89	7.8
2.87	7.49
2.15	6.31
2.09	8.28
-0.02	11.09
1.46	8.62
4.45	13.87
4.53	14.33
5.74	16.89
3.28	18.19
2.97	18.8
4.9	19.11
3.06	18.8
4.78	15.38
5.48	18.73
5.14	20.75
11.72	22.26
10.4	21.19
7.8	16.58
4.9	19.74
8.32	21.02
5.7	20.93
11.69	18.1
10.64	19.15
8.63	19.17
6.58	16.91
8.37	15.11
3.15	10.23
-2.4	10.69
3.24	11.94
5.29	11.4
1.59	16.49
7.3	17.45
4.66	18.8
9.18	18.66
11.63	20.62
12.41	19.96
8.25	19.7
13.45	17.89
11.23	20.3
11.21	18.89
12.38	19.2
11.09	19.88
7.61	18.57
9.15	19.5
9.81	20.1
10.77	21.15
10.37	23.35
11.51	25.97
12.11	26.57
11.24	27.47
11.86	27.67
12.93	27.46
14.25	25.14
14.83	27.76
15.51	28.29
14.14	24.99
16.04	26.8
11.96	19.38
12.22	18.85
10.07	16.25
10.9	17.26
6.97	20.15
8.54	21.63
13.09	21.78
14.33	21.42
11.19	21.5
10.6	23.45
12.51	22.85
12.47	24.79
12.44	25.42
15.76	23.4
9.56	21.01
11.1	20.1
8.23	18.43
11.49	18.26
8.27	21.41
8.89	24.11
10.68	25.68
14.76	21.25
11.49	26.02
12.55	26.81
12.83	24.38
7.97	22.43
11.52	20.67
10.52	20.24
7.87	21.89
11.01	20.17
11.74	21.18
13.9	27.19
15.78	27.79
14.24	25.73
15.74	24.09
12.43	20.43
10.85	24.84
14.02	26.97
14.71	21.93
9.78	23.81
12.26	19.86
8.43	19.61
6.97	20.76
7.2	22.97
8.59	25.01
9.91	25.89
11.65	26.78
11.41	27.77
12.67	28.75
13.38	24.62
12.4	26.67
13.37	27.4
15.81	28.79
15.39	28.77
16.47	24.02
15.31	27.96
14.77	28.37
16.62	29.78
15.46	25.94
10.85	24.56
12.89	20.92
10.66	22.44
10.11	21.04
8.89	21.18
12.66	18.85
8.22	24.59
11.71	27.18
13.45	23.58
13.48	22.19
8.08	21.17
8.16	24.52
9.61	24.1
9.95	24.64
9.12	25.59
10.49	25.06
12.31	25.45
12.48	18.58
5.57	19.95
8.04	16.32
7.36	20.32
8.51	20.16
9.83	15.76
4.59	19.46
7.45	20.6
6.74	21.93
10.2	22.39
9.96	23.11
12.32	22.31
11.6	22.74
10.2	22.19
9.72	22.64
11.64	20.22
12.01	29.54
12.41	20.68
7.56	17.46
5.45	18.91
7.19	22.83
9.65	22.73
6.98	23.28
9.1	20.8
12.13	15.7
8.11	15.97
2.71	15.25
6.87	18.88
11.61	20.13
12.34	21.76
10.13	26.88
10.52	25.24
11.25	16.6
9.24	14.16
2.42	17.47
6.56	16.53
7.75	13.28
8.73	12.6
11.6	15.86
9.94	17.77
7.88	14.86
5.43	17.66
7.06	19.78
7.09	18.97
6.63	20.01
5.14	19.62
5.43	19.23
5.25	19.47
5.02	20.89
3.86	16.39
5.95	14.96
4.93	14.61
2.4	14.53
4.63	10.98
7.93	12.95
7.63	12.04
3.83	13.8
2.23	11.78
4.32	14.83
2.56	15.06
1.11	16.72
7.91	12.21
2.67	9.22
-1.22	9.49
5.25	14.35
1.32	13.85
6.05	15.74
-0.94	13.24
-0.57	9.92
4.31	6.47
4.39	7.74
2.6	6.25
3.12	4.92
3.04	4.55
2.78	3.96
1.99	3.32
0.88	2.18
0.18	1.23
-0.75	0.42
-1.42	-0.3
-1.66	1.25
-2.63	1.05
-2.57	-0.59
-1.9	3.94
-2.87	2.61
-1.35	0.58
-1.64	0.05
-2.44	-0.03
-1.73	1.33
-2.55	2.28
-3.45	2.05
-2.63	-0.36
-2	0.18
-0.52	0.69
-5.56	1.48
-1.01	2.82
-3.27	5.54
-9.47	1.86
-7.82	0.37
-7.44	0.92
-5.16	-0.29
-5.3	-0.65
-14.27	-5.3
-13.16	-4.49
-7.21	-3.77
-5.21	-1.08
-6.22	3.99
-0.03	5.52
0.64	9.16
4.45	12.38
1.86	8.83
-0.93	8.53
-1.11	9.05
0.86	7.68
-2.95	3.94
-5.49	-2.83
-5.83	0.42
-10.97	-3.54
-3.67	0.51
-1.51	0.39
-0.77	0.51
-0.35	2.88
-0.9	3.41
-1.71	4.52
0.57	10.25
1.22	12.4
6.49	12.91
3.31	12.77
-7.18	9.03
-9	-4.04
-10.22	-2.36
-12.66	-2.14
-12.95	-2.95
-14.29	-4.09
-14.05	-2.44
-11.13	-2.13
-10.39	1.95
-0.87	2.31
-1.42	2.49
-6.48	0.06
-10.44	-0.88
-9.73	1.61
-5.35	1.09
-2.59	-0.96
-8.83	-2.57
-9.56	-2.45
-16.92	-3.22
-15.1	-2.55
-6.47	-0.86
-1.73	1.55
-1.39	0.49
-0.44	1.02
0.09	1.84
-0.81	3.38
-1.82	5.94
4.06	14.63
0.66	11.23
-0.94	6.66
-1.46	4.98
-2.94	6.64
-0.05	9.17
3.08	7.78
2.25	4.44
3.3	9.28
1.45	6.01
-3.84	2.53
-1.12	5.88
-0.52	3.74
-0.3	1.82
-1.51	0.11
-1.37	0.53
0.13	7.45
2.47	7.87
3.96	6.53
4.08	6.59
0.52	5.49
-0.53	1.39
-0.26	2.68
-1.27	3.57
-6.29	3.24
-7.6	3.37
-8	3.55
-6.08	4.62
-3.47	1.39
-2.4	-0.51
-4.07	2.05
-3.52	-0.04
-3.57	7.08
-2.3	8.04
-2.88	11.53
-1.76	14.01
0.48	11.92
3.38	7.31
1.63	10.89
1.26	7.35
-2.89	10.04
3.04	10.24
-2.1	8.26
3.45	12.2
5.23	15.55
6.55	17.17
9.53	18.13
9.79	17.07
3.66	12.16
3.26	14.34
4.36	16.88
2.86	17.4
5.68	14.2
3.88	10.13
4.43	15.04
2.96	9.84
-2.84	12.68
7.42	16.71
7.51	11.61
4.43	16.19
5.94	11.91
1.37	9.74
3.64	13.64
3.84	10.43
0.99	13.61
-0.55	15.03
4.64	14.72
1.56	11.94
4.4	9.89
1.88	10.56
0.95	9.94
-1.09	10.46
1.37	14.03
-0.37	16.91
2.1	15.18
0.91	17.92
2.62	19.45
3.05	21
5.59	20.16
9.03	15.96
4.23	11.84
-0.7	9.69
-2.8	11.88
-1.29	14.45
4.83	15.18
1.01	18.89
9.76	17.96
9.37	16.18
5.68	17.71
8.21	14.74
7.25	10.43
4.71	14.4
3.78	16.88
6.05	12.58
5.82	16.76
2.86	14.29
-1.49	12.82
0.88	10.53
-0.81	14.37
3.02	14.58
2.6	17.11
5.33	18.9
2.95	20.55
5.94	19.63
6.41	17.52
9.47	19.27
8.62	20.45
6.26	22.56
5.56	24.26
6.92	25.04
10.79	25.52
11.42	27.81
11.17	29.36
13.47	27.88
9.25	25.66
9.19	27.76
12.2	28.83
13.08	27.28
9.7	26.26
13.09	28.16
16.72	24.11
9.28	26.01
12.68	25.93
10.89	28.3
14.45	29.97
14.57	30.36
15.07	30.54
15.36	30.5
15.28	30.57
14.02	30.11
12.53	30.5
16.6	26.27
16.21	27.2
14.11	28.5
14.78	28.59
16.49	27.03
16.74	28.17
16.51	23.75
13.12	23.96
14.62	21.53
11.74	20.28
11.47	19.25
11.53	19.8
14.35	17.31
14.26	16.65
11.66	22.77
13.99	20.88
14.49	25.99
14.39	28.13
16.88	27.37
16.11	29.45
16.85	26.58
17.95	24.96
14.63	26.04
13.36	21.97
10.66	17.65
9.92	11.73
10.92	19.26
11.43	20.33
8.96	23.7
11.16	22.44
13.79	19.25
8.36	22.08
14.08	24.18
8.95	22.14
12.32	24.26
16.02	25.57
16.38	24.51
14.84	24.53
11.19	21.07
12.71	19.36
12.18	24.23
14.46	27.85
15.04	27.4
14.97	25.66
15.13	21.89
12.11	20.31
8.7	20.47
11.16	23.7
12.55	26.02
12.45	24.59
13.71	22.62
10.84	25.01
16.3	27.95
13.22	28.01
19.13	29.93
16.49	29.62
17.73	29.78
15.24	26.44
10.66	24.38
10.68	25.08
13.78	26.18
14.35	27.1
17.35	23.47
15.05	20.12
12.46	20.55
9.63	21.44
8.66	22.11
11.89	25.17
11.63	27.8
13.19	27.13
14.05	25.73
10.99	23.29
12.99	18.23
13.65	21.79
11.12	23.68
11.62	24.89
11.63	25.72
12.48	24.73
11.87	17.55
6.19	18.87
10.99	20.82
8.76	19.25
8.86	19.49
8.07	19.16
7.16	21.8
6.98	23.63
7.44	24.71
10.35	25.52
13.07	18.54
11.78	17.42
10.83	22.02
7.95	24.03
11.03	25.08
11.67	25.46
12.14	24.2
12.11	23.49
11.08	25.24
12.04	26.52
12.22	25.39
13.35	18.49
8.32	15.18
1.68	17.5
3.68	23.15
6.28	24.97
7.7	24.15
10.5	23.97
11.04	21.48
10.03	16.23
10.49	13.28
9.7	11.87
5.59	17.33
4.41	18.5
7.46	19.26
10.67	14.75
7.04	17.62
5.58	15.83
6.75	13.77
4.7	12.72
-1.84	14.03
2.04	16.86
7.26	11.67
5.89	10.56
2.36	9.69
4.3	13.48
1.42	11.99
4.29	15.1
6.91	20.12
9.45	20.18
14.89	22.53
8.93	20.36
11.43	24.11
11.28	22.98
10.22	17.35
5.11	11.78
1.17	16.15
-1.35	15.74
0.24	13.87
5.73	9.3
-1.42	10.72
-0.58	6.97
-6.26	7.5
-5.81	5.47
-0.89	8.1
4.97	6.32
5.01	5.38
5.24	9.74
-1.08	6.05
1.97	12.12
0.96	9.24
-1.59	7.02
1.07	6.55
-1.56	9.77
1.45	11.94
2.68	18.39
6.23	17.93
4.71	10.85
3.6	5.52
0.75	4.86
-2.98	8.13
1.73	9.19
2.55	11.91
6.95	11.8
5.33	8.18
5.23	8.2
4.26	8.01
3.43	5.2
0.63	6.75
1.64	7.27
-1.11	6.47
0.02	5.21
-1.8	5.67
-4.73	6
-0.63	5.75
2.77	5.14
3.09	8.66
-0.35	14.94
-1.16	10.59
1.81	11.69
-1.7	10.07
-1.14	12.4
-1.15	12.39
-0.81	8.28
1.9	11.18
0.1	12.04
0.22	10.15
-0.05	10.67
7.13	12.84
1.51	9.82
-2.84	2.01
-1.63	5.01
1.19	6.44
1.3	8.69
-1.78	7.44
-1.02	5.01
-2.08	3.14
-0.1	3
0.57	2.51
1.64	4.26
2.33	7.77
3.34	5.48
4.12	5.91
3.4	4.34
0.8	3.84
-0.3	2.04
-0.54	1.42
-3.49	1.3
-2.4	-0.56
-3.65	2.49
-4.98	2.63
-7.16	-0.1
-9.55	-0.97
-12.51	-1.55
-4.5	-2.38
-5.81	-2.89
-7.57	-0.91
-4.2	0
-3.28	0.39
-5.95	-1.7
-9.26	-4.11
-17.28	-5.21
-19.01	-9.8
-14.12	-7.67
-8.34	-2.43
-3.11	-1.7
-2.95	-0.74
-4.23	-1.59
-4.25	-1.65
-3.07	-0.28
-2.05	0.68
0.34	4.93
-1.13	4.44
0.08	2.77
-4.53	0.48
-5.32	0.15
-11.06	-0.75
-7.22	-1.11
-7.1	6.91
1.82	11.57
4.81	10.92
-0.54	6.73
2.63	10.32
1.99	12.79
1.17	6.75
1.21	10.08
-0.31	6.94
1.39	10.9
-1.55	10.45
2.25	7.14
0.47	6.67
-0.33	8.95
-0.27	8.26
-0.86	4.67
-2.17	2.21
-3.57	3.84
-1.2	6.29
0.45	3.54
0.32	2.99
-1.89	5.41
-3.03	6.23
-5.17	7.17
-3.93	0.95
-3.1	4.37
-6.07	10.12
-4.8	5.66
-4.27	1.71
-5.39	1.93
-5.74	3.7
-1.29	10.42
-3.16	11.14
-0.19	6.52
-5.17	4.31
-5.76	7.74
-1.33	8.46
1.33	8.32
1.51	7.74
2.07	8.11
0.43	7.82
0.04	8.65
1.22	5.19
-1.28	10.66
-0.01	10.25
0.28	7.1
0.86	7.06
-0.22	10.38
-2.32	10.14
-2.4	11.68
1.61	9.14
-0.25	3.21
-0.85	7.11
2.53	4.84
3.26	6.18
4.07	10.4
0.66	14.75
1.08	16.36
7.32	19.71
4.7	19.01
7.76	14.86
-1.07	14.22
3.81	15.51
5.62	18.45
3.9	11.58
2.47	7.21
2.35	6.21
2.61	7.98
3.97	9.61
0.25	10.19
0.64	10.56
-0.4	11.37
2	11.18
1.75	12.43
-1.48	15.18
0.72	18.34
2.25	20.34
2.06	20.46
2.69	21.42
5.21	21.88
8.12	18.42
2.91	11.29
2.73	7.09
3.33	6.17
3.26	9.69
3.08	10.33
4.13	9.95
-1.27	12.72
4.14	12.74
3.07	14.3
5.75	15.82
2.95	18
7.26	17.5
7.05	18.94
6.98	14.79
6.39	14.62
4.26	7.87
6.12	10.63
4.4	19.4
9.02	21.89
8.71	20.02
7.88	11.52
7.98	17.9
2.89	17.47
2.45	17.35
2.93	14.11
2.26	12.93
6.72	12.17
7.36	15.34
4.78	14.75
9.06	17.6
9.08	20.43
6.31	19.74
6.39	18.65
7.65	15.29
5.71	17.4
5.42	18.93
4.46	22.6
7.54	23.26
11.84	20.96
9.47	21.22
10.68	19.95
9.89	17.01
5.71	18.21
4.81	19.24
7.67	21.14
11.62	20.99
14.23	24.02
11.91	21.35
13.38	23.23
11.41	22.71
14.5	22.59
15.51	22.31
12.65	24.33
11.58	27.48
13.15	29.08
14.22	30.05
17.63	29.97
14.66	25.21
12.49	25.58
13.41	19.26
13.26	21.19
8.65	24.45
12.25	19.3
13.75	22.88
10.68	23.25
13.62	22.67
14	22.21
10.62	20.03
11.93	17.09
8.31	20.67
12.41	21.14
11.5	19.78
8.36	22.42
12.19	18.63
7.73	21.96
11.16	21.81
6.98	22.45
11.48	25.15
14.4	22.65
12.86	26.07
14.53	27.48
14.1	24.48
9.43	21.24
11	19.98
8.61	21.19
12.1	23.14
12.07	26.96
14.82	27.67
13.41	17.6
13.29	20.77
9.73	23.7
13.27	25.94
11.83	21.99
10.43	19.09
11.34	24.45
10.65	26.67
12.85	27.35
11.07	27.69
14	25.53
14.35	27.74
15.6	26.53
16.51	25
12.64	26.89
14.01	26.97
13.23	28.31
15.3	29.86
18.78	27.8
14.75	29.63
19.29	26.46
14.82	28.22
15.55	30.6
16.31	27.06
16.4	25.33
14.6	25.71
14.13	24.48
14.11	21.12
12.14	21.42
12.06	25.01
12.5	26.66
16.75	25.11
12.07	23.5
9.37	25.56
10.74	23.59
15.39	28.62
15.48	25
13.38	19.77
9.64	18.08
4.13	20.75
4.94	22.27
8.47	24.95
12.2	26.63
14.86	24.94
14.93	27.14
13.67	22.82
11.22	19.71
9.24	17.41
6.35	19.85
6.74	21.55
7.47	23.75
10.59	21.55
11.45	22.14
13.53	17.75
9.5	19.57
12.53	17.33
5.98	16.83
9.51	22.24
10.6	23.46
12.8	18.83
7.94	22.61
9.27	18.53
9.6	20.16
10.02	19.78
13.9	20.34
14.68	21.67
13.15	24.25
11.83	21.58
12.03	23
14.47	19.06
12.3	20.32
10.41	20.17
6.37	16.86
6.78	18.07
5.95	18.44
5.7	19.98
9.86	17.5
4.02	17.01
5.53	17.5
5.89	17.29
4.96	16.03
8.7	16.1
11.73	21.37
9.26	18
7.04	9.85
5.69	8.49
1.3	13.41
7.94	12.98
8.26	12.27
5.69	13.2
6.01	14.61
8.68	19.83
8.68	20.2
10.66	16.35
9.28	12.49
3.93	13.79
-0.8	11.6
-2.53	9.62
2.66	15.04
1.67	17.35
7.49	14.33
6.57	11.45
-1.53	11.63
0.06	16.75
1.43	17.95
4.94	11.21
-1.2	11.05
-0.11	5.74
-2.25	1.11
-2.65	-0.58
-2.13	0.45
-0.05	1.44
0.04	2.22
0.57	4.86
0.07	4.24
2.22	5.67
0.96	3.57
-4.97	3.99
-5.2	3.12
-0.88	2.78
-5.4	3.73
-5.36	4.84
2.25	11.29
1.14	14.8
3.14	12.06
2.38	11.74
0.54	9.75
-0.49	11.11
-1.59	11.07
-1.41	12.65
-1.57	13.9
-1.14	13.91
-1.2	14.86
0.6	9.05
-0.85	1.75
-1.7	2.32
-2.31	1.32
-5.78	-1.68
-6.84	-3.27
-12.59	-1.7
-10.09	-2.5
-13.37	0
-6.02	4.61
-5.81	-0.39
-5.64	-2.36
-13.64	-0.08
-9.22	-0.12
-2.16	5.5
-3.09	5.46
-6.43	4.04
-1.65	7.96
-1.14	9.91
0.79	5.72
-0.19	4.41
-1.78	1.89
0.12	1.23
0.52	1.84
-0.11	2.18
0	6.56
-2.65	4.9
0.57	6.3
-3.21	5.09
-2.24	3.21
0.68	3.81
0.05	3.49
-6.02	4.13
-6.63	4.5
-7.06	3.78
-5.08	1.17
-3.53	5.67
0.39	8.57
1.14	8.38
-0.4	4.39
-4.51	2.38
-5.2	-0.48
-7.33	-3.35
-11.39	-1.97
-15.58	-1.65
-12.54	-2.9
-7.1	1.44
-5.95	-0.43
-6.51	1.6
-11.02	2.4
-12.78	3.46
-11.76	2.27
-9.96	2.53
-7.24	3.83
-5.93	1.78
-6.61	2.9
-1.05	1.27
-6.77	2.44
-10.89	0.63
-9.29	0.35
-2.49	5.1
-5.25	1.19
-8.62	0.43
-11.91	3.51
-5.14	4.35
-8.64	5.28
-6.29	11.04
-5.82	12.86
-4.17	12.44
3.43	9.36
0.04	7.71
-5.3	5.7
-2.75	8.21
0.16	14.63
-2.81	11.53
-0.41	8.45
0.85	6.64
-2.91	2.98
-9.24	2.73
-3.74	0.21
-7.54	2.21
-7.64	4.15
-3.57	2.48
-3.28	0.63
-3.44	-0.2
-2.73	0.68
-1.55	1.32
-0.86	0.71
0.04	3.69
0.8	2.42
-0.67	4.78
-6.5	3.94
-7.6	3.1
-2.96	2.54
-1.33	3.31
-0.99	3.3
0.8	3.07
0.43	4.29
-2.76	5.46
-2.29	11.01
-0.23	14.73
0.24	14.29
4.3	18.53
3.71	16.63
5.25	12.54
6.04	20.53
7.15	14.05
1.32	15.78
0.99	14.64
2.36	12.72
-1.41	13.57
2.13	9.77
3.07	7.42
-1.09	13.88
-2.04	17.26
-1.23	17.36
0.46	18.1
4.95	18.94
8.1	19.03
5.43	21.34
6.57	18.27
1.25	17.01
5.11	17.21
4.92	15.41
4.05	18.44
5.13	18.07
4.06	18.92
3.97	13.37
-1.43	14.4
5.37	12.75
7.49	16.98
3.77	19.63
2.9	21.99
9.28	20.45
7.8	18.24
5.84	16.65
0.26	18.72
2.58	22.96
4.16	20.15
2.9	20.21
1.53	19.02
1.07	9.67
-0.79	7.59
1	9.82
-2.31	14.02
3.64	13.7
-1.76	19.13
0.44	15.41
4.24	11.25
5.39	10.93
5.66	20.32
10.56	17.51
4.45	15.18
-0.4	14.46
3.28	19.45
6.86	19.3
6.01	15.15
5.5	8.51
1.78	8.67
3.47	15.32
1.23	16.89
3.09	19.31
2.29	20.33
4.55	23.24
7.14	23.5
6.52	22.82
11.77	15.73
9.49	17.42
5.43	21.65
7.42	21.96
10.04	20.84
8.98	21.82
8.38	22.33
7.14	24.48
11.07	25.68
10.56	23.76
12.51	21.77
12.16	18.88
10.32	21.5
12.78	24.09
13.89	25.5
14.14	23.71
10.09	19.04
5.37	22.71
9.88	24.52
10.2	27.35
11.53	28.57
12.28	29.83
14.27	30.06
19.09	29.2
14.41	24.68
14.84	21.25
12.84	24.86
11.78	26.42
17.7	26.27
16.61	23.65
12.83	25.88
10.89	28.73
17.4	25.15
8.37	25.06
13.27	29.54
16.17	29.24
13.79	22.65
10.29	15.59
10.04	18.56
7.36	18.15
8.26	20.6
11.4	19.58
13.64	18.17
13.24	17.8
9.94	23.54
12.38	21.3
11.85	25.35
13.29	26.8
17.54	28.95
15.47	25.56
12.38	22.08
9.53	24.99
15.98	28.76
15.12	24.71
8.33	23.64
9.26	24.55
12.17	25.52
11.34	25.43
12.93	26.87
13.44	27.81
13.3	29.11
15.87	28.22
15.45	26.49
15.99	22.49
13.01	24.97
11.47	23.96
13.62	27.67
14.87	28.6
13.56	25.1
8.05	19.2
9.58	22.24
12.19	26.75
14.3	27.97
13.86	28.22
12.52	23.62
9.51	20.77
6.55	22.5
10.04	21.62
10.44	24.21
12.53	26.84
12.33	28.16
16.27	29.81
17.56	31.7
18.22	32.77
17.15	28.27
17.26	27.22
14.21	28.65
16.5	29.37
14.43	31.23
17.03	30.76
14.12	27.1
17.01	26.06
13.96	25.14
15.03	26.08
12	27.66
11.64	29.12
12.07	28.97
15.8	23.84
9.51	22.86
6.08	24.58
7.84	25.88
13.95	21.76
9.37	22.62
10.37	17.06
8.47	19.18
8.28	20.13
10.71	21.54
12.69	23.04
11.2	16.81
6.36	20.31
10.75	21.49
8.39	23.78
13.66	20.97
12.54	20.11
7.46	20.89
11.8	19.66
11.68	19.72
12.84	22.88
8.68	22.98
7.65	23.79
9.21	23.85
14.97	18.19
12.83	19.34
11.38	23.32
10.8	24.11
13.16	18.33
7.01	18.31
6.65	20.8
11.79	15.74
10.56	18.3
11.04	20.68
12.93	24.32
14.84	26.43
14.83	27.79
17.54	27.58
14.94	20.94
15.54	22.33
11.47	23.85
13.62	24.02
12.02	21.16
14.81	18.7
10.81	14.36
10.58	19.18
10.03	19.01
13.17	19.81
13.09	21.94
10.14	23.84
11.19	23.66
14.69	22.95
12.58	19.77
5.61	20.22
8.92	16.53
9.78	19.46
4.29	11.61
4.95	14.46
0.28	14.01
7.58	18.33
7.47	15.35
7.75	16.76
6.33	23.03
10.15	19.64
8.69	18.27
10.79	20.03
10.64	15.54
4.76	11.93
4.51	8.72
1.31	10.78
3.25	13.5
5.64	10.89
5.05	13.23
1.33	13.33
0.77	15.21
4.81	17.56
5.71	16.45
3.75	18.66
5.17	15.89
3.42	15.97
0.06	15.29
2.89	11.79
-1.48	5.96
-4.19	5.44
-4.02	3.76
-2.79	3
-4.44	5.95
-2.41	9.75
1.2	10.19
-0.02	7.41
-3.12	3.96
2.07	4.54
-3.36	4.87
-6.72	4.57
-4.29	5.84
-0.18	14.48
-0.83	15.26
3.72	14.46
-1.52	12.78
0.94	15.44
2.1	8.06
-3.32	5.39
0.07	6.74
-0.95	2.57
-0.29	5.35
-1.1	7.31
1.84	5.15
-1.03	5.58
-0.64	2.72
-3.79	2.49
-1.79	4.89
-3.29	5.83
0.2	5.33
-0.6	11.85
3.18	11.41
1.5	6.13
0.19	2.77
1.25	5.05
-3.26	2.59
-7.41	2.29
-4.03	4.21
-2.89	2
-3.95	0.17
-2.33	-0.08
-1.93	0.63
-12.67	-1.91
-18.57	-4.15
-8.15	-2.4
-2.58	-0.16
-6.38	-0.62
-1.64	1.78
-2.67	3
-11.27	-0.24
-5.92	1.36
-1.52	5.82
1.86	6.98
4.52	13.78
1.9	7.96
2.84	7.89
0.09	8.06
0.52	10.22
-0.68	6.67
-0.38	12.62
-5.06	6.5
-11.75	-3.91
-6.67	-4.45
-8.89	-4.28
-9.47	-3.66
-4.66	-1.84
-14.7	-3.5
-16.5	-6.84
-9.78	-7.27
-8.23	-7.12
-8.58	-6.97
-7.12	-5.76
-7.64	-6.16
-8.63	-5.59
-6.33	-4.02
-10.22	-2.45
-7.67	-1.2
-5.48	-0.58
-3.19	-1
-4.78	-1.79
-6.44	-1.44
-4.67	4.17
-3.86	3.6
-3.29	4.62
-0.32	11.76
-2.75	4.25
-3.77	0.78
-7.81	1.26
-9.47	1.17
-9.09	1.91
-8.84	4.13
-4.54	7.98
-4.21	9.88
0.12	8.61
-4.11	7.73
-2.91	1.89
-2.83	-0.52
-2.83	-1.43
-2.77	-1.64
-3.11	-1
-2.31	3.19
-0.72	6.09
-2.91	3.14
-0.73	1.57
-4.39	0.09
-8.79	-1.38
-7.15	-3.84
-10.75	-2.07
-7.68	-0.02
-4.49	0.42
-0.71	3.28
-2.1	4.09
-6.92	7.21
-0.17	13.29
-0.5	6.1
-2.33	11.09
1.39	14.18
2.16	9.15
1.38	6.19
-0.63	2.92
0.24	6.85
-3.4	7.51
-3.67	11.96
4.61	8.75
-2.04	9.41
1.81	7.09
0.72	7.34
-4.06	10.24
-4.11	10.36
-0.19	13.05
1.22	11.16
2.55	9.39
-2.21	9.47
1.77	7.46
-1.13	6.24
-1.31	8.05
-4	10.43
-4.37	11.48
-2.15	15.09
-1.06	18.39
3.25	17.01
8.56	18.5
7.21	13.06
7.58	10.65
6.77	14.67
3.26	14.72
7.03	18.33
7.49	16.04
0.83	18.06
5	21.44
8.09	18.61
4.92	20.71
3.99	16.28
-0.24	8.63
-1.68	13.22
3.58	9.78
1	7.09
1.78	6.45
2.82	9.91
3.5	12.86
3.35	15.61
1.98	13.87
-1.14	11.39
-1.27	12.43
-1.2	13.02
0.11	10.64
0.73	9.19
-3.24	13.98
1.85	14.99
2.76	16.71
2.12	12.49
4.51	14.2
4.5	13.92
-0.12	13.62
-0.42	10.43
0.64	16.62
0.99	20.31
8.08	22.7
10.62	20.61
8.07	23.13
10.18	22.88
6.98	10.67
8.19	16.7
11.57	16.14
10.09	16.83
5.29	18.71
4.67	18.61
5.24	20.98
5.9	21.16
5.73	23.47
7.42	25.29
9.57	26.33
9.68	25.22
12.63	25.96
11.11	21.27
10.15	25.02
12.49	22.44
11.79	17.13
6.43	18.96
9.21	22.45
9.87	24.51
11.13	26.83
13.04	23.31
11.47	19.5
10.73	24.46
9.84	26.35
10.93	27.91
13.53	28.71
11.42	28.75
14.42	27.46
13.09	28.76
13.9	27.14
14.84	23.54
11.51	26.71
15.4	24.91
13.8	26.55
18.59	24.63
12.88	18.79
11.68	19.84
6.44	19.14
9.52	21.21
10.75	19.34
12.24	22.36
15.33	19.63
11	23.09
10.71	25.89
15.2	26.62
18.3	28.89
15.77	25.29
14.59	27.39
20.2	30.93
14.69	25.53
13.56	24.34
10.98	19.95
13.43	21.71
9.78	22.46
12.47	23.56
14.37	27.79
14.65	28.16
11.53	25.45
12.4	26.53
14.33	22.67
10.84	23.01
11.31	24.68
10.5	25.78
14.82	25.12
16.32	22.13
14.28	25.54
13.65	25.65
15.69	28.36
16.83	29.23
15.74	28.97
15.98	24.93
17.29	27.78
15.85	29.83
16.43	29.71
16.35	30.08
16.94	25.78
17.58	25.88
16.33	23.77
16.11	20.83
15.75	21.17
13.51	22.77
12.87	26.17
13.42	25.17
14.68	26.08
14.15	26.11
14.12	25.86
15.76	25.87
17.33	27.04
15.5	24.17
14.55	26.05
15.94	25.92
15.55	20.91
14.89	26.04
16.53	25.37
15.28	26.97
14.64	27.21
16.57	29.36
16.34	29.61
16.96	27.88
17.53	28.84
15.91	27.44
13.27	25.65
13.82	27.38
14.72	26.47
12.31	22.54
12.76	21.41
9.22	23.98
9.45	23.67
12.15	23.71
11.36	24.58
14.52	26.88
14.13	22.76
14.88	19.41
13.13	19.32
9.44	21.71
12.71	21.68
11.15	23.38
11.54	23.44
9.99	24.59
12.21	26.46
15.81	29.32
15.29	27.92
15.7	24.31
16.08	21.97
15.29	22.03
12.92	24.36
13.52	25.13
11.38	24.48
12.46	25.25
12.33	25.51
11.4	25.6
10.9	25.2
10.18	24.61
9.62	24.25
9.89	24.15
12.12	23.94
16.57	25.04
12.6	21.88
11.33	18.06
11.73	16.55
14.04	24.48
13.47	24.14
12.27	21.72
10.5	22.07
8.93	21.6
13.17	16.94
14.9	16.75
10.36	16.3
7.74	12.98
10.43	11.48
10.61	15.11
10.26	18.41
9.16	15.64
5.52	10.92
7.4	16.54
4.22	17.76
8.88	11.13
4.97	15.21
8.23	16.67
7.16	12.9
4.02	15.51
1.86	14.53
2.34	17.56
5.9	13.07
9.53	16.62
6.32	13.59
8.97	16.9
9.79	16.81
9.58	20.68
10.27	15.33
8.84	15.53
4.48	16.34
5.32	11.58
9.01	13.26
6.81	13.4
2.28	7.75
4.09	6.39
4.14	6.39
3.37	5.32
2.98	4.95
3.29	8.7
-3	5.01
-5.53	4.12
-4.11	6.42
3.48	17.69
8.99	13.65
6.52	12.61
-0.31	8.7
1.67	15.29
5	13.95
0.24	9.31
0.3	4.89
0.49	4.35
-3.69	8.51
1.62	11.11
1.5	9.39
-1.17	7.9
-1.23	9.42
-0.15	8.13
-0.06	15.42
2.84	14.19
9.14	14.85
5.19	11.43
2.81	6.54
3.55	8.13
5.02	6.91
3.27	5.42
3.64	5.98
-0.69	6.1
0.31	3.58
-0.32	1.48
-1.08	1.63
-0.89	3.06
0.09	13.44
9.88	15.53
7.34	14.06
0.4	12.15
-2.37	2.91
-0.34	4.17
1.84	4.02
-1.13	4.64
2.15	9.73
8.03	13.04
2.99	12.94
1.46	3.61
-2.83	6.62
1.88	10.05
0.41	2.83
0.33	2.3
1.12	3.05
2.15	5.88
2.93	5.82
-3.21	5.35
-0.38	5.68
-1.98	4.68
-1.81	3.18
-5.25	3
-4.6	1.45
-2.12	4.64
-0.77	3.73
1.24	5.69
0.64	6.03
1.63	10.71
-0.39	6.9
1.54	4.99
-2.99	6.14
-2.29	5.56
-3.92	8.86
-2.94	8.51
-4.5	4.4
-4.41	0.73
-3.01	2.34
-2.81	3.92
2.34	9.91
-0.75	13.29
0.05	6.86
-1.99	3.22
-5.24	3.65
0.2	9.78
-2.84	6.23
-1.64	5.6
-5.32	5.48
-1.44	7.01
0.79	11.06
2.18	11.49
2.73	10.54
0.73	10.39
0.77	8.36
-2.41	8.59
1.04	7.99
-3.27	5.24
-3.44	5.23
-5.6	3.46
-0.68	1.46
-0.45	2.71
-1.54	1.44
-1.1	0.24
-1.72	0.65
-0.71	0.19
-1.31	4.61
-4.32	1.99
-1.16	0.46
-3.83	-0.97
-10.51	-3.34
-10.44	-0.53
-9.1	2.79
-4.26	1.72
-6.5	2.8
-9.54	4.51
-8.88	-1.2
-14.97	-0.48
-13.57	2.78
-12.55	3.02
-6.22	5.94
0.87	8.07
1.55	9.97
-1.4	8.05
-0.35	4
1.96	6.77
0.12	4.79
-4.86	8.97
-2.15	10.33
2.23	15.64
1.07	16.35
1.14	19.88
2.66	20.5
0.34	20.94
1.41	11.81
-5.33	6.41
-2.9	9.84
0.75	13.71
3.29	13.59
-1.84	15.49
0.14	16.75
5.08	17.9
6.69	16.01
2.06	19.05
4.36	13.56
0.63	11.31
0.53	15.27
8.31	17
0.32	12.23
-0.06	8.87
-2.28	13.13
2.33	9
3.88	11.71
2.19	12.79
5	11.08
5.06	12.97
4.43	12.97
2.19	12.43
-0.3	9.78
-0.63	13.19
4.56	11.3
3.23	19.16
8.19	21.32
7.71	20.98
6.45	22.51
6.55	18.59
3.85	12.58
0.17	11.32
3.97	12.73
4.94	13.63
2.21	16.71
5.36	18.96
10.25	20.96
12.44	22.81
11.24	25.02
12.3	19.96
9.24	21.24
9.19	22.88
7.49	22.49
8.48	23.89
10.99	23.7
11.07	23.78
9.99	23.8
10.13	22.24
13.09	24.49
10.68	21.18
3.25	20.96
6.21	19.67
6.38	18.84
6.64	18.5
3.4	17.92
8.48	14.66
9.93	14.3
6.68	21.07
9.74	20.23
11.89	23.03
12.88	25.04
12.62	26.36
17.07	29.65
13.79	28.52
13.87	27.73
10.47	26.78
8.9	24.64
8.87	23.33
12.74	26.61
14.87	28.85
15.78	23.93
12.02	17.63
7.46	17
9.54	17.3
8.82	15.09
9.42	18.41
6.18	21.37
7.69	21.63
9.38	25.47
10.68	27.24
12.33	28.54
15.55	26.28
12.41	28.34
13.21	29.52
14.84	25.75
9.9	19.27
5.82	22.88
8.39	27.23
15.81	28.98
14.57	22.45
11.13	23.41
10.77	24.08
11.77	22.7
12.64	21.74
11.18	15.97
10.02	17.12
9.23	16.96
11.63	15.5
13.2	19.33
15.04	22.59
11.78	22.98
13.83	23.75
12.06	24.52
12.88	26.46
13.66	27.73
14.82	27.98
15.99	23.59
13.51	20.85
8.38	24.03
9.76	25.38
13.91	24.6
13.88	26.43
12.2	28.17
12.98	29.3
14.11	30.01
15.24	29.77
16.27	27.01
15.75	29.5
12.94	30.43
14.78	30.61
14.09	24.92
16.99	28.42
15.59	25.99
13.41	26.79
12.86	29.27
13.78	30.76
14.3	31.48
17.45	34.31
18.1	30.29
13.74	22.65
8.17	26.42
11.99	31.23
15.86	30.65
15.33	27.65
14.26	30.48
15.08	34.02
18.77	35.63
18.32	27.39
14.98	29.7
15.38	31.22
17.12	32.84
18.25	29.9
16.08	21.4
11.64	20.52
12	23.76
10.55	20.84
11.05	22
14.33	23.98
13.84	27.45
14.77	28.75
16.6	28.37
14.81	28
15.4	23.75
8.88	24.18
10.36	24.9
10.22	26.22
14.27	26.71
16.1	26.71
14.01	28.46
13.58	29.56
12.34	29.74
12.92	30.31
16.12	29.9
15.22	28.26
17.68	23.77
17.44	27.01
14.7	29.33
14.29	29.13
14.54	28.26
16.8	22.15
16.53	25.4
12.67	26.56
13.09	25.97
16.85	26.06
10.45	20.62
7	23.46
12.17	24.1
13.89	19.22
7.81	19.84
9.36	25.29
16.17	27.56
15.99	26.79
12.66	17.78
9.19	20.3
7.09	22.16
10.84	23.53
13.58	24.28
10.28	19.74
10.4	17.34
7.6	21.1
8.37	24.4
9.75	22.46
11.87	24.2
11.06	19.22
5.61	19.99
8.68	17.83
8.19	17.02
2.42	19.99
4.68	20.81
6.99	20.19
8.69	23.7
9.84	16.52
-0.92	14.53
4.52	21.19
6.88	25.04
8.07	25.05
6.88	24.44
7.81	19.58
4.98	20.32
5.96	17.9
5.9	19.29
8.15	19.13
6.6	15.08
0.39	17.31
5.72	19.24
8.81	20.76
12.25	21.93
7.97	17.11
6.21	14.21
1.14	15.96
5.61	17.3
7.68	12.32
0.75	9.69
-0.94	11.74
-2.56	11.85
-1.61	11.06
-0.71	12.65
2.54	17.26
1.31	16.18
2.55	11.23
5.52	10.32
5.34	8.95
1.93	11.76
-2.38	12.67
-1.15	10.51
2.46	9.03
6.72	8.81
5.24	12.26
1.19	8.85
3.54	6.38
3.44	9.54
-1.54	8.16
3.15	6.7
-2.23	6.03
-7.09	4.03
-5.19	0.42
-11.75	-0.15
-4.9	5.07
-8.1	5.15
-7.76	4.21
-9.29	1.33
-8.8	1.56
-7.45	0.74
-7.37	4.72
-7.1	1.82
-9.11	1.51
-6.89	-0.72
-4.13	7.83
3.87	13.18
1.79	11.72
0.09	9.65
-0.92	6.43
-3.65	0.13
-3.96	-0.85
-7.37	-3.12
-4.67	1.82
-7.26	3.04
-7.2	2.88
-2.28	5.12
-5.43	1.55
-9.21	2.16
-5.58	2.02
-3.67	1.97
-10.09	-0.77
-10.85	-2.7
-8.9	-3.63
-5.04	-2.15
-4.3	-2.66
-4.99	0.18
-0.52	6.13
3.28	13.75
4.79	11
-0.45	10.32
3.8	8.04
-0.55	9.38
2.22	8.75
0.91	11.3
0.69	12.42
1.28	9.4
-2.16	11.68
-1.38	12.88
-1.46	7.59
-1.49	7.6
0.34	10.57
-2.11	12.53
-0.28	11.95
0.38	10.44
-2.46	2.13
-6.17	2.72
-3.78	3.72
-4.15	0.26
-1.48	2.9
-4.84	2.08
-9.78	1.82
-13.34	-3.21
-6.26	0.1
-4.44	5.29
0.76	7.02
-3.25	3.92
-2.68	5.59
-0.26	5.96
-4.34	0.08
-1.74	0.94
-4.45	0.39
-2.83	-0.59
-2.48	1.46
-1.09	0.76
-3.43	4.44
-7.81	3.57
-10.89	2.01
-2.24	4.29
-0.02	1.51
-2.06	0.3
-1.28	2.07
-2.96	1.87
0.61	2.25
0.77	2.63
-0.56	5.81
-5.2	6.47
-1.82	5.6
0.19	8.44
-2.07	4.33
-0.67	5.4
1.62	3.07
-0.19	2
-2.23	0.87
-3.89	-0.01
-5.73	-0.94
-6.83	-2.45
-4.9	-2.02
-5.19	-1.08
-5.52	0.87
-2.45	-0.11
-2.9	-0.1
-4.13	1.5
-5.6	0.34
-0.23	0.69
0.08	1.87
0.41	4.55
1.2	4.36
-0.35	8.03
0.28	3.73
-0.04	3.58
0.85	4.74
0.71	3.2
-0.46	4
1.06	5.17
1.29	4.67
0.27	8.14
2.22	9.53
2.34	7.05
-0.84	5.68
-0.87	6.1
0.03	5.4
-0.69	4.58
0.39	7.74
1.93	8.16
1.49	7.07
-0.36	7.33
-0.77	9.22
-0.37	9.8
-2.11	5.42
-5.42	4.75
-4.91	7.37
-3.95	9.84
-2.78	10.6
-3.89	12.82
1.65	15.65
4.73	15.86
1.16	16.72
6.66	18.02
9.22	18.29
4.77	13.78
1.71	11.99
0.97	13.38
6.1	11.19
4.44	11.28
3.53	8.17
0.58	10.85
2.24	14.89
8.15	15.95
7.61	14.98
6.43	11.44
5.73	13.17
2.7	13.59
3.46	13.32
6.51	12.23
7.2	18.03
3.27	19.43
4.88	20.55
7.15	15.81
5.91	13
4.03	13.85
0.53	15.75
0.63	16.86
3.96	18.54
8.45	20.17
7.27	15.01
4.16	17.14
2.21	19.94
2.18	15.54
-1.36	10.59
0.07	11.94
-2.07	12.79
5.77	12.77
3.81	22.26
9.27	21.85
10.55	26.14
9.64	25.57
9.57	24.48
8.57	24.57
6.33	18.48
4.85	11.2
6.13	9.69
5.65	9.86
6.71	12.81
8.77	12.38
8.62	17.2
5.1	19.74
6.83	22.11
9.14	20.98
8.08	22.54
9.93	23.72
9.86	26.28
13.07	22.45
10.86	19.79
10.2	16.34
8.98	20.36
6.97	20.13
7.32	20.5
11.05	21.84
11.42	17.42
7.37	19
6.88	17.26
4.53	21.23
10.22	22.22
9.17	24.64
11.55	25.26
11.82	22.6
13.36	22.59
14.08	21.72
8.49	17.95
8.55	21.23
10.85	22.44
10.66	23.88
12.07	22.74
9.9	18.8
5.3	21.63
10.47	27.6
14.28	23.76
8.05	19.56
9.01	21.24
11.81	23.83
10.14	25.25
12.08	27.97
15.97	29.26
16.95	24.83
13.97	26.09
11.67	14.92
8.56	19.29
11.84	21.72
9.08	23.11
13.42	27.22
13.97	22.28
11.69	19.5
12.19	21.56
15.35	26.43
12.39	19.43
6.43	19.06
10.03	20.32
10.82	19.31
11.34	18.05
5.89	22.09
8.5	24.32
11.26	28.68
15.11	30.37
19.03	31.75
18.23	29.25
17.39	26.77
12.72	26.92
13	19.28
9.39	21.08
11.77	21.45
10.79	22.5
12.1	23.02
11.07	25.25
11.97	27.01
12.22	25.68
12.27	23.28
11.28	25.34
14.97	21.06
12	21.48
11.29	19.46
13.26	22.99
11.65	27.83
14.5	29.5
15.94	29.62
14.7	25.67
12.21	27.53
12.16	28.41
13.76	29.53
17.21	24.91
16.28	23.59
15.67	23.59
12.87	24.37
15.59	24.7
15.26	24.62
14.42	25.24
14.75	22.5
13.65	22.69
13.91	24.39
11.08	23.77
11.5	23.81
9.94	24.03
12.45	22.2
8.59	22.57
7.17	24.77
7.52	24.76
9.12	25.56
13.8	25.68
15.77	24.27
15.16	22.82
13.66	22.27
7.19	22.18
6.09	23.83
8.03	25.61
10.96	26.38
13.18	27.66
11.45	29.53
11.59	28.56
13.78	27.6
18.23	28.07
14.8	24.24
12.32	20.63
9.67	19.85
10.86	18.42
10.3	20.56
7.58	20.97
9.81	22.81
12.75	23.68
11.41	21.92
12.5	22.13
12.99	19.36
9.06	19.7
10.45	19.77
9.75	21.4
11.35	21.06
14.71	16.67
11.61	14.52
7.81	19.87
10.2	17.06
7.91	11.29
6.89	18.1
5.88	19.07
4.9	18.56
7.48	20.84
8.48	22.28
11.41	22.24
12.54	21.5
6.87	18.49
11.01	18.36
10.06	21.21
11.47	20.27
8.99	13.98
7.78	18.01
3.02	18.34
2.94	18.98
6.32	20.08
9.46	17.4
7.91	15.75
3.59	18.32
5.18	19.24
7.65	15.22
1.49	13.24
2.42	18.57
8.41	19.82
11.4	19.72
11.64	14.52
8.89	13.62
4.26	17.83
4.37	17.53
4.7	18.48
9.42	20.63
10.05	14.31
8.04	10.05
3.43	14.14
0.23	14.31
2.24	12.53
3.93	7.4
1.19	9.44
1.44	8.39
-0.35	5.48
0.35	6.21
3.32	10.86
3.95	17.13
2.53	17.06
6.04	17.11
4.18	13.71
3.71	8.03
-0.96	6.8
-5.27	4.16
-2.87	1.69
-2.7	-0.65
-0.79	0.63
0.59	3.53
2.11	4.53
2.94	4.26
3.72	6.2
0.45	7.04
-0.34	10.47
7.35	15.82
5.74	18.98
5.13	14.29
3.8	10.71
5.2	9.14
-2.88	7.28
-3.93	1.75
-1.35	0.74
-0.51	2.17
1.02	5.47
0.45	3.5
-2.25	2.31
0.23	3.17
0.06	1.6
-0.21	1.5
0.14	1.92
-1.33	0.51
-1.78	1.74
-1.94	8.98
-0.97	7.57
-4.3	1.35
-0.55	0.75
-0.85	0.89
-1.11	0.85
-0.93	0.49
0.58	6.2
1.48	5.27
0.72	6.79
-1.55	3.05
-0.74	6.81
-3.5	4.87
-1.41	2.1
-1.07	0.06
-1.59	0.23
-5.09	-0.94
-6.82	-0.04
-2.74	-0.07
-2.33	-1.3
-4.94	-2.14
-11.95	-3.99
-13.05	-3.67
-11.03	-4.59
-14.76	-3.44
-9.35	-6.45
-18.87	-8.28
-19.44	-9.77
-23.59	-11.31
-17.5	-9.31
-10.53	-4.57
-17.59	-4.77
-20.27	-5.19
-11.15	-7.53
-14.82	-8.29
-8.45	-2.95
-4.67	-2.48
-13.26	-2
-13.6	-5.8
-15.89	-5.91
-10.89	-1.44
-4.77	-1.18
-4.64	8.23
5.95	14.4
0.21	11.39
-4.02	2.07
-4.86	6.44
2.84	8.48
-1.38	5.15
-2.22	4.01
-5.81	2.06
-4.19	7.27
-0.42	9.18
0.72	12.82
-0.63	9.72
-5.47	4.15
-4.23	5.4
-3.65	8.52
-0.72	3.91
-3.56	-0.13
-4.54	-0.94
-5.91	-0.67
-11.05	-5.78
-16.69	-9.28
-22.33	-7.18
-19.66	-5.57
-10.78	-4.34
-17.05	-2.1
-17.66	-0.29
-14.07	-3.32
-13	-1.53
-10.96	0.6
-15.85	-0.1
-10.84	3.54
-6.04	-0.76
-9.04	1.87
0.03	7.81
-2.65	2.95
-0.05	2.52
-3.25	0.42
-2.07	3.06
-0.53	2.87
0.67	2.5
0.34	5.26
0.8	10.71
1.56	13.79
1.18	8.73
1.49	5.84
2.55	6.78
-0.09	5.42
-0.16	1.67
0.05	3.77
-0.04	5.61
-0.59	3.74
0.28	6.49
-2	7.55
0.84	6.71
0.79	5.92
0.31	3.37
0.23	7.24
1.34	5.97
3.5	9.38
3.58	8.39
4.49	8.24
1.67	13.37
3.55	15.79
2.49	17.14
3.84	12.58
-2.99	11.21
0.4	16.67
0.13	17.42
6.91	19.45
5.37	22.98
6.72	18.42
2.51	21.07
9.31	22.6
10.4	19.59
8.74	16.14
7.78	21.1
8.83	22.05
8.65	17.59
5.03	17.07
6.25	12.75
3.02	16.32
4.93	11.99
2.78	13.53
3.83	11.89
3.93	11.33
6.18	10.19
6.43	15.93
0.82	16.95
3.85	18.98
3.79	21.23
5.95	21.33
4.67	13.73
-0.99	13.14
0.13	12.66
4.22	9.49
1.79	8.24
1.4	11.82
-2.04	15.18
4.29	19.34
6.86	15.35
2.79	12.25
-0.61	14.57
4.7	11.52
6.12	14.07
10.25	14.91
6.1	17.94
5.22	19.64
5.69	20.82
7.34	22.39
8.14	23.97
10.59	27.08
13.66	27.69
12.21	28.27
13.53	25.63
14.14	18.76
13.24	24.54
11.53	24.31
9.01	21.66
13.84	25
12.94	22.47
9.95	21.94
10.5	22.54
9.78	24.29
10.33	24.25
11.69	26.16
10.66	26.89
13.83	26.23
10.75	22.47
10.67	20.85
12.52	24.23
12.53	21.46
14.29	20.15
13.84	24.37
12.32	27.33
15.62	29.12
15.4	29.01
15.6	23.52
9.69	17.56
7.12	20.94
10.76	18.38
6.32	19.61
12.19	18.77
12.04	21.45
14.92	20.27
6.91	18.85
11.07	16.06
7.87	18.62
4.9	19.98
12.57	15.96
12.47	20.35
10.28	23.48
13.36	20.66
10.64	22.51
11.5	23.15
8.97	23.48
14.42	20.57
12.53	20.29
9.46	23.03
10.99	25.29
12.76	25.61
12.54	21.04
9.85	21.7
9.6	23.6
9.56	24.24
11.2	23.47
9.74	25.07
11.78	23.06
11.14	22.63
13.86	21.04
10.15	23.32
10.15	25.25
11.43	27.03
12.89	27.28
14.91	28.45
16.28	28.94
16.86	25.46
15.76	26.9
14.44	28.81
17.46	28.87
13.69	25.56
8.21	22.87
10.61	27.12
15.56	25.21
14.29	27.18
13.92	29.03
16.17	29.81
15.82	29.49
18.47	31.82
17.99	29.15
13.48	24.1
13.01	25.21
12.38	23.04
9.96	24.68
14.08	23
13.97	25.93
16.56	28.05
12.25	21.38
10.81	19.7
13.7	21.59
8.97	27.01
16.73	25.03
13.71	29.43
15.65	30.39
14.85	31.27
15.15	31.77
14.9	31.32
15.39	29.51
14.13	23.15
8.47	24.44
15.54	28.71
11.56	25.48
12.8	29.39
14.38	27.38
14.09	29.93
17.35	31.3
14.87	25.66
10.47	17.95
13.58	16.58
13.69	20.73
14.76	24.19
12.69	26.73
11.19	27.31
15.77	24.47
11.86	25.6
12.51	22.28
9.37	22.63
11.6	18.95
9.2	18.65
7.7	15.68
9.79	15.41
3.73	18.72
5.18	21.59
7.77	21.27
8.21	19.31
5.74	20.28
5.44	21.09
9.96	19.86
7.55	22.66
13.63	25.26
12.04	27.53
11.92	26.91
11.13	27.46
12.62	28.38
12.25	29.19
13.3	26.06
12.55	24.79
14.26	20.44
9.14	19.98
5.88	23.59
9.78	21.35
5.36	19.83
4.93	21.84
7.49	24.02
7.65	24.51
8.59	23.57
9.11	24.3
9.55	23.45
9.86	22.99
9.19	21.9
11.01	18.9
8.6	19.43
9.89	20.31
6.56	18.08
7.04	13.88
3.88	13.94
7.14	16.04
5.7	10.68
-1.72	15.73
0.15	15.96
1.66	10.71
3.67	12.55
-1.25	12.04
6.34	11.6
6.1	10.76
0.43	10.96
-3.54	12.08
-2.59	11.97
-3.35	8.15
0.13	3.15
0.65	2.03
1.51	2.99
2.84	4.53
3.1	10.34
5.6	8.85
-0.82	11.68
-0.64	10.88
0.58	12.4
4.18	11.74
-2.21	10.76
-2.94	10.14
1.9	14.54
8.97	19.18
1.95	14.4
0.17	2.44
0.62	2.22
-0.53	5.93
-2.74	5.7
-4.28	2.95
-1.34	2.21
-3.51	-0.95
-3.43	0.19
-0.46	0.49
-0.35	0.82
-0.24	0.93
0.05	1.95
0.72	1.74
-0.18	1.38
-0.88	1.43
-2.19	0.35
-4.54	0.34
-5.75	3.31
-5.93	1.23
-2.53	6.08
-1.96	6.69
-0.78	11.57
-0.46	12.93
0.65	13.19
8.41	14.81
4.03	13.06
6.31	13.49
3.78	13.46
0.3	9.24
2.64	4.33
1.42	3.33
1.57	4.72
2.52	4.48
-0.85	7.59
0.17	12.72
-0.32	11.88
1.22	7.44
0.38	7.51
-0.69	8.06
2.57	9.84
-2.71	8.3
-1.92	2.12
-1.78	0.08
-2.15	6.66
1.35	8.74
-0.88	7.88
-1.06	10.31
6.63	16
-2.78	6.69
-3.46	-1.46
-5.34	-1.62
-6.88	0.89
-2.02	2.65
-1.86	2.39
-4.91	1.65
-5.11	0.89
-4.09	1.25
-8.57	-0.17
-2.3	-0.27
-5.51	-1.82
-8.47	-0.47
-2.95	1.82
-4.95	2.5
-0.3	8.88
-0.51	8.32
-1.35	5.94
-5.19	3.6
-6.01	0.64
0.03	9.74
3.11	12.4
-3.17	9.58
1.77	9.95
0.87	10.98
1.4	9.59
-0.94	5.75
-3.99	3.48
-6.5	2.88
-5.87	2.64
-4.21	-0.12
-1.37	1.01
0.12	1.47
1.29	3.79
1.12	2.76
-1.3	1.69
-4.01	-0.65
-9.31	-2.71
-5.16	-2.85
-5.29	-2.6
-10.92	-5.55
-9.37	-7.92
-7.99	-5.06
-6	-3.03
-6.84	-2.6
-8	-1.44
-16.43	-0.98
-8.25	-0.76
-3.59	-0.52
-2.65	1.82
-0.6	5.87
-1.14	2.31
-1.03	1.74
-5.24	-1.16
-4.02	-0.21
-3.34	-1.22
-7.66	-2.85
-16.1	-2.74
-11.39	-5.21
-19.44	-2.79
-19.61	-4.89
-9.64	-5.5
-6.61	-2.35
-3.6	1.78
-1.2	1.59
-9.39	6.54
-2.46	6.22
-0.13	3.78
1.14	4.68
-0.43	4.27
-0.26	6.4
0.57	5.97
0.86	3.33
0.84	2.9
0.54	2.63
1.25	4.18
-0.41	3.88
-2.72	5.91
-3.68	8.67
-2.78	7.09
-3	7.36
-0.29	3.95
-2.69	6.88
-2.53	8.25
3.13	11.32
1.15	10.17
-1.05	9.42
0.15	14.09
2.09	17.84
2.68	15.8
2.97	12.34
-0.28	17.27
4.21	13.76
5.18	15.79
3.68	17.85
6.9	17.58
4.17	17.55
4.72	17.79
6.47	23.39
7	23.85
8	23.67
5.92	15.04
3.44	9.26
-1.16	4.42
-0.92	0.89
-0.82	7.97
-1.72	13.23
4.85	11.57
7.05	17.33
7.87	16.04
5.96	13.28
2.59	12.29
3.09	18.57
9.23	18.61
10.51	20.8
9.74	24.24
8.47	25.82
8.08	23.34
9.96	22.76
8.41	24.85
11.89	21.14
9.81	23
13.09	22.2
10.3	21.77
8.08	23.34
11.55	22.95
12.16	24.4
8.13	23.83
9.28	23.99
10.61	22.41
7.85	18.63
6.85	19.45
9.69	22.14
11.39	22.56
10.23	25.3
12.29	25.48
11.53	26.55
12.62	21.38
12.22	17.9
7.78	22.88
10.75	26.97
15.82	23.93
14.73	26.35
17.09	25.89
11.84	26.2
13.49	26
10.79	20.59
8.37	23.13
8.8	25.84
10.96	26.92
14.42	23.17
8.37	17.32
7.39	14.87
8.06	13.13
5.84	18.97
10.35	14.78
7.17	18.72
7.74	15.12
8.31	12.58
4.47	16.48
7.28	19.02
7.1	20.89
9.35	22.64
12.89	26.22
13.67	23.21
11.05	18.64
14.37	25.05
16.42	27.12
14.69	28.24
16.74	29.14
16.17	30.02
17.85	25.4
16.4	27.7
14.93	27.85
16.43	24.25
17.2	22.37
14.75	22.03
14.99	23.1
12.57	23.82
12.59	26.64
13.04	27.51
16.09	25.6
13.81	21.4
13.12	24.73
12.99	26.89
12.28	28.54
13.06	29.37
14.27	29.38
18.03	29.24
15.62	24.65
9.46	23.35
10.04	21.64
9	23.04
10.85	23.77
11.78	22.5
11.53	19.25
9.21	21.44
9.16	23.15
8.91	24.5
10.64	26.62
12.17	28.37
15.23	24.15
12.7	18.17
12.9	21.63
9.63	25.3
10.11	26.9
10.56	27.57
6.57	22.11
9.78	24.1
11.69	24.77
12.8	25.9
10.98	26.46
13.07	28.36
14.86	30.13
16.99	30.61
15.66	28.87
15.71	30.1
17.21	30.63
18.26	26.9
14.5	24.9
14.53	27.99
15.42	29.65
16.63	28.65
15.09	29.27
16.94	30
16.74	31.37
14.72	29.21
15.14	25.19
12.24	27.56
13.07	28.61
14.56	31.14
15.56	31.74
16.01	28.4
15.11	23.68
14.13	22.71
9.84	25.36
14.42	28.84
9.76	20.9
11.92	21.38
9.28	24.04
13.89	24.74
13.47	22.83
12.69	18.74
9.62	19.63
5.81	19.76
7.23	20.28
9.04	21.16
8.83	23.68
12.27	18.7
5.5	19.81
5.54	20.93
6.75	23.45
9.08	24.12
12.4	21.04
11.79	17.25
10.26	18.73
9.29	20.62
14.13	23.85
11.6	25.22
12.31	26.11
16.9	27.57
14.73	25.78
15.17	24.02
9.71	16.75
2.4	18.27
2.61	20.94
6.1	23.67
6.18	23.79
6.49	23.71
12.35	16.29
9.98	12.97
8.78	16.48
9.31	17.96
4.21	18.44
5.83	20.55
3.35	19.33
4.3	21.47
4.4	23.89
7.91	19.2
6.73	17.43
3.27	18.37
4.98	21.4
6.87	19.6
9.7	18.13
2.47	18.75
2.87	19.49
4.58	18.22
1.71	17.36
1.17	16.61
-0.13	16.64
-1.49	16.54
-2.37	17.01
-1.59	16.78
-0.73	16.91
8.55	13.12
6.77	16.09
7.33	19.52
9.48	18.03
5.16	13.23
-1.03	11.09
5.87	8.85
5.44	7.67
6.85	11.32
0.21	12.49
2.18	11.18
4.27	11.46
0.26	12.14
4.09	12.4
4.11	9.49
-4.28	7.4
-2.72	10.88
-0.01	14.89
0.11	12.38
-1.98	11.96
-2.41	11.71
-2.36	11.4
-2.11	8.18
-0.21	7.84
-2.1	5.4
0.05	13.25
6.33	18.23
2.88	12.82
2.9	5.57
4.06	7.06
4.98	6.72
4.89	6.44
3.97	6.1
2.69	5.11
3.18	10.08
4.31	9.2
-0.67	11.67
-1.3	6.36
2.42	8.48
0.77	7.28
-0.29	6.65
-3.28	0.97
-1.42	0.62
-0.94	1.14
-2.31	3.45
-2.65	0.2
-4.12	0.44
-2.99	-0.91
-3.66	-1.84
-3.24	-2.12
-2.62	-1.69
-2.46	-1.12
-2.66	-1.16
-1.49	3.36
-3.83	0.1
-2.6	-0.2
-1.48	0.1
-2.26	1.24
-2.15	1.74
-5.39	1.8
-1.61	7.38
-0.58	6.67
-4.6	7.29
-4.86	4.59
-5.56	2.54
-6.1	0.28
-7.36	-1.88
-13.05	-3.32
-7.17	0.92
-5.87	2.87
-1.69	9.5
3.6	10.88
1.3	8.85
-1.62	7.41
1.88	6.14
-2.67	2.82
-6.95	1.13
-8.08	2.51
-4.08	5.67
-5.81	-0.21
-10.18	-3.79
-12.45	-2.08
-6.3	-1.95
-11.75	-4.32
-15.88	-10.06
-22.76	-11.39
-14.2	-11.05
-10.97	-4.26
-5.83	-1.73
-2.44	-1.5
-4.63	-1.6
-4.15	-1.42
-9.86	-1.74
-8.41	-1.87
-15.11	-4.49
-5.76	1.87
-1.78	4.12
-8.25	3.5
-6.11	2.58
-7.11	0.87
-7.13	-0.77
-4.99	0.94
-13.88	-3.62
-23.17	-6.47
-14.29	-4.87
-9.97	-3.83
-6.79	-2.16
-15.11	-1.85
-13.56	-0.57
-5.79	0.57
-3.83	2.71
-3.45	3.49
-0.22	9.39
-0.48	9.99
-0.64	8.87
2.8	11.75
2.41	8.28
1.92	5.56
2.21	6.01
2.25	5.42
1.44	3.33
0.97	3.73
-0.25	2.53
2.4	5.96
1.02	9.87
-1.72	7.52
-2.49	6.12
-4.26	0.83
-8.33	2.43
-7.25	4.72
-0.9	3.61
0.34	8.22
1.03	5.71
-4.37	1.1
-8.78	-4.52
-17.04	-4.02
-17.82	-2.96
-11.5	-3.28
-10.45	-2.8
-13.21	-2.99
-13.79	-1.96
-7.41	-1.93
-9.57	1.38
-11.1	0.54
-11.36	1.19
-10.87	1.77
-8.06	2.53
-5.64	4.19
-3.51	5.93
-1.11	11.13
0.29	6.49
-0.2	2.97
-5.33	6.98
-1.65	11.12
-0.02	10.32
-2.27	14.53
4.7	18.01
3.96	17.36
7.73	16.74
8.36	14.97
4.48	10.82
3.28	6.44
0.51	5.11
0.78	6.26
2.38	5.42
2.19	12.8
7.02	18.34
7.81	18.54
6.87	18.38
2.86	20.45
5.16	20.95
10.21	17.97
10.27	17.19
6.17	10.76
4.92	14.13
6.09	11.22
5.04	13.72
3.89	12.63
0.38	12.75
5.87	17.83
3.36	22.78
5.91	19.89
8.14	22.17
8.63	15.47
6.12	13.82
1.95	14.4
1.6	18.75
3.53	22.88
6.94	22.3
5.95	14.9
1.03	14.84
1.03	17.86
2.47	20.5
3.13	24.35
7.87	26.08
9.9	23.03
7.18	20.05
8.02	14.35
9.44	12.26
6.94	14.49
6.8	15.43
7.65	19.4
4.53	24.1
9.11	18.78
7.34	19.73
11.42	16.21
6.43	14.4
3.04	17.81
8.62	17.9
4.83	16.88
12.16	17.74
8.74	23.08
9.51	19.53
7.84	13.01
5.92	11.76
6.94	12.62
7.77	19.03
10.04	22.02
8.64	20.78
7.97	23.68
12.03	20.65
9.23	20.42
10.09	17.96
7.2	17.33
11.19	17.99
8.57	22.33
10.74	21.94
13.6	22.88
12.53	19.56
10.46	24.29
12.46	26.92
18.24	27.34
12.67	23.25
13.89	25.1
12	25.22
11.41	24.96
12.78	27.89
17.66	30.16
18.2	28.07
12.97	24.13
10.28	18.75
6.18	20.27
7.88	19.57
12.62	18.94
13.35	16.44
13.12	16.26
12.6	23.47
11.71	24.51
14.76	22.91
12.82	25.93
14.82	23.4
14.31	25.92
15.54	28.22
15.17	29.8
15.17	30.06
18.3	29.62
16.98	27.21
16.69	26.37
15.49	24.41
12.63	25.02
9.94	26.12
10.36	27.7
14.5	25.42
11.87	24.43
10.72	25.98
11.67	28.17
14.13	29.63
15.22	27.47
15.21	29.58
16.8	29.62
16.41	29.31
19.07	30.47
18.05	30.92
16.26	29.21
12.26	28.67
13.4	28.72
14.78	31.98
16.15	32.02
17.19	28.2
13.69	19.63
5.71	21.28
11.33	22.73
12.45	23.05
11.36	25.9
15.41	23.37
10.71	24.06
14.82	20.83
12.33	25.31
14.99	19.61
11.25	16.22
6.71	20.12
7.84	16.73
12.64	21.45
9.77	23.28
15.13	22.69
12.69	20.53
12.13	21.51
12.23	19.45
8.86	22.71
14.42	23.92
12.83	23.24
12.55	23.42
12.84	26.61
15.59	26.13
15.37	24.95
12.28	24.65
11	24.39
9.48	24.41
11.78	27.18
14	27.06
15.3	24.8
13.87	25.44
14.33	23.99
12.5	22.75
14.99	25.17
13.8	26.03
15.17	23.8
14.69	24.08
13.39	26.74
13.45	26.76
13.59	26.73
14.51	22.12
12.73	22.96
10.78	23.77
11.92	19.41
10.05	22.33
10.22	24.24
12.85	25.27
14.7	28.6
14.08	30.07
16.28	27.29
16.29	25.06
13.29	25.84
14.56	29.57
15.15	25.94
14.63	29.17
15.41	24.76
12.98	25.7
13.35	26.64
14.98	21.79
14.44	19.66
15.68	25.63
9.34	22.55
6.48	14.21
3.61	13.91
3.44	12.72
2.83	13.95
0.7	13.71
1.8	14.76
3.25	14.77
3.9	18.83
10.37	18.85
13.11	23.11
11.24	21.81
10.14	17.23
7.43	19.06
12.14	23.36
13.97	19.77
8.8	15.54
4.37	17.04
7.59	19.43
14.2	22.34
11.99	20.13
10.73	16.31
8.95	14.59
7.68	12.53
8.12	12.09
9.62	14.3
9.89	13.85
9.65	12.88
11.46	14.29
7.91	12.64
5.74	11.96
4.57	8.59
0.81	6.29
3.36	5.48
0.4	10.35
-3.58	8.8
0.3	5.39
4.5	9.84
3.97	8.82
0	9.59
-2.2	9.15
-3.18	6.07
-1.16	4.73
1.51	3.7
2.42	3.74
2.5	6.23
1.18	9.49
3.97	14.47
4.72	12.97
3.06	6.03
-1.49	5.71
-1.05	5.83
0.73	12.1
1.36	8.86
3.44	7.81
-0.93	7.18
0.63	7.76
-2.4	7.46
1.45	6.45
4.31	13.39
0.99	8.76
4.97	7.89
3.76	6.8
3.01	5.3
3.07	4.68
2.81	5.43
1.17	2.95
0.92	3.36
1.58	3.95
0.5	6.7
2.12	5.39
1.3	5.32
-2.47	2.06
-7.38	-2.38
-7.53	-1.15
-11.03	2.37
-6.42	3.58
-6.99	-0.44
-4.31	-1.94
-3.36	-1.86
-2.28	-0.32
-1.12	1.34
-0.36	2.82
0.59	7.13
-1.15	5.32
1.12	11.58
-0.09	6.34
0.02	7.37
-2.89	5.65
-4.39	4.15
-2.26	-0.14
-2.97	3.3
-1.16	11.95
0.72	11.6
-2.21	11.79
-0.93	10.39
-1.59	3.2
-1.48	5.78
3.11	9.39
0.64	8.77
1.12	11.74
6.12	14.76
4.51	11.87
1.96	7.21
-1.39	6.5
-4.11	4.52
-3.02	0.96
-3.75	5.59
-5.09	3.62
-2.98	-0.28
-2.96	-1.58
-2.39	-0.7
-1.4	0
-1.47	0.42
0.09	2.4
0.47	2.14
0.17	2.32
1.18	3.84
0.69	5.28
-2.08	5.23
-0.3	8.26
3.96	10.35
-0.79	11.84
-1.07	11.08
8.58	15.93
2.65	12.33
-1.1	8.96
-1.64	9.07
3.42	5.94
-1.57	10.28
-1.43	10.86
3.78	11.54
0.46	12.98
8.35	15.83
2.8	11.88
1.96	9.18
1.45	5.16
-0.23	6.03
-1.16	9.88
3.16	6.43
0.55	6.43
-1.37	7.9
-1.89	7.26
-3.65	5.25
-2.12	8.14
0.06	8.6
-0.11	5.12
-5.24	1.95
-4.03	7.11
-3.53	8.28
0.55	4.83
0.12	4.63
-3.08	2.84
0.13	1.88
-0.19	4.85
-1.24	4.31
-3.14	7.77
-2.69	4.22
-4.51	7.16
-3.18	9.48
1	5.11
0.3	5.8
-1.73	5.61
-1.72	5.93
-0.9	3.36
-0.79	5.76
-3.18	9.86
-1.65	12.22
-0.9	5.92
-0.25	8.78
-0.72	9.06
1.03	13.02
5.05	14.6
1.21	8.3
-2.46	8.76
-3.17	9.72
1.11	12.42
5.53	10.63
4.72	13.77
1.47	10.08
1.75	10.69
1.48	16.34
0.28	12.2
-0.11	10.43
-0.85	12.82
0.07	15.17
5.36	15.43
2.2	13.74
0.27	12.96
1.53	14.81
5.54	13.16
7.43	11.3
8.27	15.09
8.36	14.94
6	18.35
6	19.25
3.17	11.42
-1.8	12.24
0.27	20.33
8.77	19.43
1.97	12.16
-2.82	11.17
-3.56	14.44
-0.02	14.6
-0.55	20.47
3.89	22
4.98	21.98
9.71	18.51
8.72	20.69
5.16	19.82
0	10.44
-3	10.64
0.09	14.16
0.87	16.79
2.89	15.09
8.86	14.51
9.11	15.14
7.13	20.03
9.92	22.02
10.48	20.33
4.92	22.05
11	21.8
9.37	22.58
6.4	22.56
10	17.99
6.99	19.89
5.8	21.85
8.1	17.22
2.57	19.23
9.14	20.36
11.63	20.61
11.36	17.82
10.32	22.19
8.6	24.6
11.76	24.51
10.39	23.08
10.18	21.49
8.99	14.15
7.72	13.84
4.65	16.48
4.33	20.92
7.25	22.04
8.81	23.19
9.73	22.89
8.65	23.4
10.88	22.74
10.15	23.76
13.94	21.53
12.1	17.6
8.14	20.46
10.03	23.07
10.3	27.39
15.08	22.02
14.55	23.4
11.18	23.3
9.75	23.21
9.83	25.62
11.25	25.92
15.37	24.41
13.59	22.79
14.43	20.52
9.29	25.52
12.91	25.07
14.18	23.08
11.81	21.86
8.77	24.32
13.02	24.61
11.94	20.91
11.13	23.11
12.07	24.88
12.27	21.24
7.26	19.81
10.03	21.56
11.26	21.12
11.29	24.41
13.73	26.59
13.66	27.28
13.51	29.02
14.73	26.64
14.85	24.68
11.3	27.13
12.52	29.32
16.77	30.23
17.4	33.04
13.39	30.6
14.43	28.31
14.92	26.86
13.3	25.48
12.55	27.02
12.61	24.67
12.1	26.64
14.53	26.06
13.24	17.72
11.37	22.06
10.29	24.33
11.56	25.54
13.66	22.57
10.99	24.39
10.98	29.07
14.79	30.38
14.72	32.68
15.82	33.57
17.36	29.07
11.54	31.54
13.91	32.65
15.51	27.58
10.06	29.11
15.79	25.47
8.8	26.28
11.24	28.42
13.97	31.39
15.9	32.38
11.11	19.31
10.68	22.93
9	24.24
10.27	26.68
13.07	28.57
14.59	27.75
13.05	29.72
13.62	32.32
16.89	32.82
15.6	32.7
16.03	32.47
16.19	34.28
17.39	32.5
15.36	26.99
11.58	27.22
9.7	29.29
13.26	30.63
13.98	25.85
12.69	17.32
13.22	16.86
9.27	21.86
12.63	23.03
10.47	22.78
11.36	22.11
8.72	24.76
11.92	27.43
15.39	23.64
13.59	25.34
11.9	26.07
16.73	24.55
10.1	23
11.04	24.81
13.22	24.77
16.55	23.74
12.76	19.24
12.19	19.57
7.86	21.77
8.18	22.96
9.64	24.03
12.53	24.01
11.96	19.14
10.37	13.04
10.34	12.92
10.34	17.69
5.52	16.77
11.4	17.91
11.44	18.54
11.56	17.13
10.51	18.85
9.71	18.91
7.66	20.22
10.41	22.14
9.76	20.24
9.73	22.69
10.48	24.09
9.95	24.7
10.18	24.88
10.35	23.69
11.31	19.2
7.33	17.14
9.34	17.54
3.66	17.55
3.3	17.25
8.68	15.37
7.58	16.98
6.37	12.52
0.85	16.83
9.05	21.19
10.92	20.58
10.89	19.58
9.72	22.16
10.25	22.06
11.18	20.42
8.17	18.74
5.7	18.35
5.95	18.61
8.88	12.68
8.92	12.36
8.28	9.9
7.47	10.63
8.32	10.05
5.04	9.6
6.48	12.16
2.51	9.12
-2.02	7.52
0.59	8.3
-0.57	11.23
3.01	7.92
-0.77	6.33
-3.19	9.6
-3.15	11.92
-0.09	6.65
-2.78	3.41
-6.99	4.72
-7.53	4.44
-5.83	6.5
-4.76	7.34
-4.16	4.04
-5.61	1.85
-8.44	-1.62
-3.21	-1.65
-2.39	0.55
-2.09	10.36
1.33	7.92
-2.13	6.11
0.95	9.66
-2.72	8.88
-2.1	10.12
-4.14	5.07
-2.66	-0.42
-4.31	-1.48
-12.29	-2.66
-15.87	-1.04
-3.99	1.13
-0.91	2.06
-0.5	5.81
-3.25	4.42
-1.15	7.87
-2	4.98
-0.86	1.29
-1.44	0.79
0.96	4.96
0.95	6.64
3.1	11.99
2.27	7.48
-2.98	7.07
-1.57	3.2
-2.8	2.47
-4.39	4.17
0.77	10.92
0.06	6.01
-1.33	5.22
-0.41	6.36
-2.29	2.45
-6.81	-2.02
-11.63	-2.25
-11.21	2.29
-3.93	6.79
-1.55	6.27
-5.38	1.39
-2.44	6.49
-4.5	6.54
-3.6	9.43
-1.81	8.11
-2.95	9.09
-3.36	8.4
-2.89	9.64
-3.52	6.55
-4.36	6.13
-4.09	1.61
-2.87	4.83
-0.69	3.91
-7.74	1.56
-7.24	-0.19
-6.65	-3.43
-6.58	-0.16
-3.41	1.06
-2.36	2.88
0.18	9.92
-0.93	6.94
-0.11	4.79
-0.89	1.49
-0.45	1.6
-2.84	3.46
-2.13	7.44
-3.36	6.02
-3.49	3.23
-3.77	1.83
-3.4	2.33
-4.07	-0.54
-3.21	-1.2
-2.89	-1.3
-2.43	3.81
-2.31	1.29
-0.91	-0.17
-1.52	0.75
-2.57	0.81
-1.24	0.38
-2.17	-0.99
-2.51	0.39
-7.45	5.42
-2.18	4.28
1.1	2.82
0.35	1.92
0.17	1.34
0.29	2.13
-0.88	7.45
-2.71	10.23
-3.04	6.49
0.12	5.01
1.26	5.37
-2.52	3.8
-3.05	-0.66
-1.04	8.87
-5.93	5.5
-3.77	6.18
1.76	10.06
0.71	7.93
-1.34	10.43
4.16	12.22
1.49	16.97
3.93	11.21
2.71	7.09
4.99	12.07
4.64	17.15
7.39	15.24
6.14	11.78
1	8.24
-1.08	12.49
0.31	13.15
1.8	13.49
1.44	9
3.97	11.68
2.27	12.91
-0.79	12.83
-1.44	15.08
-1.26	13.88
4.77	12.78
1.61	13.63
2.39	12.55
4.1	12.81
4.53	12.5
4.54	10.95
-1.6	11.71
4.45	15.18
6.31	16.53
6.32	13.68
3.63	10.81
4.38	9.12
6.47	8.59
4.55	14.37
4.58	17.38
1.05	11.97
2	17.89
5.3	16.85
1.98	16.52
2.17	19.75
2.77	24.6
9.08	22.65
7.1	24.54
13.63	22.1
2.53	16.77
1.79	10.13
6.1	20.59
8.33	18.14
4.48	15.54
4.36	16.25
5.13	18.53
7.85	20.07
2.92	21.01
5.86	23.38
9.51	23.14
10.08	21.18
9.87	14.56
8.2	13.18
7.69	19.73
9.54	16.66
5.22	14
5.6	15.43
4.3	18.84
7.65	19.96
9.6	20.42
3.8	12.97
2.49	17.99
3.57	15.83
7.13	20.67
8.76	17.2
6.55	10.89
5.53	13.11
4.63	8.99
5.25	8.16
5.9	11.33
9.44	17.49
8.83	19.1
8.23	22.3
7.23	18.66
3.37	13.67
4.1	17.45
3.31	19.64
6.12	24.92
10.87	24.68
11.45	24.28
10.64	23.58
11.3	17.74
9.68	13.82
9.3	13.2
10.34	16.19
10.08	20.7
11.95	20.83
12.31	21.97
10.35	21.38
13.56	20.27
6.86	18.63
4.19	20.84
5.61	21.98
6.84	20.81
6.77	23.38
9.01	23.75
9.22	24.18
9.69	25.6
13.42	22.54
13.77	17.56
14.59	21.76
13.13	21.03
11.92	21.17
8.98	21.92
9.45	19.1
10.21	21.67
9.5	18.74
7.85	22.82
8.18	25.42
10.74	24.52
12.09	22.26
14.44	19.13
13.57	20.18
8.91	22.7
10.39	17.55
8.33	14.57
11.66	16.4
8.97	23.65
13.29	20.62
12.99	18.99
12.78	25.4
13.55	22.71
15	22.62
14.94	24.4
13.67	25.56
14.05	27.6
14.12	24.97
13.49	23.84
10.95	23.07
12.1	26.1
12.37	26.65
16.31	26.29
16.1	27.98
15.76	27.49
15.55	27.02
14.42	29.13
15.91	30.06
17.51	31.06
17.12	29.82
14.81	30.3
16.6	25.34
16.02	25.65
15.73	23.9
12.77	21.98
9.78	25.05
13.8	22.23
8.21	23.65
11.02	22.33
7.14	25.18
9.76	26.83
11.96	25.53
13.76	27.52
16.42	29.88
16.27	28.02
16.35	22.73
14.62	26.79
13.68	24.02
14.51	25.32
11.73	26.57
13.33	25.59
10.65	20.26
8.98	20.4
10.47	17.02
9.76	24.45
11	26.63
13.92	26.77
16.49	28.15
15.99	28.32
17.01	23.34
12.68	25.78
13.89	26.24
15.87	29.05
16.86	25.56
14.86	29.37
16.41	30.8
17.26	31.62
18.04	30.17
17.67	27.48
17.18	23.81
16.36	25.48
16.38	28.22
16.41	27.54
16.88	28.29
17	27.24
13.83	26.55
12.92	22.3
13.87	22.98
13.65	19.15
11	16.71
9.41	13.62
10.43	19.55
8.02	21.18
8.7	20.6
12.92	16.72
11.18	15.69
11.64	17.32
8.71	19.74
7.12	19.56
7.52	20.35
10.2	18.65
12.24	20.59
11.37	23.63
14.18	19.5
14	18.07
12.43	15.93
10.06	20.85
13.83	25.43
11.52	25.48
12.69	26.09
12.99	26.67
12.89	26.19
13.98	25.35
11.96	24.31
9.29	23.08
9.05	22.93
7.52	22.2
8.44	21.47
9.03	19.27
11.41	15.6
11.68	15.84
6.42	16.01
8.27	16.32
8.18	18.89
4.17	13.48
3.24	12.98
-0.08	15.47
0.63	16.64
5.69	12.35
6.65	10.01
8.57	11.65
8.09	13.19
0.74	15.1
6.03	16.7
2.56	18.15
2.98	17.94
5.83	14.25
1.25	14.59
-0.02	17.22
1.42	19.31
2.17	18.95
5.9	18.93
4.93	20.1
6.42	21.63
6.17	21.95
4.8	21.36
5.21	21.88
5.6	21.85
5.25	21.04
5.12	19.77
8.57	18.81
5.94	16.08
7.21	15.44
4.74	19.56
7.84	19.46
4.12	19.26
11.09	17.97
7.11	14.26
5.75	11.85
5.05	10.68
0.94	10.71
5.13	10.2
1.88	11.53
-2.32	10.69
-3.76	2.64
-0.43	2.02
-2.07	3.27
-2.8	10.17
2.17	6.93
-3.41	4.43
-7.35	3.12
-6.16	3.04
-2.02	3.53
-2.26	3.69
-2.21	12.82
-1.97	10.92
-6.05	2.91
-6.24	1.52
-8.74	-0.14
-3.76	3.67
-5.68	6.91
-5.36	3
-11.89	0.5
-11.52	-0.89
-9.33	4.85
-8.21	3.48
-8.43	2.06
-8.07	3.21
-4.27	1.48
-4.88	1.07
-8.15	2.1
-9.86	2
-5.93	0.81
-10.9	-0.38
-9.1	3.08
-0.24	10.24
3.38	13.49
7.11	16.69
8.83	18.19
13.45	20.29
7.94	16.96
11.04	19.32
5.31	12.84
6.16	15.85
7.92	16.02
2.51	11.87
-1.88	5.92
0.06	6.76
-1.93	1.73
-1.95	0.25
-2.98	1.59
-3.4	1.07
-5.65	-0.47
-5.19	-1.19
-1.62	-0.53
-1.88	-0.58
-1.89	-0.5
-8.12	0.62
-7.55	-3.27
-6.53	-3.75
-9.86	-4.16
-12.04	-6.4
-8.86	-2.2
-10.44	1.28
-8.46	-1.19
-6.96	-3.59
-6.89	-4.47
-7.13	-4.47
-6.28	-4.39
-6.07	2.03
-4.94	10.31
-2.89	3.62
-3.42	6.3
-5.55	5.69
-1.31	7.54
-1.88	12.9
-3.98	10.53
-0.55	9.63
-0.35	12.5
1.3	12.04
-0.05	8.8
0.43	11.77
3.68	11.64
0.81	10.47
3.19	8.73
2.89	12.72
3.42	13.98
5.4	12.55
4.7	14.07
-2.74	12.85
-2.98	11.62
-3.02	8.84
-2.96	11.71
2.09	9.49
-3.51	9.01
-0.51	4.47
-0.53	3.89
-0.52	9.12
-2.01	9.25
1.84	13.66
0.18	9.13
-1.24	9.39
-1.84	12
-0.57	14.43
-0.2	16.71
-0.17	16.98
0.99	16.06
-1.18	15.39
-1.35	17.65
-0.81	19.59
4.56	16.02
5.97	16.82
1.15	11.76
2.89	13.12
-1.52	10.77
-3.49	8.35
-2.06	11.03
-0.41	12.7
-2.98	15.32
3.43	18.88
-0.49	20.94
5.02	15.9
3.39	11.9
1.89	22
1.71	22.55
5.74	15.81
-1	16.14
1.8	13.84
2.26	14.47
-2.92	13.62
-3.92	17.67
-2.52	19.83
-0.72	21.39
1.59	21.43
4.66	23.89
6.41	19.04
6.58	17.7
5.11	13.54
3.05	8.91
4.16	8.49
5.11	14.38
3.08	12.32
6.9	13.55
4.31	17.78
4.34	17.82
4.83	20.64
9.1	19.17
7.95	14.96
5.68	11.32
6.12	16.1
9.35	13.84
4.72	10.85
0.82	9.44
1.18	11.55
-0.4	14.48
1.45	12.91
1.08	13.88
-0.26	18.15
5.04	17.97
7.43	14.02
6.62	15.37
7.02	11.93
6.17	15
3.41	11.46
3.31	10.29
3.1	17.62
8.39	15.39
7.03	18.73
3.88	19.69
4.7	18.27
6.08	19.78
6.98	16.2
2.56	14.47
1.3	18.1
10.31	18.03
7.31	23.74
9.91	19.3
6.52	19.41
3.92	24.23
6.74	25.33
8.39	25.29
10.01	25.19
8.36	24.8
9.75	23.74
10.09	25.22
14.78	20.59
9.35	24.08
9.35	25.83
12.46	24.77
11.77	26.23
11.67	27.51
10.77	23.96
10.8	18.66
11.03	18.66
9.04	21.62
8.97	22.77
12.18	24.51
13.47	27.09
12.7	23.2
7.82	18.13
6.22	17.22
4.43	19.55
8.44	15.63
2.87	18.16
4.21	19.59
6.52	21.4
8.02	24.05
12.3	20.91
8.04	21.82
12.91	17.3
10.52	19.8
12.58	20.6
13.89	21.89
11.19	21.9
10.26	17.74
7.75	20.19
8.42	22.08
12.45	16.85
13.67	22.13
11.7	21.19
13.41	21.65
12.92	21.89
10.66	25.52
13.02	26.09
14.7	28.53
15.43	25.45
13.16	26.25
13.94	23.49
13.08	23.74
11.47	24.44
13.87	26.7
16.4	27.38
15.49	28.73
16.23	29.52
17.71	30.92
17	29.96
14.38	20.12
10.3	21.73
14.32	20.46
8.57	25.73
12.87	23.42
7.92	21.04
9.17	20.63
13.63	27.89
13.37	25.05
10.81	21.48
8.82	24.32
8.99	27.26
12.23	24.08
8.06	23.08
9	28.63
12.18	29.65
14.44	24.21
9.41	24.01
9.61	24.29
11.73	28.41
13.3	29.99
15.17	25.42
14.08	24.84
14.5	25.2
10.32	26.71
11.56	27.02
12.19	28.64
11.98	30.7
14.36	31.81
15.55	31.15
19.13	30.41
15.52	29.96
13.5	27.85
11.43	28.4
10.73	29.55
13.23	31.86
14.8	23.21
13.51	22.39
10.56	24.77
9.19	27.49
13.25	24.98
10.79	28.17
12.69	30.35
13.17	31.51
15.37	29.66
15.08	28.91
13.5	29.9
11.71	22.55
7.97	26.33
10.65	29.3
13.99	23.82
11.36	20.4
11.29	23.65
11.51	24.49
9.06	26.63
11.08	28.45
13.43	28.96
13.27	29.08
12.34	28.88
12.16	29.3
11.88	29.69
14.2	26.75
14.01	19.48
8.86	21.6
12.63	20.91
14.12	20.92
9.35	20.65
8.86	22.15
10.12	19.96
7.56	22.16
10.34	16.86
9.68	17.52
9.53	17.32
5.54	18.94
7.05	20.1
7.13	21.8
10.44	17.09
4.26	19
9.14	18.16
6.35	19.04
10.31	22.69
11.47	17.85
9.56	17.88
9.85	25
12.02	20.69
7.84	17.89
9.56	13.61
7.28	16.6
6.06	16.25
4.13	18.93
6.21	22.24
13.13	24.3
11.48	17.94
4.75	17.84
6.26	16.83
9.82	14.48
6.46	17.17
9.84	22.23
8.56	17.6
3.59	13.78
1.63	16.07
1.04	17.8
2.36	19.56
6.16	21.89
9.76	22.71
7.57	19.41
7.69	20.67
5.18	18.67
7.7	18.91
10.06	21.45
11.06	15.27
5.96	13.17
-0.57	8.44
-4.26	8.78
-4.31	9.36
-3.79	9.55
5.48	10.62
5.45	9.11
6.05	12.37
6.2	12
8.33	12.64
3.88	13.79
5.69	11.96
2.41	8.58
3.22	8.9
2.2	8.98
-1.28	9.36
-0.14	6.9
-4.17	6.55
-1.79	8.54
-0.11	9.05
-3.23	4.35
-0.83	1.61
0.57	5.73
2.17	7.76
2.78	8.5
3.91	7.17
3.75	11.4
-0.99	7.89
1.31	13.03
3.91	10.82
4.29	9.77
5.29	14.83
3.52	10.91
2.55	14.46
5.39	11.77
2.39	11.91
7.83	13.42
5.69	9.29
1.95	6.87
3.67	5.83
1.18	5.37
-2.16	2.94
-6.73	-0.01
-5.39	1.44
-10.05	-0.39
-6.21	2.64
-0.1	2.08
-2.58	0.26
-4.93	0.24
-6.03	2.22
-1.62	5.08
0.95	5.05
1.09	3.51
0.01	3.72
1.87	4.44
-0.17	2.82
-0.01	1.4
-0.53	1.21
-0.96	0.64
-1.03	1.32
-3.9	-0.77
-7.41	0.73
-3.58	1.99
-0.29	2.61
-3.8	1.03
-5.73	-2.65
-3.11	-0.28
-1.31	4.88
-1.03	4.76
-3.78	1.74
-0.39	11.1
0.22	7.16
2.88	5.16
-2.12	5.6
0.03	11.53
1.36	12.76
2.77	8.03
-0.88	5.69
-2.87	8.78
3.55	8.56
2.57	10.55
-0.32	11.65
3.87	14.29
0.08	8.38
3.42	6.74
0.73	5.48
-3.05	2.82
-6.87	0.43
-9.69	0.28
-10.77	2.86
-8.86	2.18
-8.61	-1.86
-8.88	-4.63
-5.42	-3.43
-4.1	-1
-2.6	3.27
-1.51	2.88
-6.51	1.17
-4.76	0.4
-1.72	3.46
-8.4	3.84
-3.17	2.88
-10.87	0.3
-13.66	-5.11
-15.72	-2.38
-14.63	-1.04
-13.07	-0.78
-10.71	-3.85
-14.78	-7.88
-9.59	-4.18
-10.39	-2.54
-10.53	0.25
-2.22	9.62
-1.48	7.26
-4.08	-0.69
-5.68	1.37
-12.67	0.14
-14.18	-0.78
-11.29	2.48
-7.88	2.54
-10.96	4.14
-10.79	4.29
-7.31	5.34
-5.66	4.91
-4.2	6.29
-4.03	9.35
1.91	10.75
-1.32	10
-0.2	8.79
0.8	5.85
-0.78	2.04
-0.52	3
0.86	7.13
1.7	4.95
1.91	6.71
-0.32	11.45
-0.12	10.13
3.02	16.51
5.13	15.65
3.64	12.77
3.43	11.45
3.76	9.02
3.3	13.79
-1.03	14.45
-0.17	15.77
1.11	17.94
0.65	15.09
0.35	15.92
0.89	14.96
2.54	14
6.18	18.67
6.16	20.28
10.96	20.98
8.17	15.81
3.24	20.42
5.86	15.83
5.84	12.53
2.41	8.79
0.98	8.28
1.02	4.99
0.45	3.72
2.51	11.32
0.9	11.38
-0.95	15.34
5.07	12.39
5.91	15.86
7.11	17.55
6.96	19.05
3.13	17.01
2.78	16.24
3.35	16.98
6.1	15.56
2.68	13.88
5.27	16.67
4	17.54
4.62	18.28
2.86	18.98
1.92	20.76
1.24	15.91
0.78	4.48
1.21	9.98
-0.99	11.04
2.16	10.36
-1.3	11.65
-2.14	13.31
4.36	12.39
4.45	11.61
-0.56	14.65
2.53	13.78
7.82	16.66
2.44	19.07
5.22	18.29
9	21.32
7.26	18.06
8.63	13.78
6.45	11.63
5.53	16.54
3.05	15.54
3.72	14.68
6.82	17.57
4.95	18.68
9.52	19.28
11.5	19.47
6.8	19.65
8.49	17.63
3.75	19.22
9.27	16.16
6.41	11.42
4.56	8.55
4.84	8.54
5.33	13.13
4.57	17.22
4.83	22.71
12.44	25.44
11.85	20.84
5.63	13.87
2.36	14.82
6.36	14.55
4.6	14.89
5.98	17.96
7.5	19.19
5.76	20.37
9.38	23.48
9.28	26.23
12.17	22.08
9.91	24.72
9.26	18.91
8.84	17.69
5.43	19.51
13.22	19
12.25	20.92
11.63	23.69
11.92	26.37
14.25	22.55
8.58	24.44
11.11	26.59
15.06	23.6
15.07	25.53
14.27	29.72
16.08	30.52
13.92	24.22
10.66	16.48
7.91	21.8
12.62	23.33
11.92	27.21
13.25	28.75
15.64	29.87
16.18	25.3
15.26	30.04
17.24	26.88
10.63	25.43
9.66	19.85
7.59	20.5
8.33	24
12.04	25.31
17.06	26.58
19.2	27.36
17.65	28.34
17.33	27.57
14.74	28.91
13.92	30.02
15.47	29.65
16.97	29.84
15.91	30.96
17.23	32.6
17.73	32.95
15.67	29.94
15.11	23.66
12.04	27.21
13.79	28.17
14.03	24.42
12.96	27.76
17.71	26.64
16.46	26.6
13.73	25.57
12.14	26.79
13.52	28.99
16.19	24
13.06	21.85
11.67	21.51
14.21	19.1
14.65	24.3
14.21	26.83
15.74	28.51
16.53	26.02
15.5	22.87
17.18	22.47
18	26.05
16.97	25.9
16.21	27.83
15.83	29.47
16.65	30.26
15.29	30.84
18.5	28.32
17.1	28.29
18.12	29.91
16.98	26.71
16.33	27.28
16.3	25.46
12.82	26.13
11.71	26.75
15.07	25.18
15.7	22.9
9.75	23.31
13.57	20.74
12.74	23.99
14.43	25.01
13.54	26.18
16.13	26.64
16.1	25.37
13.71	23.42
10.19	22.74
12.93	21.27
9.93	22
9.17	22.69
8.64	23.41
9.05	24.54
10.07	25.8
10.39	25.6
10.61	26.14
11.84	24.45
12.27	20.37
10.61	18.86
9.18	21.05
8.33	22.24
8.92	25.52
12.5	21.37
13.92	17.3
14.99	21.37
15.46	21.52
16.23	22.3
12.63	23.54
13.01	21.22
7.75	21.37
10.03	21.7
12.16	20.23
14.26	23.51
14.52	20.08
6.7	20.22
8.52	20.41
10.93	23.69
16.86	22.75
10.61	19.72
12.08	23.28
14.26	26.76
14.6	22.65
10.44	16.66
4.52	16.79
3.05	16.91
1.54	16.37
3.14	18.39
6.12	21.19
10.47	15.26
10.22	14.67
8.93	14.7
8.23	13.2
11.48	17.13
13.5	19.59
9.01	20.15
12.22	20.67
12.24	17.43
6.34	19.73
8.47	14.32
7.19	8.96
5.9	10.81
3.02	8.95
1.64	7.71
-2.02	11.5
1.66	9.89
3.02	8.04
-3.64	6.03
-2.45	5.56
-4.17	4.4
-4.11	6.76
-5.37	5.6
-5.51	3.69
-4.48	6.65
-4.58	6.07
-3.18	10.94
5.77	16.37
4.47	13.25
4.02	8.72
-1.61	8.75
1.35	13.04
-1.2	11.9
0.83	8.6
-4.7	8.05
-1.08	10.82
-0.15	13.49
8.09	12.55
0.94	10.49
5.52	9.34
3.49	8.07
-1.35	7.51
-1.12	6.36
4.22	7.39
3.64	6.91
2.25	4.59
1.42	3.42
1.73	4.59
4.06	7.75
3.55	8.42
5.79	7.32
4.28	6.7
3.32	6.06
1.99	4.42
1.44	3.61
0.18	5.67
-3.38	4.27
-3.46	0.13
-3.1	5.19
-1.14	2.73
-2.9	2.43
-7.56	0.13
-13.33	-4.52
-14.7	-6.39
-9.53	-0.38
-12.83	-2.27
-11.95	-0.59
-11.42	0.98
-11.45	2.32
-11.01	-2.05
-4.1	-1.92
-4.73	0.58
-4.79	4.2
0.04	3.98
-3.53	4.45
-0.71	4.1
0.2	3.54
-1.19	4.42
-2.81	4.98
-3.83	2.05
-2.49	3.46
0.93	3.4
-5.13	2.81
-4.68	4.84
-6.2	5.02
-6.38	3.16
-3.42	10.34
-5.04	8.93
-6.84	2.62
-5.25	7.28
0.9	10.04
-1.13	10.01
-2.69	8.35
-0.94	12.18
3.3	10.22
1.26	4.74
-0.83	3.6
-2.44	4.55
-0.79	3.19
0.51	8.72
-3.58	3.36
-2.17	6.55
-3.62	3.61
-1.71	6.8
-3.18	2.61
-7.19	-3.31
-4.99	-2.43
-3.76	0.81
-6.59	2.8
-6.86	-1.31
-3.7	-2.23
-2.77	-0.21
-3	-0.08
-5.27	5.7
-1.32	6.69
1.71	8.23
-1.05	6.06
-4.75	5.15
-4.22	5.44
-2.35	7.85
-1.67	6.96
0.1	5.85
2.46	12.58
-0.62	10.85
-3.67	8.89
-0.9	7.56
1.25	9.73
1.55	12.09
1.53	14.63
4.72	9.85
0	11.22
3.6	8.12
0.56	5.39
-3.18	2.35
-5.58	2.67
-6.04	4.02
-3.73	4.63
-0.71	3.43
-3.71	7
-2.32	11.76
-4.06	10.54
-3.35	12.32
-3.01	13.58
-2.62	13
-2.04	15.33
-2.12	15.38
-1.35	17.92
3.35	14.11
1.01	18.51
-0.58	15.49
-0.6	12.71
1.96	9.28
-1.29	8.84
-4.98	10.68
-4.42	9.67
-4.33	10.08
0.52	12.49
2.86	11.63
3.95	10.92
2	12.42
-3.87	9.71
-1.7	8.81
-5.14	9.03
-5.42	13.24
-1.08	10.47
4.84	8.77
4.43	9.78
3.21	11.34
6.92	16.08
7.72	13.73
0.76	9
1.41	11.48
1.45	7.45
-0.83	8.53
-1.21	11.22
2.81	15.32
8.04	14.18
3.07	14.95
1.02	17.66
12.19	18.93
6.74	18.5
5.31	12.97
4.63	12.62
0.39	12.31
5.64	12.56
0.57	13.58
-0.71	12.84
0.84	16.97
1.79	19.54
4.01	16.07
3.62	17.58
8.1	14.86
5.91	10.9
1.52	12.46
-1.3	17.82
7.31	15.48
2.55	14.14
2.95	21.72
7.98	19.08
4.41	20.16
5.21	25.81
8.25	26.53
7.92	27.03
11.26	23.47
9.3	20.72
7.16	12.48
8.94	16.82
7.93	20.78
7.55	22.14
9.27	19.31
7.52	20.12
9.23	20.72
5.33	22.16
11.03	23.46
10.09	20
8.99	21.2
11.61	24.56
6.99	19.42
5.23	23.14
7.43	24.21
10.36	24.18
8.53	23.78
7.08	23.5
10.74	18.12
8.94	17.12
8.26	18.06
11.06	19.05
6.41	22.79
12.12	21.21
11.29	21.1
7.99	20.91
5.31	20.43
5.04	21.94
11.31	19.28
6.07	23.28
7.6	22.04
9.51	22.98
15.2	21.46
14.12	25.93
16.57	25.25
14.45	22.82
13.8	24.01
11.87	24.08
8.96	23.48
13	20.39
10.44	18.18
11.98	21.18
9.94	22.91
13.97	18.17
14.14	20.78
14.38	23.8
14.74	24.82
11.78	25.53
14.78	25.89
15.65	22.72
14	23.54
14.35	26.97
14.19	27.12
13.69	27.13
17.8	28.17
15.99	28.22
14.75	24.95
14.39	23.56
11.3	22.47
11.09	23.93
10.27	26.32
10.67	27.4
10.82	28.03
11.17	27.39
11.15	28.51
12.83	29.52
14.35	26.32
14.35	24.99
13.3	24.26
12.17	24.92
12.68	24.88
13.61	22.44
10.76	26.05
14.42	21.34
14.92	20.8
12.54	26.77
13.66	25.49
12.28	24.93
16.27	26.83
12.56	28.98
16.25	26.41
11.25	27.53
12.02	28.29
12.82	31.02
17.01	29.2
14.71	29.07
11.01	29.15
11.91	30.88
14.99	31.61
16.26	28.06
7.91	26.43
10.67	28.92
12.74	32.55
17.76	33.38
18.59	31.15
16.18	33.93
17.06	33.04
16.48	30.85
13.82	32.46
14.85	33.61
16.24	33.18
15.12	33.79
18.52	34.33
17.92	28.64
13.67	28.98
12.88	30.72
13.82	31.15
16.92	25.6
11.35	27.87
11.8	31.02
14.42	33.65
14.39	35.67
14.64	35.52
15.79	35.3
15.66	31.34
15.66	30.05
15.11	28.59
15.5	32.68
15.27	34.33
16.66	34.18
16.27	35.46
18.27	34.78
18.79	31.98
14.86	28.76
11.58	24.47
6.14	22.23
9.3	25.22
10.27	19.53
9.69	17.12
6.99	18.5
3.47	22.9
6.7	25.34
12.12	22.24
10.16	24.19
11.98	26
12.74	26.95
11.46	25.2
11.12	26.61
11.82	22.82
8.45	25.44
9.9	23.68
10.97	21.1
4.37	20.94
4.69	21.81
6.15	22.8
6.79	25.29
11.99	26.52
12.22	23.81
10.2	21.87
3.38	22.41
11.75	26.49
12.62	26.56
12.71	25.68
13.58	18.34
10.81	16.21
6.32	19.13
6.72	18.18
12.47	15.85
12.67	21.09
13.98	20.75
10.14	21.5
12.28	16.14
8.27	17.17
7.97	13.35
9.23	10.79
7.46	12.79
-1.77	10.26
-2.83	11.05
-1.61	10.84
4.85	10.25
8.19	18.4
4.22	15.3
-0.02	10.47
3.76	8.51
7.37	9.25
4.54	12.09
0.98	10.39
2.05	12.88
1.42	12.99
7.34	14.21
3.37	11.35
3.71	17.62
6.19	15.97
5.02	6.71
6.48	9.81
4.48	7.68
5.02	9.91
7.79	16.85
4.69	10.22
4.58	11.77
3.46	15.72
1.35	9.46
-0.3	12.69
0.3	8.49
-1.63	9.25
3.12	10.66
4.12	9.67
-2.21	7.19
-2.55	8.57
-4.07	5.26
2.54	16.02
5.11	13.12
0.86	6.97
-3.47	6.59
-1.7	8.53
-3.44	7.46
-0.49	9.36
2.78	6
3.54	5.41
3.42	8.73
3.11	13.67
2.27	11.91
-1.63	8.25
3.23	6.61
1.08	5.82
-1	3.67
1.4	10.14
6.96	15.07
6.84	13.95
7.23	14.89
3.09	9.47
1.94	6.55
1.41	3.57
1.89	3.6
1.58	3.94
1.05	3.31
-1.08	4.12
-1.25	7.27
-1.75	4.43
-3.39	6.23
-3.33	1.42
-0.47	1.31
-0.59	1.06
-0.24	1.14
-1.1	0.78
-1.36	0.5
-0.22	1.75
-3.15	1.42
-8.44	-2.53
-7.21	-2.06
-5.82	-1.6
-10.51	-0.62
-5.07	-0.86
-11.76	-0.69
-13.01	-0.49
-10.4	-4.15
-7.1	-3.28
-10.18	-6.06
-10.43	-5.92
-9.68	-3.21
-15.37	-3.31
-15.39	-3.86
-7.47	-0.06
-4.87	3.99
-0.3	4.01
-3.49	4.8
-0.82	11.29
7.16	14.24
2.4	10.49
0.53	14.41
-1.7	9.73
-1.36	12.01
-2.82	11.87
-3.35	9.55
-2.99	7.26
-3.2	7.74
-0.06	13.78
-2.46	10.65
2.25	12.11
1.6	10.69
3.35	11.27
-2.37	7.12
-1.78	7.69
-2.59	3.74
-0.79	1.99
-6.75	0.63
-10.63	-0.24
-11	0.49
-10.45	4.25
-7.73	7.26
-6.77	8.63
-6.72	4.48
-5.95	6.65
-0.54	6.09
-3.18	7.04
-4.35	5.58
-6.31	5.63
-6.19	6.13
-5.65	4.34
-5.79	5.92
-1.4	1.01
-0.56	1.96
-2.71	1.6
-8.14	-0.26
-1.19	5.38
-3.8	4.62
-3.05	7.94
-2.57	7
-2.89	1.91
-5.64	-0.26
-3.23	-0.53
-2.16	0.1
-5.41	2.72
-6.42	5.08
-5.95	7.53
-4.23	4.02
-0.29	2.98
-0.75	0.68
-4.58	-0.32
-6.52	-1.73
-10.12	0.94
-2.33	4.1
-1.13	2.55
-2.15	4.72
-6.8	7.33
-4.04	9.64
-3.43	11.92
-2.86	12.18
-0.91	13.45
-1.73	14.31
-1.24	16.27
1.14	14.08
6.22	21.47
5.17	19.15
-0.09	19.94
1.46	23.26
4.54	20.72
9.33	20.68
5.52	14.29
3.63	7.86
2.1	6.24
-0.16	5.59
-0.21	4.2
-0.06	7.61
-4.56	7.73
-2.25	12.77
3.63	12.66
3.71	9.05
1.22	8.94
3.73	10.5
1.66	13.9
-0.44	15.2
2.83	15.29
2.05	13.39
0.83	13.36
-1.16	12.41
4.32	9.7
4.02	6.45
3.56	15.07
5.11	16.28
6.52	12.91
5.37	14.95
0.59	14.53
1.56	17.02
7.36	18.15
8.84	15.48
2.24	21.05
8.31	23.04
5.49	23.98
6.65	24.17
7.93	24.43
11.97	23.02
11.13	19.19
4.44	24.3
5.44	23.6
9.91	21.7
4.92	23.07
5.8	23.3
7.47	23.01
8.92	21.07
9.75	15.57
6.45	19.41
9.1	21.01
8.53	22.38
8.88	21.68
8.55	21.53
6.21	23.86
5.93	24.69
5.86	24.63
6.82	23.88
9.12	23.32
9.9	22.18
9.19	23.83
7.4	25.54
10.35	26.44
11.34	26.91
11.77	29.19
9.74	24.31
7.91	20.26
9.23	23.09
8.55	26.01
10.02	29.51
16.01	25.73
16.83	28.07
10.63	23.9
11.03	28.16
14.48	24.44
10.28	25.67
12.83	28.98
15.83	25.56
14.65	22.99
15.9	26.55
13.79	29.32
14.92	30.48
15.71	24.62
14.95	25.87
13.38	28.93
17.29	30.39
15.3	26.37
9.62	21.37
13.31	20.79
8.87	22.91
11.48	22.14
11.72	21.01
9.03	22.9
10.7	27.48
13.37	30.63
16.49	25.2
14.49	25.88
17.88	28.44
15.13	24.93
7.76	21.76
11.48	18.96
9.23	17.71
12.11	19.06
8.8	21.72
7.83	24.33
10.37	23.52
8.55	26.54
12.04	29.28
15.2	31.85
16.56	31.01
13.36	24.69
7.19	21.86
12.21	23.57
9.17	26.33
11.43	28.37
15.02	27.66
9.62	21.14
7.14	20.24
5.95	22.02
10.99	23.63
15.01	29.52
13.39	30.74
16.06	28.82
16.69	27.66
17.28	25.72
13.22	19.82
13.15	22.5
9.75	23.15
9.7	27.43
12.6	29.54
13.45	25.75
9.46	24.18
13.09	25.09
15.85	26.7
14.47	30.94
17.36	33.5
14.72	25.84
12.17	29.12
13.98	32.8
14.56	34.35
15.97	33.93
16.15	30
15.04	26.86
13.4	25.88
16.22	21.78
14.92	25.62
12.46	24.97
9.8	26.61
12.21	30.18
13.79	30.25
12.87	31.08
12.19	32.1
13.22	31.91
16.41	25.94
12.84	26.67
11.81	29.05
14.42	31.51
14.51	34.03
19.23	32.73
15.67	29.68
11.63	19.76
11.36	18.22
10.69	18.92
13.5	18.73
12.36	18.89
5.35	20.94
10.15	18.83
8.06	17.17
7.54	19.66
10.3	19.83
9.53	18.16
11.04	18.01
5.31	18.62
7.06	23.51
10.73	25.08
15.3	27.12
19.37	25.43
11.39	21.6
12.27	21.06
11.9	25.05
15.39	23.07
11.8	22.09
10.58	23.56
13.8	18.08
13.03	16.07
9.15	18.12
13.34	18.83
8.01	21.73
10.17	22.58
11.49	25.9
14.51	25.71
11.26	21.68
13.2	18.75
11.48	16.95
6.88	18.82
10.61	12.9
5.17	12.78
8.52	19.25
12.23	19.99
13.02	17.51
11.16	13.15
4.9	20.06
11.14	22.49
14.58	20.75
13.65	23.73
12.71	20.53
7.37	20.33
9.69	22.64
13.53	23.95
13.38	24.62
13.37	26.19
12.37	21.28
5.88	19.35
11.77	18.81
5.66	13.4
5.73	7.81
7.23	8.9
8.02	8.87
6.54	10.38
9.27	14.49
7.54	16.47
6.02	12.15
4.26	9.57
0.06	8.71
-1.5	10.56
-0.88	11.17
-0.53	6.25
0.97	6.74
0.16	5.01
3.46	6.23
3.56	9.47
6.98	9.57
7.87	9.56
9.05	11.34
8.93	18.21
7.11	13.75
5.89	11.27
6.14	9.04
4.16	8.48
-0.58	6.09
-3.12	-0.27
-9.29	0.8
-0.43	1.74
0.01	3.55
-0.2	2.47
-4.78	0.53
-9.34	-2.34
-9.18	-4.55
-5.6	-2.14
-6.05	-0.97
-8.22	-1.89
-4.3	-1.47
-2.63	-0.57
-7.31	-1.69
-10.07	-3.71
-7.54	-5.06
-6.79	-3.23
-3.49	0.1
-6.99	-0.81
-5.17	-1.16
-9.57	2.26
-8.63	1.6
-8.83	0.55
-4.69	1.66
-5.63	-0.58
-2.12	2.42
-1.42	10.24
-4.02	3.93
0.99	5.67
-3.18	5.84
-6.07	8.26
4.35	9.25
1.48	5.07
1.54	8.08
-0.63	5.92
-0.56	8.45
-1.97	10.75
8.12	12.91
8.08	14.87
2.55	8.2
0.13	10.36
0.37	9.35
0.14	7.72
-1.75	0.86
-1.05	1
-0.99	1.79
-7.7	-0.1
-8.85	-2.58
-8.22	4.86
-0.05	5.77
0.86	4.79
-3.51	5.81
-2.44	7.86
2.93	8.93
3.77	10.94
6.19	13.92
5.26	11.77
3.21	9.43
3.02	7.59
3.9	10.66
2.73	9.81
0.15	9.61
0.99	5.89
2.19	8.27
0.84	3.47
0.66	4.3
-2.55	2.88
-7.2	3.15
-5.53	-0.93
-1.02	3.2
-7.23	4.91
-5.92	5.76
-2.86	10.71
-2.22	8.85
2.17	10.01
-2.47	9.04
0.23	6.9
-1.75	5.88
-1.12	8.53
-0.18	8.8
-1.01	10.21
-1.86	11.19
5.77	12.52
2.26	12.27
1.4	13.84
5.51	12.22
1.27	7.68
-0.28	8.09
3.93	6.41
-0.78	6.81
0.79	6.18
-0.4	3.51
-4.94	-0.9
-7.28	-4.94
-13.08	-2.9
-16.42	-2.67
-13.6	-3.79
-7.48	-2.14
-2.7	-0.98
-13.21	1.36
-4.37	3.94
-5.96	6.8
-2.55	10.42
3.23	8.08
-0.03	13.04
-0.34	14.22
4.88	17.75
9.45	14.21
9.75	17.27
6.54	13.55
3.95	15.52
2.29	10.7
-0.58	11.52
-1.65	10.87
2.95	13.12
5.02	12.74
7.26	12.92
3.71	19.19
5.89	14.99
1.88	17.36
4.47	18.08
4.71	17.59
2.42	19.94
3.62	14.13
5.46	12.09
-2.03	11.49
0.78	15.87
3.98	12.67
1.11	8.69
4.36	7.23
4.34	14.02
7.56	18.81
8.55	19.49
6.63	15.38
-0.08	9.06
-3.03	9.83
-0.9	15.76
5.86	20.32
7.44	22.53
7.15	21.28
5.41	15.63
2.38	11.58
-0.15	14.11
5.64	10.77
2.05	8.67
2.8	13.4
-0.29	14.35
1.69	14.56
3.56	11.22
4.63	14.09
2.7	9.99
1.76	13.29
6.35	18.01
4.98	18.74
6.96	15.86
7.64	13.92
7.33	12.12
3.68	11.66
5.49	11.95
6.04	17.01
3.9	19.35
4.99	21.15
5.13	22.43
6.46	22.22
6.9	20.58
7.69	20.51
8.83	20.6
7.66	21.4
6.43	24.64
8.46	21.85
5.27	14.27
2.35	17.07
1.97	20.19
10.36	16.7
6.83	13.88
3.86	17.17
2.51	15.59
1.87	18.77
4.04	18.25
6.22	18.58
5.54	20.39
6.25	21.45
7.24	21.64
10.79	25.71
9.93	26.79
15.2	26.98
12.6	27.07
11.76	21.8
12.32	19.46
11.22	22.03
10.56	24.29
10.89	22.08
12.18	25.24
15.13	23.62
12.51	26.51
13.19	22.92
6.29	21.33
11.82	21.62
9.23	18.14
7.16	19.69
7.79	25.33
11.78	27.5
18.83	28.22
14.23	24.48
12.12	18.24
8.54	17.36
5.06	20.77
14.15	25.07
12.76	25.26
10.6	16.3
9.81	16.71
11.6	14.83
13.26	18.32
14.03	19.81
14.12	23.78
12.09	23.81
12.47	21.17
10.3	24.52
14.23	28.82
14.19	26.7
16.38	24.27
12.52	28.28
15.15	26.68
16.75	25.43
18.04	26.75
17.57	31.16
18.54	31.87
16.04	32.88
18.82	29.61
18.13	29.89
17.99	27.73
12.77	28.54
13.41	30.38
15.88	31.34
17.42	29.82
14.89	28.4
16.08	25.08
12.91	22.84
14.3	23.98
11.44	21.55
12.37	25.91
13.73	26.87
14.89	27.69
15.04	27.6
13.77	27.77
14.34	29.46
15.04	30.61
17.74	31.53
16.58	26.85
17.29	24.01
16.69	26.12
13.42	28.41
12.86	30.01
13	30.1
13.98	30.5
15.12	31.4
15.32	30.55
16.42	31.94
14.66	31.56
14.22	32
13.28	33.38
15.27	33.73
16.76	33.03
16.98	33.22
17.6	31.9
16.15	32.62
16.48	33.18
17.09	32.13
16.21	32.04
16.64	30.78
18.35	33.95
18.49	32.17
16.94	26.2
14.84	26.14
14.51	23.68
12.36	24.06
10.5	25.09
11.54	26.81
14.06	22.73
10.16	24.6
13.76	27.08
16.45	27.72
16.05	28.62
15.02	27.52
14.7	25.04
15.24	19.63
14.05	24.12
11.05	25.83
12.47	27.64
15.48	23.13
15.77	21.1
16.47	27.17
15.87	29.39
17.41	28.86
16.11	20.5
14.38	22.75
13.02	24.68
13.92	24.75
14.38	27.3
15.63	27.03
14.92	22.03
8.99	22.8
10.64	25.17
12.87	26.13
15.23	27.98
15.46	27.36
17.21	23.83
10.57	21.42
11.92	16.01
9.34	13.94
8.05	16.5
8.91	16.67
6.97	19.88
10.51	23.98
10.78	21.39
13.94	25.39
14.55	25.73
13.42	23.98
16.41	26.83
13.75	20.85
12.93	22.93
10.63	22.98
12.73	23.78
13.43	22.56
14.38	22.84
7.65	18.65
5.96	13.35
2.27	10.35
2.9	6.31
2.38	6.56
-0.12	11.23
1	13.4
-0.55	14.76
-0.26	16.4
1.13	17.07
3.05	16.84
2.46	14.82
2.78	13.17
4.75	10.7
1.16	9.03
-1.65	10.36
-0.98	10.83
-0.13	8.73
4.11	7.87
4.36	9.32
6.59	9.01
6.26	16.83
4.5	17.48
5.18	15.75
4.53	15.41
7.62	13.39
2.81	12.75
4.1	18.01
5.76	18.63
8.09	14.13
8.39	12.91
6.76	13.8
7.87	11.43
3.52	10.27
2.68	6.47
4.64	12.79
6	9.81
7.53	12.84
7.31	11.27
0.66	7.96
0.12	4.28
2.43	9.12
4.41	13.9
4.13	13.17
2.64	10.77
2.4	9.3
0.55	8.31
1.04	7.82
1.23	11.62
5.31	10.43
1.72	12.08
2.11	8.08
2.67	10.57
3.27	8.18
2.84	7.19
3.62	9.69
-1.52	9.65
-1.47	8.57
-2.58	5.82
-6.75	2.48
-6.3	1.51
-6.09	0.52
-1.74	10.1
-1.08	7.33
1.82	9.82
-1.9	4.83
-0.52	5.8
1.76	5.59
1.03	8.18
0.6	13.65
0.64	9.91
-0.29	7.92
-1.3	3.83
-7.18	3.44
-3.17	6.65
-6.89	4.45
-2.23	1.73
-1.6	0.96
-1.78	-0.01
-1.8	-0.51
-2.16	-0.39
-2.61	-0.31
-2.05	0.91
-0.86	1.15
-4.39	1.9
-2.29	3.86
0.64	8.73
5.04	10.36
0.59	9
-0.61	3.07
-2.57	4.8
-5.38	2.23
-3.4	0.32
-4.61	-2.65
-3.88	-1.32
-3.83	0.55
-7.8	-1.41
-5.71	-0.55
-6.98	2.06
-3.95	4.49
-5.15	5.03
-1.43	2.25
-4.41	0.21
-10.62	0.61
-2.93	4.82
-6.94	3.45
-5.46	-1.34
-4.38	-0.96
-4.85	-2.62
-3.71	-1.98
-3.62	1.9
1.96	11.15
0.96	9.55
-2.05	9.31
5.49	14.71
2.18	12.62
-2.45	6.85
1.16	10.92
2.3	11.35
-0.08	8.2
-5.14	6.92
-1.27	10.81
-0.82	6.47
-3.52	5.49
-2.14	7.97
-0.98	11.92
0.33	17.61
1.22	13.61
3.37	11.83
0.37	5.55
-1.62	8.99
2.33	15.49
-0.83	14.15
6.33	9.38
1.51	12.77
5.3	10.29
-0.53	12.22
4.51	8.18
0.29	10.62
0.12	13.38
0.75	13.67
0.35	9.08
1.5	10.7
0.53	8.07
2.23	12.93
1.13	10.76
1.2	8.06
-1.78	10.65
-1.46	13.73
3.81	8.83
2.4	7.8
2.13	7.51
2.01	7.58
-0.53	8.13
1.47	7.68
-2.44	10.79
1.72	10.11
-0.79	11.78
-2.79	12.07
-1.42	12.66
-1.29	8.74
-1.31	5.14
-2.82	2.49
-1.32	2.05
-1.78	9.57
3.52	14.98
6.03	16.03
0.62	12.74
-1.37	8.24
-0.84	7.35
0.05	6.96
1.42	14.59
0.57	19.7
4.74	13.8
4.96	15.06
-0.28	12.05
-3.35	7.73
0.88	6.29
-0.03	7.2
-1.49	8.37
4.59	15.06
7.19	24.25
6.31	24.55
8.12	16.61
4.73	20.61
6.43	21.4
7.57	16.03
0.29	9.5
-0.94	10.22
3.35	8.59
0.68	10.42
4.13	8.42
0.84	7.73
0.9	7.99
2.22	11.22
5.12	14.67
3.85	18.48
6.18	19.71
9.11	21.3
5.43	23.49
5.7	26.16
6.54	27.06
9	23.15
10.11	16.22
7.73	14.88
7.61	18.89
6.69	20.28
7.67	21.1
7.79	22.4
8.43	20.48
9.22	16.64
3.29	15.04
1.65	19.48
6.22	21.17
5.07	23.88
8.48	26.83
7.44	25.21
11.77	21.43
9.63	15.51
7.98	15.09
10.57	16.36
12.23	18.51
8.54	15.39
2.4	14.58
3.57	19.3
10.61	15.78
7.54	19.66
10.98	17.14
8.36	12.45
6.66	12.36
7.2	16.34
4.46	20.84
5.84	24.46
8.7	25.52
11.23	26.19
12.89	27.75
13.67	25.18
14.07	27.37
12.65	28.18
13.34	26.14
14.77	18.9
10.25	21.71
10.33	21.25
10.73	22.85
12.4	21.84
12.18	20.5
13.17	20.16
12.09	24.6
12.18	25.66
12.39	22.68
15.53	22.62
15.23	20.23
10.96	22.85
9.56	21.67
11.17	20.64
12.32	22.73
12.38	24
10.51	23.57
13.05	25.59
15.7	27.51
15.56	29.33
15.63	24.65
9.73	16.06
10.92	13.7
11.92	18.17
12.95	22.24
15.4	23.55
16.82	24.55
12.54	24.55
12.14	28.33
12.78	29.57
15.25	29.23
15.71	29.74
14.98	27.13
15.21	23.86
14.96	21.34
11.91	25.08
14.05	27.97
13.74	28.79
14.33	29.53
13.89	29.53
14.28	30.25
15.34	30.72
17.32	30.66
16.42	27.39
16.74	29.25
16.87	25.68
14.68	27.65
16.87	27.72
16.15	28.78
14.27	29.63
14.96	30.43
15.69	29.55
15.17	26.54
11.47	27.86
10.95	29.61
14.74	30.61
17.45	26.17
17.03	22.25
15.63	27.84
13.18	28.99
14.65	30.27
15.93	26.42
12.06	27.1
12.81	28.24
13.98	28.4
14.52	28.73
16.78	29.49
16.49	28.35
16.95	21.1
15.38	25.16
9.99	27.48
11.76	26.61
10.39	27.41
10.34	28.3
13.72	23.97
11.3	22.03
10.04	22.39
13.61	26.3
16.89	24.91
16.09	23.72
14.65	22.77
14.88	27.46
15.22	28.12
17.03	28.06
15.36	27.09
17.28	26.51
11.32	25
10.16	17.86
6.25	17.91
7.62	16.93
4.73	18.42
7	16.1
11.19	16.65
12.8	21.28
13.03	18.36
6.76	20.23
10.76	21.82
8.03	22.82
14.31	23.34
14.99	23.63
10.15	22.05
11.2	23.87
11.41	25.83
13.23	24.05
14.13	19.3
13.33	16.43
10.2	21.24
11.67	19.96
10.85	20.63
10.77	18.91
13.6	22.62
11.71	21.47
11.03	17.85
8.91	17.52
6.41	19.23
7.58	19.02
6.66	20.23
7.46	21.09
9.18	14.56
7.07	13.59
1.39	16
3.82	12.78
5.71	21.07
8.27	20.37
9.15	21.69
8.93	23.62
12.1	21.39
11.03	21.22
11.12	22.8
10.61	21.3
10.93	21.51
9.57	22.12
8.95	21.97
7.8	21.58
7.63	18.7
8.44	15.44
10.73	17.86
10.03	16.51
5.4	18.94
6.45	20.2
7.67	20.18
5.61	14.19
2.73	12.38
-1.88	12.8
-2.11	12.85
-3.28	13.25
-1.88	14.92
-1.71	12.97
-0.05	12.77
3.73	17.4
6.33	12.34
8.07	13.82
5.8	16
3.5	9.4
-1.32	12.07
-1.56	7.53
-0.41	3.7
-1.63	4.16
1.09	8.22
0.81	5.96
-3.38	5.51
-3.34	6.95
1.93	11.58
0.79	5.43
3.41	5.34
4.51	6.06
4.34	10.49
4.88	14.66
9.56	14.95
0.47	9.55
-4.55	3.16
-2.48	4.84
-3.45	3.68
-8.75	2.43
-8.63	0.45
-1.31	5.6
-3.68	-0.5
-3.57	2.18
-2.39	9.12
-0.39	6.7
3	5.2
2.21	4.52
0.88	2.88
1.98	3.69
1.22	3.44
-0.76	2.36
-1.89	0
-1.53	-0.03
-1.41	0.38
-0.39	1.45
-0.85	1.15
-1.19	0.27
-1.71	-0.09
-1.57	2.02
-2.49	-0.01
-2.01	0.68
-0.08	1.15
-0.18	0.79
-0.35	0.43
-0.14	1.46
-0.44	2.72
-0.82	4.21
-1.53	2.25
-2.12	5.37
4.76	12.56
5.22	13.46
2.88	10.89
0.04	4.73
-3.26	0.37
-11.27	-2.72
-15.18	-6.13
-8.07	-6.29
-6.97	-2.16
-2.02	0.58
-2.05	0.25
-2.97	-1.01
-7.79	-1.01
-7.07	-1.5
-12.28	-3.04
-5.1	-1.15
-1.04	0.64
0.48	0.98
0.97	4.85
2.77	7.22
2.66	9.9
-0.81	5.78
-4.11	0.17
-1.46	2.2
-6.32	-1.14
-5.88	-1.67
-6.62	-3.22
-3.71	-1.77
-2.79	-1.67
-3.39	-1.38
-4.15	-0.91
-6.59	-2.87
-5.28	-3.7
-7.13	-4.85
-7.29	-4.33
-4.41	-1.26
-3.72	-1.36
-3.6	-0.53
-5.1	-0.23
-9.85	-1.08
-16.3	-3.23
-13.58	-0.21
-3.46	-0.6
-1.61	1.09
-4.81	-0.54
-14.31	-3.21
-7.49	-3.02
-6.62	-3.6
-8.33	-0.36
-18.27	-2.67
-9.56	-0.99
-8.15	-0.59
-3.33	0.98
-0.02	4.22
-2.94	1.79
-10.25	3.61
-1.15	6.58
-5.46	6.97
2.58	7.89
-0.98	5.66
-3.69	0.86
-3.57	0.45
-8.59	-0.11
-11.01	0.92
-10.56	4.24
-4.35	6.46
-4.3	6.28
-5.09	4.84
-6.94	6.77
-3.28	2.6
-3.83	2.59
-4.49	1.53
-6.26	-0.13
-9.98	3.99
-1.78	5.08
-0.26	5.09
-3.67	3.83
-4.89	3.04
-6.74	3.83
-4.23	1.07
-3.18	-0.52
-2.12	1.2
-1.18	10.27
-2.1	5.2
0.93	3.84
1.72	7.9
3	6.43
1.39	8.22
-4.53	9.92
-2.12	11.14
0.51	7.83
0.25	10.23
1.3	13.33
6.61	12.39
2.57	12.4
2.99	9.98
0.14	8.37
-5.07	11.09
0.86	8.24
-2.39	8.04
-0.37	8.13
0.95	5.9
0.17	4.09
1.22	3.37
3.11	9.71
1.48	17.28
2.58	17.69
2.13	17.35
2.15	15.94
2.46	14.36
3.02	15.7
4.47	15.47
-1.22	4.49
-0.49	9.36
0.09	6.57
4.78	10.12
2.83	17.4
1.5	18.48
3.05	20.49
2.89	22.86
6.76	23.78
8.74	25.57
13.73	21.33
12.19	21.51
11.95	19.45
11.03	16.85
7.5	16.46
10.73	21.19
9.56	22.4
10.77	18.87
10.87	17.82
10.3	20.89
9.53	18.9
5.76	20.71
4.48	20.07
11.05	20.33
8.61	24.25
11.8	21.97
11.67	22.31
10.73	19.09
7.94	20.84
12.15	17.78
13.55	18.69
11.98	17.62
13.78	21.56
11.81	23.05
11.2	25.75
16.75	27.03
12.94	28.31
12.32	25.27
9.45	20.03
8.48	18.05
9.39	19.96
8.63	23.65
11.8	26.37
13.87	23.58
13.07	21.32
11.37	17.37
6.91	17.21
5.27	22.63
7.6	25.33
11.55	26.61
14.56	28.11
13.76	28.59
15.85	25.67
14.12	24.39
11.94	26.73
13.31	29.05
14.46	30.83
14.85	31.79
15.85	32.02
17.24	32.64
15.67	31.12
17.23	25.48
10.74	21.2
8.53	20.39
7.24	22.38
7.98	24.44
8.82	27.44
14.42	27.74
12.77	27.23
15.38	23.36
13.24	26.74
10.85	16.32
7.65	20.02
8.53	20.21
13.12	17.29
12.04	21.56
12.81	23.8
11.77	27.32
13.58	23.23
9.91	16.67
12.78	19.13
13.12	21.04
9.99	23.75
12.9	26.47
17.67	27.66
12.7	23.96
13.82	28.43
9.66	21.04
6.34	19.39
10.26	20
12.4	23.79
10.3	27.07
11.93	28.77
13.61	29.82
17.5	23.99
8.57	21.86
9.42	24.73
8.37	21.68
6.05	21.27
6.05	22.17
6.29	23.18
6.78	25.38
13.65	28
15.2	24.13
12.99	24.41
10.34	26.03
16.27	29.04
14.38	28.29
16.5	26.21
14.52	26.23
12.63	28.79
13.63	29.93
15.74	27.63
14.81	21.73
8.24	23.12
10.01	24.73
12.89	24.89
15.72	21.58
11.73	25.58
12.76	25.97
12.26	26.54
16.18	25.04
15.53	24.29
14.99	25.56
15.72	23.32
15.7	24.8
13.97	24.18
15.1	22.42
15.02	24.91
12.8	26.41
11.76	27.15
13.52	27.26
14.13	26.32
13.03	26.99
14.36	21.41
11.2	25.22
14.17	27.08
15.34	26.26
13.93	22.85
14.06	23.72
14.47	21.63
14.21	18.17
13.47	15.85
14.24	17.11
14.78	20.91
12.37	17.2
7.72	16.3
6.51	16.05
10.28	17.05
6.74	17.25
7.57	18.01
8.09	21.04
8.69	19.24
10.48	14.03
6.07	12.62
5.79	17.3
8.54	15.92
4.4	15.09
4.94	14.54
5.46	16.03
10.76	12.19
11.38	15.57
13.7	17.82
11.45	14.59
9.88	12.64
7.46	12.54
6.45	17.21
7.21	17.26
7.68	18.25
8.21	18.65
12.07	21.16
9.83	22.3
10.46	20.05
9.29	14.71
3.29	15.66
10.95	13.32
10.77	12.43
10.5	14.45
9.58	18.21
11.17	16.33
10.64	17.13
8	14.58
7.19	17.78
4.16	17.24
7.23	18.59
10.08	21.79
13.36	19.8
11.77	17.54
8.6	13.33
7.24	16.85
8.15	16.77
8.98	12.08
8.76	15.35
5.23	13.04
3.6	10.87
2.71	11.8
-1.28	12.68
-0.58	14.36
2.96	12.07
7.41	18.47
5.84	15.23
-0.61	13.33
-0.25	11.85
4.49	18.14
2.26	17.78
1.67	18.84
6.14	18.23
5.94	16.03
2.79	17.5
7.91	14.45
3.97	12.9
-0.45	11.31
7.53	17.03
11.64	20.23
11.37	19.71
7.42	16.01
3.34	11.41
2.9	11.73
8.44	15.34
8.66	14.57
6.25	11.57
6	11.7
1.95	9.06
0.07	3.99
-0.85	3.59
-2.2	2.5
-4.79	4.06
-1.31	2
-0.52	3.43
-2.06	1.43
-1.88	3.52
-2.71	1.13
-0.57	5.65
-3.47	4.31
-3.79	7.14
-2.83	5.61
-2.34	0.5
-2.01	-1.07
-2.28	-0.99
-1.99	-0.68
-2.11	-0.32
-1.05	0.7
0.39	1.93
0.25	2.07
-0.3	6.13
1.88	6.94
-1.31	5.82
-2.58	2.88
-1.19	3.34
-1.23	2.23
-1.59	9.42
0.96	5.23
-1.76	2.45
-3.85	-1.2
-3.14	-1.48
-5.88	-2.28
-6.52	-4.39
-10.02	-5.43
-14.62	-8.42
-18.06	-10.28
-13.21	-7.67
-14.09	-7.5
-19.69	-10.45
-12.71	-8.33
-9.49	-6.14
-6.6	-2.43
-2.8	-0.98
-2.63	-0.78
-2.84	-0.69
-3.6	-2.06
-3.66	-1.42
-2.1	-1.13
-2.6	-1.18
-1.63	0.23
-4.75	-0.09
-5.14	0.54
-1.96	1.85
-3.35	-0.96
-2.37	-0.75
-2.79	-2.17
-3.35	-2.16
-3.98	-2.61
-2.28	-0.16
-0.53	1.76
-0.8	0.84
-0.65	0.41
-0.3	0.41
-0.44	0.34
-4.55	0.28
-5.78	-1.78
-3.64	-0.36
-8.32	3.83
-8.72	2.14
-2.79	2.27
-5.47	2.44
-8.14	1.16
-10.42	1.28
-9.99	1.87
-5.51	5.12
-0.61	6.85
-6.43	6.73
-2.58	7.62
-4.89	9.44
-4.92	10.21
-3.83	10.69
0.85	11.21
3.58	13.03
0.61	10.97
1.36	8.72
0.91	6
-5.25	3.29
-5.77	4.16
-0.02	8.94
-3.38	12.55
0.54	14.05
0.61	15.97
-0.98	16.88
2.83	14.25
7.65	15.69
9.08	15.41
5.24	11.15
2.39	9.25
-2.95	14.22
-1.55	17.41
0.82	20.28
2.98	8.94
-1.26	13.54
-2.13	13.16
-0.51	12.01
-2.37	10.98
-4.11	13.76
-1.96	13.61
-2.33	12.13
-4.63	13.66
-2.77	17.21
1.48	15.98
1.39	16.04
4.68	14.08
2.24	10.94
0.1	4.3
0.02	4.78
1.81	7.82
-1.53	5.26
-0.36	6.96
-3.05	5.28
0.27	5.89
-0.62	9.49
2.05	9.33
-0.63	15.24
1.32	15.24
0.2	11.54
-1.29	8.63
-0.54	10.52
4.04	13.57
2.24	18.15
5.84	19.53
5.1	13.24
-1.75	9.45
2.23	13.08
-1.34	6.17
-3.15	8.78
-4.9	12.28
-1.62	19.38
5.11	21.96
-0.42	16.08
-1.06	6.95
-5.92	13.72
3.05	11.19
-2.21	6.51
-1.87	10.12
4.72	17.53
-0.4	19.35
1.44	12.41
0.61	7.32
1.51	7.2
4.73	12.06
-2	14.88
0.43	18.37
3.86	16.18
2.22	18.67
8.46	15.6
6.2	15.94
9.23	18.07
8.37	17.95
7.74	20.71
4.95	26.65
8.22	26.87
10.59	22.99
13.09	23.62
9.16	20.17
5.49	16.46
3.61	18.03
8.74	21.44
5.95	23.73
10.22	27.71
12.09	29.23
12.22	29
8.95	28.15
8.78	28.62
11.28	27.8
10.38	28.98
11.28	26.92
11.04	27.9
14.76	24.79
9.68	20.07
6.7	21.89
11.21	17.09
7.6	16.59
5.38	16.21
8.86	20.21
8.73	15.91
5.25	17.49
6.52	17.82
6.89	15.26
3.02	18.55
10.71	16.52
10.94	21.96
13.19	21.45
8.79	23.6
15.48	22.48
13.54	22.63
8.83	24.22
12.49	26.45
12.22	27.08
12.27	27.44
15.75	27.57
17.54	25.31
15.08	28.91
15.74	26.27
14.09	26.41
15.35	26.81
14.3	19.3
9.48	21.78
15.88	24.11
12.88	25.73
16.62	28.17
11.02	25.15
10.9	22.58
10.38	22.62
10.68	23.45
14.78	27.39
15.96	29.59
16.96	30.76
18.91	27.16
12.42	23.61
10.37	25.92
13.34	26.34
13.18	29.05
15.75	25.97
13.48	20.69
11.53	16.54
12.92	19.58
14.31	25.16
12.7	26.5
13.43	22.63
14.76	24.4
11.52	25.52
12.09	24.71
14.72	23.43
13.63	24.13
12.57	26.51
15.87	22.76
14.58	22.23
11.08	24.7
11.31	24.19
14.89	24.98
12.7	27.66
16.68	27.01
16.19	26.54
12.6	23.54
11.73	26.19
12.9	27.16
15.22	22.12
11.61	26.24
12.15	27.75
12.65	22.33
10.05	22.21
13.48	24.12
12.18	27.32
14.95	28.18
17.26	22.82
12.95	26.17
13.16	26.52
17.03	24.05
13.49	24.28
12.48	26.31
12.38	26.92
12.27	27.94
13.75	28.84
15.59	29.84
13.8	26.78
13.78	27.33
15.75	24.95
15.65	26.09
15.73	22.92
13.67	27.05
12.87	27.6
12.51	27.2
12.9	27.69
13.11	26.8
12.37	27.73
14.26	27.13
14.83	28.97
14.45	23.19
11.95	22.67
12.09	25.81
12.07	26.48
11.79	27.16
13.06	27.95
13.71	27.31
14.01	27.03
14.04	27.96
15.85	25.03
13.55	22.8
10.88	26.33
11.68	20.64
8.86	20.72
9.42	26.35
17.74	26.99
11.93	21.41
6.89	18.21
4.2	20.09
5.8	20.71
6.27	21.65
7.09	23.72
10.29	17.32
2.69	17.9
2.84	19.04
3.76	20.16
4.67	18.25
5.05	18.84
8.44	20.27
7.25	20.65
8.36	19.16
7.86	19.73
6.49	20.71
12.66	15.15
11.47	22
7.69	16.98
4.58	17.72
3.94	21.79
6.15	21.72
13.83	24.02
11.29	22.29
12.17	25.91
12.15	24.1
9.64	19.84
8.53	12.4
3.78	14.61
0.14	11.72
0.18	13.4
3.12	11.6
5.24	10.09
2.25	11.2
0.02	12.69
-1.43	14.49
1.13	9.08
3.77	8.95
-0.2	8.42
1.03	12.28
-3.94	10.81
-1.23	6.15
-1.63	2.56
-6.42	4.82
-7.37	5.35
-8.7	4.72
-4.61	5.21
0.11	7.92
-5.03	7.84
-4.95	11.5
-4.27	6.93
-4.35	9.76
4.84	19
13.81	21.42
12.09	18.4
3.97	15.04
8.31	16.37
3.96	14.59
4.76	17.27
6.13	14.43
4.83	9.09
0.62	10.82
-2.2	3.79
1.49	5.39
0.43	5.48
-3.89	2.86
-7.06	2.29
-7.8	2.52
-2.68	5.11
-2.54	1.21
0.27	2.42
0.81	4.14
2.13	4.92
2.23	4.89
3.32	5.75
3.24	5.11
3.85	6.53
5.04	7.04
4.89	6.96
4.27	6.28
1.23	6.92
-2.56	4.94
-4.31	2.87
-5.53	2.93
-0.7	5.91
-1.36	2.22
0.05	4.53
-0.37	10.18
4.07	9.73
1.01	9.82
-2.18	7.83
-2.32	3.56
-5.12	-2.62
-11.37	-3.74
-6.41	-3.91
-4.5	1.27
-1.23	3.02
0.18	2.86
1.64	4.63
-0.18	5.46
0.44	4.19
-0.79	8.15
1.01	10.68
3.91	8.07
-0.21	6.12
-0.87	8.31
-3.53	5.86
-2.55	11.47
-1.91	5.97
-0.85	10.74
4.13	9.08
4.93	12.53
1.22	9.21
1.13	12.92
0.39	12.09
-1.72	13.25
0.07	7.61
-2.1	12.45
-2.83	10.56
-4.36	4.26
-1.89	7.76
-1.5	5.41
0.59	6.14
-0.28	9.99
-0.32	8.73
-4.74	7.67
-0.17	4.65
1.22	5.53
1.3	4.3
0.81	2.73
1.07	2.12
-4.58	0.88
-3.81	-0.18
-7.47	0.48
-6.67	0.53
-8.09	-0.17
-6.43	2.08
-6.91	3.61
-8.41	5.3
-8.28	-1.1
-10.48	-2.15
-10.25	4.19
-9.62	3.23
-9.93	4.64
-9.92	8.12
-6.93	8.28
-4.61	8
-7.14	8.14
-0.33	14.2
-3.59	15.42
-1.48	19.18
3.94	20.88
1.77	17.48
3.12	19.48
3.99	19.23
5.07	15.79
-3.21	10.26
-2.96	16.1
-0.85	13.45
-0.11	16.22
7.14	16.82
2.06	14.91
1.9	15.25
6.85	12.83
1.96	13.77
-1.68	16.45
-0.82	16.09
0.78	9.98
-4.13	7.67
-2.21	12.79
5.94	16.36
6.62	16.8
-1.16	12.46
3.43	16.43
5.37	13.75
0.16	7.03
-2.42	4.74
-6.34	4.07
-8.66	6.24
-2.35	8.95
-4.09	13.73
1.89	8.96
-1.9	7.69
0.16	4.99
2.41	9.28
3.84	10.51
-0.84	10.01
-3.18	4.71
-3.26	4.33
-6.04	5.94
-6.57	6.96
-1.28	5.85
-2.46	7.73
-6.35	11.21
0.63	15.53
7.1	16.23
1.84	15.25
-1.67	17.72
1.12	21.99
5.06	19.96
5.23	21.26
12.52	18.72
9.76	20.98
8.67	17.31
4.27	18.25
7.89	17.93
7.12	14.69
1.66	17.33
6.22	18.1
4.95	14.54
1.78	12.34
0.31	11.62
-1.32	14
5.39	10.95
5.06	14.28
3.57	13.39
6.12	15.46
0.92	16.81
0.41	20.38
8.3	15.26
4.19	18.55
3.46	20.29
9.67	19.88
4.55	21.7
9.15	23.53
11.91	21
9.17	18.39
7.77	20.42
8.1	19.63
9.31	20.41
5.24	20.45
10.49	15.81
4.89	16.07
3.07	18.68
7.64	21.5
6.53	23.67
7.18	24.71
7.45	26.03
8.44	26.99
8.95	27.01
10.48	28.19
11.31	21.44
5.03	19.73
4.77	18.1
5.2	13.81
6.4	14.94
9.84	14.68
10.98	23.11
8.78	23.26
9.92	16.94
4.68	16.4
8.05	13.83
8.92	13.95
7.5	21.49
7.57	24
8.56	25.06
11.15	24.11
12.57	25.24
10.66	26.33
16.3	23.25
9.83	26.37
12.44	28.46
15.39	28.22
15.31	29.82
17.81	32.11
17.99	32.59
16.85	29.28
14.17	25.12
13.73	26.56
15.69	23.47
13.04	19.22
11.09	13.07
9.91	17.61
8.07	23.46
12.72	20.96
10.78	17.33
7.4	21.31
11.66	21.82
12.95	25.84
13.59	29.22
16.03	31.98
16.53	20.5
13.17	24.17
15.32	26.18
16.06	28.53
17.92	29.3
15.27	28.68
16.61	24.56
18.06	27.59
14.81	27.44
15.6	24.82
14.45	20.65
14.45	23.69
11.23	22.85
13.07	24.1
14.28	25.47
11.51	18.82
7.16	19.7
12.45	24.16
13.68	25.07
14.78	19.33
14.27	28.46
12.8	25.89
11.67	21.36
9.49	24.51
11.15	25.03
13.59	27.85
15.72	29.23
15.47	30.99
17.33	30.87
15.46	31.45
16.43	31.99
17.95	28.63
16.35	29.37
17.94	28.19
16.15	29.56
18.06	26.54
13.41	25.73
12.98	28.04
14.47	28.54
16.89	27.98
18.28	32.33
20.44	32.57
20.76	29.2
19.36	25.06
12.27	25.1
11.09	27.51
12.13	29.94
13.31	31.65
16.86	28.11
13.64	29.67
14.69	31.48
14.88	31.97
17.92	27.14
15.15	29.05
16.22	28.78
15.69	31
15.54	30.89
16.27	25.17
14.96	27.66
16.54	27.91
16.61	23.73
13.81	21.93
11.65	24.96
12.08	21.91
7.6	23.67
10.97	24.07
11.5	18.55
7.95	18.03
6.93	20.06
6.78	21.24
7.14	21.27
13.41	20.94
14.08	20.99
13.93	17.4
13.8	17.13
13.16	22.17
11.45	22.94
15.06	18.67
13.14	22.65
12.6	21.04
12.7	22.85
16.17	21.74
10.78	15.77
9.55	12.68
6.7	18.19
8.32	20.35
11.66	15.94
8.34	18.18
7.96	18.1
11.15	15.03
12.99	17.92
6.85	18.27
6.71	19.17
6.43	19.9
7.03	21.22
13.36	23.34
16.83	22.77
14.86	17.41
12.88	21.71
8.32	21.71
13.65	17.72
13.12	17.78
10.38	14.2
8.09	15.87
8.11	14.16
13.4	19.95
13.7	20.31
14.07	16.95
12.79	18.89
9.11	20.19
7.68	20.53
9.52	15.85
7.31	14.73
1.48	15.1
8.75	19.3
9.1	19.74
8.32	19.55
10.78	20.5
9.28	11.54
5.09	10.92
1.56	11.88
2.52	14.91
2.75	17.05
3.18	12.8
5.14	10.51
5.83	15.46
1.25	14.44
4.9	16.18
9.73	20.19
2	13.69
1.26	12.02
2.11	16.37
-0.41	12.39
1.54	16.86
7.7	14.24
3.43	8.5
-1.37	9.78
0.66	9.51
-2.4	10.2
0.5	11.96
5.42	10.7
5.46	11.69
-2.43	8.37
-3.88	7.81
-4.61	6.45
2.04	8.55
-2.43	9.04
-2.68	5.66
-6.04	4.55
-6.21	3.98
-6.95	0.85
-7.11	-2.67
-5.19	-1.98
-2.87	-0.16
-1.33	3.72
-0.6	2.93
-0.27	1.88
-1.33	3.53
-2.23	0.49
-1.02	1.15
0.35	2.98
-1.35	1.76
-2.41	-0.63
-1.97	-0.94
-2.27	-0.68
-3.18	0.66
-9.46	-0.85
-10.43	2.38
-11.72	-2.05
-10.84	-1.05
-14.52	-1.71
-6.14	-2.68
-5.8	-0.38
-7	2.41
-3.62	6.21
0.62	4.5
-1.98	5.65
-2.35	5.34
-4.52	4.26
-5.83	-0.22
-3.08	1.96
-0.63	1.81
-5.8	3.06
-5.23	0.79
-9.06	-1.72
-7.9	-5.72
-8.53	-6.16
-9.77	-0.8
-8.3	2.34
-5.68	-0.52
-1.32	0.09
-2.84	-0.16
-4.83	-2.81
-5.4	-0.4
-2.87	0.45
-1.34	2.63
-1.12	7.68
-3.04	9.15
-4.86	5.71
-3.98	2.27
-1.93	2.77
-4.21	2.07
-1.34	1.36
-0.72	6.63
-0.22	4.34
-5.26	6.02
-2.94	7.38
-1.87	9.42
-1.08	10.21
-3.1	3.94
-1.39	0.86
-1.62	-0.06
-2.23	-0.92
-3	-2.28
-2.98	-2.03
-2.93	-1.94
-3.06	-1.77
-3.14	-1.33
-2.29	1.29
-1.42	5.95
-3.11	1.31
-7.38	-3.77
-6.45	-2.45
-7.15	-0.97
-2.84	1.07
-0.16	7.39
1.36	8.6
-1.54	13.87
-2.32	8.65
-5.37	7.32
-0.82	5.09
-5.88	2.72
-2.67	0.11
-4.64	-1.73
-5.39	-1.07
-4.48	-0.55
-3.43	-0.44
-8.95	0.94
-14.09	3.31
-6.78	5.91
-9.83	5.25
-6.49	4.71
1.84	10.36
0.45	5.45
0.41	4.39
-2.46	6.6
-3.99	7.8
-3.37	8.01
-4.27	8.61
-1.14	16.24
-0.74	15.26
-1.03	13.82
4.17	13.35
5.78	15.74
8.29	17.27
7.55	14.08
0.94	11.45
1.24	10.31
1.81	9.49
1.35	13.09
3.19	17.61
3.93	12.24
1.8	12.12
-1.24	13.02
-0.81	10.88
0.28	11.86
-0.17	7.44
-0.12	4.34
-2.24	7.14
-2.66	8.44
-0.2	10.07
-1.62	11.18
-1.27	12.45
1.8	11.31
0.96	15.63
2.01	19.87
8.04	18.49
5.12	19.62
5.7	11.76
7.61	12.12
7.73	13.22
3.88	16.93
6.7	17.91
1.4	18.24
9.1	19.06
3.23	20.93
7.4	18.73
2.63	21.32
6.98	22.76
7.82	15.5
6.09	15.18
3.08	17.4
7.51	16.45
7.42	14.39
8	12.87
4.75	16.1
6.97	19.48
7.71	15.06
7.85	11.78
3.62	11.24
0.17	11.15
-0.24	13.33
0.26	15.01
8.91	17.55
6.85	14.69
9.07	15.35
8.66	17.89
6.11	19.58
8.16	21.06
7.7	19.52
7.74	22.6
9.7	20.28
8.62	22.32
7.9	23.03
9.32	22.74
9.99	19.32
7.36	16.08
4.42	14.93
6.93	14.56
7.58	21.73
11.35	19.59
7.33	22.68
9.81	21.67
10.85	17.73
11.79	22.7
12.06	18.19
10.87	20.19
8.36	17.01
3.12	19.03
9.79	15.59
3.66	20.81
7.72	20.89
11.35	18.43
8.51	21.15
11.53	19.49
6.5	21.19
6.92	23.68
12.48	25.15
10.23	26.61
13.15	27.62
12.2	27.29
13.95	28.53
15.33	31.02
18.07	26.21
13.69	28.16
19.02	27.15
14.07	25.89
13.49	24.31
12.72	27.66
14.71	28.72
16.53	25.62
10.56	22.82
10.1	24.26
12.4	25.39
15.54	22.78
11.32	21.03
11.18	23.23
15.13	21.71
15.85	23.47
15.41	22.49
16.7	23.17
12.93	21.31
12.24	24.59
12.73	19.82
10.39	12.67
10.37	19.75
7.2	19.91
7.57	23.08
9.29	24.48
13.07	26.52
15.24	27.07
16.41	26.79
14.44	27.32
16.27	26.69
13.64	28.37
14.91	29.23
16.28	30.22
16.35	30.22
18.38	31.93
15.58	27.92
14.03	21.79
14.71	19.37
17.13	23.83
17.08	25.51
16.5	26.71
15.64	27.96
16.82	26.53
12.94	25.54
12.94	25.77
12.8	25.84
11.71	26.9
11.97	27.75
13.28	28.88
15.68	29.88
17.34	24.45
12.54	21.38
11.02	20.98
14.82	23.38
16.43	24.65
15.56	26.48
16.39	26.42
16.19	25.84
13.39	25.29
11.06	25.79
11.24	26.72
11.85	26.28
11.89	27.03
16.2	26.2
16.86	27.96
16.88	29.97
17.87	31.07
14.72	30.88
17.68	32.52
17.95	32.01
14.58	26.12
15.12	23.58
13.62	20.29
8.01	23.25
12.2	27.29
13.72	24.06
15.05	22.39
16.27	25.03
15.78	25.32
16.05	23.47
14.85	20.92
12.67	22.62
10.77	22.48
9.49	23.09
9.88	24.41
10.63	24.22
14.69	20.89
13.61	24.83
14.45	22.96
15.67	18.97
13.93	23.46
12.96	22.27
10.65	16.2
12.73	16.35
15.29	18.52
14.13	17.08
11.62	22.37
11.4	23.81
13.26	24.33
13.33	25.37
14.89	25.55
12.81	25.31
11.54	25.66
10.96	25.68
10.08	25.79
11.64	25.67
12.32	26.49
11.81	25.96
13.85	20.64
16.11	24.58
15.8	26.07
16.92	20.78
12.25	24.25
11.81	25.28
13.03	24.64
12.73	25.6
15.66	27.84
15.46	22.51
11.93	21.76
10.42	22.58
11.3	23.89
12.02	19.46
9.47	22
13.76	24.04
9.45	18.85
7.48	16.34
7.87	14.71
2.1	16.1
1.34	16.57
3.53	17.62
9.1	20.97
6.39	21.04
8.39	18.86
9.11	16.82
9.51	17.09
4.98	13.49
-0.1	13.08
-0.95	10.6
-2.63	10.53
2.5	7.46
0.76	10.12
4.37	10.36
6.2	9
7.65	14.44
9.46	19.79
13.41	24.13
12.37	19.96
11.3	20.44
6.57	16.54
8.08	13.97
5.16	13.55
8.69	18.24
5.63	17.33
4.22	19.29
5.07	14.63
8.07	11.59
7.51	13.42
6.17	17.67
6.79	13.18
6.41	9.59
3.8	6.57
3.4	5.2
4.04	6.88
3.07	8.83
5.1	7.47
3.65	6.24
0.57	5.21
-4.99	1.44
-0.46	0.95
-1.63	4.31
-1.96	0.2
-8.87	1.52
-9.71	-2.52
-3.53	-0.45
-10.69	0.34
-5.67	0.24
-1.58	5.79
-1.02	6.94
-3.94	-0.05
-4.39	-0.88
-4.85	-3.23
-5.19	-3.57
-6.28	-2.38
-4.02	5.41
-2.48	7.23
2.34	9.55
1.67	6.46
-4.95	5.57
-4.45	3.32
-4.02	9.24
0.7	11.45
5.71	11.76
2.27	7.82
-0.15	7
3.82	7.98
-2.48	5.85
2.02	5.47
-0.62	2.31
-4.11	1.72
-4.19	5.64
1.66	7.53
-1.95	1.92
-3.46	2.03
-7.39	-0.11
-12.56	-3.09
-10.08	-5.75
-8.09	-5.48
-7.56	1.99
-1.77	5.49
-1.32	2.59
-0.88	4.8
-4.04	4.55
-8.25	1.72
-8.9	0.24
-1.74	-0.41
-4.59	1.14
-7.16	-0.04
-7.38	0.57
-8.21	2.26
-6.04	-1.77
-4.18	-0.47
-3.18	-1.51
-2.01	-1.29
-1.82	1.99
-3.28	1.22
-5.37	-1.2
-3.54	-0.7
-2.89	-0.71
-5.55	1.98
-7.97	3.75
-2.29	9.21
-4.37	4.37
-4.14	4.29
-0.57	8.76
-4.82	0.02
-4.68	-1.59
-8.44	-2.87
-11.62	-2.58
-13.35	0.34
-10.53	3.86
-11.38	3.84
-8.25	7.37
3.23	10.49
-0.2	13.79
-0.42	13.28
-0.03	12.78
1.42	11.54
-2.92	8.02
-1.31	12.88
1.03	16.84
0.89	14.27
0.51	12.99
5.73	10.47
-2.36	9.92
-3.66	9.77
0.88	9.19
-2.53	10.06
-0.53	9.47
-0.7	7.33
-1.02	9.78
0.6	7.2
-4.66	7.33
0.29	10.27
-2.57	8.95
-1.41	4.51
-5.77	4.11
-5.73	5.97
-1.52	7.02
1.33	11.97
-1.61	10.31
-0.35	9.51
-2.93	11.54
0.56	13.67
7.37	10.78
3.95	9.46
-3.92	9.69
2.99	11.69
-2.99	7.44
-3.55	9.87
-3.75	15.25
-1.68	17.06
4.86	21.23
5.72	16.56
2.43	13.07
-0.04	11.4
-1.35	12.51
-2.06	12.08
3.39	10.33
-4.02	9.85
-0.93	2.38
-3.03	5.44
-2.45	4.97
-0.33	8.88
-0.61	8.41
1	16.28
0.19	18.06
3.51	15.23
5.39	14.21
3.76	17.56
7.13	14.21
4.41	15.2
5.18	13.14
4.83	12.63
4.56	15.58
0.7	11.53
5.41	16.12
5.97	14.32
8.57	17.38
8.98	14.43
5.26	12.33
1.08	11.39
3.58	11.25
-0.83	12.85
3.77	15.42
6.48	15.85
8.65	18.86
5.36	17.92
10.59	20.3
9.05	22.56
7.42	19.48
8.09	24.56
8.69	21.8
8.49	24.71
10.52	23.15
10.65	26.36
8.5	27.5
8.61	27.54
10.65	25.89
10.63	19.37
9.06	23.11
7.75	24.65
9.7	25.36
12.18	24.08
10.82	24.74
10.78	21.51
11.13	23.01
6.45	20.25
6.41	21.74
8.63	21.7
4.32	23.96
7.89	25.89
11.43	22.04
13.31	25.67
10.17	27.99
11.99	29.3
12.89	27.78
9.92	18
5.71	23.1
6.79	24.96
8.29	26.74
9.49	27.71
10.11	27.73
10.81	22.72
5.53	12.09
2.86	19.06
6.9	16.25
4.97	18.94
5.54	22.75
8.63	25.07
9.73	26.85
12.3	28.22
11.99	27.01
11.64	22.56
9.53	19.55
10.08	20.35
9.78	20.78
7.01	23.15
10.66	27.21
11.59	29.31
13.55	30.13
17.4	29.3
14.51	22.75
8.7	23.3
10.36	27.95
14.9	30.57
14.39	31.19
17.58	32.47
19.23	33.24
18.62	32.62
17.43	28.73
14.45	23.35
8.77	19.73
5.56	23.76
8.55	26.82
11.28	30.22
14.19	33.34
16.24	34.42
14.18	32.29
13.03	24.86
12.77	21.62
7.99	21.32
8.13	22.27
12.41	24.69
11.8	23.92
11.62	24.35
12.5	29.14
15.63	31.34
18.87	32.86
16.51	33.04
15.29	29.07
15.83	28.99
13.85	31.53
15.65	26.72
10.54	21.15
10	26.72
13.82	23.37
10.91	20.84
10.96	20.26
7.27	23.5
11.43	18.11
10.73	19.53
10.05	22.95
8.42	19.96
10.52	23.56
9.25	20.36
8.03	23.2
10.23	25.65
11.78	28.02
16.16	27.04
17.39	28.96
16.65	30.12
15.28	28.35
12.68	26.61
12.18	24.11
11.21	23.05
11.13	23.91
10.95	26.94
13.02	29.49
15.91	29.06
17.2	26.73
15.72	22.35
16.67	26.11
14.53	25.05
11.52	24.62
10.89	26.84
12.58	28.78
12.94	31.17
13.69	32.76
16.02	31.9
15.67	32.18
15.18	31.54
14.69	32.92
15.05	33.34
16.06	34
16.22	36.27
16.86	36.65
17.54	36.06
18.05	30.34
16.77	29.88
14.95	28.52
13.27	29.36
9.3	23.91
8.07	24.79
9.28	23.22
10.66	26.26
9.6	28.69
16.2	26.08
16.22	22.85
11.16	24.28
12.36	23.25
10.68	21.26
8.02	18.45
8.92	19.8
10.56	17.71
8.4	20.21
6.76	22.2
5.95	24.34
7.04	24.93
9.67	26.55
10.23	27.08
15.26	27.11
12.97	22.29
13.12	25.46
10.38	21.33
11.99	20.04
11.99	18.37
11.15	25.49
14.59	21.26
12.93	15.95
10.62	15.16
10.59	15.65
7.5	18.54
7.39	20.58
7.71	20.62
7.16	19.9
8.4	22.11
8.1	22.98
15.1	20.44
15.27	20.35
14.89	17.65
13.08	20.58
10.45	20.44
10.6	17.95
10.22	14.7
9.15	12.96
9.04	11.29
8.67	14.22
11.68	18.74
14.03	23.11
11.09	24.87
9.99	23.78
8.43	20.97
9.86	20.83
10.83	21.85
9.2	18.59
10.37	14.99
6.4	14.92
0.33	13.79
-0.59	14.26
-1.7	14.71
-1.41	16.53
3.14	17.5
3.09	19.83
6.17	13.53
4.31	15.27
2.95	15.83
3.86	18.88
13.33	21.14
4.83	16.27
0.97	10.77
6.26	14.5
8.69	14.36
3.59	8.71
1.87	12.95
9.36	12.88
7.26	14.44
5.18	14.52
4.09	13.52
0.41	12.33
-0.72	11.63
8.25	17.86
11.78	21.88
7.53	18.04
6.88	9.81
3.7	10.68
4.92	8.14
-0.28	5.45
4.41	10.4
4.78	15.16
2.61	14.98
2.59	14.07
6.03	13.87
6.77	9.62
5	11.58
1	10.7
-2.48	9.65
-0.22	11.53
-1.91	5.64
-0.55	1.71
0.35	2.81
1.89	6.42
4.08	5.06
3.73	4.56
1.73	3.67
1.21	2.27
2.3	14.41
4.79	12.87
4.55	8.53
4.13	10.95
0.15	11.62
0.95	11.64
0.21	9.08
4.17	7.53
1.22	8.84
-3.32	7.3
-1.98	5.56
-1.28	1.94
-3.05	1.95
-4.41	-1.45
-4.79	-2.23
-7.29	-1.53
-11.31	3.63
0.63	8.39
1.09	9.01
0.34	6.52
1.61	6.36
2.36	4.58
-1.44	3.78
-5.39	0.23
-7.27	-0.81
-3.36	3.46
-1.31	4.98
-2.37	7.5
0.99	7.74
6.77	14.27
5.78	13.92
3.82	6.12
0.12	7.41
-2.24	10.56
-0.87	8.72
-1.55	3.74
-3.76	0.26
-6.81	-0.19
-9.26	-0.56
-8.91	-3.03
-3.25	-0.19
-2.92	1.71
-4.29	2.12
-2.22	-0.48
-1.4	-0.63
-1.86	-0.81
-0.73	0.86
0.32	3.4
1.71	4.78
2.24	4.76
3.01	9.65
1.28	5.83
2.58	3.62
0.79	3.08
1.47	3.5
-0.27	1.8
-5.56	2.87
-6.74	3.24
0.63	10.42
5.61	13.84
1.42	14.6
8.73	14.76
10.92	16.01
7.27	14.08
3.37	10.31
-1.72	9.98
-4.24	11.41
-0.57	10.48
1.73	8.55
-3.38	9.8
-4.03	12.85
-3.74	11.81
-2.32	10.84
0.81	8.06
-0.33	8.61
-1.7	10.75
-1.96	11.42
-2.25	6.25
-2.29	2.02
-5.05	2.66
-2.18	1.91
-6.93	5.58
-3.27	4.36
-0.52	6.04
-3	9.22
4.09	14.78
7.06	18.65
6.12	15.27
-1.63	7.25
-0.95	9.08
0.32	12.42
6.81	17.14
3.77	16.08
3.03	18.84
3.45	19.7
7.3	13.79
1.3	13.25
1.25	15.82
2.55	18.18
9.85	17.28
7.82	19.05
8.06	16.22
3.22	9.74
2.03	6.2
3.7	6
3.81	15.77
6.26	20.36
10.21	19.74
6.83	17.62
0.15	6.46
-0.08	5.61
2.86	10.52
4.81	10.13
7.6	13.36
5.37	16.01
0.95	17.89
1.83	19.25
2.84	20.49
7.23	15.78
0.96	15.95
3.75	17.1
6.8	11.52
4.4	11.89
2.07	13.71
6.29	10.83
8.16	13.87
1.89	10.07
-2.21	7.3
-4.17	10.08
-1.6	14.4
5.59	11.32
-0.47	14.33
3.51	15.2
3.96	10.16
6.5	10.45
4.98	11.6
3.12	16.17
2.95	19.51
2.7	22.93
9.08	17.54
1.84	18.33
3.37	21.77
5.54	23.91
7.8	25.23
10.84	26.98
10.76	27.18
8.43	26.18
9.24	26.13
11.09	24.21
11.99	21.17
11.73	17.68
10.66	19.42
11.98	21.63
8.17	21.85
6.57	21.7
8.16	17.82
5.75	18.12
3.33	20.21
7.46	23.04
11.11	24.96
13.8	25.34
12.51	26.5
8.75	19.55
4.85	21.32
7.18	20.72
11.46	21.95
10.6	21.3
4.49	24.29
7.75	25.23
11.41	24.02
7.2	27.85
14.14	29.77
16.14	30.46
14.57	27.03
12.26	23.48
13.2	20.61
4.95	20.24
8.09	20.85
8	15.82
6.02	20.06
6.65	22.89
12.22	23.02
10.07	25.47
13.65	24.8
13.68	26.71
11.56	24.14
5.55	20
7.63	21.93
10.01	21.05
9.94	25.72
12.42	27.15
14.73	24.34
13.72	21.87
15.26	18.48
14.72	18.67
14.11	26.01
13.72	25.64
12.49	22.96
10.37	26.18
11	26.22
11.9	27.5
12.18	29.54
15.48	29.83
17.87	26.32
13.94	28.4
14.06	23.49
12.42	24.59
14.18	23.32
12.3	20.56
10.37	23.79
13.24	26.84
18	30.98
14.98	28.26
15.06	24.81
12.89	26.58
13.13	29.65
15.36	25.78
10.52	26.89
14.36	30.27
16.66	33.06
17.81	32.07
13.09	25.44
11.39	26.4
15.32	28.85
15.94	25.89
14.26	17.6
13.9	21.75
14.79	21.51
14.86	22.99
15	25.3
16.18	28.45
14.47	29.52
14.64	30.19
14.17	30.51
15.48	29.22
13.9	31.25
15.22	32.38
16.82	30.41
18.12	33.19
19.19	34.12
18.3	29.24
15.91	26.86
11.8	30.04
13.31	31.14
14.94	31.2
15.65	29.9
13.87	17.62
8.73	22.82
8	26.62
12.14	29.73
14.02	30.22
14.75	31.3
15.28	31.55
14.81	31.7
14.19	32.57
16.57	32.35
17.25	27.75
15.75	26.26
16.07	27.87
15.69	26.9
14.7	30.14
14.79	32.69
14.51	32.32
17.11	25.04
10.41	25.01
6.1	23.45
11.29	18.14
12.2	21.67
12.24	20.54
9.46	23.52
9.58	25.72
12.32	16.4
12.17	13.7
11.11	20.32
10.32	20.15
9.24	17.1
3.57	16.64
9.67	16.71
7.23	19.38
7.92	21.23
13.72	19.77
10.75	13.75
9.34	15.58
9.51	11.07
8.97	17.15
5.95	17.15
8.07	20.84
8.19	20.39
7.42	20.08
12.4	15.13
14.65	23.35
14.75	18.09
12.6	15.2
5.97	19.72
6.3	22.95
6.85	21.11
11.04	19
14.32	20.99
11.72	23.46
14.37	24.73
11.32	23.54
12.83	18.64
8.72	22.7
9.79	23.93
14.83	25.43
14.17	24.92
12.68	20.31
10.78	23.07
8.23	21.51
6.14	21.57
6.88	20.96
6.77	19.77
5.48	20.02
7.89	18.17
8.61	15.71
10.72	12.92
11.7	15.95
10.94	21.3
11.12	19.63
6.94	18.8
8.82	11.36
8.87	10.29
4.72	11.74
-0.13	11.2
2.2	14.35
6.78	14.51
9.39	16.47
6.46	23.41
4.91	17.68
1.24	11.31
-1.85	10.46
-2.3	10.87
-3.21	12.66
3.9	10.82
1.44	11.69
4.09	14.22
2.79	12.37
1.72	5.17
1.7	4.17
2.84	5.46
1.44	4.39
2.28	4.54
-2.7	6.02
-6.83	7.77
-4.26	7.6
-5.64	2.12
-1.67	1.39
-0.72	7.81
-1.63	10.26
-4.63	9.41
-0.67	7.68
-3.61	4.63
-1.5	5.57
-6.84	2.93
-1.27	3.16
0.22	3.25
-2.12	5.26
0.1	3.1
-4.03	3.19
-6.2	-0.29
-4.25	-1.07
-1.94	0.08
-1.27	2.26
-1.99	2.7
0.04	3.14
-4.48	0.93
-8.68	-1.17
-11.08	0.44
-4.46	-1.33
-1.98	0.33
-12.33	-0.89
-15.32	-7.31
-17.56	-4.51
-9.2	-1.98
-7.32	-3.45
-5.49	1.08
-10.5	2
-12.2	0.34
-15.19	-1.22
-7.98	5
-4.45	1.11
-19.44	-3.66
-17.9	-2.68
-7.36	1.61
-4.65	1.05
-13.72	0.7
-4.43	7.03
0.17	8.13
-3.66	1.5
-8.51	0.71
-6.65	4.75
-6.71	1.62
-14.08	-4.23
-13.1	0.03
-7.95	5.7
-7.09	4.54
-5.53	3.13
-4.07	3.38
-6.22	-2.08
-3.25	-2.53
-4.21	-2.45
-4.55	-2.26
-4.46	-2.6
-4.29	-3.45
-4.57	-3.85
-5.27	-2.85
-3.08	-1.06
-6.32	0.57
-4.53	6.08
-2.01	5.59
-0.67	11.13
-2.58	10.71
6.81	9.59
1.11	10.26
0.1	6.54
2.05	10.37
3.24	16.38
0.49	17.83
-0.17	15.21
2.06	12.49
0.55	11.61
-1.42	14.32
-1.08	12.31
-1.2	6.68
-3.79	13.25
0.02	12.73
2.59	7.75
2.62	9.61
-0.43	10.49
3.72	10.86
-1.5	13.58
3.76	14.68
0.73	17.45
4.37	7.63
0.02	4.51
-2.37	4.94
1.49	6.05
2.91	6.47
2.66	9.39
-0.79	9.14
4.19	8.76
-2.65	4.12
-0.26	9.36
-0.85	9.1
-3.33	12.16
0.23	13.83
8.04	14.88
5.68	12.02
3.95	7.82
3.32	8.55
3.25	5.68
-1.06	10.83
-1.99	13.23
4.29	18.99
9.63	17.83
3.43	14.59
-2.1	14.12
0.35	14.56
-3.43	13.96
-3.78	14.91
-1.52	17.6
0.54	19.95
9.26	18.75
5.15	15.36
1.49	16.59
2.45	16.77
1.67	16.85
7.38	16.46
7.83	15.93
6.9	16.12
-0.59	7.44
0.85	6.3
1.52	4.84
0.92	6.34
0.93	8.17
-1.31	10.78
-3.7	15.16
-2.27	18.5
-0.85	19.34
1.07	19.53
2.82	20.35
5.13	17.58
1.52	12.87
4.58	13.12
-2.06	8.86
-3.52	9.37
-4.17	12.44
3.87	11.64
3.08	9.43
3.79	8
5.87	8.98
7.18	13.59
8.81	16.52
7.1	12.25
5.77	12.9
6.88	13.21
7.68	12.84
8.02	16.35
9.14	14.35
7.82	18.65
9.45	18.8
7.59	19.15
8.87	15.66
4.6	17.99
5.13	21.22
8.2	16.68
2.14	16.95
6.57	20.9
8.63	18.8
6.02	23.7
11.71	25.14
8.79	26.4
9.73	26.97
12.02	20.51
7.82	21.28
6.75	22.26
7.68	23.83
9.79	19.78
10.15	23.52
10.72	24.22
9.79	25.29
12.73	23.44
9.72	25.07
11.44	23.75
8.73	24.59
10.38	27.31
12.96	28.38
13.96	23.46
12.48	20.04
12.07	22.62
11.35	24.3
15.15	25.88
14.55	26.16
13.82	23.31
13.91	19.93
11.94	23.35
11.42	21.64
11.72	23
10.15	22.94
7.47	23.77
9.2	23.24
11.92	20.95
7.07	23.89
10.02	26.24
13.87	22.47
16.84	23.68
13.61	20.34
14.1	24.59
12.51	21.17
14.58	18.91
12.74	23.6
9.09	25.16
11.46	28.08
14.45	30.57
14.49	31.7
17.11	30.9
15.9	29.6
17.15	31.26
15.67	31.75
16.32	31.96
17.13	32.89
18.35	32.47
17.33	34.31
18.36	32.91
15.9	25.98
10.11	25.99
10.54	27.77
14.28	24.77
12.02	22.68
10.29	23.8
9.52	26.67
13.91	28.45
16.51	30.9
15.14	27.53
8.72	24.22
10.12	28.09
15.91	25.14
12.16	29.69
12.88	31.02
15.74	32.38
18.32	29.81
16.09	29.18
17.31	31.25
15.99	29.84
17.63	29.42
19.64	28.99
15.77	27.84
15.51	24.07
14.93	24.75
12.8	27.7
12.94	30.67
15.12	26.46
11.67	25.75
13.09	28.94
15.05	23.56
10.99	22.88
10.98	26.04
14.75	28.63
15.85	29.92
15.24	30.21
16.98	25.59
17.05	27.17
17.14	28.15
16.54	30.09
17.51	26.23
16.83	27.8
16.84	23.76
16.58	21.69
16.4	23.24
14.47	26.26
14.24	25.59
17.48	21.26
14.96	20.13
15.5	24.27
13.84	23.17
16.41	23.97
16.4	26.2
15.65	27.08
15.46	27.5
14.81	28.53
14.07	27.28
14.29	25.08
16.26	22.69
15.1	26.08
13.6	27.78
13.82	28.76
14.61	29.3
15.16	22.47
15.07	25.94
15.27	23
13.23	27.43
13.21	28.28
15.49	26.05
15.45	22.14
11.97	25.54
12.43	26.71
12.58	25.88
15.26	23.86
14.34	24.83
12.26	26.24
12.57	26.67
12.74	25.85
14.5	21.59
11.45	18.22
5.06	17.14
4.33	20.35
7.7	17.22
6.02	17.85
7.27	19.9
6.1	22.31
8.38	22.81
14.29	21.71
12.68	18.36
11.68	13.39
10.98	12.81
9.01	11.24
7.68	9.29
5.04	14.24
8.51	16.63
4.33	11.88
8.33	15.42
3.98	16.7
1.66	18.07
3.12	17.82
4.19	18
7.07	19.8
9.38	18.59
4.09	14.12
4.34	12.73
-0.02	15.99
1.58	9.85
5.98	11.76
10.04	11.01
5.96	9.32
3.38	8.47
4.05	14.02
6.15	16.92
8.26	21.81
16.13	22.27
7.51	18.69
4.45	12.96
1.91	13.8
3.65	18.22
12.84	18.84
12.63	21.71
6.52	15.48
2.12	14.96
11.08	21.54
3.49	16.44
9.03	16.15
0.11	14.41
3.52	17.07
7.29	10.18
6.89	12.18
6.31	12
5.15	9.62
4.59	6.62
1.55	4.98
-0.59	2.37
-0.26	2.72
-2.26	5.66
-2.56	7.6
-0.64	10.21
-2.55	13.08
0.79	14.94
4.53	14.89
9.66	18.5
11.97	22.45
15.3	20.49
12.04	19.04
9.42	16.31
6.53	16.13
2.53	13.51
2.23	16.05
6.51	13.32
4.56	14.41
1.8	14.2
3.98	17
5.67	15.47
3.26	9.72
3.95	6.85
4.67	8.42
3.75	8.57
1.28	6.43
2.14	4.61
1.51	5.67
5.91	7.12
5.28	6.04
2.12	4.85
0.07	2.17
-2.01	-0.28
-4.61	-1.68
-8.7	-3.57
-5.83	-4.02
-4.62	-3.55
-3.43	-2.25
-3.28	-2.3
-2.19	-1.51
-3.05	-1.33
-2.23	0.11
-0.61	1.86
-3.59	2.44
-7.42	1.09
-5.91	4.65
-1.56	3.33
-0.01	4.43
-3.38	-0.3
-5.25	-3.53
-4.09	-2.01
-2.03	2.77
1.34	9.67
1.81	8.39
1.6	10.86
0.2	10.41
-4.32	0.25
-2.48	7.5
0.58	14.03
0.31	9.39
-2.55	5.98
-4.99	-1.61
-6.8	-3.37
-15.71	-3.87
-15.28	-8.68
-10.59	-5.48
-7.54	-3.28
-19.67	-6.25
-18.69	-3.26
-5.69	1.15
-7.69	6.1
-9.95	3.02
-8.57	4.8
-10.51	-3.44
-7.44	-3.88
-6.71	-2.85
-4.56	-0.02
-1.05	2
-0.71	3.36
-3.12	4.57
0.99	3.31
-1.41	2.29
-3.34	3.19
0.26	6.29
-1.07	6.16
-4.51	4.85
-1.71	-0.58
-4.09	0.31
-13.21	-1.17
-10.15	1.11
-3.37	1.89
-2.24	2.3
-2.34	2.08
-7.02	2.68
-8.46	-1.02
-13.16	0.28
-4.69	0.24
-2.91	-1.55
-6.32	-1.48
-14.28	-2.75
-14.09	-0.1
-12.56	-0.14
-3.36	-0.99
-6.54	-0.59
-12.11	-0.66
-6.12	-0.24
-8.13	0.44
-8.2	2.43
-1.99	2.92
-7.94	0.45
-9.18	5.17
-8.94	5.66
-9.01	4.24
-6.66	9.16
-4.39	9.69
-3.91	13.07
-3.06	10.52
1.21	5.95
1.2	10.05
-0.85	8.22
0.64	3.19
-0.65	3.47
-0.92	10.55
-1.71	13.07
4.2	16
-0.25	18.15
7.5	16.8
1.57	9.56
0.43	3.31
-0.6	5.74
1.83	5.27
-3.37	12.36
0.06	9.33
0.37	13.36
0	11.33
1.23	7.53
-6.32	4.71
-7.86	10.1
-4.37	17.76
-1.35	20.22
0.19	20.51
0.68	20.48
2.34	20.59
2.25	20.11
4.8	21.27
6.95	14.96
-1.94	14.04
0.51	17.39
4.88	9.71
4.56	11.09
-3.11	13.26
-1.6	9.23
-4.45	2.17
-0.82	6.66
-5.29	10.25
0.12	13.95
3.31	9.06
0.66	9.16
5.57	15.92
3.43	15.98
7.88	16.22
3.42	19.84
3.35	17.45
5.23	16.86
4	16.96
2.44	18.75
2.8	19.1
3.8	20.07
3.52	19.85
4.1	17.71
3.18	20.52
4.61	24.36
11.26	20.43
5.18	22.04
11.45	24.54
9.2	23.29
13.73	22.62
11.36	25.94
13.27	23.11
2.33	22.8
5.72	26.15
8.47	30.83
10.15	30.76
8.72	30.57
16.1	30.04
13	25.64
14.97	25.71
11.59	28.9
13.73	27.4
10.15	21.51
5.61	17.23
0.75	18.9
2.17	21.62
5.87	25.03
8.38	27.77
11.18	23.95
9.66	15.15
9.52	18.42
9.87	23.31
6.51	25.95
10.57	28.59
12.71	28.63
12.59	25.72
15.6	26.56
15.12	26.15
13.11	26.3
11.77	28.16
14.74	24.61
12.17	25.17
13.19	26.18
14.11	28.82
14.83	30.6
15.32	31.71
16.44	30
17.7	31.93
17.44	30.63
17.6	31.88
17.58	34.19
18.75	32.95
18.61	32.65
19.17	29.95
17.26	26.53
14.83	26.5
14.16	27.82
14.26	24.45
14.39	25.94
14.15	28.79
14.11	25.35
13.15	28.26
14.73	34.08
18.26	32.5
16.46	31.12
13.81	27.05
15.89	26.29
17.09	27.32
16.94	24.86
13.99	31.67
17.34	33.07
14.03	27.92
13.97	25.86
13.06	21.76
12.96	24.37
13.62	25.66
11.06	26.04
11.48	25.84
10.45	26.74
12.6	26.55
14.42	26.84
11.79	30.5
15.67	24.9
9.34	25.76
9.76	28.74
13.19	31.13
18.9	32.16
16.93	28.18
14.48	28.58
13.56	31.25
15	33.8
18.21	34.78
17.89	29.79
14.2	29.66
15.97	25.2
13.22	30.02
15.5	32.64
18.09	30.14
17.08	25.44
13.15	22.42
16.74	21.82
17.77	27.76
17.09	30.4
16.21	33.09
18.02	33.72
18.89	33.42
17.93	31.69
16.95	30.01
12.83	32.62
15.58	31.72
13.63	32.92
16.91	30.13
10.87	32.53
15.04	36.91
18.01	36.33
18.9	30.22
17.61	28.28
16.31	31.71
17.35	36.13
16.82	30.81
16.31	30.24
15.15	31.77
15.34	33.3
19.24	33.45
17.72	31.2
17.14	24.89
10.18	28.56
11.8	31.75
16.79	30.15
20.64	32.78
14.65	27.34
13.2	19.57
8.03	21.36
12.4	19
6.55	18.06
4.27	21.44
7.05	23.09
8.4	23.87
10.09	23.9
10.17	23.41
14.18	19.64
14.34	15.79
10.81	22.88
10.39	18.98
13.17	15.23
11.85	19.28
7.63	20.8
6.03	22.46
7.31	24.65
8.9	25.94
9.51	26.29
10.27	27.13
9.71	28.08
10.27	28.3
14.44	27.17
12.61	21.39
5.79	17.84
2.97	19.09
3.73	21.35
5.94	21.64
11.61	17.11
6.87	18.9
6.16	19.92
10.64	24.78
11.66	24.13
14.58	20.72
13.26	20.42
7.83	15.37
4.43	14.36
6.75	13.84
5.13	15.82
5.13	19.81
5.59	20.86
6.94	15.42
7.54	14.53
1.58	12.75
0.18	12.49
0.25	10.21
-0.02	10.06
0.44	10.15
3.4	7.82
1.7	15.47
8.75	18.33
5.63	8.27
1.97	6.6
-0.32	2.83
-4.75	5.09
-4.75	8.79
-0.38	8.83
-3.1	9.09
-1.68	6.98
4.73	10.81
2.65	13.42
11.28	20.82
8.33	15.12
2.12	13.9
2.35	16.56
1.27	12.68
-1.8	7.2
3.85	7.86
4.53	9.06
5.62	7.54
2.34	6.32
1.73	6.8
0.9	6.61
-2.34	7.2
-2.67	5.26
-2.44	9.12
-0.07	7.88
3.46	12.67
0.42	9.08
2.18	17.18
2.24	15.83
-0.4	13.94
0.31	15.28
9.76	15.83
11.16	17.21
7.55	17.26
6.6	11.95
6.93	15.33
6.82	12.09
3.44	9.25
5.03	8.56
3.31	6.38
3	6.61
2.45	4.15
1.78	3.48
2.02	3.54
2.4	8.13
-1.2	3.77
-5.87	1.75
-7.77	3.48
-6.04	1.82
-5.01	2
-1.43	5.46
-4.91	7.08
-0.1	4.8
-1.88	4.2
-4.69	2.96
-3.14	1.49
-3.17	6.6
-5.15	7.1
-5.03	7.62
-1.62	9.86
1.15	8.71
-2.38	1.73
-5.59	-0.76
-10.91	-0.26
-10.12	1.54
-8.19	3.65
-3.79	9.22
1.58	7.43
1.74	4.6
2.23	3.83
0.15	2.85
-1.8	-0.18
-4.55	-1.32
-9.08	-3.63
-8.75	1.85
-10.97	-2.94
-9.55	-1.45
-6.62	3.08
-2.51	-1.02
-3.14	0.72
-4.05	3.43
0.14	6.69
1.39	8.7
1.39	12.05
0.79	5.65
-3.21	6.44
2.14	9.92
-2.26	2.35
-1.39	3.43
-2.58	4.15
-3.06	2.17
-5.37	-1.65
-9.74	-2.21
-11.09	-0.61
-12.07	-0.48
-3.44	2.52
-3.13	-0.95
-6.66	-0.57
-13.99	1.28
-13.83	3.2
-8.44	5.52
-2.03	9.12
-2.34	9.36
2.15	10.06
2.18	13.04
2.24	19.2
3.39	13.17
1.95	13.79
0.23	10.42
-1.13	8.1
-1.31	3.96
-1.15	7.71
-4.79	1.44
-7.09	-1.28
-2.03	4.97
-1.87	4.98
0.24	5.32
-4.34	7.22
-4.92	7.85
-1.48	4.65
-1.1	4.31
-5.62	0.82
-0.72	0.69
0.57	1.33
-1.93	0.64
-4.06	3.18
-1.31	1.3
-1.23	2.01
-2.48	2.2
-2.45	2.68
-11.77	0.6
-11.12	3.3
-2.69	7.84
-3.06	3.61
-5.17	1.04
-10.6	1.69
-3.59	1.29
-2.03	-0.33
-1.34	2.27
-4.12	5.29
-7.13	4.47
0.36	6.27
0.14	9.13
4.77	12.32
-0.84	15.98
0.1	18.85
2.46	22.19
2.18	23.3
5.03	23.79
7.08	20.09
11.04	18.33
5.87	13.58
4.33	6.71
4.25	6.21
3.32	5.71
1.12	5.66
-0.01	4.64
0.82	6.88
0.47	11.83
-0.98	10.57
-1.65	13.4
4.7	14.88
6.27	16.83
4.8	19.84
5.57	21.4
7.74	14.74
5.53	8.77
4.52	8.11
-0.44	13.73
0.64	11.97
5.54	8.67
3.76	14.87
5.03	10.77
6.02	9.79
6.05	9.68
3.91	13.91
4.88	17.23
9.19	14.1
9.29	18.45
10.15	18.82
8.47	12.39
8.78	20.07
5.85	22.95
9.89	23.13
10.22	17.57
5.9	13.79
7.98	16.81
4.54	18.02
5.12	20.93
8.09	23.72
9.05	20.6
10.07	21.81
8.89	22.7
6.57	22.1
8.86	20.29
9.44	19.59
10.45	17.46
4.41	15.54
4.01	13.36
2.61	17.37
7.63	17.64
6.33	19.95
5.57	22.39
10.89	17.19
8.77	15.55
2.75	19.19
8.83	15.74
4.53	15.07
4.3	21.68
8.44	23.57
9.18	26.58
10.25	26.92
9.44	18.65
7.16	13.97
1.33	16.33
4.99	19.73
4.59	22.76
8.43	21.56
9.55	16.03
9.3	15.48
9.25	21.93
6.87	24.85
10.58	21.03
12.61	17.42
9.54	18.59
12.99	16.62
12.69	15.48
12.7	19.92
10.63	24.32
12.77	27.28
13.04	30.2
15.68	29.38
17.72	29.32
15.71	24.57
12.84	17.08
14.04	22.66
10.44	25.24
13.07	21.95
7.62	22.12
10.03	24.95
14.22	24.4
14.32	21.58
12.77	20.75
12.25	24.77
12.7	25.73
16.33	25.99
12.82	22.53
9.91	23.64
11.45	25.97
16.87	29.05
14.2	20.13
11.65	24.35
12.74	27.65
13.75	23.5
10.65	23.83
11.72	25.05
12.6	28.98
14.9	27.71
13.44	22.81
13.84	28.69
16.43	28.06
11.32	23.76
10.99	18.5
6.91	21.36
8.77	21.52
10.41	19.55
9.98	22.07
14.52	27.44
14.08	28.67
14.83	30.53
15.55	29.33
14.93	30.51
17.69	31.27
16.17	32.5
16.06	29.79
15.95	27.85
18.52	25.54
13.98	25.09
14.79	21.43
12.94	20.1
13.12	17.98
10.85	24.23
12.21	28.16
12.61	29.46
14.13	27.58
14.76	27.92
15.02	28.63
13.86	28.82
15.58	28.06
17.25	23.16
14.86	25.88
14.68	26.74
13.25	27.33
13.43	27.56
15.34	29.16
19.58	25.12
14.97	24.79
14	24.92
11.58	25.77
11.99	27.2
18.14	30.18
18.35	32.96
16.79	31.14
14.8	25.06
13.7	22.69
10.8	24.6
11.22	26.14
16.23	25.39
14.86	20.07
10.98	22.56
8.73	25.19
11.05	25.91
12.31	26.27
13.38	20.52
13.32	18.46
9.16	19.78
13.99	23.28
11.94	25.46
11.11	22.75
10.38	25.41
9.93	24.99
10.03	25.11
7.71	18.73
3.33	18.84
4.02	21.05
7.72	25.27
12.29	22.97
10.73	26.06
14.39	23.76
13.37	17.75
10.17	19.52
4.33	20.02
4.92	19.9
8.7	22.42
9.62	22.49
10.93	17.89
9.69	20.49
10.12	16.35
9.19	14.53
8.25	15.59
7.66	17.21
11.26	18.37
11.05	20.1
11.42	19.14
9.58	17.18
10.62	18.02
10.91	20.01
7.6	20.54
7.58	21.52
7.84	21.7
9.64	20.36
10.11	21.74
9.91	15.81
8.73	10.51
6.5	10.74
4.11	10.56
4.93	6.58
4.72	6.21
6.69	9.54
9.05	13.8
4.75	10.55
0.23	17.1
4.23	15.19
5.42	17
11.85	18.14
13.01	14.92
11.62	16.2
9.18	19.95
5.76	20.35
6.74	22.17
7.42	21.23
9.36	21.03
12.11	20.19
14.28	19.35
11.65	16.43
9.33	14.21
9.63	14.52
12.07	13.23
7.63	12.57
5.52	11.74
6.64	12.41
1.29	9.6
-0.86	6.68
0.09	5.03
-1.39	5.47
5.01	7.85
6.69	10.13
4.71	8.75
3.34	5.2
0.68	3.43
-2.53	5.88
0.5	11.86
1.04	14.87
3.83	14.19
-1.44	6.34
-3.87	5.86
-5.41	5.07
1.57	13.01
-3.37	6.75
-5.57	3.92
-6.51	8.79
-4.77	4.74
-3.4	8.64
1.9	9.68
2.15	3.77
2.85	4.79
3.76	12.07
1.08	11.74
-1.78	6.39
-1.11	4.57
-0.61	4.19
-2.62	3.62
1.08	1.83
0.61	1.33
-1.1	0.29
-2.55	0.5
-3.35	-2.42
-3.11	-2.89
-3.19	-2.97
-3.79	-3.2
-4.43	-3.7
-3.52	-0.8
-0.93	2.28
-5.8	4.13
-3.65	2.2
-8.22	2.36
-9.28	-0.6
-9.52	1.38
-4.41	7.49
-1.06	9.66
3.41	8.41
0.16	4.83
1.47	2.81
0.72	5.83
-0.6	4.52
-4.67	5.13
-2.55	4.97
-1.7	8.29
-1.83	6.8
-0.16	7.59
-2.43	11.02
-1.74	10.03
-1.18	10.33
-2.17	13.05
-1.94	7.69
-2.96	10.78
-2.51	6.69
-3.91	9.06
-3.72	1.97
-3.39	5.47
-1.6	5.34
-5.38	3.72
-7.16	2.43
-6.69	-1.82
-3.96	-0.17
-8.44	2.5
1.33	7.37
-3.72	6.73
-4.1	6.34
-6.27	0.68
-2.48	-0.52
-3.99	-2.79
-5.89	-3.29
-13.23	-4.11
-7.2	-3.17
-8.98	-1.42
-13.44	0.3
-2.1	5.15
-3.65	3.58
-1.48	0.74
-6.34	1.54
-13.61	-1.27
-15.02	-1.72
-16.25	-4.45
-18.42	-3.78
-20.88	-3.08
-20.26	0.14
-7.9	5.25
0.13	6.24
1.59	8.9
-1.12	6.99
-0.97	1.56
-1.39	1.79
0.39	3.2
-0.62	3.32
-3.65	0.87
-3.92	3.89
-2.33	-0.45
-4.25	1.58
-0.34	2.39
0.04	5.11
-6.39	0.62
-2	2.52
-5.56	-0.63
-12.48	-3.45
-16.75	-1.69
-17.2	-1.48
-14.37	-0.1
-5.38	-1.25
-6.7	-0.07
-12.34	1.76
-14.63	2.7
-5.21	3.78
-2.32	5.48
-6.79	-0.58
-13.76	3.9
-1.84	9.6
-1.22	9.62
-3.97	10.88
-2.01	12.58
-1.37	18.6
0.09	21.91
6.34	21.88
3.73	15.97
-2.36	7.03
-4.25	9.84
-2.42	11.92
-0.38	14.08
2.26	18.2
2.89	15.5
8.23	18.28
8.8	18.64
9.89	17.45
6.47	16.92
7.3	12.29
4.46	12.91
0.74	11.32
-2.2	13.68
-2.01	15.89
-0.47	17.7
1.27	19.32
1.83	20.27
3.12	19.09
11.11	19.87
7.65	15.81
5.62	8.81
4.77	7.47
5.71	10.55
7.1	14.13
7.22	18.73
6.51	21.74
7.55	21.01
8.83	17.29
5.88	14.94
9.63	12.47
5.36	12.38
3.71	9.39
-2.15	13.57
-0.54	18.22
6.7	19.08
10.09	19.72
8.91	18.34
5.98	23.12
8.6	19.8
4.36	19.13
7.33	20.57
6.16	24.75
9.18	28.52
10.94	28.51
13.27	22.99
11.04	16.42
8.75	17.22
3.97	17.57
7.07	14.18
2.42	13.3
0.77	13.24
7.48	16.74
1.69	17.56
1.98	19.52
5.18	22.24
12.8	20.07
11.45	21.91
11.12	22.37
10.74	18.06
8.2	11.88
3.92	18.61
3.72	22.95
8	24.56
11.63	26.37
12.51	21.92
9.68	23.04
9.29	25.81
10.74	28.47
12.68	30.05
14.19	30.81
14.4	31.22
15.82	25.89
9.43	21.09
9.13	22.68
9.13	24.82
12.08	27.44
14.41	19.68
10.83	22.01
9.07	17.09
6.7	14.23
8.92	12.74
9.09	16.19
7.49	21.33
11.28	22.52
10.21	25.77
13.7	26.35
16.14	26.39
16.31	25.98
13.47	27.8
16.53	26.8
13.25	23.17
10.42	25.44
11.63	26.92
12.38	29.37
16.51	26.82
13.21	27.28
14.94	29.83
17.95	27.51
16.23	27.64
16.55	30.07
14.33	29.49
17.18	26.57
14.67	20.6
12.58	19.1
13.45	25.34
11.16	26.31
11.71	22.87
8.4	22.72
9.66	24.98
14.5	21.76
12.46	17.39
10.7	22.78
14.74	21.8
15.14	17.97
14.75	25.28
12.77	27.13
12.5	28.97
16.5	29.14
15.55	29.48
15.75	30.68
19.3	26.44
14.2	25.69
13.85	22.16
10.57	25.3
14.42	20.94
12.98	24.51
14.52	27.98
15.98	28.69
17	30.06
17.79	32.37
18.86	32.97
19.91	32.5
19.33	27.51
16.59	28.1
14.25	29.22
16.88	22.7
15.31	19.07
14.83	21.23
9.08	24.49
12.54	16.83
8.83	19.98
6.83	22.48
9.1	25.65
11.94	23.25
16.8	20.7
9.94	25.52
15.43	24.42
13.1	18.76
13.63	18.69
15.11	18.62
15.24	24.85
14.14	26.1
14.37	25.77
17.81	20.78
15.65	21.67
13.24	22.76
15.26	23.81
12.54	25.98
16.75	22.34
15.18	20.16
15.72	21.54
14.56	25.72
14.65	26.38
15.88	26.77
15.62	27.65
16.01	26.44
14.06	24.12
13.33	21.56
9.52	23.99
9.89	23.9
10.34	24.7
13.32	26.42
15.24	26.27
18.27	23.79
15.64	24.97
15.7	26.16
12.22	24.83
12.94	23.15
10.96	24.16
12.7	24.94
12.89	19.39
9.81	11.92
9.23	10.56
9.85	10.83
10.22	13.96
12.28	16.36
9.93	19.46
8.33	21.17
8.7	22.12
9.67	22.09
9.19	21.68
11.74	19.55
10.17	14.89
8.61	15.78
4.51	16.16
3.8	17.31
12.17	15.84
14.18	18.59
14.07	19.93
8.91	19.75
7.3	19.06
8.39	15.63
6.96	17.44
5.77	19.29
5.17	15.13
5.33	16.5
3.64	16.15
5.29	16.59
6.32	15.7
3.37	13.82
1.65	11.02
-0.18	13.57
-2.16	12.34
1.78	12.76
9.06	17.78
10.61	20.03
10.21	22.56
10.23	18.06
8.97	19.54
6.21	20.72
6.41	21.07
5.73	18.61
4.8	15.05
1.72	11
1.68	9.05
-2.29	9.08
5.59	12.62
3.87	11.82
3.06	12.63
4	12.78
6.22	11.68
4.94	11.04
4.74	12.95
-0.46	12.44
2.58	5.93
3.74	7.05
5	6.46
3.9	4.98
2.86	4.19
3.18	12.89
2.61	13.02
0.65	9.67
-3.53	7.55
-3.11	3.85
-4.3	4.1
-1.15	3.91
-3.61	0.79
-2.74	-0.3
-3.4	-1.53
-4.19	0.63
-1.4	1.14
0.25	2.42
-1.42	1.63
-3.29	2.27
0	1.95
-1.49	1.42
-1.95	2.03
-0.95	10.42
1.64	10.06
4.55	9.7
1.18	5.51
0.48	7.19
-1.56	7.66
-2.37	6.29
-1.2	1.91
-6.18	0.95
-7.43	0.83
-1.18	0.39
-0.13	1.44
-0.75	4.75
-0.79	5
-2.31	5.63
-3.29	2.98
-3.82	5.98
-2.89	6.69
-1.58	4.14
-5.97	1.25
-4.97	3.56
-1.45	6.48
-3.45	5.63
-2.5	0.85
-2.27	-0.73
-2.41	-0.36
-6.46	-0.84
-8.7	-0.33
-14.55	2.96
-0.75	2.4
0.62	1.38
0.71	3.25
0.09	1.79
0.29	0.7
0.55	1.98
-0.43	2.82
-3.83	1.04
-8.74	-1.04
-9.34	-0.51
-9.96	0.43
-9.38	0.98
-8.25	-2.48
-3.66	-1.63
-4.87	0.37
-7.59	-2.16
-9.71	-2.38
-4.11	3.45
-4.46	1.42
-8.75	2.06
-6.09	5.84
-6.99	4.51
-13.7	-7.61
-16.6	-6.09
-17	-6.4
-14.76	-4.89
-15.03	-5.31
-10.61	-0.02
-8.93	-0.7
-3.32	1.03
-4.99	0.4
-5.31	-0.69
-4.57	-2.41
-6.42	-3.92
-9.14	-2.11
-9.4	-2.76
-13.11	-2.61
-15.15	-1.47
-2.77	6.06
-3.48	7.71
-5.15	5.33
-3.74	3.76
-4.87	3.67
-4.76	2.09
-6.32	3.28
-4.23	5.59
3.38	9.34
1.11	8.39
-1.19	12.13
0.16	13.34
3.14	13.49
-0.11	11.77
1.93	6.53
0.37	3.65
0.55	2.34
-0.76	1
-1.73	0.33
-3.76	1.76
-9.15	0.72
-6.61	5.29
-4.63	2.33
-5.98	6
2.85	9.41
-1.5	2.5
-6.59	3.1
-7.36	4.49
-5.14	4.63
-0.63	8.73
2.56	6.3
1.2	10.09
-2.99	3.05
-2.55	0.38
-2.8	0.51
-1.42	1.35
-1.31	2.98
-0.04	4.53
-2.09	4.77
-3.84	10.07
-3.69	14.15
-0.87	14.75
7.26	16.09
2.64	11.1
-4.22	10.05
1.35	13.91
1.23	15.79
4.58	20.87
6.82	19.31
6.5	14.94
3.63	17.78
8.12	16.53
3.6	20.5
5.43	19.05
5.32	16.49
4.16	15.61
2.76	14.09
3.1	11.36
-0.9	12.44
-2.56	15.89
1.66	18.91
8.27	20.25
4.41	14.87
3.78	10.23
4.49	13.23
3.16	19.45
2.62	17.75
9.34	16.6
5.1	18.82
7.19	18.08
10.17	19.21
8.87	20.12
4.53	20.93
4.62	22.7
5.32	23.86
6.8	24.43
8.08	25.37
8.54	24.76
12.41	18.45
11.98	16.47
8.07	13.89
4.58	8.21
5.29	14.86
3.82	17.08
5.59	20.2
5.16	19.02
3.9	20.9
5.41	20.15
6.07	16.26
7.08	19.29
4.47	21.65
8.28	21.01
6.06	20.08
5.05	23.24
7.51	25.33
10.82	22.63
9.45	22.43
9.35	25.68
12.05	22.91
8.35	25.73
13.22	22
11.74	19.72
13.13	19.31
11.38	26.06
15.65	24.6
10.2	18.01
8.08	20.75
8.79	23.8
13.2	24.2
13.18	26.28
10.06	15.39
8.67	10.3
5	16.56
4.25	17.02
7.84	12.09
9.81	13.27
9.63	17.23
7.84	17.54
8.77	15.31
8.57	17.88
7.35	19.59
7.59	20.92
11.26	17.92
9.93	19.71
9.37	24.57
11.98	25.26
12.72	25.01
12.94	27.47
14.76	28.81
16.97	28.75
17.39	29.97
18	31
18.9	31.11
18.3	31.44
19.44	29.39
18.1	26.63
17.31	29.35
17.01	30.45
19.45	33.23
19.69	32.2
16.15	31.1
17.21	26.78
17.08	25.86
15.5	22.07
15.04	19.79
16.03	18.95
14.14	24.88
11.38	26.25
12.15	28.5
14.43	30.08
16.93	29.22
15.5	30.02
16.32	29.64
16.77	31.23
16.42	30.61
15.96	29.25
15.87	30.51
18.31	24.76
11.46	23.57
9.03	25.14
10.33	27.92
11.58	31.01
12.62	31.89
14.64	33.29
16.74	33.45
17.52	32.64
17.27	31.87
18.2	31.92
17.29	32.94
17.41	32.85
16.08	33.01
17.92	31.75
17.63	29.87
15.98	31.39
17.94	27.3
18.57	21.82
13.2	20.67
13.82	19.13
13.33	23.17
13.16	23.57
15.62	19.53
15.68	24.78
12.54	24.93
11.46	24.11
11.99	22.72
12.74	14.94
12.34	19.79
9.87	22.57
12.07	24.65
11.36	26.4
13.47	29.38
17.98	29.52
14.93	27.79
16.87	28.89
13.97	23.86
10.76	25.56
12.3	23
10.21	25.11
14.77	19.65
11.74	23.18
12.57	23.73
12.91	22.03
14.18	21.61
11.39	17.06
8.78	20.68
7.33	22.34
9.34	24.14
11.48	25.88
15.5	30.28
16.61	27.47
14.25	25.03
14.18	26.41
14.75	20.7
7.36	21.57
6.83	22.44
7.26	22.82
8.18	23.53
7.61	23.74
8.62	24.88
13.94	21.92
15.94	18.88
12.18	23.43
15.92	19.35
15.16	19.98
14.83	22.89
9.81	23.71
10.81	22.69
7.61	21.44
8.74	22.91
9.1	23.39
10.4	23.9
11.59	22.68
11.36	23.67
10.18	23.54
10.34	23.54
10.16	24.42
11.46	23.33
16.3	25.2
13.08	21.19
10.56	18.04
5.75	19.29
4.61	19.81
8.79	18.13
2.77	19.51
4.15	20.3
4.45	20.51
4.42	19.77
6.57	19.35
7.01	18.99
4.76	18.37
5.58	14.91
-0.99	14.43
-1.68	14.95
0.96	16.75
8.53	16.02
8.46	21.3
8.64	21.25
10.65	22.12
15.38	21.57
10.33	19.39
8.21	21.12
7.94	18.69
8.94	18.48
11.51	19.59
3.2	14.61
-2.47	11.49
3.21	7.18
-2.57	5.46
-6.43	4.18
-5.59	5.79
0.91	11.39
4.82	11.18
-1.86	14.17
-1.9	14.68
-0.38	17.73
0.94	11.45
-3.8	8.26
1.76	8.1
-1.55	9.98
4.18	14.19
3.42	16.7
2.82	19.3
10.6	20.01
4.22	17.61
4.83	14.21
1.87	9.32
2.56	8.9
5.37	8
3.28	10.27
-0.36	12.12
6.63	17.32
5.19	14.66
6.59	9.15
6.52	8.83
6.2	8.08
6.27	9.32
5.71	8.23
3.67	7.87
-0.93	6.52
-1.13	5.31
1.2	10.88
5.28	16.77
7.17	13.63
5.33	15.85
8.17	15.09
5.02	10.74
0.1	6.22
-2.14	3.63
-1.86	2.85
-1.72	2.47
-1.78	0.43
-0.75	0.5
-0.21	1.9
1.9	4.25
1.61	3.18
-1.79	5
1.39	5.31
0.93	6.2
-1.84	4.69
-1.49	1.68
0.43	6.5
-2.04	4.7
-6.2	3.92
-5.55	-0.08
-4.63	3.74
-5.48	3.87
-1.91	1.83
-1.57	11.49
1.33	9.15
-1.73	8.25
-0.84	6.62
-0.58	9.59
1.61	10.73
3.02	12.96
-1.66	11.13
-0.63	12.66
3.5	13.78
7.16	15.44
3.55	12.48
1.6	15.91
-1.71	13.04
-1.17	11.95
-1.7	9.85
-0.82	12.02
1.36	12.73
7.28	12.29
2.75	9.8
0.47	12.59
4.15	8.43
2.45	4.06
-0.38	6.9
-6.37	1.08
-7.09	0.39
-9.43	3.43
-3.75	6.66
-0.97	10.32
-0.96	11.5
-1.56	9.78
-0.57	12.01
-1.36	9.71
0.75	9.93
-1.13	8.41
-4.42	12.32
-0.8	11.07
3.39	7.4
4.78	12.84
5.48	11.24
-0.18	12.04
0.73	7.86
0.76	12.25
5.52	11.45
0.31	13.46
3.76	8.69
2.19	5.88
1.8	7.51
-0.36	6.25
-2.47	7.96
0.29	11.83
-0.88	8.33
4.29	11.04
4.22	12.16
3.57	8.79
-0.87	5.49
0.72	5.86
-0.7	10.63
3.63	10.78
4.39	15.48
6.25	12.71
0.89	8.79
1.67	12.28
-1.89	14.95
2.05	16.81
3.53	16.54
7.67	12.3
6.61	9.97
4.46	12.42
5	11.9
-1.71	15.98
0.45	17.91
1.68	19.03
4.86	14.99
-0.67	16.13
-0.28	19.21
2.15	19.5
0.71	14.5
0.39	4.4
-1.43	5.72
-2.99	7.89
1.43	9.33
2.82	5.99
2.49	14.03
2.31	13.9
1.67	13.11
-0.58	13.33
4.81	10.25
-0.51	13.54
6.02	15.4
2.53	16.8
2.88	17.38
1.85	19.05
7.16	12.08
1.03	14.41
1.02	19.74
5.98	19.78
7.57	16.91
1.08	20.62
3.98	22.52
6.6	19.34
4.3	22.58
5.01	24.31
6.49	23.81
5.78	22.28
5.66	19.3
2.42	22
4.96	20.88
2.49	16.82
2.19	22.55
6.17	18.15
3.36	19.64
3.56	23.33
8.92	21.08
6.84	21.15
4.73	22.37
4.99	23.45
4.05	24.62
5.49	25.4
9.02	18.22
1.83	17.8
5.9	17.55
5.17	20.88
11.45	19.15
11.61	20.74
11.31	21.37
9.13	23.88
10	23.3
11.24	17.92
10.98	24.26
10.81	27.97
12.85	22.42
10.89	26.7
15.57	29.49
12.42	24.24
6.59	16.91
5.91	20.8
7.3	16.83
5.83	20.83
11.07	24.79
10.57	26.65
12.43	29.13
14.84	27.97
16.86	28.52
15.04	30.15
14.99	29.54
15.83	27.98
13.64	22.55
9.76	20.5
9.59	13.87
6.66	21.37
8.02	24.43
14.01	23.25
12.68	25.39
14.2	23.78
16.22	24.66
15.29	24.86
13.61	24.93
13.34	26.87
14.05	28.32
14.36	28.79
16.39	27.99
16.84	27.52
14.35	28.54
15.48	29.14
17.53	29.54
17.88	26.99
15.3	28.16
17.19	29.35
18.21	29.93
15.9	32.66
19.79	33.63
16.69	31.16
15.19	27.65
16.41	29.12
14.65	32.06
18.37	28.67
12.25	20.74
13.22	22.83
11.17	25.26
14.35	25.64
11.1	28.74
14.03	31.24
13.8	28.01
12.22	23.26
10.94	23.01
11.54	26.24
13.04	28.4
16.29	29.02
15.43	31.55
10.99	26.08
8.46	21.22
8.21	22.92
10.92	26.58
12.03	30.84
14.89	32.91
15.12	34.06
16.13	36.99
16.02	36.28
19.82	35.97
17.73	38.06
16.88	35.35
17.25	34.67
12.17	31.76
15.04	31.04
10.9	27.04
10.13	29.01
11.4	32.43
16.82	32.56
17.25	27.95
12.71	23.26
8.05	22.16
8.78	23.98
8.11	27.61
12.66	22.62
12.42	23.91
10.57	25.32
12.29	29.38
13.37	31.61
16.12	29.87
16.62	30.17
15.08	23.18
15.38	20.35
15.76	25.35
14.79	28.44
13.96	29.12
15.56	30.57
16.21	32.43
19.12	28.03
13.14	26.62
16.33	26.02
15.24	24.8
14.04	26.45
16.9	27.83
17.65	29.76
15.63	28.44
17.4	28.12
14.88	29.09
14.88	30.41
15.61	24.9
14.81	19.17
13.19	16.09
10.34	19.15
10.26	22.53
10.35	22.23
12.01	24.03
11.48	17.66
8.28	13.56
8.21	10.08
8.98	12.12
11.92	18.51
11.47	20.81
7.18	19.78
12.63	18.16
7.17	18.51
9.54	20.22
7.97	21.82
11.47	23.3
9.59	23.02
10.78	25.8
14.85	22.1
8.55	16.24
3.58	16.75
3.17	18.77
3.65	19.63
4.85	20.87
6.15	21.22
6.53	21.33
11.6	16.23
11.93	15.21
10.32	17.9
9.81	20.21
6.53	21.83
6.15	22.18
6.44	22.24
9.96	23.23
11.03	18.52
11.92	17.92
11.55	15.6
8.17	16.18
3.79	18.61
4.26	17.56
5.74	13.83
10.08	14.95
6.43	17.07
6.59	14.04
-0.66	12.6
-1.96	13.7
-0.94	16.65
0.13	18.8
2.37	13.08
3.66	11.36
-1.93	6.55
2.22	7.44
3.68	5.72
4.61	5.39
4.46	6.51
5.84	9.86
5.75	7.89
6.56	9.41
7.78	8.33
8.31	11.12
7.95	9.4
8.08	12.24
2.87	11.54
-0.91	12.16
7.71	14.29
6.49	10.77
2.1	9.9
-2.86	5.77
-1.51	9.8
2	12.49
2.71	6.89
-1.64	9.38
-0.48	10.42
0.37	8.63
-1.43	7.3
-1.17	4.72
0.45	3.25
-0.67	1.81
-0.8	1.12
-0.61	0.49
-0.03	1.84
-1.95	0.76
-1.14	7.52
1.1	14.35
9.07	14.7
5.67	12.3
3.74	7.33
0.63	7.6
-3.46	6.55
-4.49	4.44
-5.9	3.91
-5.75	4.08
-2.13	7.75
-2.23	7.21
2.36	10.58
-1.99	5.67
-2.79	8.53
-1.7	7.98
-0.87	8.18
4.19	8.2
-1.48	6.42
2.67	5.78
1.6	6.17
3.34	4.57
1.6	5.53
-2.1	1.62
-3.64	-0.49
-1.36	-0.29
-2.47	-1.51
-6.46	-0.75
-10.24	-2.14
-4.2	-2.38
-5.29	-4.25
-5.36	-4.72
-4.87	-4.13
-4.45	-3.14
-6.94	-2.76
-4.19	-2.05
-3.11	-2.02
-3.69	-2.92
-4.49	-3.65
-5.22	-4.61
-4.57	-1.04
-4.98	-0.15
-4.13	-0.37
-3.17	-1.62
-6.15	-3.52
-6.87	-3.47
-4.03	2.12
-3.77	3.2
-2.53	7.69
-4.59	0.62
-2.25	-0.79
-1.95	5.37
2.12	12.33
2.81	6.55
1.33	6.89
1.34	8.32
1.61	9.89
4.14	7.89
1.42	8.71
2.43	8.2
2.59	14.45
0.77	12.02
-0.56	8.2
-1.31	5.57
-4.57	6.74
-2.86	8.26
-5.47	8.66
-1.23	11.48
3.72	10.2
-0.01	9.5
-2.19	6.61
-0.55	7.09
-1.89	9.36
3.37	9.63
0.35	5.91
0.26	11.32
3.7	8.43
-1.13	10.31
0.55	9.08
0.04	8.15
-1.87	8.17
-2.29	6.94
-2.34	6.06
-4.58	5.29
-7.08	6.83
-4.79	3.92
-1.2	3.29
-4.91	0.13
-11.39	0.46
-6.32	10.8
-3.63	11.9
-4.94	12.48
-2.12	13.55
0.52	16.06
2.16	16.73
-0.43	18.04
0.75	19.85
-0.03	18.67
2.52	16.77
4.71	11.62
-0.26	15.52
5.87	14.91
4.49	19.55
2.71	18.08
3.68	12.92
2.05	5.32
-1.79	3.89
1.06	5.16
2.27	5.77
0.74	12.76
2.36	15.19
5.49	11.23
1.3	17.29
2.75	13.78
-0.48	13.44
3.71	14.47
7.53	18.99
3.3	17.35
1.27	7.51
-3.99	9.12
-2.96	8.46
-2.96	9.35
0.49	7.55
0.12	6.59
0.33	6.7
-1.36	7.97
-3.27	10.09
-0.05	11.63
5.1	13.08
5.04	13.85
-0.43	16.47
3.3	17.86
2.61	18.55
6.04	15.27
2.1	12.54
5.56	12.56
3.23	13.84
-0.06	16.46
3.76	17.34
3.12	11.06
3.49	19.54
10.53	20.92
12.24	20.69
8.7	16.5
6.68	16.33
2.34	17.49
5.56	13.83
4.66	14.57
2.43	15.08
4.47	17.87
9.11	20.05
4.17	22.57
6.43	23.37
6.72	18.64
8.43	14.81
4.2	16.91
1.97	17.61
6.34	17.94
3.81	19.96
2.03	21.46
6.16	18.42
7.84	19.02
9.36	19.92
5.72	20.06
5.1	19.6
4.62	19.22
4.47	17.73
8.96	19.53
6.8	19.94
3.88	21.37
6.63	21.52
5.13	21.05
7.25	20.25
3.52	22.78
4.46	24.25
6.16	25.07
7.06	26.97
13.45	25.48
13.53	24.26
14.45	22.31
9.64	23.22
8.53	13.66
8.85	16.56
10.41	19.6
11.21	20.44
11.65	24.66
10.58	24.35
12.96	27.91
12.27	32.69
14.01	32.62
15.65	27.24
13.89	27.72
12.74	27.25
12.02	29.19
16.7	27.33
13.44	26.98
16.31	23.24
16.87	20.53
15.48	23.76
14.42	20.46
14.85	22.4
14.09	25.11
13	26.76
13.66	27.25
14.4	20.85
12.95	19.94
10.39	18.82
10.75	20.59
9.68	22.44
13.64	22.93
15.22	23.32
12.16	27.02
14.94	28.7
15.35	29.55
15.93	31.28
16.41	32.1
18.51	31.32
16.02	30.02
18.66	29.82
17.14	27.41
15.86	27.35
15.57	29.14
16.82	26.84
14.43	29.46
14.68	30.57
15.96	30.56
17.67	28.83
15.13	26.98
11.5	28.26
17.35	31
13.34	24.95
9.77	25.2
14.86	26.93
13.31	30.64
14.83	31.45
15.51	30.66
13.49	20.75
12.1	22.77
13.35	27.24
13.43	28.02
14.17	21.52
12.37	26.26
13.79	28.5
14.82	22.8
12.92	19.99
10.38	16.15
13.71	19.7
16.05	24.32
16.21	26.17
16.93	28.57
15.8	28.47
14.63	29.63
14.82	28.1
15.32	30.28
17.31	30.64
17.23	30.76
15.66	30.13
16.1	31.25
18.37	24.96
14.31	27.67
13.87	28.51
14.91	27.81
15.48	24.33
10.54	25.28
11.73	26.52
12.53	29.46
19.57	29.16
16.91	29.1
16.97	32.22
13.83	25.7
8.79	22.96
10.59	26.24
11.73	28.18
12.37	27.03
15.28	27.71
13.9	29.53
14.55	25.11
13.74	22.18
8.72	23.47
11.28	26.29
12.28	27.35
12.67	28.37
14.33	26.81
14.06	22.6
8.28	24.42
8.89	24.47
10.53	26.88
13.37	28.86
17.43	29.27
17.69	29.13
19.77	30.61
17.41	30.76
15.55	24.22
10.68	25.79
10.89	27.38
15.37	28.69
15.13	27.06
13.23	19.05
9.46	12.52
8.28	9.95
8.35	9.38
7.75	13.76
4.82	15.32
3.16	14.96
10.24	11.98
9.09	11.85
9.17	13.44
8.37	14.95
7.48	16.54
9.3	15.31
9.05	14.52
10.13	14.92
8.32	16.57
2.94	17.75
4.23	18.99
9.93	19.9
8.25	21.77
9.01	15.91
7.72	11.34
1.42	15.9
2.79	20.36
7.06	20.1
5.11	20.15
8.15	21.85
10.45	19.59
7.87	20.11
5.69	21.35
7.26	22.14
6.14	22.16
7.62	22.81
9.07	22.49
6.26	16.73
1.03	13.9
0.74	15.05
1.17	17.73
3.39	18.06
4.8	20.01
7.67	14.96
1.69	12.78
3.13	10.9
6.61	10.75
0.92	13.09
5.72	20.32
11.01	23.02
10.91	19.54
5.29	18.87
8.47	16.23
6.95	13.2
7.97	20.45
6.58	19.33
8.77	19.12
8.48	18.22
11.23	13.65
9.53	12.52
8.25	14.22
5.61	11.38
4.1	8.44
6.06	7.64
6.86	8.52
7.16	8.77
3.39	11.09
-0.74	8.78
2.3	9.68
-4.47	6.83
-4.84	7.83
0.63	13.47
4.21	8.99
-2.8	5.15
-3.89	5.29
-4.74	5.29
-0.24	2.64
-3.66	4.74
-3.87	5.68
-5.85	3.38
-0.25	2.18
-1.26	9.01
2.56	12.06
-0.6	9.41
3.38	5.67
-0.35	4
1.16	10.72
1.2	9.43
0.58	6.99
-1.51	5.25
-4.49	6.28
-0.03	7.9
3.41	5.44
2.38	4.39
2.21	4.69
2.99	5.15
2.73	4.74
3.8	4.98
4.66	5.15
1.2	5.15
2.45	4.06
-1.66	4.81
-0.11	8.19
-0.69	9.14
-1.67	8.64
0.5	5.24
-1.34	3.17
-4.51	0.1
-1.59	-0.69
-5.63	-1.06
-6.72	-2.31
-8.78	-4.23
-5.05	-4.52
-5.4	-4.14
-4.12	-1.84
-7.84	-0.59
-11.88	-1.11
-9.69	-1.87
-10	-2.79
-5.97	-3.77
-8.28	-0.17
-13	-1.46
-13.87	-6.46
-8.96	-6.56
-7.23	-6.26
-7.33	-6.47
-7.12	-2.92
-2.88	0.84
-4.57	2.14
-7.17	-0.04
-5.62	3.52
-0.98	8.61
4.15	13.41
2.64	8.33
0.4	5.86
-0.76	3.43
-0.33	3.53
0.2	5.15
-1.35	6.06
-0.14	1.95
0.34	1.25
-0.03	1.27
-0.19	0.9
-1.06	0.73
-2.3	-0.1
-0.62	1.65
0.48	1.58
0.4	4.07
-1.9	11.37
3.56	14.23
2.75	12.33
3.33	8.53
0	6.14
-2.56	8.62
1.71	8
-4.03	5
-3.75	2.95
-1.39	3.1
-2.58	1.51
-4.49	3.15
-2.76	4.63
-5.01	0.75
-3.77	0.69
-6.1	4.01
-1.62	4.58
-2.74	0.05
-1.47	5.88
-1.34	3.8
-0.88	5.29
-2.77	8.95
-1.62	10.43
1.26	14.9
-0.23	14.92
1.73	7.99
3.95	8.88
5.1	9.86
6.07	8.96
5.15	9.96
1.65	8.16
0.85	12.43
1.63	8.85
-1.83	11.84
2.66	11.8
-1.55	9.88
1.61	12.36
2.86	13.3
0.8	13.04
3.8	12.68
0.74	10.39
0.46	10.52
-0.01	5.58
-1.61	5.01
-0.19	6.49
-3.97	12.3
0.97	15.27
4.24	10.29
-1.82	7.48
-1.31	11.52
0.97	15.11
6.54	17.1
8.95	13.19
5.35	10.5
4.93	10.75
7.75	13.99
9.46	19
6.47	19.13
5.55	21.99
6.2	22.62
6.76	22.83
5.21	23.91
6.15	24.25
5.49	24.42
5.46	24.3
5.58	24.21
5.78	23.9
5.73	20.19
4.58	20.78
4.07	22.65
5.18	23.25
8.14	19.73
4.36	21.24
5.91	18.58
10.16	20.63
11.18	20.17
5.71	20.97
6.65	14.05
5.83	19.31
3.73	21.21
6.05	19.98
9.15	20.59
9.59	19.44
9.06	18.94
8.87	19.93
9.07	22.64
5.93	16.99
6.44	21.02
5.39	21.37
8.5	17.76
6.83	19.6
11.11	22.14
7.6	25.52
8.83	25.32
10.12	27.02
10.31	27.56
11.47	22.56
9.91	14.89
10.45	17.9
9.51	20.77
11.84	24.71
9.29	25.87
12.74	28.19
14.05	24.88
14.52	25.28
9.39	27.08
12.93	27.8
12.02	23.78
15.31	23.65
14.18	28.65
15.83	28.86
14.39	23.43
10.92	21.25
8.07	17.87
7.16	11.21
4.37	19.22
9.19	19.36
7.47	19.74
10.66	24.44
9.42	18.48
7.63	16.82
13.41	27.15
14.06	23.95
9.71	25.09
13.37	27.17
13.87	27.47
11.4	25.77
10.09	23.53
10.7	23.81
10.34	27.37
16.76	28.59
16.38	28.71
14.36	23.78
10.81	27.58
14.14	30.53
12.56	24.39
9.99	20.57
11.42	17.07
12.48	15.51
14.23	19.75
13.46	25.03
13.55	24.39
14.74	24.96
16.87	22.05
16.47	24.82
15.25	27.68
16.89	27.9
15.56	28.02
15.23	28.31
17.48	27.75
14.97	27.55
15.24	28.35
14.55	26
14.57	19.64
10.87	23.25
13.76	18.18
9.39	23.01
10.44	25.37
13.56	28.79
15.88	30.56
16.92	31.57
17.41	30.1
16.13	30.96
14.51	27.97
10.17	24.29
10.08	26.3
12.97	28.95
14.82	30.9
17.06	32.84
16.2	30.53
14.86	26.26
9.14	25.26
9.76	26.74
11.98	27.25
14.07	29.14
13.43	31.29
18	27.36
14.76	29.84
16.89	32.75
15.69	29.17
17.32	20.8
17.39	24.1
17.27	25.8
15.73	26.68
15.03	27.75
17.8	24.91
15.78	28.5
16.69	26.34
14.44	27.66
15.23	28.46
17.26	23.41
12.8	26.54
14.55	28.62
15.69	30.89
15.97	30.65
15.62	28.16
16.81	29
14.5	30.01
16.71	26.24
16.34	23.41
12.2	24.56
11.25	26.93
12.3	29.35
15.5	29.98
16.67	30.95
15.7	22.97
14.11	23.01
7.83	24.86
9.93	26.98
12.18	27.71
14.96	29.53
15.64	24.07
12.24	20.12
8.57	20.13
7.66	21.47
8.62	22.28
11.74	23
14.14	25.46
14.33	21.4
16.01	23.04
12.63	22.32
13.28	20.04
13.46	22.54
13.39	25.74
16.73	23.88
15.78	20.89
13.97	23.07
12.76	24.75
11.67	25.42
10.76	25.73
10.31	25.84
10.17	25.72
13.74	22.36
10.13	22.03
7.84	23.48
9.35	24.59
10.43	23.4
9.21	23.14
10.14	23.98
11.88	18.01
5.02	18
3.7	21.19
5.55	21.66
11.31	26.24
14.04	26.43
11.37	26.13
11.1	19.09
10.88	18.77
11.13	19.72
9.02	12.03
5.58	10.5
1.23	8.38
3.01	9.79
0.13	9.35
2.38	11.3
2	9.27
-0.24	8.97
3.93	10.83
-1.59	15.93
11.28	19.86
9.81	15.98
9.53	11.49
6.58	16.68
8.86	14.24
7.99	17.45
3.97	16.33
4.15	12.98
2.44	9.76
-2.34	9.61
-3.05	7.07
-3.35	6.19
0.79	4.11
0.1	4.16
2.77	10.07
4.37	5.27
3.64	7.84
2.87	7.3
4.8	9.75
3.79	7.58
4.18	8.39
0.02	12.02
0.16	13.9
2.62	15.67
5.24	15.75
5.12	16.46
3.11	18.11
4.92	14.02
2.1	16.28
0.5	15.41
0.78	6.39
2.46	7.42
3.11	8.09
2.66	14.3
1.81	14.49
3.36	12.01
3.62	13.54
2.34	10.61
-0.03	11.28
8.07	15.55
6.43	15.14
1.72	6.83
1.08	4.66
2.89	4.92
-0.62	6.58
-1.17	3.59
-1.71	5.6
1.87	6.71
4.95	8.26
2.39	9.46
2.35	6.74
1.01	4.99
-1.65	0.85
-3.34	-1.89
-3.78	-2.1
-4.27	-2.15
-8.94	-2.01
-11.42	-3.28
-14	-7.67
-19	-7.92
-18.95	-0.09
-1.35	6.52
5.26	15.8
3.01	14.26
7.56	17
0.58	8.83
0.23	3.97
-2.56	5.9
-3.64	2.22
-0.28	9.5
-1.14	9.71
2.77	5.48
1.7	5.49
-4.3	2.78
-8.24	1.5
-2.75	-0.33
-3.13	-0.44
-2.16	-0.12
-1.26	-0.09
0.03	0.79
0.29	1
-0.69	1.5
-2.41	0.03
-3.18	-0.82
-1.19	-0.39
-1.13	1.03
-2.44	2.27
-3.29	-0.77
-2.21	1.88
-0.71	3.07
-1.18	3.01
-4.96	0.18
-5.77	-4.18
-6.55	-3.86
-5.81	-3.27
-6.38	-2.19
-9.15	-4.87
-12.7	-3.12
-12.63	-3.4
-9.65	2.17
-1.18	2.06
-2.52	0.89
-10.07	3.18
-8.79	3.45
-5.59	6.91
-2.35	7.18
-1.3	5.07
-1.19	1.87
-5.56	-0.91
-7.69	-2.22
-10.86	-3.27
-4.52	-0.45
-2.79	-0.93
-3.33	-0.37
-3.85	3.93
-10.14	2.72
-3.94	0.93
-10.68	2.92
-1.13	5.99
-1.48	9.43
-2.92	9.39
1.62	6.1
-2.26	8.55
0	10.07
3.42	12.53
1.98	13.38
-0.17	14.86
4.57	10.8
2.53	12.82
1.07	14.09
5.72	15.76
3.98	9.79
0.32	8.58
1.08	3.47
-1.12	3.58
-7.08	3.25
-3.5	0.28
-7.61	1.17
-2.89	2.57
-3.34	0.01
-2.26	0.46
-4.93	6.08
-1.71	8.84
-1.88	10.58
-2.1	5.94
-1.27	10.62
1.22	11.46
-1.03	15.59
2.29	17.56
5.74	18.14
8.61	19.23
6.95	13.11
3.89	16.2
2.71	16.46
7.04	17.14
10.51	19.15
6.12	15.8
1.12	16.88
2.83	20.02
9.77	19.13
6.41	13.98
2.56	16.34
3.62	11.99
-0.65	16.16
7.29	14.64
6.35	12.81
5.42	13.81
-0.02	15.6
0.69	18.04
3	19.57
6.81	14.52
1.91	10.55
4.09	6.6
5.36	10.65
6.97	13.88
6.28	15.7
6.7	16.62
4.03	15.08
1.27	16.87
5.99	18.96
4.9	22.06
8.64	21.2
5.91	11.49
5.2	16.68
6.81	20.84
7.45	22.5
6.46	23.59
10.32	21.02
7.54	19.93
3.45	21.96
6.33	26.54
10.17	24.35
12.76	22.06
12.58	22.02
10.48	21.92
11.99	16.06
11.22	19.79
5.3	20.83
5.12	18
9.48	21.2
10.69	21.32
6.78	22.24
11.02	20.61
8.67	16.46
8.71	20.04
8.51	13.19
6.66	10.33
8.01	15.55
8.35	16.89
4.72	17.63
8.02	14.5
10.69	19.1
12.19	22.33
10.38	22.31
9.51	25.75
11.52	28.49
12.39	26.4
10.88	26.72
11.58	24.62
13.6	23.6
13.47	23.36
10.83	16.63
9.53	15.03
10.8	13.39
11.68	17.38
13.39	19.42
10.62	24.3
10.39	25.47
12.54	27.13
15.14	28.79
16.16	29.4
18.12	29.79
20.87	31.92
18.66	32.06
20.21	28.63
17.75	28.32
12.82	26.82
16.14	22.06
15.65	21.92
16.13	25.76
14.14	21.51
13.25	17.32
12.1	14.35
13.93	18.67
14.54	21.58
10.42	23.13
12.2	23.36
13.41	20.59
13.8	24.89
13.26	26.29
15.7	28.14
14.99	29.18
14.38	29.86
14.97	30.44
15.88	31.35
15.27	28.45
16	28.03
16.8	27.93
13.58	23.57
9.62	26.17
10.55	28.86
12.64	30.59
14.48	31.62
15.85	32.26
16.9	32.39
17.3	32.63
19.19	33.57
20.11	33.02
19.99	33.63
16.8	28.18
15.08	24.61
14.48	28.32
17.03	30.75
17.15	32.64
17.48	31.51
16.34	25.04
13.43	18.02
11.26	19.25
13.42	24.03
15.89	25.96
15.06	25.89
13.37	19.16
14.37	23.38
13.23	27.65
14.01	29.09
17.33	27.61
15.95	24.31
13.16	25.51
16.64	22.05
15.28	21.8
14.86	26.62
15.56	23.6
12.97	27.19
14.74	28.03
14.51	28.16
16.31	28.7
16.64	27.51
19.79	27.31
15.38	25.83
13.77	25.29
15.21	24.06
16.6	26.54
17.16	26.34
16.26	27.73
15.27	27.7
13.45	28.01
16.11	25.16
16.98	19.47
13.17	26.86
17.27	30.46
15.36	20.2
8.95	20.4
9.52	17.15
7.73	13.99
12.13	19.59
7.82	20.45
11.38	18.64
12.14	18.61
8.31	18.52
9.26	15.2
6.48	12.3
12.9	16.47
15.46	20.89
13.09	17.9
15.76	18.2
12.7	20.44
10.94	22.06
12.98	21.72
12.48	22.79
14.45	19.78
13.65	15.16
11.8	13.89
10.45	16.63
5.28	18.81
5.8	20.49
7.02	21.44
7.9	21.39
9.24	22.33
12.4	17.87
11.58	14.97
10.33	15.39
10.31	18.62
9.26	17.24
8.28	13.38
9.03	12.95
9.83	14.86
10.49	13.75
10.49	17.64
11.4	17.25
10.31	11.49
6.75	16.74
4.37	14.06
1.91	14.21
1.44	14.84
1.3	15.46
2.03	15.22
2.93	14.2
3.86	14.47
1.37	13.41
3.56	13.29
4.14	9.41
7.09	7.67
7.07	8.24
3.64	7.79
1.11	12.09
-1.3	13.15
0.67	15.05
8.82	16.25
5.7	10.79
4.58	7.67
-0.82	9.2
-3.5	9.79
-2.29	13.06
0.19	16.27
7.96	17.01
5.37	18.07
6.85	14.99
6.73	12.1
3.86	17.8
3.53	20.11
2.35	16.27
2.13	16.31
7.03	14.02
6.48	13.53
5.52	11.01
4.23	13.08
3.77	14.8
7.15	18.6
9.2	18.66
11.42	20.01
5.63	16.85
7.76	10.88
7.57	11.82
3.78	9.71
4.02	7.99
4.65	7.3
7.15	9.91
1.85	8.41
-0.96	8.49
-3.29	7.76
-4.1	2.47
-1.65	4.38
-2.28	1.04
-0.55	4.76
-2.34	1.49
-2.06	-0.86
-2.23	0.19
-1.72	-0.33
-7.5	-1.33
-9.15	-1.25
-1.44	6.25
5.85	12.63
8.58	15.03
-0.83	14.14
-6.03	0.88
-8.54	1.27
-3.93	4.77
-3.81	1.92
-9.09	-0.53
-5.25	-0.01
-8.45	-3.42
-10.96	-4.29
-12.04	-4.98
-18.64	-1.56
-5.33	7.1
-5.62	7.33
1.72	7.32
2.14	11.66
2.41	13.97
1.05	5.88
-2.8	0.87
-5.82	0.13
-7.62	0.81
-9.24	-2.09
-10.28	-3.22
-6.29	-5.3
-5.81	-4.09
-4.27	-1.77
-7.59	-0.5
-10.51	-3.81
-4.67	-3.4
-8.09	3.16
1.35	12.36
6.68	11.8
2.18	14.26
0.38	9.98
2.09	3.5
0.48	6.8
-1.13	8.04
3.95	13.22
0.29	12.13
-0.14	11.9
-2.13	8.06
-1.44	3.18
-2.34	2.06
1.25	2.89
-0.69	1.49
-2.17	0.21
-6.64	1.75
-3.75	1.14
-6.83	0.27
-4.84	4.43
-1.13	0.64
-4.42	-0.89
-6.95	-1.11
-7.36	-1.94
-3.04	-2.33
-5.11	-1.67
-6.24	-1.97
-8.29	1.54
-5.44	6.35
-2.09	13.32
-3.16	12.54
-3.76	16.88
-3.83	13.38
-3.06	9.89
-3.82	9.43
-2.87	12.78
1.58	8.53
-1.24	3.76
-0.6	-0.14
-1.83	-0.82
-1.85	1.88
-0.21	1.19
1.34	2.47
-1.02	5.95
-1.93	2.69
-4.59	-0.32
-6.08	-2.65
-8.7	-1.06
-9.6	1.17
-8.87	0.52
-4.35	1.75
-6.94	-1.23
-2.33	2.62
-4.61	0.47
-6.07	2.37
-2.29	-0.2
-3.67	4.78
-5.8	4.64
-5.14	6.57
-3.35	3.18
-8.95	5.34
-7.07	8.14
-3.94	12.85
-3.65	14.14
-3.15	15.48
6.83	16.07
8.45	19.34
7.68	19.75
4.91	13.41
9.37	16.24
5.9	12.14
4.06	6.96
2.58	9.03
0.72	9.59
-3.2	13.89
-0.89	15.9
1.24	18.95
0.22	21.79
3.7	21.49
5.28	10.36
3.16	10.32
1.31	16.49
-0.42	18.23
0.34	19.56
5.04	19.51
4.58	20.85
5.34	21.4
6.21	23.52
6.8	16.51
2.25	18.36
7.96	25.93
10.53	20.35
6.61	20.81
4.36	18.86
8.71	18.38
6.68	21.46
4.63	12.38
4.78	12.32
2.14	12.66
5.79	13.75
0.51	16.66
0.89	18.4
1.74	19.99
2.63	22.47
4.29	24
4.5	24.1
5.26	24.15
11.1	23.97
8.87	21.28
10.3	15.27
7.37	18.07
7.52	16.84
9.47	17.01
8.09	18.49
7.45	17.62
5.22	19.13
8	22.19
3.25	13.24
0.52	15.04
-0.78	18.16
1.8	21.23
3.81	15.99
2.77	19.66
5.92	24.19
6.93	24.7
7.07	26.83
12.85	23.47
8.37	24.8
9.91	20.45
8.88	17.43
6.99	20.41
7.37	23.89
8.37	26.27
9.26	27.27
10.76	28.07
10.56	26.48
11.8	26.37
12.33	28.89
13.01	23.39
6.92	26.32
10.19	29.5
10.38	21.9
6.18	22.81
7.48	25.25
10.23	28.59
13.36	24.09
16.68	23.04
16.02	26.31
14.79	27.51
14.39	27.01
14.25	26.87
15	28
15.44	25.43
14.65	19.53
11.29	22.46
10.61	24.19
11.47	24.67
13.48	26.28
14.32	24.78
14.58	27.17
13.09	28.85
14.2	26.38
18.61	28.9
11.62	23.75
8.24	23.47
12.22	28.27
14.22	30.22
17.03	28.16
15.65	23.03
10.4	21.58
12.77	22.26
12.95	25.6
15.29	25.59
14.93	28.56
14.45	29.59
13.46	22.78
11.26	20.08
6.61	21.76
12.87	26.01
13.01	23.37
12.94	28.58
14.14	32.01
18.04	32.48
14.72	34.65
16.97	33.73
16.72	30.41
14.76	30.83
15.94	33.88
19	31.25
15.56	23.97
10.99	27.01
12.18	30.47
16.32	27.62
13.39	28.57
14.49	24.28
13.5	25.42
12.71	27.06
14.42	19.42
12.25	16.79
11.45	15.74
12.86	18.49
13.04	25.85
15.17	20.68
14.61	23.15
11.78	24.8
14.27	24.08
14.9	23.66
16.21	26.67
14.07	28.2
18.27	23.24
16.85	26.88
14.75	26.77
17.66	30.32
16.24	26.86
14.49	22.48
11.45	20.91
6.84	23.99
9.99	26.54
14.48	27.74
13.79	29.17
14.49	30.37
15.44	25.88
14.12	27.89
14.76	30
15.84	31.72
16.58	28.37
16.53	30.06
17.92	32.87
18.11	33.77
17.02	35.1
16.75	32.54
16.79	34.91
18.33	32.92
14.03	23.3
10.3	26.21
14.3	25.78
13.96	26.39
13.47	29.34
15.17	27.98
14.99	28.24
15.18	30.07
17.64	28.7
15.44	24.23
9.93	25.85
15.15	21.27
14.44	22.69
13.16	29.11
14.17	30.8
15.83	28.79
14.09	28.66
15.09	29.63
12.25	21.69
11.6	25.28
11.35	27
11.88	29.2
11.46	21.11
10.27	15.75
13.25	21.41
11.72	22.75
11.1	22.51
10.95	22.24
8.98	23.6
8.05	24.31
9.04	25.06
8.93	23.96
7.03	22.35
9.11	24.1
7.8	25.61
7.62	24.77
7.35	25.31
7.22	26.25
8.01	25.69
9.04	24.35
6.53	16.65
1.24	14.14
0.66	11.58
-0.27	11.05
8.08	21.73
8.01	20.25
7.65	12.84
1.57	11.31
-1.26	12
0.76	10.62
-3.97	12.41
-3.42	14.24
-0.32	20.4
5.66	13.93
3.32	10.54
-1.71	8.8
5.49	7.37
7.31	8.91
7.71	10.14
8.4	11.58
8.15	9.9
8.85	12.13
9.45	12.26
4.96	14.55
1.9	14.34
2.24	8.03
5.41	8.25
5.2	9.75
5.25	16.92
11.88	18.88
5.14	13.93
2.24	11.51
3.22	11.61
2.47	7.37
5.73	7.32
-0.93	6.88
-3.24	8.2
-4.61	8.4
-5.41	7.56
-4.71	7.39
-5.43	1.12
-3.69	-0.33
-2.11	-0.81
-2.84	-1.58
-3.05	-2.41
-4.15	-3.13
-4.21	-3.1
-3.5	-1.48
-1.56	-0.93
-1.59	0.02
-0.71	1.28
-0.98	1.78
-2.31	8.81
-3.54	1.84
-1.85	-0.49
-1.79	-0.11
-1.72	1.84
0.56	2.44
0.22	12.28
5.44	12.94
-0.12	7.05
-2.28	5.42
-1.19	9.14
-2.83	9.36
2.95	10.78
0.64	6.69
4.38	9.69
0.14	8.26
0.21	11.84
4.66	10.44
-1.21	10.25
1.09	11.33
-3.08	6.73
-2.88	1.7
-4.47	2.88
-6.81	2.71
-3.54	5.57
-2.63	3.54
-2.39	5.81
-2.23	7.15
-0.15	5.1
1.89	5.5
-0.51	3.05
-1.55	0.45
-1.14	2.48
-3.86	6.64
-1.26	5.27
-1.56	11.63
4	8.79
1.04	10.95
-0.73	6.57
-0.89	8.09
-2.51	7.01
-1.55	7.78
-0.25	7.57
-0.14	7.76
-2.35	8.22
-2.06	9.49
-2.06	9.17
-2.24	5.43
-4.61	3.01
-4.28	2.14
-4.84	3.01
-1.64	7.31
-3.73	7.3
0.92	6.34
-3.7	5.71
0.64	11.43
-1.09	10.18
0.67	5.77
-1.98	3.36
-3.4	1.88
-8.8	2.22
-8.52	2.21
-3.36	-0.47
-8.94	0.13
-11.79	-2.21
-9.47	-2.36
-11.88	-5.04
-12.76	-8.32
-10.18	-8.72
-10.57	-6.7
-11.76	-9.18
-10.85	-8.19
-14.47	-3.56
-17.55	-3.41
-12.66	-6.61
-13.59	-9.1
-10.39	-6.98
-10.63	-0.7
-14.85	0.85
-8.64	5.35
-3.15	4.27
-6.71	7.7
0.48	8.79
-3.79	10.62
1.12	5.71
-4.43	6.91
-6.04	8.97
-4.67	8.82
1.97	18.53
0.71	15.22
-0.32	9.16
-1.59	6.83
-1.74	6.92
3.4	15.38
7.07	13.61
1.67	17.49
2.13	11.51
-5.11	8.99
-1.56	9.62
-5.14	8.17
-7.44	6.12
-3.55	9.55
-1.37	10.02
-5.02	10.83
-3.46	9.42
5.7	9.11
6.39	13.32
-0.96	13.71
0.94	14.28
-2.58	19.27
-0.07	22.82
8.96	17.83
8.12	15.89
3.65	15.74
-0.23	18.89
0.47	20.2
0.55	21.92
2.19	21.48
6.93	20.92
7.79	16.54
-1.25	18.76
6.6	20.63
3.55	18.78
4.71	15.17
1.44	21.38
2.51	13.81
-4.35	17.85
7.14	20.48
9.43	23
7.26	23.6
7.83	16.82
7.71	14.1
2.55	8.18
-2.47	9.61
-3.45	14.91
6.95	16.76
5.49	14.52
1.03	17.06
8	12.65
8.64	14.55
6.82	12.34
5.14	11.7
4.09	12.57
4.39	17.51
5.9	18.9
4.37	17.14
6.47	16.98
3.01	14.93
6.09	17.91
6.44	18.59
9.8	23.31
5.42	25
7.53	28.18
10.42	29.3
9.27	28.87
10.55	29.48
11.11	29.52
12.56	23.17
10.94	18.93
9	22.94
10.09	22.27
11.08	17.1
5.99	21.7
7.14	23.69
7.68	25.21
7.94	26.66
10.25	27.32
6.54	13.86
6.75	12.29
7.71	18.09
4.79	14.09
8.14	15.54
-0.18	17.7
1.53	22.33
5.63	25.14
10.85	20.38
12.99	18.08
12.62	26
14.01	26.02
13.18	22.27
8.58	20.85
8.36	22.47
5.98	23.63
10.83	23.69
10.55	26.8
10.76	24.57
13.34	24.1
13.36	20.9
14.31	27.77
15.79	24.86
13.03	21.59
4.72	21.81
11.58	26.9
15.04	29.91
16.09	25.36
15.04	24.56
14.05	21.63
14.73	18.64
12.75	21.41
12.31	23.87
11.3	26.61
12.79	29.33
13.95	30.69
15.16	31.51
15.9	32.66
17.26	32.87
18.83	32.69
18.61	28.04
14.33	27.6
13.79	29.82
16.28	25.01
12.76	24.83
11.9	26.61
13.24	30.88
16.46	33.02
18.04	34.89
18.34	35.02
19.92	35.31
18.8	35.1
18.45	32.88
18.47	34.67
16.68	34.67
15.81	33.3
18.12	33.28
17.34	32
16.7	30.46
16.22	31.78
16.41	24.98
15	22.04
11.11	30.19
13.13	19.49
11.31	23.38
8.15	25.64
10.88	27.42
13.7	31.97
15.78	27.84
14.73	22.84
12.31	18.62
14.16	24.84
13.72	27.74
16.5	25.6
16.46	27.86
15.59	30.09
16.45	32.16
16.78	31.15
14.41	25.96
14.71	27.02
14.05	30.15
14.65	32.28
16.19	31.34
17.17	32
17.53	34.66
18.04	34.8
19.32	30.13
15.67	26.43
14.27	26.37
12.23	25.32
12.86	20.28
8.23	23.48
9.79	25.23
12.13	26.1
12	29.36
13.66	30.43
17.29	29.75
14.96	30.17
13.45	32.08
12.7	34.31
13.36	34.38
16.65	36.72
18.46	32.11
16.65	36.46
17.64	33.67
14.94	26.31
11.9	24.71
8.62	27.41
12.16	29.52
12.11	31.18
14.75	24.19
14.38	17.5
15.38	26.72
14.44	28.7
18.24	26.27
15.74	27.75
17.96	23.68
7.25	24.19
9.08	28.24
10.38	29.54
10.94	29.99
11.35	30.95
12.42	27.8
9.24	19.59
11.23	14.86
12.22	21.29
9.07	20.84
7.31	22.78
10.21	24.45
10.74	22.81
9.5	17.17
2.45	18.66
6.86	23.38
10.64	20.68
11.71	25.38
12.83	24.13
15.31	25.55
14.44	25.59
10.41	19.65
12.83	22.49
14.19	19.71
13.49	24.25
13.89	17.16
10.25	21.85
6.76	22.7
9.58	19.95
7.13	22.89
10.35	22.47
4.48	15.7
3.7	17.56
8.07	11.26
5.01	14.62
7.81	12.94
9.7	13.44
9.35	13.42
11.09	20.99
7.55	15.44
4.26	17.94
10.07	20.35
5.27	22.71
3.47	18.6
5.09	18.09
5.31	18.89
5.09	11.89
8.89	10.2
6.56	9.85
6.4	9.65
8.04	17.12
1	7.53
0.52	3.28
-2.46	7.16
-1.6	12.36
4.28	8.02
1.77	9.94
1.12	15.86
10.19	18.49
6.99	17.04
0.53	8.98
-0.52	11.6
1.15	13.31
1.24	12.25
-0.58	11.58
2.72	13.79
6.95	10.63
8.43	12.48
1.43	9.73
-0.16	9.12
5.19	7.96
5.1	9.45
4.33	9.96
6.72	8.42
3.7	7.57
6	8.53
6.72	8.08
5.78	8.42
7.16	10.84
3.84	9.25
3.75	13.42
9.86	14.85
8.72	17.3
8.09	13.05
2.94	8.12
0.59	4.77
0.47	2.57
-0.98	5.17
-2.8	4.04
-0.35	5.69
-2.44	1.07
-4.78	1.37
-4.32	-1.18
-8.22	1.84
-9.59	0.19
-10.24	0.43
-9.26	0.33
-13.73	-0.65
-6.53	4.74
2.33	8.67
1.22	6.04
2.62	3.36
1.98	2.79
1.02	4.67
0.51	4.6
-2.23	0.71
-0.29	1.07
-0.25	1.37
-0.17	10.04
2.65	12.75
5.18	12.19
0.53	9.04
2.93	7.26
-4.31	4.52
-5.29	2.99
-4.38	4.47
-3.05	2.76
-3.13	-0.72
-1.56	7.49
-0.06	8.82
3.42	11.31
3.08	7.47
0.08	4.85
-0.53	0.48
0.48	5.02
1.82	4.06
-0.47	3.68
-5.36	2.53
-2.81	-0.76
-2.74	-1.18
-1.95	0.65
-1.05	0.43
-1	-0.01
-3.26	-0.96
-3.99	-0.43
-3.93	5.6
0.39	6.05
-0.66	1.26
-0.58	1.5
-0.91	0.42
-4.64	-0.32
-9.93	-2.94
-12.82	-0.83
-2.98	-0.11
-6.47	3.09
0.38	9.67
-0.14	13.13
-1.73	7.78
3.49	7.53
0.63	5.24
-3.33	5.08
0.3	6.73
-0.21	4.29
-1.73	5.62
-3.92	3.09
-1.55	0.38
-2.84	-0.76
-8.1	1.34
-2.37	0.34
-1.05	-0.4
-0.76	0.69
-0.55	4.17
-0.65	5.31
-1.64	4.94
-0.99	4.19
-1.9	5.39
-0.99	3.16
-3.88	1.15
-4.42	-1.49
-3.29	1.93
-0.28	3.78
1.08	4.69
1.6	3.31
1.79	4.36
2.08	8.05
-1.06	4.52
0.27	7.05
-4.13	9.97
-2.54	8.24
-3.23	10.86
3.81	13.28
7.93	16.81
8.21	18.28
4.73	14.38
7.89	10.5
1.48	14.09
2.28	8.6
2.56	9.76
-2.53	7.45
-2.49	1.23
-3.62	3.04
-4.86	5.13
0.62	4.26
1.83	13.55
-1.56	14.03
5.27	10.46
-1.18	8.14
-2.49	2.47
-3.42	0.59
-4.05	-2.54
-3.9	-2.28
-4.92	3.57
-8.15	6.77
1.89	3.74
1.61	4.98
0.92	4.27
-0.11	4.85
0.39	3.15
0.1	2.5
0.53	9.5
2.59	6.95
3.48	7.91
2.69	7.99
-0.92	10.47
2.17	14.09
6.66	16.51
2.27	18.12
9.9	18.69
6.43	18.32
5.1	19.68
5.77	18.74
3.52	19.71
4.31	22.19
7.17	24.4
8.81	23.39
10.04	18.75
7.53	21.36
9.5	21.38
8.9	21.31
6.09	23.76
6.35	26.18
8.69	27
13.8	23.8
12.33	24.61
11.2	25.54
11.36	27.59
11.48	28.01
15.42	21.87
13.31	24.16
9.42	22.35
12.58	17.55
12.85	20.83
14.12	23.29
11.47	23.26
10.85	25.1
9.07	25.07
12.25	17.96
10.3	18.92
7.82	18.59
7.29	21.18
6.93	23.75
10.52	24.38
11.37	21.11
10.84	22.24
9.49	26.55
10.46	21.89
9.5	21.5
6.84	20.49
9.46	16.63
7.13	16.53
8.25	14.22
7.61	16.92
7.14	16.78
8.74	20.24
10.1	23.84
9.81	18.53
8.21	14.02
8.86	16.8
8.69	16.14
9.34	18.59
10.81	16.48
12.93	18.52
11.22	21.38
12.61	23.25
12.75	26.15
12.65	27.18
15.56	24.56
14.03	19.13
10.72	22.74
11.07	25.67
11.47	26.21
13.05	28.48
16.67	29.73
17.41	31.65
18.02	32.74
18.79	33.53
20.05	33.57
20.47	32.87
16.99	30.54
18	28.15
13.27	21.98
12.6	18.91
8.34	20.08
6.35	19.34
6.65	20.67
9.34	22.58
9.98	22.76
6.69	24.39
9.94	27.18
10.98	28.22
13.11	28.92
14.12	28.44
17.81	27.04
16.98	27.66
17.14	27.37
15	28.57
14.46	29.24
14.74	24.27
10.1	24.84
11.24	25.83
12.5	26.5
12.64	27.15
11.48	25.68
10.78	28.18
12.05	29.51
13.42	30.38
15.04	30
14.47	27.49
10.79	29.93
12.74	32.17
14.49	32.08
15.27	30.23
15.63	33.26
17.5	34.26
18.2	35.64
21.24	37.73
17.96	28.44
12.15	29.84
14.16	31.07
14.38	33.7
16.38	35.85
17.9	36.52
18.08	33.5
18.12	36.23
19.49	35.88
18.02	38.66
18.56	34.98
17.43	27.15
12.57	28.65
14.92	30.05
13.98	30.46
16.48	17.9
13.01	24.92
9.27	27.17
10.53	29.3
12.2	31.14
14.54	31.9
18.1	22.96
17.2	24.36
13.84	25.7
12.73	27.29
15.97	20.49
12.72	18.11
14.79	21.41
15.49	23.13
16	21.79
13.15	23.86
9.99	24.22
9.44	26.04
11.59	24.22
10.74	19.84
14.33	25.23
14.2	24.44
14.76	25.2
13.63	25.48
11.31	25.5
10.43	25.83
13.45	18.39
14.55	21.65
11.52	17.15
11.47	18.29
8.12	18.09
10.41	22.33
9.37	22.57
10.75	23.6
9.31	16.04
4.71	16.6
10.95	18.21
6.92	20.21
10.55	19.84
9.69	19.1
7.28	23.18
7.19	22.04
7.97	21.37
10.53	23.28
10.47	15.42
9.5	13.69
9.07	11.24
7.74	8.42
7.6	15.78
5.65	12.04
-0.26	11.34
-1.88	11.85
-1.42	10.15
7.66	12.32
9.38	17.49
6.49	19.08
8.43	16.2
11.44	18.64
11	20.63
8.72	18.13
10.5	19.62
5.74	18.01
7.48	18.46
8.92	13.81
4.29	17.34
2.92	18.21
2.51	17.04
9.58	21.45
12.43	22.52
8.78	22.85
15.36	24.06
12.81	21.46
8.72	22.38
9.02	21.8
6.8	21.19
11.61	22.87
10.03	20.82
8.66	13.39
3.33	14.23
3.97	16.16
4.02	17.28
9.21	19.08
7.94	10.84
7.21	10.57
1.7	9.91
4.25	16.28
3.08	16.64
7.91	16.62
3.74	9.45
5.04	8.35
5.25	7.87
6.07	7.18
3.65	6.92
4.63	7.08
1.54	10.05
0.28	8.42
3.53	7.37
4.54	7.41
6.3	7.69
3.96	8.14
4.83	6.69
6.01	8.81
6.3	8.02
0.67	6.2
-0.13	2.56
-1.44	2.29
-5.29	4.06
-4.83	7.06
-1.3	5.39
-3.63	6.72
-4.15	7.44
-4.79	5.37
-5.76	4.36
-5.15	4.96
-1.33	6.48
-3.34	5.29
-1.49	7.29
-2.79	6.91
3.86	9.76
-0.12	5.38
-0.5	4.45
-3.03	0.58
-1.16	-0.27
-1.74	-0.5
-3.13	-0.35
-3.19	-2.18
-3.03	-2.31
-4.32	1.82
-2.61	6.88
-0.73	4.8
-0.35	7.83
0.03	3.32
-0.27	12.11
7.47	13.02
7.71	11.27
5.22	8.36
0.3	10.68
2.82	8.03
3.67	7.24
3.3	5.17
3.83	5.07
3.22	9.04
1.98	12.31
-0.11	10.3
8.41	11.76
3.81	10.1
1.92	7.22
2.57	4.58
1.29	4.23
1.78	7.18
1.37	6.21
-0.4	9.05
-2	9.08
0.09	10.6
2	7.73
-0.65	8.88
6.38	13.41
6.23	14.38
4.77	12.25
5.56	12.26
3.55	9.03
2.89	5.37
1.62	4.04
-1.27	1.59
-5.07	0.09
-10.51	-4.17
-7.62	-3.47
-4.4	-1.77
-3.72	-1.17
-6.76	-0.72
-2.66	-0.94
-4.66	-2.33
-2.3	-0.53
-3.17	-0.62
-1.68	-0.92
-1.91	0.32
-0.74	1.52
-1.68	9.83
3.41	8.31
0.78	10.97
-1.25	8.49
4.91	7.67
1.61	5.16
-2.4	9.22
3.36	9.75
0.87	12.03
6.22	14.75
2.73	6.85
0.6	5.81
4.84	10.32
4.81	10.55
5.07	8.97
5.06	7.42
3.48	8.11
3.02	11.59
-0.39	8.47
0.08	13.05
3.7	13.96
4	11.79
-0.06	14.06
3.15	9.98
2.09	7.76
4.54	9.52
5.76	11.5
5.92	10.09
3.8	10.24
1.89	12.32
0.96	12.38
1.47	11.18
-1.41	14.6
-0.48	15.68
-0.59	16.36
-0.35	18.94
1.43	17.57
6.38	19.75
4.05	22.7
2.85	19.76
7.98	17.55
2.2	19.61
3.87	21.1
9.55	19.1
10.15	15.9
3.94	13.56
-0.75	10.53
0.26	12.57
2.2	13.59
6.09	17.43
2.52	19.81
2.38	20.96
3.22	21.19
5.52	19.74
5.48	20.72
5.46	20.12
7.63	21.75
11.04	18.21
10	19.4
7.76	20.77
6.8	23.87
7.58	17.95
2.05	13.68
1.36	15.21
1.85	14.94
1.76	17.36
3.51	20.73
4.13	10.84
3.01	11.8
4.54	11.36
2.73	18.67
9.12	19.3
8.39	14.25
8.51	18.32
10.6	19.75
8.92	19.81
12.1	20.15
12.43	16.43
11.18	16.74
7.05	20.83
8.3	20.83
8.92	19.56
8.72	22.1
8.26	22.39
6.82	22.49
8.16	14.03
6.61	15.21
4.08	16.45
2.57	20.23
7.17	21.25
9.5	21.06
7.06	23.49
11.8	22.98
8.93	21.61
5.28	18.74
8.28	12.89
5.75	15.05
8.5	12.13
8.68	11.16
7.64	15.39
9.72	19.61
7.62	23.04
8.47	24.33
9.48	25.84
12.29	27.4
13.92	28.52
15.29	26.8
13.31	25.77
11.94	25.69
12.74	24.63
10.71	19.55
10.33	20.67
9.89	16.89
5.4	17.45
9.69	20.19
9.33	21.81
10.02	21.89
8.14	23.67
11.35	22.81
10.35	26.46
11.74	28.85
14.05	30.69
15.11	31.56
15.34	32.62
16.36	33.76
18.6	29.79
15.84	26.46
15.6	23.93
11.12	23.39
11.54	22.63
14.27	19.09
12.37	25.13
11.3	26.5
12.93	22.09
10.09	22.66
10.68	27.16
14.37	27.25
16.3	23.55
13.93	17.92
11.16	22.58
12.08	24.41
12.35	27.07
16.05	29.39
13.52	24.43
8.76	23.15
10.84	26.46
13.46	25.67
11.03	26.13
13.96	28.02
14.65	29.81
15.22	31.28
17.49	26.76
15.01	22.06
13.12	17.27
13.05	20.31
12.46	26.54
13.63	25.87
13.78	25.46
15.02	28.04
16.29	29.14
15.92	29.37
14.65	29.05
15.76	30.24
16.23	30.8
18.44	28.7
14.3	21.99
17.36	26.93
12.87	27.46
16.17	27.6
15.83	29.14
15.53	25.88
17.23	24.3
17.04	27.32
16.16	28.12
16.1	25.43
18.55	26.53
17.59	28.68
17.62	29.5
15.28	27.4
17.64	25.25
17.52	23.17
17.87	25.4
14.6	28.41
15.33	30.14
17.06	29.34
17.73	30.44
17.52	24.25
15.41	27.14
14.25	23.28
13.52	21.57
11.33	22.49
10.55	23.58
10.62	24.66
12.2	24.61
15.84	20.82
13.01	21.65
11.82	22.48
13.06	21.2
14.2	22.42
11.22	20.86
11.27	21.76
15.62	24.33
8.33	22.52
9.12	23.4
11.1	25.17
14.46	23.91
12.61	19.13
13.63	15.24
14.31	20.26
16.32	21.7
16.38	24.47
16.69	20.29
15.43	20.86
13.75	24.64
13.59	26.36
15.84	18.49
13.46	14.93
12.8	15.33
13.63	20.3
14.18	18.23
14.21	20.25
14.43	20.9
11.65	21.42
9.01	21.24
11.7	24.35
14.33	23.93
16.34	25.86
12.94	19.32
7.7	17.17
6.91	18.4
8.48	16.35
8.41	13.77
12	17.91
8.89	21.71
8.09	21.28
8.6	15.91
11.79	18.56
13.8	17.23
10.86	17.97
9.96	15.54
11.11	18.36
6.71	18.11
8.58	18.8
12.33	22.42
14.55	24.79
14.03	25.44
11.73	25.32
11.65	23.31
13.33	25.92
14.52	24.66
12.64	18.3
13.5	21.82
13.57	22.4
8.48	20.87
7.98	20.84
8.1	22.84
11.95	18.19
5.92	14.86
6.46	9.13
7.79	9.16
5.7	7.87
3.32	7.6
3.5	9.26
0	8.31
0.06	8.91
2.91	10.3
5.47	12
4.22	14.47
1.93	13.42
2.41	12.23
7.96	17.61
8.29	20.07
10.66	16.43
10.04	17.47
9.34	14.1
8.12	12.11
7.29	17.59
8.62	18.29
8.59	14.69
8.42	11.07
9.94	13.03
9.2	13.18
8.25	15.48
8.04	11.22
7.79	13.91
5.33	12.35
3.72	11.77
2.42	8.76
-0.31	9.15
-0.84	6.2
2	4.46
0.53	4.65
0.15	5.15
0.58	2.66
0.93	2.66
2.29	3.01
2.34	3.26
2.4	3.03
0.98	2.24
1.59	3.56
3.68	4.12
4.11	5.07
4.64	5.21
4.82	5.54
3.57	6.19
2.65	4.11
-1.67	4.68
-2.88	6.17
-2.43	7.54
1.43	13.39
3.15	11.96
-0.18	10.31
-0.66	7.22
2.44	8.26
1.14	9.61
3.21	13.79
2.19	12.23
1	10.06
-2.34	9.92
2.56	13.61
-2.22	10.53
-2.1	8.78
-0.39	6.36
-3.13	1.1
-4.75	0.72
-6.74	-0.17
-8.27	-2.21
-14.8	-4.12
-11.78	-2.24
-3.82	3.81
-2.72	5.06
-0.87	6.65
-2.62	3.73
-1.32	4.35
-5.19	-0.58
-5.74	0.31
-2.83	6.17
3.33	13.87
0.64	8.02
-0.82	8.28
-2.11	11.28
2.42	11.36
-1.34	7.97
4.14	13.59
5.99	11.2
2.03	9.98
0.88	5.43
-0.49	4.89
3.71	4.72
4.1	6.42
4.61	6.01
1.04	4.57
1.09	2.87
-1.43	3.99
-4.44	0.64
-4.16	5.02
-2.47	2.25
-0.11	3.76
-1.44	5.58
-2.22	2.2
-1.99	4.61
-3.71	1.46
-0.48	1.07
-1.17	0.86
-2.06	0.26
-5.8	0.5
-10.31	2.24
-3.63	-0.24
-1.22	4.77
-0.86	4.4
-0.63	5.64
-3.92	5.23
-2.94	6.48
0.74	10.41
-1.58	10.23
-2.2	5.18
-2.02	5.46
-4.03	7.29
-3.86	10.49
0.57	11.47
1.05	7.54
3.44	5.92
4.34	5.62
4.05	6.69
3.18	9.48
-1.72	8.14
1.2	9.4
0.23	10.73
3.02	11.63
-0.24	11.28
-0.65	10.52
3.2	7.55
0.5	7.16
-2.29	9.33
-4	9.94
-2.98	10.31
-2.75	13.48
-0.26	10.64
2.9	7.42
3.84	6.15
1.85	8.21
0.51	9.23
-0.25	12.99
1.98	13.69
-1.48	12.81
-2.25	11.94
-2.81	12.68
-1.19	17.13
1.91	13.64
-0.64	13.39
-0.18	16.21
2.59	14.36
7.03	19.92
7.45	11.66
6.71	12.12
-0.94	16.15
7.7	17.63
0.48	19.23
1.9	14.48
-1.3	13.65
-0.98	11.35
-2.28	9.76
2.73	9.69
-0.56	8.96
2.1	9.08
2.62	9.97
6.1	14.18
0.74	19.11
3.41	22.11
8.02	20.95
4.14	23.64
6.84	17.36
4.71	24.54
5.82	26.92
10.79	20.87
6.15	12.62
-0.95	13.28
0.01	18.37
7.91	20.43
6.1	20.72
5.16	23.2
7.97	19.75
5.25	22.62
11.12	23.67
11.48	23.27
9.47	16.64
7.99	17.06
1.65	18.23
4.08	18.16
11.38	20.1
10.36	20.04
11.49	24.83
12.83	28.14
14.22	28.02
9.17	22.82
8.58	24.35
8.49	24.54
11.25	22.72
9.43	20.66
4.51	23.91
9.91	25.97
13.77	23.85
11.42	16.94
11.72	19.83
10.14	21.6
9.23	23.31
10.24	28.12
11.6	26.35
9.51	15.61
10.31	11.91
10.25	13.19
8.18	19.33
11.17	16.87
12.64	16.99
11.29	16.08
6.67	17.89
5.22	23.3
9.06	25.01
13.82	22.35
12.14	26.32
13.87	28.41
14.21	29.78
16.92	28.19
14.96	26.43
12.48	28.63
14.87	29.03
13.91	29.05
15.13	26.49
15.02	26.69
14.59	28.74
16.03	30.29
18.7	31.19
17.5	31.02
16.68	26.6
15.63	22.03
15.24	20.29
8.62	23.35
13.79	21.04
10.65	20.39
7.69	20.83
9.57	25.18
12.43	21.25
11.86	19.84
9.61	23.56
12.11	24.93
13.53	24.89
16.27	24.38
11.36	24.4
11.91	27.17
14.22	29.54
16.15	30.46
16.33	29.99
14.32	30.95
13.78	31.44
14.96	34.1
18.88	34.9
19.25	33.45
15.29	22.89
10.81	24.5
10.94	27.49
15.11	31
17.72	24.83
16.61	28.37
16.97	30.35
17.71	31.52
19.54	34.14
18.75	31.77
18.25	34.28
18.81	32.13
18.52	33.48
18.99	34.9
18.94	34.59
19.76	32.82
18.84	32.35
15.04	22.49
13.02	19.32
15.7	23.46
13.83	21.01
14.12	18.77
14.24	24.44
10.06	25.88
16.95	27.75
16.45	29.07
17.48	30.79
18.57	32.25
17.62	33.46
18.68	33.77
18.87	34.23
16.77	33.39
15.57	33.52
15.71	34.33
15.6	35.35
16.91	35.96
17.16	34.84
18.29	33.82
18.41	29.26
18.61	22.33
17.56	26.05
16.1	23.8
16.67	19.91
12.8	22.52
12.37	24.08
13.43	23.93
14.24	27.38
16.25	22.53
14.29	26.56
13.4	26.79
16.2	31.46
15.4	32.53
15.5	33.59
16.71	32.22
15.42	32.83
15.23	27.2
13.74	25.12
15.22	23.07
14.73	17.49
11.88	20.84
5.95	20.1
11.46	19.7
6.83	20.5
9.16	19.24
12.98	19.48
8.47	23.04
10.52	24.24
13.4	27.24
15.64	27.27
17.25	27.94
19.58	30.96
16.58	27.82
15.66	22.21
14.48	21.85
8.07	20.64
5.01	20.97
8.65	24.42
11.98	18.19
12.74	15.65
12.86	16.98
12.33	16.51
9.37	16.47
9.62	15.9
8.01	15.04
6.58	16.99
6.81	18.84
6.51	19.98
11.93	22.79
10.59	21.07
8.94	20.28
14.14	15.97
12.58	16.47
11.81	16.1
9.81	13.33
6.15	10.89
2.14	9.16
5.42	8.88
9.09	9.55
9.1	11.87
11.69	16.64
6.57	11.79
5.36	13.72
7.53	9.78
5.96	11.83
3.01	13.16
5.93	12.67
2.3	14.8
3.26	15.64
1.75	14.04
4.18	16.16
4.13	14.21
5.7	9.73
8.1	11.44
4.1	15.12
0.87	14.72
-1.61	12.31
-3.85	11.48
-2.64	13.3
0.01	12.62
-0.91	14.43
0.22	15.67
2.32	16.9
5.05	22.3
4	20.02
9.99	20.42
7.7	22.12
3.98	19.65
2.07	15.58
3.27	13.22
4.35	13.22
6.25	20.49
1.5	13.75
6.5	18.38
0.88	16.27
3.87	15.16
3.55	14.44
1.59	6.37
-1.91	5.35
-1.03	3.85
-1.17	2.2
-0.96	3.35
2	5.01
-1.02	5
-3.09	8.42
0.8	11.79
3.05	14.89
4.23	12.64
0.01	8.77
0.63	6.54
0.49	6.9
2.29	5.2
1.21	4.27
0.57	1.92
1.95	3.16
2.33	8.76
-3.38	6.88
-1.87	2.22
-2.41	4.65
-2.36	6.58
-0.18	3.18
1.52	5.96
1.38	3.21
0.06	1.94
-0.1	8.18
0.36	3.25
0.97	4.95
-0.67	9.34
-0.45	11.46
-0.37	10.63
-0.57	6.78
-1.88	10.28
-2.34	4.1
-3.48	7.94
-1.14	2.98
-2.67	3.25
-8.12	-1.19
-6.31	0.22
-6.19	-1.3
-5.81	-2.65
-8.91	-5.95
-12.28	-3.24
-3.18	-1.64
-5.78	1.98
-4.51	0.88
0.16	2.95
0	3.74
0.01	14.27
3.51	11.44
-0.89	9.2
-1.32	7.72
-0.73	4.52
-4.16	3
-3.9	0.51
-5.19	-0.15
-9.6	-1.47
-7.84	1.16
-6.96	1.82
-9.16	0.9
-9.81	-2.15
-6.5	7.37
-2.37	5.75
-1.12	12.84
-2.24	12.67
0.66	15.46
-0.1	11.95
-1.08	11.6
4.96	10.77
3.34	15.49
5.19	12.49
1.48	10.86
-0.6	8.14
-0.36	7.36
-1.93	11.55
4.72	11.1
6.37	13.56
6.49	14.89
0.35	11.63
-1	10
-2.13	5.06
1.2	5.97
0.58	9.77
4.56	8.28
4.35	5.89
2.98	5.11
3.74	6.05
4.18	5.82
1.06	8.15
3.73	13.73
5.43	16.5
9.77	14.99
3.02	10.7
-1.13	7.31
2.63	5.83
-2.81	8.05
1.02	9.75
5.3	8.56
4.6	9.14
-1.27	11.45
2.99	8.23
2.19	9.46
0.65	11.67
5.66	13.81
1.76	6.77
1.04	7.77
0.09	9.58
0.98	13.25
5.75	8.59
4.49	8.54
3.55	8.71
2.84	9.31
-1.26	5.17
1.12	7.54
-0.14	11.85
-2.5	14.65
0.51	13.87
-0.56	15.07
3.12	10.73
4.19	11.95
0.71	8.31
1.98	10.61
-0.43	11.16
4.28	10.75
0.03	14.69
2.93	15.16
4	17.92
2.09	19.08
7.92	22.07
9.68	22.93
5.33	15.94
3.03	21.99
9.96	25.21
12.44	25.28
10.05	22.12
7.27	21.79
9.08	16.82
6.47	13.54
5.52	15.43
3.2	18.07
3.83	23.57
5.59	22.22
7.86	18.24
1.85	21.35
8.39	23.34
12.64	24.08
9.92	20.2
8.44	16.02
4.54	16.83
0.41	19.65
3.33	21.53
4.93	20.72
5.42	14.24
3.24	10.74
-2.97	15.74
2.12	12.47
0.32	8.76
1.91	15.86
0.46	17.98
4.44	13.8
10.35	13.91
8.73	18.6
9.73	14.88
8.43	18.9
7.93	22.27
5.78	22.98
6.91	21
8.5	22.54
9.43	18.93
11.99	18.5
13.54	16.08
9.71	19.87
11.38	18.29
7.86	14.97
1.59	15.42
5.53	16.57
6.04	20.25
5.85	20.81
9.6	20.88
7.03	24.03
8.5	25.48
10.97	26.29
10.93	16.36
11.01	24.16
12.9	25.17
11.09	26.93
14.28	28.39
15.75	28.76
12.37	24.87
12.03	24.78
13.41	23.59
10.96	23.75
12.28	25
12.66	25.29
13.65	24.6
14.6	26
12.7	23.76
10.38	25.19
14.04	23.73
15.34	22.73
11.57	26.23
15.53	21.03
13.96	23.36
12.65	25.05
14.83	22.2
14.1	28.78
18	26.9
11.62	26.18
13.63	20.5
15	21.97
12.32	27.25
14.99	28.43
16.92	30.52
18.25	32.55
20.31	31.54
18.46	26.86
17.13	22.82
11.74	25.4
12.37	28.97
15.42	29.06
15.7	29.44
15.89	30.69
17.38	25.65
10.41	26.21
11.61	28.19
17.76	26.63
11.03	25.4
11.87	27.58
15.99	28.55
15.8	30.7
16.49	32.53
17.68	32.49
18.37	28.02
13.59	23.21
11.66	20.31
13.11	18.26
13.15	22.97
14.53	27.63
14.82	27.7
14.78	28.15
15.84	30.05
17.51	29.09
18.12	30.17
18.66	29.72
18.67	25.89
16.78	27.59
17.01	28.48
17.64	26.65
16.34	29.01
16.12	30.72
18.07	31.3
17.43	25.55
14.22	26.37
15.24	27.92
15.12	29.62
17.11	31.47
15.85	24.18
15.22	25.25
11.71	27.2
12.19	28.11
13.53	20.03
10.29	19.22
7.06	21.85
14.18	24.69
12.39	27.88
15.03	28.32
14.6	25.99
15.82	23.5
13.17	24.53
16.13	22.17
14.28	27.09
17.27	22.07
14.53	19.54
14.84	24.74
13.72	26.26
12.9	26.57
12.24	27.61
12.8	28.58
13.49	28.8
13.74	29.18
17.49	26.82
11.96	25.48
10.45	27.15
13.55	28.27
13.64	28.38
13.78	28.54
16.04	22.29
13.38	17.71
14.81	24.58
14.81	26.95
14.41	28.39
14.73	27.79
15.05	28.62
15.96	29.73
15.01	29.07
14.63	26.54
13.56	26.75
16.65	27.83
16.96	23.95
12.62	21.19
14.95	21.65
13.01	19.1
5.95	17.32
7.46	18.27
4.37	20.94
7.48	22.69
6.53	22.55
8.25	21.14
8.64	21.44
6.42	22.55
8.29	24.43
9.21	24.27
8.67	25.44
10.73	18.74
11.32	16.1
7.38	13.01
4.82	12.04
4.2	12.21
4.9	9.86
0.19	14.3
6.59	14.04
1.14	9.8
6.46	8.19
2.77	11.76
-0.08	13.28
5.48	15.32
7.23	14.23
9.94	18.46
9.82	17.87
7.97	12.62
5.87	12.49
8.08	9.66
6.91	8.92
2.85	12.42
1.91	13.59
7.53	19.9
14.28	22.13
10.04	15.97
6.37	11.97
1.89	12.16
3.97	15.87
3.78	12.6
0.78	12.25
-0.26	14.39
1.79	17.37
3.93	10.66
-1.13	8.63
0.14	13.04
7.65	15.72
2.71	7.58
0.53	5.31
-0.98	6.19
-0.83	8.81
-1.38	9.45
0.44	5.22
-2.07	4.55
-4.95	4.03
-4.91	3.65
-2.63	4.5
1.47	11.04
1.62	16.05
10	16.29
6.83	15.68
6.02	15.81
4.78	16.39
3.71	15.11
3.22	14.22
4.82	8.45
3.04	7.37
5.02	7.88
-0.24	6.23
-3.17	2.42
-6.64	4.22
-2.94	6.73
-4.66	7.82
-4.61	5.43
-5.43	3.35
-2.94	2.98
-5.96	-1.69
-4.8	-0.33
-2.71	-1.27
-3.72	2.91
-5	8.81
-4.21	7.97
-1.53	10.85
-3.03	6.77
-3.01	2.99
-0.28	4.11
-1.34	2.57
-5.47	3
-5.1	-1.32
-2.49	-0.82
-3.95	-1.87
-4.14	-3.29
-3.66	-3
-4.01	-2.8
-2.7	-1.58
-2.3	1.55
-1.54	8.19
-1.59	8.74
0.77	5.98
-2.04	3.1
-6.6	1.96
-8.98	2.91
-8.93	4.23
-9.36	1.51
-5.75	3.43
-5.29	1.24
-5.71	1.78
-6.68	-2.78
-10.45	-4.74
-10.96	-5.4
-9.8	-1.99
-13.66	-3.62
-16.25	-3.55
-7.67	3.56
0.17	4.98
-2.81	2.45
-7.53	2.42
-8.68	-0.49
-3.25	-0.64
-2.92	-1.53
-8.4	-1.92
-13.83	-0.43
-13.95	-0.47
-12.82	-0.85
-13.48	-5.69
-7.53	-5.21
-5.4	-2.8
-3.96	-1.15
-9.9	-2.29
-10.64	-5.4
-6.64	-5.64
-8.42	-6.36
-8.4	-2.93
-3.14	-0.75
-1.32	6.23
2.66	12.59
-0.27	10.54
0.06	11.27
3.72	6.7
0.95	5.02
-2.56	1.01
-2.01	-0.56
-0.76	0.9
-0.9	2.52
-0.18	4.53
-1.37	4.15
-5.34	6.45
-4.33	10.42
-3.45	8.6
-3.72	4.05
-0.17	8.79
-1.78	9.22
-2.03	9.92
0.53	10.74
2.09	14.33
5.9	15.99
5.31	13.19
-0.94	9.46
-3.04	10.17
0.32	14.7
6.84	14.4
3.48	13.24
0.09	13.7
1.18	13.59
5.84	17.82
6.99	14.42
3.18	9.67
2.74	10.88
4.75	12.23
0.73	15.5
3.86	10.93
4.32	10.59
0.38	8.8
-2.8	11.84
-1.86	13.5
-0.5	14.15
-0.02	16.11
-0.36	18.66
7.28	14.99
7.24	14.75
3.7	19.89
4.04	20.33
6.12	21.02
2.68	21.38
4.3	16.68
2.88	15.06
1.71	12.07
-2.32	14.07
-1.2	20.06
1.4	22.78
4.69	19.77
2.68	21.65
5.82	23.85
5.1	23.76
4.39	23.44
7.71	19.33
9.1	15.28
7.55	12.3
3.32	12.73
7.38	17.15
4.39	19.07
4.48	23.26
7.17	16.57
0.19	17.43
7.58	20.42
3.8	19.5
9.24	17.28
8.62	16.8
2.25	14.4
4.93	10.53
1.43	6.82
1.19	5.75
-2.05	12.94
-0.72	18.21
4.79	13.6
3.02	18.05
9.61	21.58
10.67	20.69
7.72	16.99
5.65	8.42
1.2	13.35
-0.26	16.42
8.62	18.93
9.04	20.88
7.6	15.84
6.38	21.09
7.65	14.67
7.48	22.13
11.01	19.22
8.01	21.13
8.01	15.94
1.15	15.91
5.5	22.86
12.42	25.67
12.11	22.21
9.09	25.38
13.42	20.11
9.65	23.93
11.59	23.83
7.38	25.54
9.8	27.11
10.94	22.17
11.81	20.76
9.99	25.36
13.28	25.39
11.03	20.83
9.54	19.4
9.45	22.26
10.11	24.95
9.14	25.37
8.61	27.4
11.3	29.61
15.49	29.61
17.06	27.07
16.88	27.82
15.93	28.27
15.4	29.86
13.47	25.82
13.77	27.69
13.49	19.94
8.29	23.09
7.98	26.04
11.79	24.57
10.36	26.04
10.94	30.55
18.84	28.69
17.34	25.52
12.31	28.48
14.87	25.29
15.58	22.38
15.38	24.93
12.06	28.94
12.81	31.6
17.04	32.11
15.78	34.54
18.79	34.64
16.47	32.38
19.4	28.65
16.2	29.22
15.77	29.91
17.73	31.42
16.39	26.56
15.04	28.07
15.45	26.35
11.72	25.15
14.1	24.96
9.9	28.19
13.17	30.39
14.66	32.3
16.2	32.93
16.57	32.6
17.91	32.9
18.42	34.42
18.63	30.35
17.13	29.26
16.71	26.74
9.62	21.73
12.3	22.69
9.7	24.14
9.47	27.68
11.32	29.54
13.88	32.4
14.26	32.58
16.76	31.37
17.65	33.26
17.09	30.44
17.56	26.39
14.26	25.33
12.79	24.17
14.36	22.93
13.84	29.39
15.55	28.8
16.03	32.46
15.93	32.79
17.43	34.73
19.99	34.94
19.56	35.49
19.91	37.47
20.07	32.45
18.08	28.16
15.75	25.64
15.52	27.82
18.09	32.5
19.35	33.97
18.07	30.06
14.55	24.72
13.85	24.86
12.38	28
12.49	29.87
13.37	30.69
16.11	31.12
15.42	32.74
16.13	27.07
14.67	23.69
9.04	22.97
8.17	23.82
9.18	25.41
10.64	29.81
14.29	31.34
15.47	34.01
17.26	34.1
17.34	26.44
12.44	25.81
10.27	28.2
12.89	31.53
17.24	26.82
13.57	18.8
12.14	17.58
7.64	22.31
9.71	23.59
9.93	24.69
13.71	19.81
10.66	21.02
11.58	24.33
13.8	25.74
14.39	21.13
14.16	18.45
9.76	20.68
13.59	25.05
10.56	19.67
11.44	16.52
12.06	14.94
9.03	18.42
10.81	14.42
10.06	13.17
9.63	16.86
8.2	19.88
7.39	20.65
9.97	19.13
10.52	16.68
11.88	19.66
12.33	19.21
8.73	20.23
7.11	18.83
4.52	17.73
2.4	17.42
2.3	17.85
6.39	17.28
8.47	18.74
9.79	22.77
8.2	17.31
3.4	16.05
3.78	16.16
6.62	13.97
7.9	17.47
7.5	19.55
5.9	22.29
7.92	20.85
6.86	20.44
6.87	21.96
6.95	23.04
6.81	22.92
8.14	22.73
5.11	18.5
6.37	19.64
6.36	17.3
6.71	12.26
8.41	10.38
10.12	14.59
3.17	16.11
4.15	18.44
6.48	13.4
2.36	13.45
5.32	17.62
1.11	12.02
1.69	11.82
-2.63	12.71
0.76	14.1
4.01	13.67
0.9	13.64
5.73	16.95
6.24	10.02
6.23	9.92
6.92	8.48
4.64	9.15
5.79	11.12
1.44	11.46
4.33	10.66
2.6	11.59
2.11	7.42
-2.57	5.33
3.58	5.51
3.67	4.75
1.52	8.35
-1.88	5.72
-2.4	9.73
1.12	9.98
3.57	15.42
1.82	15.8
0.65	8.31
0.72	13.56
3.4	12.46
-2.86	6.99
-4.17	5.58
1	4.06
0.39	3.6
-0.09	3.8
-2.04	2.99
-1.55	2.79
-5.88	2.05
-2.76	5.4
-1.84	6.86
-4.46	0.2
-3.7	10.86
-0.97	6.63
-6.29	2.23
2.16	12.8
7.43	14.79
0.85	7.26
1.18	7.66
2.98	9.87
0.63	6.4
-1.45	4.52
-2.49	3.1
-5.65	2.77
-2.61	0.38
-0.83	3.96
-1.99	5.17
-1.83	8.05
0.36	14.39
-2.66	7.82
-0.91	12.28
2.69	11.9
1.1	10.54
-1.53	4.49
-3.07	4.51
1.32	10.92
4.4	9.54
1.08	6.04
-2.72	6.77
-1.92	7.13
2.03	12.06
6.66	14.47
4.33	13.06
3.23	7.1
4.87	6.45
3.94	5.66
3.82	6.47
1.68	5.73
1.72	4.23
-0.45	1.57
-2.47	-0.52
-1.82	7.9
0.92	6.71
-2.76	6.53
0.14	6.27
-1.77	6.66
0.27	5.82
-2.42	2.84
-0.9	6.62
-1.94	8.95
-0.65	8.19
0.24	8.14
0.51	4.4
1.48	5.21
-0.5	13.5
0.07	12.41
-2.14	6.9
3.84	12.81
0.61	9.7
0.18	1.27
-1.06	6
-3.7	3.31
-1.45	0.6
-0.8	0.66
0	2.56
-0.23	2.08
-0.7	1.27
-3.71	3.96
-2.88	1.44
0.14	1.95
-0.18	3.01
-4.47	4.13
-2.73	3.93
-1.83	3.8
0.21	3.38
-1.46	2.78
-0.49	0.9
-0.94	0.35
-1.66	-0.63
-1.88	-0.15
-3.75	-0.64
-9.31	-3.67
-12.1	-7.3
-10.21	-7.52
-13.08	-5.58
-17.68	-5.68
-7.91	-3.68
-5.45	0.09
-2.39	2.28
-2.71	0.19
-2.26	3.37
-1.77	10.62
1.07	10.51
-0.2	13.15
4.56	14.75
2.87	16.36
8.36	16.43
3.35	16.7
4.59	13.49
4.36	14.48
7.04	11.81
2.64	7.36
-3.7	3.26
-4.03	-1.38
-3.66	2.22
-2.46	4.11
-5.12	4.79
-3.75	6.71
1.05	8.38
-1.39	5.3
0.38	9.98
2.54	10.28
-0.64	13.34
7.88	10.8
5.39	14.45
7.97	13.54
5.23	14.24
0.87	16.22
9.21	19.45
10.44	17.7
9.73	17.72
6.39	14.12
1.26	14.31
5.68	20.73
6.68	24.89
8.36	18.46
8.9	20.31
7.67	21.82
10.52	20.31
4.53	22.41
9.91	21.73
13.3	20.55
12.89	19.96
9.35	21.13
7.12	24.36
9.06	24.62
6.98	25.86
7.65	27.61
10.72	27.63
12.99	24.06
10.07	26.86
9.4	21.32
9.14	19.39
7.54	25.95
11	28.51
11.63	26.05
11.12	23.58
11.96	27.07
11.34	25.97
15.14	24.63
14.69	22.63
11.52	22.35
10.75	23.6
8.7	22.82
8.6	24.64
10.75	25.65
14.22	22.6
11.72	26
11.75	25.72
11.97	18.89
11.51	17.31
6.68	20.28
8.85	21.39
11.18	22.4
10.22	21.94
10.83	22.85
10.62	23.26
9.17	24.53
11.7	25.29
14.27	25.49
14.59	22.37
11.85	26.07
12.87	28.02
14.76	29.03
15.82	28.75
15.97	27.48
13.29	29.07
15.57	29.51
14.88	27.97
15.7	27.07
15.27	28.47
16.96	28.92
15.19	28.87
17.3	27.78
16.34	28.8
16.88	24.84
16.31	28.44
16.83	30.33
18.79	30.88
16.01	23.75
14.57	19.31
14.58	21.38
16.29	25.78
17.74	26.98
16.02	26.84
17.79	27.4
17.1	29.41
16.74	30.68
12.96	25.63
7.38	20.39
11.45	20.69
12.37	19.78
10.72	23.46
11.69	21.53
14.7	22.08
16.88	24.94
17.32	25.77
8.73	22.07
8.24	23.08
15.23	26.68
17.37	26.44
13.59	29.58
15.64	23.95
16.39	26.04
11.98	25.93
13.19	27.16
13.27	28.16
15.16	23.09
14.91	23.9
13.58	27.41
14.13	29.06
14.05	26.79
13.03	27.57
15.26	27.45
15.84	29.16
16.56	28.69
13.76	29.6
15.28	30.02
17	26.94
16.74	24.43
15.14	28.72
15.19	29.13
16.86	28.58
16.08	28.82
17.43	30.18
17.56	32.02
18.15	32.1
17.53	31.88
19.23	31.48
20.21	28.65
19.2	31.01
18.65	31.25
16.43	31.82
18.09	31.55
17.99	31.91
17.21	32.6
18.58	33.11
19.41	31.84
17.58	26.43
16.27	28.77
16.04	31.01
17.51	26.15
16.21	26.78
14.67	27.9
13.66	29.25
15.71	30.65
16.21	31.66
16.01	32.25
16.34	31.41
16.5	31.4
16.52	32.49
17.47	31.19
16.77	21.46
12.62	17.69
10.1	22.64
10.24	27.18
12.56	27.43
12.4	27.31
14.19	25.43
15.85	21.88
16.71	20.21
16.72	22.93
15.85	19.16
15.76	25.17
12.42	25.78
13.82	25.35
15.95	25.37
12.38	26.28
13.68	26.97
13.5	28.42
13.04	29.47
13.49	28.1
15.3	26.61
14.67	25.27
13.61	25.79
12.49	26.62
11.94	26.4
12.09	26.97
13.57	27.42
12.63	27.8
11.75	19.18
12.04	18.98
9.33	17.62
3.41	14.06
1.46	15.69
2.15	20.2
4.92	21.39
7.65	15.97
1.34	16.79
1.3	17.84
7.81	14.49
2.85	18.86
5.34	18.72
3.93	19.25
5.49	21.93
11.27	20.32
13.64	19.72
8.53	22.42
8.54	22.75
6.7	22.7
6.04	21.41
6.22	21.61
5.14	20.35
5.08	17.85
8.21	17.67
9.38	21.49
9.31	20.72
8.38	20.07
5.83	18.67
7.86	13
7.29	14.28
5.43	15.93
8.38	19.02
6.65	16.96
4.46	17.4
9.69	19.88
8.76	17.76
13.19	21.49
14.03	20.09
6.37	18.83
4.71	18.4
8.13	19.51
11.34	15.04
11.51	13.81
8.84	14.13
5.36	16.59
5.49	16.94
5.29	14.15
5.76	11.17
7.17	15.08
7.13	19.64
5.83	19.56
6.5	15.98
5.83	13.82
0.63	11.28
-0.56	9.69
-1.04	6.58
0.44	4.44
0.02	2.25
0.05	1.82
1.35	4.82
4.05	5.87
4.5	6.62
4.51	6.91
5.41	6.51
4.44	6.99
0.07	4.55
-2.27	3.24
-7.03	1.41
-6.34	-1.4
-3.72	1.64
-4.64	4.4
-0.39	9.86
1.01	14.05
-1.28	9.09
-3.38	4.26
-0.25	9.63
2.75	9.47
0.09	9.7
0.33	9.13
-2.62	5.41
-0.97	5.66
-4.18	1.12
-1.57	-0.34
-1.74	-0.23
-4.94	0.64
-6.03	-0.26
-2.49	2.7
-2.27	2.24
-2.98	0.41
-2.49	4.61
4.27	11.65
2.06	9.11
3.03	9.21
-2.07	4.7
-3.19	3.89
-3.61	7.2
-2.36	5.11
-3.46	6.86
-2.09	4.57
0.31	7.07
-2.96	6.19
-1.19	6.03
-1.97	1.95
-3.16	0.88
-2.25	2.05
0.34	4.13
-1.68	1.67
-3.36	1.42
-2.88	5.91
-0.69	2.05
-3.86	2.23
-5.24	5.69
-2.34	9.16
0.8	9.46
-5.28	6.39
-0.51	9.82
2.25	12.51
-0.33	8.46
-2.73	0.48
-1.7	2.82
-2.63	1.52
-3.2	-0.01
-4.41	-2.46
-3.1	0.36
-5.94	0.98
-8.85	0.15
-6.81	4.09
-0.02	3.5
-1.41	3.55
-2.57	1.56
-2.75	0.93
-0.93	7.51
6.83	15.54
3.83	11.93
-0.16	5.74
-1.99	1.49
-4.52	5.02
-5.69	5.79
-3.54	6.59
-2.83	7.08
-0.99	11.02
3.28	9.97
-1.15	7.37
-0.3	7.7
-0.48	12.06
-0.93	9.08
-2.84	12.75
-2.54	14.86
-2.72	14.72
-1.87	13.94
-0.8	12.06
-0.88	14.05
2.81	10.72
-4.58	2.56
-6.71	4.14
-1.11	10.62
0.68	18.47
4.49	14.05
-1.8	21.65
3.64	17.43
2.3	10.46
-0.37	17.1
4.55	19.06
0.92	14.63
1.42	14.89
9.94	20.53
7.7	16.96
5.67	15.83
3.16	16.29
2.26	12.87
-2.43	10.33
-1.15	9.94
-1.6	13.2
1	13.77
5.99	13.93
2.2	21.16
3.91	14.43
2.05	9.11
-0.54	11.02
-3.16	13.02
-2.32	17.25
0.07	19.6
1.31	21.66
5.74	13.75
3.32	11.33
-0.28	9.74
-1.36	12.58
4.07	15.85
-0.66	18.68
-0.06	20.43
4.38	18.22
2.71	18.98
5.67	20.45
4.02	19.76
7.4	16.34
3.26	13.85
2.4	19.08
6.14	19.85
9.33	19.75
7.44	15.81
4.82	10.98
3.96	8.75
4.43	8.35
4.37	7.94
4.36	15.32
-0.33	17.44
1.05	16.19
3.68	17.91
2.84	21.52
3	21.34
2.16	22.4
3.07	23.55
7.7	17.33
8.15	22.89
12.42	25.55
11.22	25.91
9.65	19.65
5.2	17.51
3.95	13.03
7.21	13.98
8.23	21.01
5.08	24.26
11.41	19.54
9.53	14.07
4.19	12.27
3.43	8.53
3.27	14.59
1.66	18
9.7	15.05
4.97	21.11
7.22	21.88
9.55	18.46
6.84	11.23
5.93	10.35
5.54	8.16
6.15	12.05
3.61	14.67
5.41	20.89
11.34	20.23
11.44	20.17
10.18	19.49
11.52	22.79
11.8	19.95
8.75	23.07
8.52	25.29
10.85	26.35
14.76	20.29
13.85	20.99
11.48	15.86
9.71	14.31
9.3	21.31
11.36	24.7
13.92	25.99
12.98	27.2
14	27.59
14.8	28.52
15.62	28.38
14.96	27.9
18.52	26.43
13.44	28.28
15.92	30.25
17.85	31.07
17.79	30.74
18.67	31.6
14.97	31.85
17.63	30.59
18.8	28.61
17.75	25.99
17.8	26.2
17.94	28
15.39	29.52
16.82	28.54
17.31	26.45
17.23	22.2
17.75	27.66
18.13	30.19
19.07	31.9
19.7	34.32
16.52	26.98
13.52	27.64
13.82	29.87
15.11	34.39
16.6	30.82
16.23	28.68
15.41	25.51
13.34	29.44
15.68	31.1
16.26	30.44
14.26	20.91
12.68	22.04
11.84	22.35
8.52	25.66
14.96	25.33
13.7	22.61
14.2	25.46
11.8	25.13
10.45	27.43
12.25	27.57
14.9	27.15
12.42	29.25
14.56	30.71
16.4	31.73
16.22	29.87
15.82	31.81
16.22	31.92
16.45	33.57
18.47	28.54
18.11	31.47
17.25	24.75
16.65	26.3
16.5	30.66
19.33	31.12
16.92	28.1
17.42	24.56
16.55	25.7
13.21	25.65
13.14	27.88
16.39	29.57
18.84	31.25
19.77	26
16.26	29.77
18.81	32.07
21.41	28.94
17.69	32.1
19.82	26.71
15.23	23.35
10.52	24.8
12.6	24.04
11.81	26.44
16.31	29.84
16.19	30.34
17.66	31.47
18.54	24.69
15.91	24.58
17.61	27.21
18.3	29.5
17.42	27.8
17.56	27.77
17	29.84
16.85	31.52
18.42	29.48
17.93	31.18
17.22	31.63
16.55	31.77
16.76	26.28
14.03	22.36
8.87	24.25
9.38	25.85
14.56	18.92
14.54	19.86
13.82	20.37
13.61	20.61
8.52	22.19
8.79	23.16
13.18	24.69
11.36	25.97
15.02	23.82
11.42	25.11
11.38	27.91
16.14	25.93
11.59	19.65
8.07	17.74
3.73	17.15
3.29	19.41
4.32	19.89
11.88	21.79
13.57	21.6
10.5	20.49
12.65	22.54
9.9	23.23
13.09	20.33
13.8	20.85
13.41	27.06
12.91	24.06
12.91	23.86
8.4	14.61
4.06	16.23
8.14	18.57
6.9	14.06
5.13	10.48
0.47	15.01
7.47	21.24
10.62	16.05
6.46	16.57
6.92	20.32
8.69	21.14
8.31	20.99
9.24	22.55
9.79	16.72
5.4	19.28
7.38	20.24
7.65	22.03
13.71	23.41
14.59	25.37
9.04	21.96
8.78	23.1
8.57	24
5.86	21.81
5.38	21.53
6.31	21.15
5.7	16.68
7.01	8.85
5.39	7.35
4.71	7.38
-0.06	9.79
5.09	13.65
9.67	20.3
9.83	17.33
8.19	18.72
7.07	13.05
6.53	12.05
3.17	8.86
7.9	13.22
4.92	8.38
0.31	8.43
6.35	8.24
4.46	7.27
1.24	9.29
5.84	11.52
7.79	12.3
7.6	14.8
5.83	13.87
3.11	12.27
3.32	9.06
6.73	12.84
3.59	10.74
4.07	9.83
0.83	7.78
1.68	4.87
4.13	7.31
5.1	10.86
7.32	11.26
5.47	12.88
0.15	8.04
-1.15	6.18
1.06	4.7
-1.3	5.3
-4.47	2.36
-1.67	-0.17
-0.44	0.83
-0.65	1.97
-1.93	4.87
-0.02	7.14
1.95	7.57
-4.66	3.65
-3.17	0.35
-0.82	2.59
0.68	7.96
-1.69	10.59
3.61	13.44
11.11	17
10.93	17.42
7.42	15.39
5.97	14.13
9.51	12.92
3.28	10.39
4.4	10.46
1.14	10.8
-0.11	10.76
0.64	8.9
-0.75	4.06
-0.43	4.02
-0.72	1.77
-6.21	2.34
-2.26	7.73
-3.07	5.17
-4.85	6.38
-4.38	3.11
-3.29	2.88
-0.46	5.74
-4.43	3.36
-5.86	3.6
-4.2	6.12
-2.5	6.74
-3.32	5.44
-1.53	8.85
-4.02	6.48
-3.57	1.05
-2.05	-0.21
-2.08	2.78
-2.12	1.52
-1.34	0.94
-1.47	-0.67
-0.63	3.05
0.43	4.69
-3.8	4.73
-5.29	-1.16
-4.15	3.29
-3.24	-0.78
-2.34	-0.49
-1.93	-0.02
-1	0.71
0.05	11.15
-0.03	8.46
-2.51	9.04
3.54	13.11
1.39	16.05
4.35	15.9
6.95	13.34
4.1	11.49
1.62	6.33
-1.77	7.55
-2.27	8.33
-2.25	7.49
-3.16	11.14
6.93	15.61
4.88	12.96
-1.09	10.88
-2.08	10.33
4.69	12.93
1.46	12.37
0.01	12.79
6.05	16.31
5.07	12.02
-0.57	11.6
-2.13	10.75
-0.74	11.87
-2.84	12.13
4.39	13.41
6.06	12.05
0.68	16.17
0.76	11.44
-1.4	9.26
2.9	8.92
-2.84	11.26
7.68	12.55
6.24	14.78
5.63	14.65
3.51	10.89
-2.81	11.25
4.11	8.39
2.42	12.19
2.25	10.33
-2.33	10.74
3.99	14.3
5.25	21
4.32	20.69
5.11	15.09
1.59	11.23
-1.39	9.56
-4	13.12
-2	17.75
4.96	18.43
1.84	19.99
1.61	21.21
3.36	13.12
0.82	5.99
-3.01	3.28
-1.93	4.8
-1.32	4.46
-0.06	7.68
3.6	15.44
0.96	18.04
2.99	16.18
2.64	11.28
-3.38	7.59
-3.28	8.72
-5.47	11.7
-3.55	16.85
1.95	15.65
0.99	17.49
0.45	18.63
-0.11	19.5
-1.59	20.18
0.02	22.82
4.01	21.79
5.9	21.61
3.48	24.05
7.24	24.86
1.95	16.85
-2.62	14.86
0.02	21.78
4.53	26.2
6.92	23.67
11.44	21.53
7.48	16.35
4.14	16.82
3.65	18.28
0.78	19.34
1.42	22.31
5.72	25.33
4.87	18.82
5.2	22.22
6.83	25
10.63	19.73
10.06	21.06
10.11	18.56
8.76	20.08
5.74	16.93
2.66	20.09
8.78	16.29
3.48	16.46
3.89	22.04
4.75	24.88
8.77	25.64
10.26	24.66
14.12	22.93
5.22	19.06
4.94	19.21
10.66	18.75
9.97	17.65
8.63	17.71
9.97	20.18
7.97	24.23
12.14	19.97
13.01	21.07
7.15	20.91
6.62	21.94
11.04	23.57
11.16	20.68
8.64	18.09
8.12	17.92
7.01	20.72
6.32	21.3
9.47	19.74
8.25	16.51
8.39	16.52
10.66	23.06
9.65	21.77
10.96	23.47
11.79	24.54
13.34	21.38
11.45	24.2
12.88	27.41
13.26	23.37
13.54	21.23
15.03	23.09
10.05	25.06
10.41	27.92
11.8	29.53
13.48	28.44
16.66	19.54
14.56	21.3
16.56	22.95
16.86	24.11
14.97	25.87
15.22	21.31
14.03	18.14
16.45	25.11
16.97	24.8
11.12	24.57
13.43	24.02
13.9	27.07
16.07	30.49
16.7	31.35
16.42	28.79
14.08	25.94
14.27	30.13
16.14	29.99
17.29	24.7
12.32	26.21
12.02	29.21
15.11	30.86
12.46	25.66
8.26	25.52
12.38	28.41
13.75	31.55
14.54	27.94
10.67	22.61
8.35	24.03
8.53	24.44
8.72	26.19
13.38	24.42
13.08	22.65
10.14	21.23
11.2	24.42
13.53	28.47
13.54	30.72
16.7	27.44
15.5	28.8
16.47	25.52
15.62	22.1
13.7	26.64
14.07	28.48
16.14	31.17
17.97	30.4
18.62	30.84
18.02	32.12
17.86	29.68
15.4	28.79
18.6	24.43
17.21	25.18
14.52	18.6
16.21	25.52
16.83	29.69
16.68	31.21
17.72	31.58
17.39	31.47
17.72	30.47
16.47	29.11
16.88	29.86
18.17	27.86
17.33	26.25
18.98	26.61
17.72	28.95
16.97	23.6
14.43	26.9
13.4	28.15
16.17	29.47
17.44	30.31
19.25	25.4
17.86	25.03
14.79	25.62
13.24	28.21
13.13	26.64
13.06	27.76
17.18	30.99
16.74	29.6
14.69	21.1
13.98	20.28
8.08	21.57
10.67	22.5
9.48	25.21
12.28	26.3
13.97	25.82
14.95	22.68
10.58	23.69
9.34	25.58
11.9	26.92
14.24	25.57
12.95	27.52
13.36	28.12
12.99	27.96
13.9	28.62
14.24	27.17
15.46	26.42
11.16	20.41
6.69	21.05
6.39	22.8
9.36	24.61
10.82	25.03
13.24	24.6
12.34	25.63
14.39	22.42
8.3	14.49
5.04	16.33
10.52	16.07
8.26	17.93
11.21	21.27
10.03	20.88
8.42	21.84
12.93	24.12
12.99	22.13
9.08	19.71
9.18	20.24
11.6	14.93
6.15	18.01
5.66	20.52
8.44	18.65
7.9	14
6.02	9.65
6.85	8.98
3.96	16.42
4.25	9.82
7.02	10.04
6.23	11.92
5.54	14.64
5.91	15.41
3.4	15.2
7.3	19.21
8.53	18.2
5.51	18.14
9.44	15.36
9.6	15.97
7.81	19.75
8.01	16.63
6.56	16.47
6.28	12.84
8.07	13.59
9.23	19.76
6.46	13.74
8.74	17.79
9.97	21.24
9.15	14.24
8.66	11.83
0.6	12.55
-1.7	12.91
0.16	9.2
4.09	7.47
5.65	7.4
5.31	6.5
4.8	6.3
4.7	6.97
5.37	7.8
5.11	8.2
5.63	9.49
4.07	12.31
0.83	12.73
2.17	5.54
3.23	7.69
-1.93	6.01
-5.73	5.96
-3.1	5.72
-1.01	9.37
-0.62	2.28
0.03	1.56
-0.4	0.85
-1.71	0.02
-1.9	5.37
-2.86	5.83
-4.81	-0.34
-1.81	-0.78
-1.75	-0.12
-0.25	1.68
0.36	5.4
0.14	9.64
5.29	10.64
1.34	5.39
1.39	3.91
0.18	2.74
0.78	2.95
1.75	2.68
1.58	3.49
0.49	3.4
1.29	3.46
1.81	2.97
1.7	3.03
0.52	2.26
0.88	1.83
1.56	2.47
2.42	3.51
2.69	5.99
2.13	12.52
6.93	13.24
2.6	7.38
-0.77	3.47
-5.47	0.06
-1.18	5.66
1.74	9.18
3.3	7.5
-0.61	5.52
