19710101	
-6.1	-1.26
-9.68	-6.15
-8.14	-4.3
-16.16	-6.68
-17.42	-6.31
-8.12	-2.38
-13.17	-4.43
-12.53	-0.55
-13.35	-4.96
-9.76	-3.89
-12.51	-1.74
-8.04	0.45
-14.8	-1.39
-12.71	-1.48
-3.37	-1.55
-4.8	-1.46
-2.31	0.47
-1.45	0.39
-1.64	2.64
0.01	5.78
-0.01	4.86
1.5	8.92
-1.92	8.15
2.6	9.19
-1.62	9.17
-0.53	11.24
4.64	10.62
-0.63	10.23
-1.42	9.47
-1.99	10.5
2.18	12.23
1.46	13.15
-1.43	5.91
-7.23	2.68
-0.71	3.11
-2.98	6.41
-3.64	6.73
-0.4	6.15
-0.43	8.43
3.61	11.75
-0.05	9.33
-2.28	8.7
-4.65	8.83
-4.71	12.8
0.02	11.25
0.83	7.32
1.48	10.03
3.58	6.55
2.21	11.26
-0.93	9.43
0.19	8.83
-1.96	9.29
-3.4	10.35
-2.58	7.92
-1.36	6.93
-3.54	8.18
-4.58	3.94
-8.63	-2.05
-8.67	-0.88
-7.05	-1.9
-6.07	-1.21
-8.87	-1.08
-9.7	-3.46
-11.7	-6.86
-9.78	-6.4
-6.57	-1.61
-12.12	0.35
-10.27	-0.11
-2.28	5.03
-7.33	6.32
-3.97	1.88
-6.26	9.03
-2.79	10.64
3.71	10.93
-0.06	9.26
4.28	8.33
3.52	12.7
8.46	15.54
8.03	18.48
6.25	19.59
5.76	11.76
5.59	9.23
0	8.9
-2.24	12.54
3.97	8.57
3.77	6.95
5.26	8.74
3.25	8.76
3.65	6.82
4.74	8.48
4.06	9.69
6.26	12.74
6.18	11.52
7.03	15.19
9.24	16.61
3.16	17.72
3.42	19.3
2.43	20.18
5.71	20.78
5	19.52
9.32	15.28
2.42	13.69
3.39	13.16
4.48	14.43
-1.32	12.99
-0.26	18.36
6.08	20.11
4.71	16.54
1.46	19.66
2.62	20.2
4.81	19.24
3.57	22.52
8.79	23.47
13.44	20.07
10.34	15.37
5.56	12.1
7.01	18.41
7.31	13.9
-0.49	14.12
2.3	11.76
7.4	12.27
9.34	12.25
7.6	12.23
7.43	15.31
7.66	14.07
8.84	18.01
6.05	17.78
5.35	17.51
3.78	20.99
5.61	21.98
12.92	24.01
8.08	24.94
7.73	25.35
6.85	25.65
8.17	26.3
10.81	26.8
10.45	26.59
12.61	27.71
12.52	28.2
11.62	27.61
15.26	26.98
11.1	25.55
9.96	21.94
9.56	23.22
12.83	24.35
12.87	24.05
10.17	24.26
9.02	19.42
6.3	21.88
12.25	20.17
14.23	20.63
13.25	18.33
12.54	24.17
11.57	25.21
11.38	24.62
10.4	26.33
12.34	25.51
11.13	24.19
12.38	21.94
13.75	22.37
13.51	23.99
10.69	23.59
10.42	19.36
10.39	21.08
5.46	23.54
13.76	26.18
9.84	22.66
9.39	21.02
10.18	18.48
5.84	19.06
10.97	19.22
12.21	24.93
12.34	23.45
12.98	24.17
13.25	23.98
14.49	21.63
11.93	26.86
13.34	23.44
12.5	23.11
12.52	21.15
6.66	19.44
7.94	16.6
10.33	22.75
9.6	23.18
13.37	25.46
11.93	26.17
13.78	25.13
11.88	27.66
15.35	27.34
11.48	29.88
14.08	30.14
14.58	30.41
14.27	32.19
13.97	29.47
13.71	24.52
10.69	25.97
12.08	28.83
14.16	28.64
15.38	23.45
14.11	21.4
11.95	22.2
10.73	21.77
7.66	22.8
8.3	24.83
10.79	25.7
13.94	27.57
11.4	28.82
12.55	29.61
12.75	30.13
17.77	27.42
16.14	26.5
17.22	25.34
16.67	28.05
15.69	30.55
16.23	30.99
16.69	30.36
16.69	29.47
15.96	31.36
16.73	34.51
16.45	30.17
12.54	25.09
9.31	26.36
10.26	29.12
15.36	24.94
12.23	25.78
11.65	30.13
13.37	31.84
18.85	28.75
16.61	24.6
8.85	26.2
8.69	28.22
12.59	29.23
10.99	30.04
12.1	28.05
12.35	26.74
13.29	22.21
10.24	20.47
10.85	25.68
15.2	22
12.35	23.57
8.25	25.38
10.87	27.32
14.14	20.69
9.21	21.22
7.2	22.8
9.56	22.36
8.72	24.21
9.19	24.39
10	19.99
6.08	17.95
7.37	15.04
4.22	16.72
4.73	20.65
7.96	16.42
7.12	14.7
6.37	18.44
10.83	17.71
6.25	13.43
7.41	12.53
2.22	11.93
1.7	16.09
3.16	17.83
2.74	20.1
3.64	21.02
4.65	22.24
5.04	22.87
5.37	22.1
9.29	19.59
8.57	23.82
11.1	20.79
7.14	19.65
11.18	15.83
10.97	14.72
9.99	18.21
4.95	20.1
4.61	21.24
6.24	22.62
5.92	15.26
0.92	11.76
-2.72	17.5
0.2	22.5
0.38	19.8
1.58	19.8
2.43	21.16
2.36	20.85
5.06	20.97
6.19	20.91
5.59	16.79
1.98	6.25
-3.49	9.02
-3.61	10.15
-0.98	17.42
0.91	15.84
2.26	17.33
4.34	19.06
9.45	25.63
3.72	20.35
2	23.32
5.69	13.79
2.25	9.58
-3.57	7.65
-6.74	9.31
-4.17	6.82
-6.99	7.96
-4.45	10.92
4.51	9.27
5.83	13.47
0.96	13
-1.43	18.05
2.51	18.16
6.43	16.04
2.31	14.8
8.85	17.88
6.99	14.73
7	10.09
7.26	8.74
5.07	6.67
3.68	6.69
1.17	10.84
0.61	9.35
0.41	7.32
3.87	8.15
1.71	15.47
-0.2	1.43
-8.37	2.47
-1.99	0.12
-2.72	-0.74
-14.03	-2.35
-14.27	-4.17
-10.81	0.3
-8.85	1.62
-6.97	0
0.38	1.07
0.46	0.99
0.44	1.67
0.96	2.37
0.78	3.27
-0.4	4.53
-2.24	3.94
-0.47	9.35
4.47	7.9
1.39	8.77
-4.49	1.37
-6.63	1.57
-1.32	7.83
-0.3	10.31
-1.56	9.48
-3.65	7.04
-3.56	8.1
-2.44	8.32
-3.29	7.16
-4.55	6.46
-5.75	-1.27
-2.76	0.39
0.24	4.57
-1.35	10.08
-1.23	8.87
0.32	7.85
-2.69	6.31
-4.19	4.61
-3.53	0.15
-4.32	-0.8
-2.44	-0.72
-0.54	0.78
-0.19	0.74
0.06	1.19
-0.14	1.18
-0.85	0.88
0.54	1.54
0.47	2.44
0.2	1.42
-0.34	0.84
-0.94	2.15
-0.44	1.15
-1.68	-0.08
-0.98	1.44
-1.04	0.96
-6.5	-0.63
-9.88	-2.77
-6.84	-3.9
-6.98	-5.14
-10.47	-6.08
-9.63	-6.43
-8.43	-3.32
-7.98	-2.89
-3.46	-0.09
-7.45	0.83
-9.5	-1.03
-10.18	-1.9
-4.13	-1.43
-9.75	-1.6
-6	2.72
-3.42	0.63
-2.62	1.01
-6.49	-1.63
-6.82	-1.27
-3.54	-1.04
-4.4	-0.65
-8.79	-2.06
-9.41	-3.24
-6.31	-1.68
-7.46	-0.55
-1.21	6.56
-1.67	7.31
-0.18	5.59
1.01	3.88
0.84	11.1
1.3	6.47
2.81	5.77
0.33	6.68
2.83	5.97
-2.83	8.28
-1.37	10.06
2.84	13.64
0.42	9.09
1.48	12.33
0	6.33
3.29	4.59
4	8.04
3.36	8.7
4.87	7.09
4.17	7.4
4.92	8.32
5.19	9.03
6.6	8.44
5.39	9.5
2.66	8.88
4.75	7.4
4.01	7.98
2.75	9.33
4.22	7.64
4.36	13.9
8.43	15.23
7.19	15.12
4.58	15.39
4.28	10.43
-2.62	3.37
-6.41	2.34
-6.5	7.76
-3.29	12.63
-1.35	16.44
0.78	16.49
0.38	15.98
0.12	15.97
-1.02	15.49
0.65	16.07
2.01	17.46
1.54	18.59
1.62	14.67
-2.64	13.39
-0.97	20.59
7.72	16.16
5.95	17.31
2.88	12.4
2.16	14.62
2	20.19
4.89	18.04
3.81	13.09
7.42	19.88
8.12	19.24
9.66	16.66
8	14.37
4.4	19.34
6.79	22.44
9.39	17.72
5.65	15.62
9.14	16.58
10.24	15.19
9.63	12.95
8.73	11.44
8.56	13.01
8.77	11.44
7.83	14.28
7.13	11.24
7.62	13.23
7.27	12.8
9	15.11
11.22	16.62
4.35	17.39
8.22	14.63
3.38	10.12
2.45	9.98
0.71	12.49
2.46	11.27
-1.58	13.42
1.29	17.87
3.34	20.15
3.91	21.81
9.51	16.11
7.91	13.2
7.82	16.5
8.82	19.51
9.17	19.41
8.35	19.86
8.55	21.27
9.25	21.14
9.76	14.14
6.72	18.66
7.9	13.5
9.87	18.41
12.15	17.02
11.97	18.53
7.76	19.95
5.58	19.05
11.81	22.68
12.36	20.22
9.64	19.3
7.11	21.47
7.52	23.24
9.11	25.38
11.45	24.68
11.51	26.65
10.25	23.24
8.55	17.04
7.44	20.38
8.71	24.02
12.77	20.81
10.69	16.57
10.45	16.26
11.43	20.02
7.93	23.5
10.96	25.65
13.6	26.3
15.49	27.38
14.75	26.4
13.1	22.45
11.12	26.46
13	26.76
13.04	26.92
13.13	24.74
13.66	23.46
14.51	25.93
15.99	24.93
13.38	20.53
11.66	20.32
8.65	25.25
12.91	24.15
12.43	24.73
14.11	27.34
14.72	25.23
12.31	18.57
9.47	20.7
8.77	23.69
10.96	24.95
15.22	25.5
15.68	26.2
14.62	24.7
12.01	21.86
12.74	22.61
10.01	22.77
14.28	22.46
12.13	23.76
14.78	25.2
15.94	24.65
13.42	27.56
14.15	30.91
17.12	30.66
14.7	22.91
11.45	15.89
13.05	14.78
13.75	17.76
14.87	25.54
17.03	28.7
16.96	28.47
16.55	28.74
16.03	28.04
18.1	28.01
16.38	29.03
17.35	28.1
17.84	25.47
16.86	28.54
17.52	26.64
18	25.19
17.12	23.16
13.92	21.41
15.58	22.82
12.04	24.6
14.44	21.92
15.37	23.49
13.75	24.02
13.78	20.74
11.96	20.89
7.44	23.59
11.72	25.18
11.81	26.59
13.69	28.18
15.3	28.96
14.98	29.8
16.02	29.8
18.23	26.99
15.57	29.64
18.11	30.11
19.33	31.17
19.17	28.3
14.5	24.34
14.91	20.4
10.38	15.44
10.23	15.44
12.65	16.69
12.22	18.54
6.71	20.96
6.82	21.91
10.08	21.83
11.88	20.44
10.96	19.85
13.38	18.88
13.94	17.74
13.35	18.16
10.78	19.65
6.81	19.67
9.23	19.66
8.02	20.85
7.77	23.1
9.33	23.75
10.79	24.63
11.84	24.35
12.25	25.5
14.97	20.68
16.67	23.68
10.57	19.37
3.88	15.89
3.27	15.84
3.59	16.74
2.74	14.53
9.21	14.37
8.94	13.92
8.2	12.72
8.22	13.7
7.98	17.3
5.42	18.43
4.41	19.79
8.67	13.81
6.33	14.99
0.49	14.1
0.12	14.76
3.47	14.29
4.25	14.02
4.89	13.54
6.42	12.5
5.99	10.82
6.27	9.6
2.37	9.96
2	9.94
4.68	12.95
4.56	15.06
7.35	12.41
8.55	11.26
8.12	12.26
7.88	14.55
2.79	17.56
6.14	19.01
5.01	15
5.84	13.02
-0.9	13.25
2.47	12.02
0.86	13.51
-1.6	13.53
-0.3	8.15
-5.57	11.99
0.33	7.77
-3.98	8.69
0.69	12.58
4.01	16.45
1.56	14.85
0.2	14.68
4.24	16.04
11.04	18.08
10.38	14.04
7.35	13.43
6.43	14.2
1.8	12.99
1.17	14.36
1.99	14.85
2.78	13.06
2.51	15.45
1.76	16.72
1.5	16.11
1.55	10.68
1.93	13.97
1.07	10.13
3.58	14.76
2.71	11.21
-1.45	10.75
4.69	8.96
3.9	5.57
-2.74	6.32
0.79	11.54
0.82	14.88
-4.34	1.59
-1.53	3.17
1.6	8.23
0.05	6.97
4.04	5.79
3.28	4.95
0.14	4.74
-2.03	5.52
-5.39	4.05
-3.18	4.76
-4.73	5.45
-4.08	9.17
1.99	6.67
4.06	6.88
5.84	13.46
1.52	10.52
1.67	6.03
-0.99	7.64
-3.5	3.54
0.91	2.97
1.42	11.83
0.49	8
-1.21	3.1
-0.28	2.5
1.65	2.55
1.44	2.14
0.71	1.98
0.01	1.4
-1.08	0.24
-1.96	-0.68
-0.89	3.66
0.24	2.86
-3.31	1.04
-8.76	-0.08
-9.05	-0.5
-7.2	-3.88
-5.28	-4.24
-5.14	-3.06
-3.03	-0.93
-6.28	-1.05
-11.81	-2.13
-12.53	-1.08
-11.73	-1.88
-9.08	-0.92
-2.42	1.3
-3.21	0.2
-1.01	1.59
-0.67	3.87
-0.55	1.89
-5.89	3.32
-1.35	0.52
-1.06	-0.14
-1	-0.05
-1.39	2.55
-3.01	3.1
-7.03	3.48
-8.24	2.52
-8.02	-1.89
-2.56	-0.56
-3.67	-1.41
-2.76	1.07
0.18	1.52
0.25	1.82
0.54	1.79
-0.11	0.76
0.44	1.18
0.26	1.14
-2.78	1.57
-10.29	-1.66
-15.51	-4.41
-9.67	1.16
-6.9	5.22
-1.84	1.7
-1.85	7.39
0.22	2.03
0.1	2.08
-0.64	2.89
-3.23	3.81
-4.29	7.19
-5.89	3.78
-2.77	6.67
-1.41	7.48
-2.76	6.36
3.02	9.43
-0.66	7.58
-3.96	5.78
-0.13	5.18
1.43	6.61
0.91	4.33
0.28	4.69
-0.72	4.09
-3.14	6.42
-5	6.96
-2.31	5.51
-0.23	9.32
0.98	11.19
-0.81	9.17
-3.27	7.09
-5.2	4.94
-2.59	3.44
-3.1	1.54
-3.79	3.5
-2.48	7.05
-3.53	10.2
-0.45	9.59
-0.13	5.32
2.71	9.31
-2.3	11.98
1.14	9.75
1.87	6.6
-2.05	2.52
-2.52	3.81
-2.02	3.98
-3.03	6.9
-2.94	5.65
0.19	2.38
0.21	2.95
0.66	4.14
-2.54	10.05
-2.09	9.98
0.96	9.54
-0.78	10.74
-1.27	11.3
1.19	13.15
-1.25	16.2
-0.5	17.57
1.14	17.87
1.46	14.54
5.41	17.46
2.33	17.2
2.02	14.27
5.08	15.73
2.47	18.45
8.6	16.64
5.65	17.53
4.91	15.23
4.88	10.14
3.16	12.47
0.01	17.53
6.03	15.42
5.16	9.63
5.17	10.61
5.25	17.56
2.86	10.44
3.34	9.63
2.16	6.01
1.49	4.9
2.18	9.31
5.4	12.21
1.7	15.03
4.88	10.92
-0.04	13.04
1.27	6.49
3.89	7.26
0.93	12.81
0.15	15.24
6.69	11.2
7.98	12.34
5.63	14.1
3.51	15.65
4.48	19.65
12.19	19.89
7.9	22.25
9.1	22.93
12.01	25.76
14.81	25.01
11.55	25.73
11.31	27.74
17.9	28.69
12.61	20.3
7.2	21.41
4.37	16.4
3.83	17.4
5.92	21.14
8.12	16.48
1.82	18.96
2.71	21.3
7.62	22.63
7.86	13.27
1.74	16.08
0.65	15.29
6.79	23
11.2	24.22
10.82	25.6
11.75	26.39
9.18	24.97
14.27	23.16
11.38	21.15
9.1	20.07
8.9	19.8
9.43	22.73
7.85	24.43
10.64	23.99
11.06	23.08
11.52	26.87
14.47	28.77
15.95	25.12
15.02	21.81
11.37	24.85
13.42	22.08
12.98	18.08
10.58	21.41
10.39	20.93
12.91	24.37
14.72	24.43
12.97	23.54
13.85	25.05
13.5	25.39
10.48	20.34
11.84	17.89
10.52	20.61
8.4	20.71
7.69	21.6
6.37	23.49
13.69	20.97
13.62	15.52
14.89	23.05
11.22	20.74
13.84	21.75
12.04	26.22
12.25	27.21
14.84	28.15
16.84	26.29
15.23	22.42
15.08	22.35
14.09	25.28
15.91	26.97
15.53	27.48
13.95	27.21
13.99	27.94
16.52	25.89
16.74	27.2
16.14	25.03
17.22	23.83
10.8	25.42
11.98	26
14.04	21.57
11.64	25.65
17.09	27.48
20.8	28.43
18.66	30.19
16.58	27.09
12.24	24.66
12.56	25.8
12.98	27.93
14.43	22.75
12.59	23.19
11.52	20.81
9.38	20.84
9.74	21.93
12.08	22.12
8.89	21.58
13.14	23.24
12.67	24.03
12.1	25.11
9.78	26.49
10.83	27.31
14.94	23.55
12.85	25.54
12.11	27.08
12.48	27.85
14.71	29.64
15.76	25.77
9.19	24.09
8.24	25.61
8.88	27.04
12.78	28.46
14	26.79
11.77	25.13
8.42	24.93
8.9	25.46
8.78	27.71
10.6	30.25
13.05	31.29
12.79	30.92
14.86	27.48
15.58	21.83
15.09	21.32
15.24	27.21
13.45	26.07
15.28	22.21
9.37	24.26
12.91	19.66
14.43	16
14.78	21.62
11.47	19.8
13.76	21.8
10.29	25.4
10.89	28.02
11.88	29.64
11.98	29.76
12.4	30.16
12.22	30.06
11.93	30.38
11	29.79
12.56	25.12
8.92	19.63
6.64	19.12
5.27	18.19
9.56	19.28
5.63	19.21
7.03	22.27
12.41	21.06
13.18	23.33
12.24	18.16
11.67	21.17
12.81	23.93
12.25	19.49
6.82	19.06
11.5	17.48
9.93	14.52
9.28	12.72
9.08	11.69
8.11	17.73
4.52	19.34
6.98	13.96
9.14	13.59
10.18	17.51
11.03	19.14
8.34	18.32
5.58	19.23
4.66	18.99
2.64	18.62
5.19	18.27
9.29	17.52
3.29	18.96
2.85	18.8
5.32	10.14
-0.35	5.81
4.5	15.6
9.06	18.47
6.06	15.54
10.53	21.7
4.62	14.64
0.62	11.44
-0.03	12.93
1.74	9.72
4.55	12
-1.05	10.23
2.38	6.13
-4	5.8
-6.14	8.08
-5.13	8.92
-4.94	11.05
-4.62	12.67
-2.41	11.13
4.17	10.16
-3.61	5.41
-7.61	6.97
-6.9	8.3
-6.01	8.31
-3.81	16.74
5.88	16.87
0.9	7.88
-1.8	8.48
2.03	8.25
0.96	11.93
-1.51	9.66
-1.41	10.17
-1.17	7.52
3.83	8.34
-1.39	6.69
1.92	10.96
0.06	9.92
-3.14	6.33
-2.91	10.43
0.13	11.99
-3.18	9.35
-3.98	6.89
-4.23	8.57
-1.27	7.89
3.12	10.11
0.39	4.49
-2.7	1.58
-7.76	-0.44
-8.09	-1.63
-8.63	-1.04
-11.77	-2.6
-14.06	-4.92
-14.54	-4.1
-14.45	-0.92
-6.93	3.71
-3.53	6.43
-2.15	6.35
-2.72	9.03
-0.57	8.73
-5.37	-0.18
-9.59	-1.02
-10.66	-1.47
-9.18	0.51
-3.94	6.23
-0.53	3.66
-5.23	3.14
-0.83	4.37
-0.39	3.61
-1.52	1.1
-0.64	12.26
5.55	11.84
3.56	13.64
0.06	10.43
7.59	12.84
4.8	12.32
3.15	8.32
-2.05	4
1.51	2.53
0.07	2.53
0.64	2.42
0.47	1.84
-0.1	0.8
0.18	0.96
0.34	1.3
0.53	2.07
0.54	1.67
0.44	1.62
0.69	2.67
0.84	1.8
0.38	1.55
-1.35	0.4
-1.64	0.3
-1.41	3.3
-2.2	0.44
-1.18	0.09
-2.33	0.13
-0.13	1.28
0.16	4.58
0.16	4.12
1.99	7.62
6.05	12.48
-1.36	8.23
-4.15	6.75
-1.99	5.47
-0.35	7.78
-0.53	8.55
-1.75	6.29
-1.62	1.64
-1.03	6.98
-1.53	2.97
1.57	3.49
1.95	10.74
2.57	11.02
1.47	7.45
1.27	12.47
3.03	7.93
2.41	7.01
1.49	9.66
0.38	8.55
-0.84	7.95
-1.82	10.66
0.8	13.93
-0.19	14.42
5.19	15.87
1.98	13.95
-0.17	10.03
3.68	8.48
0.63	7.66
5.72	11.74
2.97	11.7
3.83	9.33
1.13	8.48
1.29	7.03
0.36	8.39
-2.51	4.59
2.51	6.79
2.54	5.96
-0.2	3.38
0.04	5.12
-2.75	5.57
-3.52	4.73
-2.06	4.23
-2.39	4.22
-0.22	5.43
3.81	6.11
3.6	5.23
2.09	5.06
1.44	3.19
0.11	3.07
1.13	2.57
1.33	4.86
1.56	4.9
1.76	9.84
-1.64	12.5
-0.36	10.49
1.75	13.51
1.73	16.15
5.09	18.03
9.19	17.73
11.03	18.99
6.82	22.97
3.76	23.56
3.58	20.86
5.34	20.72
7.15	15.79
2.62	17.78
4.48	20.46
5.89	20.32
4.83	19.73
4.25	15.01
3.53	14.85
5.97	10.68
6.01	13.92
0	14.94
-1	15.69
-0.5	16.95
2.44	16.51
2.26	15.94
4.96	15.76
1.28	19.75
2.32	21.23
4.76	16.93
7.83	19
10.08	15.08
2.95	10.28
2.27	12.06
0.15	11.04
3.17	10.96
4.44	10.78
4.56	12.88
-1.27	16.56
5.72	12.72
0.61	12.71
1.84	16.54
2.35	17.24
2.96	11.2
7.56	11.75
2.27	14.81
9.26	19.12
10.6	19.96
8.32	19.47
12.05	15.97
10.59	16.24
9.43	18.75
9.5	15.88
8.62	11.56
9.65	14.09
7.09	15.28
4.87	14.6
2.85	16.77
2.49	19.45
6.07	18.78
9.89	16.76
10.24	21.04
7.91	22.85
5.62	15.81
6.99	16.14
3.58	15.94
6.54	19.94
6.86	22.09
8.99	24.32
10.98	22.18
10.2	18.87
7.44	17.37
5.55	16
8.48	16.36
4.83	21.01
6.03	24.16
9.58	23.62
12.14	22.92
10.91	24.26
13.62	24.97
15.32	21.16
14.61	19.11
7.75	23.5
8.82	25.67
13.72	22.36
13.95	24.19
10.84	19.08
4.51	18.73
7.81	21.52
8.59	14.27
8.48	16.79
5.26	16.38
7.55	13.1
9.37	19.96
7.82	22.47
9.59	22
9.18	24.04
9.5	24.81
14.02	21.06
8.31	20.83
10.99	21.17
8.12	20.44
9.81	25.32
14.71	20.78
13.58	23.65
10.37	26.71
16.13	25.46
11.72	24.66
13.71	21.56
14.51	22.56
11.34	25.88
14.17	23.81
8.77	25.23
11.92	22.28
13.07	24.33
12.67	27.49
13.47	20.21
11.15	20.29
10.02	21.7
11.6	23.34
12.33	24.18
14.08	27.12
16.2	29.88
16.49	30.41
16.87	26.23
10.47	27.33
16.74	30.16
14.95	25.99
13.67	19.09
9.84	18.8
11.59	19.29
13.93	20.64
14.56	23.04
11.89	28.14
14.05	23.4
9.2	22.13
9.61	25.41
10.37	28.38
13.21	29.44
13.45	30
17.88	30.83
15.82	30.21
15.64	31.18
16.93	30.39
16.55	32.27
17.05	29.61
15.46	25.34
12.22	23.92
9.88	26.56
13.92	24.31
9.5	24.17
13.56	21.29
10.24	19.8
7.13	24.61
10.29	28.72
15.05	32.59
17.02	32.89
16.79	32.39
14.16	31.53
15.22	30.94
16.56	29.46
16.36	27.85
16.94	24.49
16.73	24.4
16.81	24.55
15.69	24.05
16.32	21.3
16.39	23.52
14.37	19.63
13.28	24.58
10.59	23.73
10.12	23.5
14.68	21.33
12.98	22.34
12.9	27.02
12.99	21.53
7.02	21.33
8.58	23.36
14.59	19.04
6.68	23.63
7.78	24.49
11.74	22.52
7.18	20.02
8.24	21.8
9.52	23.83
10.31	27.13
13.7	23.38
14.56	20.77
12.52	22.73
11.21	21.26
11.88	22.29
9.75	19.32
12.24	15.87
11.25	14.58
10.09	14.95
8.65	17.99
8.78	11.82
6.6	13.85
3.93	17.05
2.2	20.96
7.46	15.65
7.73	9.25
6.99	11.61
3.39	9.67
3.46	13.84
6.95	10.19
5.98	8.59
6.2	10.26
0.19	12.06
5.21	8.91
1.23	8.34
2.4	14.12
0.78	12.47
4.19	10.66
5.99	10.14
4.83	8.94
1.89	8.97
4.68	8.54
1.35	13.05
1.37	13.37
-0.62	14.22
7.33	12.69
4.1	7.77
3.59	12.77
-0.46	12.71
1.92	8.92
3.7	14.57
4.15	10.33
-0.16	9.66
4.3	7.97
1.3	7.6
-2.11	8.59
-2.69	7.02
0.94	8.72
-0.81	9.37
1.18	10.48
-1.9	10.45
3.93	5.3
3.83	5.51
2.81	4.06
0.91	7.52
-3.12	9.78
-3.05	9.77
1.72	10.63
1.31	13.41
0.39	9.83
3.21	15.58
9.64	16.64
12.5	17.14
5.67	15.89
4.35	14.27
5.83	13.68
0.08	9.94
0.19	5.44
2.27	5.09
4.37	7.41
5.41	7.12
6.17	7.95
4.22	9.44
0.56	8.2
2.06	5.63
-0.24	4.59
-0.88	7.59
-0.61	9.4
1.49	10.31
4.15	15.05
3.64	12.81
-0.31	6.53
-0.73	4.28
1.14	6.96
4.86	11.91
6.36	9.43
4.37	7.25
4.1	5.72
0.23	5.64
-3.07	1.71
-1.06	2.47
-6.29	4.19
-4.29	4.12
-3.13	4.97
0.6	8.92
-2.43	6.65
-1.15	7.79
-2.01	9.39
-4.71	5.68
-5.36	6.74
-2.91	-0.93
-1.48	0.49
-1.61	2.81
-1.77	11.06
-0.04	11.54
3.45	17.42
1.74	9.93
-0.57	2.89
-2.96	3.38
1.28	6.45
-0.12	5.5
-3.8	2.8
-1.48	4.28
-0.43	14.6
-1.18	7.42
0.46	4.94
-2.94	2.94
-5.25	5.93
-5.79	6.24
-2.33	6.46
-4.35	6.87
-3.8	9.86
-3.39	6.05
-0.14	9.86
6.39	13.35
7.72	12.29
6.18	13.93
2.38	9.34
-1.01	4.38
0.68	6.77
0	5.47
-0.31	8.24
1.15	10.44
1.25	10.99
-0.92	9.13
2.8	7.87
-1.09	9.74
-0.66	4.53
-2.24	7.11
-1.36	3.26
2	8.05
1.59	5.89
-0.85	2.98
-5.1	4.72
-5.91	6.11
-5.64	9.3
-1.23	3.47
-7	4.37
-7.44	7.37
-5.38	11.25
-2.24	6.91
-1.4	6.54
0.13	8.44
-0.53	6.11
-1.44	2.96
-8.25	1.45
-8.92	4.69
-2.26	3.86
-0.34	3.35
-0.82	4.46
-4.84	7.02
-6.26	9.52
-5.09	8.53
-5.08	7.79
-0.86	4.48
-4.94	7.41
-7.47	12.3
-4.96	13.92
-2.83	15.72
2.3	16.73
4.18	15.21
4.95	14.12
1.29	15.39
0.34	15.4
4.7	16.19
3.09	16.58
1.54	16.92
4.79	16.73
3.15	12.93
5.81	13.8
5.95	8.87
1.99	12.17
0.57	10.43
3.78	6.71
1.82	5.76
2.71	11.44
5.25	11.74
3.74	8.69
-1.11	4.88
-0.53	3.27
-0.75	6.31
-1.93	8
-2.42	12.28
2.03	12.83
8.61	15.25
1.08	11.24
1.3	3.7
2.97	5.6
3.82	7.11
4.27	7.93
4.32	10.82
7.37	14.95
6.39	19.72
8.3	20.86
7.3	15.86
3.88	13.79
3.31	14.6
1.8	8.4
4.78	10.74
-1.44	11.92
4.47	13.82
5.15	16.08
6.1	20.36
7.03	14.58
4	14.19
4.94	13.63
2.02	14.5
0.2	18.33
5.14	15.87
8.24	18.13
5.54	16.32
7.5	18.19
8.82	14.99
3.59	11.54
2.35	13.91
1.24	18.04
1.79	20.75
2.57	22.42
7.65	18.21
6.5	19.58
5.28	20.75
8.61	17.75
8.83	17.86
9.14	19.14
10.24	24.54
13.03	20.03
6.87	18.58
5.42	21.67
6.08	22.42
9	21.97
10.37	18.7
10.52	23.69
13.03	23.69
10.78	25.89
11.98	25.83
10.99	27.07
12.25	27.72
12.35	26.04
12.51	24.5
13.07	24.92
10.86	16.4
9.48	17.98
12.04	14.6
10.24	19.67
11.46	19.68
13.65	21.08
9.34	24.72
15.38	23.74
10.42	22.16
9.63	18.92
6.5	13.96
9.44	15.94
9.91	17.27
5.33	16.15
5.97	17.07
6.59	17.82
11.67	16.71
10.62	19.19
11.4	20.17
12.53	22.69
10.26	25.2
12.05	26.88
14.48	27.75
14.61	29.15
17.33	25.22
13.31	19.9
12.31	17.47
7.74	19.79
14.7	18.35
13.52	24.3
15.83	27.82
15.81	29.18
15.37	27.07
14.31	22.54
13.49	24.73
10.87	27.56
13.52	26.73
12.66	22.49
12.36	16.89
10.36	12.73
10.84	22.01
17.13	25.02
11.77	26.81
15.98	23.98
14.95	25.29
13.45	26.28
12.52	27.14
14.66	27.45
16.03	27.97
17.44	26.14
15.83	22.93
16.39	25.31
14.4	27.89
16.3	29.51
17.48	27.2
14.91	27.12
16.01	28.99
16.44	25.4
11.88	24.77
14.17	23.91
14.31	25.09
12.61	26.49
14.47	27.99
14.47	23.65
9.47	21.41
10.07	22.72
10.77	25.06
12.64	26.81
16.14	26.89
13.58	26.02
12.92	26.24
13.38	25.76
12.86	24.52
13.19	24.84
12.5	22.82
12.22	25.21
13.81	25.55
14.89	24.75
14.13	26.53
14.69	28.18
13.75	28.62
15.11	26.04
15.44	23.77
11.26	23.18
12.11	25.62
14.79	23
13.71	27.6
15.3	25.8
15.24	22.5
9.59	23.75
9.69	26.06
10.68	25.23
11.36	25.64
14.17	25.46
15.01	19.91
13.79	20.75
14.07	20.96
14.64	20
14.97	19.24
13.69	23.57
14.96	24.59
12.06	25.63
13	25.73
13.81	25.01
12.89	25.01
13.22	24.9
13.05	23.47
12.63	20.6
13.67	20.29
7.59	20.78
9.36	22.38
9.37	22.77
13.85	18.2
10.55	15.14
5.65	20.66
13.11	24.79
14.31	25.76
13.52	27.97
14.32	26.27
11.24	24.23
8.81	24.77
8.78	24.73
11.46	22.78
9.62	23.78
11.29	23.26
11.36	22.45
13.95	23.95
12.05	20.66
13	24.7
11.8	24.33
11.95	23.9
12.55	24.82
12.57	21.94
9.58	23.73
11.7	19.01
5.6	17.13
7.14	16.9
5.31	18.84
3.52	16.51
4.65	14.64
4.32	11.61
3.98	9.44
2.46	8.26
6.36	8.58
6.29	9.85
2.17	13.09
3.54	13.49
9.06	11.14
8.18	13.19
6.17	13.07
8.05	11.06
5.38	12.56
5.67	12.44
1.94	14.02
6.15	12.94
1.28	13.56
-0.12	16.11
-0.21	17.76
-0.26	17.58
0.59	16.86
2.23	9.96
1.3	11.13
3.68	5.33
5.2	7.95
6.86	8.08
7.25	8.96
7.12	8.36
6.24	7.64
6.13	7.64
4.59	9.51
4.36	7.15
4.41	5.63
4.92	6.85
3.56	6.33
4.2	6.47
3.63	5.7
2.54	6.61
0.11	3.82
1.18	2.9
3.32	6.77
0.59	8.9
2.45	6.38
-0.16	5.86
-3.42	4.33
-1.3	0.75
-3.75	1.05
-9.5	0.49
-9.55	2.25
-5.29	4.57
-1.7	8.26
-1.18	6.31
1.07	6.36
0.79	5.63
2.39	5.6
3.76	6.12
3.73	6.7
0.43	4.96
0.33	7.81
-0.58	6.85
-3.35	4.88
-3.8	3.08
-4.29	2.54
-2.24	2.76
-1.91	0.99
-0.89	0.69
-0.56	1.46
-0.57	0.88
-0.34	1.12
0.67	2.19
-1.5	1.75
-8.5	-1.71
-10.12	0.1
-8.03	0
-6.54	4.56
-6.22	2.92
-7.48	1.52
-4.61	-0.24
-5.41	3.61
-1.74	5.39
-3.93	5.64
-4.99	0.75
-2.33	-0.42
-3.48	-2.14
-3.85	-0.95
-2.07	7.84
0.42	10.2
1.06	6.3
-3.78	3.01
-0.21	4.84
-1.05	1.17
-4.01	5.35
-5.64	2.41
-4.82	0.64
-2.5	7.63
-0.24	13.81
4.06	12.33
1.97	8.92
-0.35	7.5
-5.08	1.66
-7.81	0.47
-3.68	1.58
-2.03	6.33
-5.15	6.52
-1.53	7.93
-1.7	7.15
-0.93	12.94
0.17	6.34
-4.01	0.73
-6.99	1.19
-3.17	0.14
-6.27	-1.64
-5.59	-2.27
-11.89	-2.63
-6.14	-3.06
-6.59	-4.44
-5.47	-1.82
-2.84	0.83
-1.44	1.68
-0.36	2.22
-0.33	1.27
-7.33	1.47
-9.83	-1.38
-11.4	-2.43
-6.77	4.36
-2.27	0.89
-2.9	-0.47
-5.04	-2.03
-5.17	0.52
-0.3	3.17
0.64	4.46
0.64	3.58
-0.56	1.37
-1.46	2.02
-0.21	2.96
-1.94	3.2
-3.75	5.39
-4.04	2.18
-3.83	-0.48
-2.06	1.15
-0.88	14.65
-1.03	13.37
-2.61	12.7
-2.74	14.57
-1.24	18.04
-1.24	16.18
-0.93	8.77
-1.73	4.03
-4.64	-0.21
-6.27	-0.48
-4.41	-1.11
-7.78	0.21
-2.66	-0.69
-3.4	0.87
-13.61	0.93
-15.47	2.71
-10.26	2.74
-6.82	3.16
-2	5.4
0.86	3.92
2.03	9.78
-0.2	12.85
3.61	14.17
0.53	8.07
-3.39	1.68
-7.09	4.4
-1.76	4.03
2.21	5.97
-1.39	10.09
2.05	15.34
-0.68	14.58
-0.69	12.91
2.06	15.37
1.5	19.07
5.45	16.65
2.37	20.71
3.43	22.63
6.46	24.22
3.07	24
5.02	22.64
5.71	23.62
7.24	18.55
5.87	10.06
4.63	9.43
3.27	10.29
1.04	11.17
0.32	15.95
4.25	16.03
3.99	16.72
2.38	19.14
6.39	16.14
5.84	17.53
3.61	19.69
3.68	21.26
5.24	21.34
5.57	19.09
4.98	14.93
2.41	6.58
6.27	13.36
9.19	16.56
6.61	12.94
6.98	16.32
4.45	11.87
2.74	7.59
-1.72	10.6
-1.92	14.09
0.76	11.98
4.2	18.83
4.75	21.75
10.26	22.91
7.65	25.7
8.51	25.69
9.49	24.23
8.57	23.8
9.51	24.41
8.58	23.36
7.97	23.1
11.07	20.4
7.41	17.23
2.15	19.11
5.12	23.47
7.49	23.65
9.23	24.33
9.33	24.54
8.93	24.07
10.05	21.85
11.13	16.41
6.52	14.41
9.75	15.59
7.37	20.05
9.32	21.88
11.74	18.31
8.15	18.96
7.14	21.4
9.37	23.34
12.68	19.19
10.77	19.09
11.58	16.53
8.8	15.46
6.39	16.76
4.99	15.66
7.01	19.1
11.16	21.26
11	24.32
10.66	24.3
10.38	22.43
9.37	23.57
14.31	22.87
11.39	26.9
14.95	23.15
10.16	26
12.92	22.5
10.38	19.5
8.35	23.59
9.42	26.22
11.1	27.74
12.54	28.13
13.69	28.38
13.57	25.46
11.26	25.45
10.03	26.06
10.4	27.04
11.25	26.73
11.13	27.47
13.04	30.56
16.02	28.93
12.33	29.01
12.16	28.45
11.36	29.17
11.86	30.81
14.05	31.7
15.62	24.81
9.44	25.95
10.59	28.15
12.54	28.07
13.32	25
12.94	26.71
10.48	27.81
12.28	29.81
17.16	26.44
13.67	28.59
13.73	30.6
14.71	31.22
15.59	31.29
14.35	31.89
15.41	31.56
16.57	28.31
17.16	23.21
15.39	19.19
15.57	20.18
14.9	17.94
13.83	22.84
14.66	22.63
15.64	24.69
14.81	21.9
7.79	23.95
11.26	26.07
13.98	22.51
8.5	20.76
10.16	23.4
11.82	22.01
10.78	19.53
6.71	20.76
7.3	24.1
11.06	23.08
8.9	21.54
9.81	23.27
14.86	22.44
13.49	24.33
11.08	22.27
10.61	23.74
9	24.37
10.66	19.9
14.16	19.58
11.7	22.8
10.92	22.33
9.94	21.81
10.5	17.56
9.65	14.8
9.06	20.81
9.1	21.75
7.1	23.62
7.43	24.28
7.59	24.84
8.64	24.82
9.5	25.82
14.95	20.87
14.11	24.37
14.44	21.7
13.14	22.09
10.85	18.61
9.38	11.95
9.18	15.83
5.9	16.77
7.47	19.35
4.89	21.09
6.26	21.4
10.56	20.26
8.57	16.38
7.33	22.98
12.16	23.44
13.09	23.8
10.79	16.9
10.28	15.79
9.38	17.93
9.96	14.73
10.61	18.3
8.77	16.4
8.29	15.56
7.55	13.24
8.02	15.49
4.23	18.82
7.35	22.59
11.23	16.71
10.44	19.21
10.75	25.08
14.91	24.83
14.36	19.01
11.02	16.22
13.41	23.29
11.58	24.8
15.22	23.11
12.47	18.32
11.54	19.19
5.57	21.98
6.06	23.84
7.16	23.91
7.31	23
8.8	21.39
11.39	23.11
11.8	23.11
12.4	18.24
9.84	17.17
9.77	13.07
5.84	11.03
3.83	5.87
4.64	6.32
4.71	8.43
4.9	8.21
1.21	11.4
-0.92	10.78
-0.77	9.29
1.02	5.31
2.3	5.49
2.16	4.75
-0.38	6.45
4.38	13.17
5.63	10.97
8.71	17.41
5.94	12.91
5	8.88
6.79	14.08
9.07	12.48
7.95	14.17
8.8	13.3
7.9	13.98
5.66	15.5
4.63	16.17
8.58	16.1
9.42	15.41
8.93	12.79
8.67	9.97
7.99	9.53
6.58	8.38
3.51	9.71
5.06	7.98
4.18	6.65
0.94	6.2
2.02	4.84
2.62	3.79
2.89	4.2
-0.96	5.1
-3.82	4.63
0.21	3.78
-0.94	2.41
-3.39	0.99
-2.12	6.61
-2.37	3.96
-2.01	7.35
3.08	10.99
3.12	12.82
1.34	9.42
0.27	3.47
0.52	2.74
-1.89	1.96
0.37	6.8
0.64	8.84
-0.99	8.98
0.38	3.24
-1.75	3.91
-3.15	1.11
-4.9	1.36
-6.07	1.53
-5.37	-0.81
-4.78	-2.13
-2.7	-0.41
-0.86	1.4
0.72	3.92
2.04	4.44
-0.47	3.09
1.52	3.16
-0.04	2.13
-1.32	-0.15
-1.38	1.52
-4.2	2.81
-8.94	-0.46
-8.87	1.76
-4.29	-1.51
-12.15	-2.91
-18.24	-5.62
-11.08	2.81
-1.83	4.55
0.2	1.33
-0.77	0.47
-1.88	-0.44
-2.24	-0.51
-1.91	-0.79
-2.42	3.32
-2.22	0.29
-2.45	4.05
3.06	7.92
2.26	6.54
-0.26	4.15
-6.22	1.83
-2.67	2.35
-4.91	0.66
-5.96	2.33
-4.18	1.06
-9.85	-2.95
-5.94	0.18
-2.86	0.48
-1.18	0.54
-2.64	7.1
0.06	3.44
-0.91	3.3
1.36	10.49
3.39	7.69
-1.67	9.21
2.7	7.02
1.96	10.96
1.14	5.05
-2.72	2.2
-5.41	0.07
-10.06	0.82
-9.13	0.25
-3.32	2.49
-0.94	2.48
-1.12	4.03
-0.32	10.46
0.52	10.77
3.86	11.6
5.61	13.96
2.09	10.36
3.04	12.44
2.11	6.74
0.08	5.95
-0.74	8.31
-1.35	9.24
-0.13	11.91
1.8	14.08
8.01	14.72
9.94	14.2
5.11	12.16
7.73	14.81
2.28	16.1
4.33	15.44
2.65	12.84
0.4	7.15
-2.75	1.57
-5.18	6.68
-3.51	8.27
1.95	13.95
6.43	12.57
5.31	13.4
-0.32	14.28
-0.97	11.16
-0.62	12.82
0.41	15.84
0.64	15.18
0.65	14.99
8.86	14.9
6.28	9.8
1.24	15.98
5.94	14.51
-0.07	15.51
2.32	16.74
3.94	16.86
3.66	17.24
6.22	16.94
2.81	15.65
6.92	19.39
6.49	22.64
3.9	24.3
4.09	22.52
6.66	18.53
5.33	19.13
8.13	17.66
2.3	13.07
-1.46	2.27
-1.98	3.01
-2.1	9.39
-0.22	13.02
2.3	11.55
6.51	10.38
6.16	9.05
-0.32	13.08
2.18	16.99
6.55	12.85
2.72	7.44
1.2	7.41
-1.2	6.91
-1.23	7.23
1.38	9.7
4.29	12.61
3.44	9.41
0.18	9.74
-0.25	14.3
-1.45	18.33
6.1	13.49
6.52	11.75
-1.56	15.1
4.4	19.76
9.07	19.68
7.52	16.34
3.13	15.06
4.88	18.63
6.32	23.93
11.03	19.58
9.41	25.46
10.23	26.23
11.74	26.29
11.12	23.92
9.19	25.75
10.32	28.26
15.35	24.65
8.53	19.09
8.53	15.11
5.4	16.49
6	16.71
5.17	18.97
6.29	21.28
8.49	24.29
13.67	21.65
10.56	15.91
9.23	17.19
8.65	18.81
8.55	19.97
9.27	19.02
14.03	22.53
15.06	26.83
12.26	26.65
11.34	23.08
9.61	15.74
3.7	19.95
5.35	23.16
10.54	18.8
7.55	16.09
2.58	18.45
2.94	22.54
6.66	24.59
10.79	17.27
5.65	16.15
0.63	17.91
6.87	18.16
7.51	17.19
11.06	20.86
10.69	23.15
8.5	23.37
11.46	26.93
11.27	29.19
12.07	29.49
14.16	28.87
16.4	29.38
14.26	30.22
16.83	31.52
12.41	26.18
14.63	22.32
15.47	26.11
14.98	29.57
16.53	27.97
15.58	26.36
12.04	24.4
14.51	20.72
13.5	23.59
9.82	25.42
11.26	26.36
10.8	23.91
14.46	20.53
9.31	22.24
9.88	25.72
15.04	22.68
13.83	23.29
10.34	25.84
12.8	28.84
15.27	27.25
15.98	25.94
10.63	24.42
12.63	27.8
13.56	27.54
16.7	25.29
16.15	24.7
14.38	25.61
14.86	27.81
11.11	28.47
15.91	27.2
13.73	19.56
9.47	21.29
12.56	23.32
14.14	23.98
15.56	22.9
13.48	25.45
14.73	22.56
12.58	19.99
12.47	23.91
13.63	26.08
13.55	27.7
12.43	23.65
8.24	21.87
8.71	23.31
10.66	25.16
12.96	26.27
15.43	24.41
14.93	19.92
12.44	20.59
13.84	23.79
11.33	26.52
11.5	27.59
13.11	27.41
12.51	26.6
13.19	27.93
13.68	27.74
13.54	26.2
13.24	22.99
10.61	23.54
12.98	20.79
11.22	21.9
12.45	24.86
11.32	23.73
15.06	22.3
15.15	25.98
16.79	24.26
11.56	23.03
15.96	21.5
14.66	22.56
12.05	21.11
8.66	19.31
7.79	21.34
9.63	23.17
10.95	25.49
15.08	21.79
15.99	23.99
16.72	25.98
15.03	26.47
12.06	25.31
11.5	25.38
11.96	26.53
11.14	26.66
12.65	26.08
12.45	26.13
11.59	27.05
12.27	27.39
11.5	21.62
5.35	18.03
11.23	21.38
9.72	25.1
10.46	19.34
4.09	16.41
4.46	21.85
6.72	16.04
4.35	11.58
6.6	8.62
4.08	13.18
5.95	9.65
7.04	13.82
3.96	16.15
6.08	14.66
6.64	15.16
6.12	15.41
5.06	15.27
7.76	12.98
2.13	12.89
-1.3	14.55
4.34	19.15
3.16	20.83
5.95	15.2
1.18	15.3
-0.39	17.36
3.58	20.77
8.43	21.58
12.63	23.2
14.19	23.62
6.16	22.29
7.41	17.79
12.37	14.57
10.88	14.27
8.26	17.18
8.15	16.88
7.8	12.49
4.92	14.86
-0.28	15.01
-0.97	16.28
0.93	15.52
1.06	14.86
1.84	10.06
4.05	11.8
8.31	12.49
5.1	16.47
5.99	19.01
4.61	17.42
4.02	15.12
5.55	11.4
8.43	12.17
7.66	13.63
4.65	11.86
8.43	12.24
7.18	13.2
5.94	15.13
4.6	20.04
8.93	13.94
8.93	13.32
6.07	13.58
2.9	8.86
6.06	9.89
6.51	16.73
3.38	20.17
1.88	16.41
3.87	11.37
0.94	7.44
2.88	7.92
4.31	6.92
-0.18	8.66
-1.31	8.98
-1.87	8.06
-4.27	5.03
-1.18	7.97
3.13	7.84
0.12	7.75
-2.31	8.46
-1.03	7.49
0.95	3.8
1.81	3.96
-0.84	3.75
-5.89	2.54
-6.11	0.4
-2.67	0.84
-2.8	1.25
-1.14	1.32
-5.12	2.96
-9.67	2.14
-10.4	0.92
-1.73	2.36
-0.18	1.27
0.21	1.37
0.54	2.15
-1.02	0.79
-8.07	-0.48
-6.36	-2.44
-6.27	0.53
-2.19	2.61
0	4.62
-1.96	1.2
-2.57	-0.59
-4.3	-2.02
-4.59	-3.87
-4.66	-3.34
-4.69	-0.89
-7.45	-2.13
-5.33	0.76
0.28	9.82
1.13	8.07
0.38	6.88
2.38	7.29
0.19	3.09
-1.63	1.92
-3.18	5.69
-4.22	4.34
-5.57	5.88
-3.78	7.18
-0.06	7.46
-5.17	1.06
-10.21	0.94
-0.58	2.73
-2.84	0.72
-5.31	-2.74
-4.89	-3.06
-4.77	-2.7
-4.26	3.4
0.27	4.26
-1.16	3.33
-2.16	2.01
-1.84	0.31
-0.77	0.19
-1.79	1.34
-2.79	0.91
-1.35	0.26
-2.27	0.6
-1.45	0.59
-4.47	1.46
-5.74	3.57
-0.18	7.21
-3.56	6.24
-3.6	7.23
-3.95	3.1
1.66	7.83
-0.78	4.77
-1.98	5.16
-2.4	5.18
-0.62	3.27
-2.12	3.01
-1.03	3.7
-0.84	2.03
-0.99	3.65
-3.03	2.06
-2.67	-0.02
-6.04	-1.15
-8.28	0.14
-2.79	1.42
-0.57	1.81
-0.85	1.8
-3.76	2.92
-5.03	3.07
-8.69	2.86
-1.66	1.98
-3.61	1.93
-8.06	-1.93
-7.07	-1
-19.31	-1.2
-14.79	0.22
-11.41	5.77
-0.44	10.33
6.35	13.81
5.14	16.14
6.97	12.03
3.83	12.54
4.84	10.21
3.22	16.26
2.96	15.59
2.46	16.56
3.46	12.74
6.4	9.78
1.34	7.15
-0.34	9.28
2.38	10.15
2.12	10.54
0.08	15.33
4.21	9.81
-3.44	10.18
5.01	13.31
6.46	9.93
1.12	14.25
4.47	10.61
2.33	7
-0.13	8.19
-2.29	10.35
3.11	10.32
0.01	8.83
-2.95	10.14
2.25	5.72
1.74	10.76
-0.38	9.91
0.42	11.45
4.39	16.37
1.99	20.11
5.16	20.75
5.26	20.25
2.96	19.06
3.06	18.48
8.26	14.6
7.57	14.99
4.37	13.45
3.24	9.4
-3.32	9.66
1.06	13.07
0.26	12.94
0.09	15.07
9.05	17.05
2.17	13.79
2.46	5.74
1.55	7.08
3.08	7.48
3.21	6.24
2.76	8.18
0.52	10.98
2.2	8.81
4.72	13.71
4.88	13.9
6.42	16.61
3.81	17.74
3.23	18.63
4.67	18.85
3.39	18.69
5.39	15.45
6.04	18.66
5.58	20.57
12.53	21.98
11.65	20.69
8.55	17.03
5.15	18.87
8.89	20.97
5.78	20.38
12.41	18.17
11.64	18.93
9.2	18.32
7.22	16.39
9.3	15.02
3.72	10.26
-2.19	10.5
3.91	12.06
6.04	11.29
2.4	16.68
7.75	17.16
4.7	18.56
9.26	18.06
11.62	20.06
12.55	19.24
8.38	19.6
13.76	17.68
11.7	20.4
11.39	18.31
12.3	19.15
11.72	19.34
8.36	18.47
9.9	19.46
10.85	19.62
11.33	21.14
10.82	23.13
10.75	25.95
11.22	26.08
10.36	27.31
11.06	27.56
12.01	27.09
13.27	24.42
13.94	27.05
14.78	27.55
13.24	24.8
15.4	26.33
11.59	18.92
11.7	18.37
9.41	15.81
10.16	17.34
6.24	20.31
7.53	21.43
12.57	21.38
13.25	20.9
10.1	21.24
9.93	22.98
11.7	22.45
11.71	24.24
11.69	25.05
14.77	22.78
8.61	20.44
10.13	19.8
6.94	18.37
10.66	17.73
7.94	20.87
8.06	23.91
11.07	24.72
15.32	20.73
11.78	25.73
12.97	26.41
13.08	23.69
8.73	22.16
12.04	20.11
10.54	20.15
8.38	21.42
11.45	19.95
11.92	20.43
14.04	26.87
16.19	27.29
14.49	25.29
16.22	23.38
12.1	20.09
11.07	24.39
14.69	26.45
15.28	20.89
10.28	23.35
12.93	20.09
9.22	19.15
7.31	20.79
7.71	22.78
9.53	24.98
10.63	25.76
12.27	26.48
11.75	27.82
13.36	28.68
13.95	24.82
13.04	26.26
12.78	27.22
15.13	28.59
14.74	28.16
15.76	24.12
14.7	27.84
14.07	28.05
15.89	29.33
15.13	25.93
10.66	24.28
11.83	20.76
10.15	22.28
9.86	20.42
8.79	21.14
12.59	19.51
7.54	24.41
11.51	27.17
13.42	23.57
12.88	21.76
7.93	21.31
8.29	24.43
9.03	23.8
9.31	24.69
8.82	25.53
10.29	24.53
11.37	25.34
11.53	19.14
4.77	20.35
7.74	16.76
7.43	20.21
8.27	19.83
9.35	15.77
3.65	19.04
6.54	20.16
5.55	21.37
9.54	22.21
9.16	22.81
11.68	22.11
10.7	22.64
9.33	22.07
8.96	22.61
11	20.37
11.08	30.01
11.62	21.11
7.02	17.41
4.94	18.98
7.03	22.65
9.06	22.82
6.38	23.69
8.24	21.03
11.29	16.23
6.99	15.46
1.8	14.89
5.93	18.54
10.85	19.65
11.57	21.47
9.45	27.4
9.51	25.06
10.7	16.49
8.57	13.99
1.57	17.42
5.63	15.49
7.02	12.75
8.13	12.37
11.07	16.11
9.46	18.36
7.68	14.59
5.62	17.76
6.47	20.12
6.36	19.18
6.29	19.94
4.92	19.86
4.67	19.46
4.74	19.75
4.6	20.66
3.27	16.65
4.73	15.43
4.05	14.51
2.13	14.75
3.94	10.89
7.27	12.49
6.72	12.15
2.65	13.2
2.67	11.5
4.19	14.59
2.58	14.85
0.67	16.5
7.23	11.63
2.32	9.05
-2.14	9.04
4.86	14.46
0.47	13.32
4.82	15.63
-0.51	13.53
-0.38	10.65
3.79	5.93
4.26	7.98
2.05	6.46
3.64	5.09
3.16	4.25
2.95	3.67
2.27	3.09
1.12	1.96
0.39	1.1
-0.51	0.36
-1.31	-0.55
-1.27	1.63
-2.69	0.42
-2.01	-0.45
-1.47	4.15
-2.37	3.93
-0.99	0.41
-1.36	-0.07
-2.27	0.21
-1.48	1.82
-2.38	3.57
-3.54	3.92
-2.33	-0.72
-1.93	-0.16
-0.34	0.78
-5.09	1.37
-0.5	2.83
-3.34	5.61
-8.58	2.06
-7.33	0.27
-7.83	0.95
-5.16	-0.4
-5.73	-0.91
-14.6	-5.76
-14.15	-4.69
-7.47	-4.47
-5.57	-1.58
-6.25	5.32
0.38	5.88
-0.29	7.59
2.69	11.95
0.84	8.5
-0.99	8.41
-1.79	8.83
0.55	7.6
-3.33	2.93
-6.2	-3.33
-6.08	0.05
-11.4	-3.92
-4.18	0.3
-1.67	0.22
-0.85	0.26
-0.31	2.47
-1.47	3.72
-2.23	3.34
-1.57	8.14
0.47	11.72
5.69	12.61
2.37	12.56
-6.95	8.32
-8.88	-3.98
-10.21	-2.63
-12.15	-2.65
-13.15	-2.95
-14.65	-4.42
-14.14	-2.27
-11.54	-2.31
-11.01	0.18
-1.71	2.01
-2.11	1.86
-8.19	0.06
-11.78	-0.95
-11.24	1.3
-6.02	0.91
-2.53	-1.17
-9.59	-2.52
-10.08	-2.83
-17	-3.39
-15.94	-2.84
-7.61	-1.37
-2.14	0.73
-1.54	0.02
-0.71	0.64
0	1.76
-1.38	2.99
-2.33	4.4
3.01	13.65
0.76	10.64
-1.31	6.67
-1.71	5.36
-2.72	6.83
-0.3	9.19
2.37	7.8
1.66	4.8
2.84	9.06
1.19	5.77
-4.18	2.62
-1.32	6.18
-0.99	3.74
-0.9	1.73
-2.1	0.12
-1.92	0.53
-0.47	7.51
1.83	7.16
3.22	6.03
3.59	6.52
0.38	5.68
-0.8	1.45
-0.67	2.64
-2.07	3.67
-7.79	3.23
-8.7	3.29
-9.04	3.79
-6.82	4.68
-4.11	1.38
-2.56	-0.41
-5.87	2.09
-4.77	-0.03
-3.62	6.77
-1.58	7.7
-2.31	11.48
-1.24	14.11
1.12	11.3
2.93	6.98
2.23	10.41
1.57	7.65
-2.38	10.14
3.55	10.3
-1.8	7.85
3.47	12.35
5.94	15.36
5.68	17.56
9.25	18.01
10.36	16.98
4.42	11.98
2.52	14.25
4.33	16.75
2.55	17.13
6.65	14.09
3.73	9.77
4.47	15.02
3.36	10
-2.16	12.33
7.2	16.9
7.95	11.82
5.31	16.23
5.92	11.95
1.69	9.41
3.46	12.62
4.44	10.13
1.48	13.4
0.08	14.81
4.83	14.3
1.44	11.79
4.7	9.25
2.99	10.04
2.17	9.74
-0.16	9.86
1.48	13.58
0.22	16.49
2.54	15
1.71	17.82
3.18	19.37
3.86	20.73
5.94	19.9
9.43	15.84
4.75	11.58
-0.15	9.37
-2.07	11.5
0.2	13.96
5.01	14.89
2	18.72
10.68	17.53
9.68	15.8
6.23	17.23
8.65	13.62
7.73	10.31
5.32	13.98
3.94	16.71
6.18	12.58
6.14	16.43
3.17	13.16
-0.97	12.67
1.57	10.19
-0.22	14.26
3.29	14.12
2.37	16.93
5.1	18.16
3.35	20.08
6.61	19.07
7.23	16.96
10.18	18.75
9.86	20.03
6.71	22.15
6.32	23.92
7.74	24.8
10.74	25.28
11.85	27.56
11.35	29.08
13.5	27.27
9.29	25.34
9.49	27.34
12.3	28.41
13.75	26.35
10.69	25.98
13.4	27.8
16.85	23.82
10.13	25.87
13.23	25.63
11.21	28.05
13.78	29.96
13.57	30.16
14.37	30.32
15.02	30.27
14.48	30.47
13.74	29.89
12.04	30.37
16.13	25.7
15.45	26.89
13.22	28.04
14.23	27.98
16.27	26.51
15.93	27.6
15.84	23.83
12.52	23.46
13.59	20.58
11.01	20.24
10.9	18.66
11.02	19.86
13.77	17.4
13.72	16.48
11.19	22.63
13.24	20.84
13.55	25.73
13.89	27.73
16.36	26.35
15.41	29.14
16.15	26.08
17.28	24.83
14.54	25.55
13.37	21.44
11.12	17.2
10.38	11.57
11.59	18.87
11.95	20.08
9.81	23.75
11.68	22.13
14.06	18.9
8.64	21.87
14.57	23.61
9.69	22.07
12.6	23.59
16.1	24.61
16.88	24.32
15.24	24.46
12.04	20.96
13.24	19.67
13.01	24.29
15.12	27.94
15.78	27.01
15.44	25.34
15.51	21.42
12.22	20.61
9.19	20.26
11.84	23.64
13.21	25.8
13.25	24.21
14.25	22.01
11.83	24.7
16.61	27.54
13.89	27.83
17.75	29.62
16.17	29.76
17.34	29.47
14.51	26.12
10.13	24.14
10.7	24.91
13.62	26.1
14.33	26.89
16.78	23.13
14.42	20.06
11.23	20.2
8.94	20.99
8.19	21.87
11.44	25.05
11.35	27.66
12.59	27.28
14.02	25.54
10.79	23.21
12	18.16
13.79	21.59
10.73	23.36
11.29	24.71
11.37	25.7
12.19	23.97
11.26	17.1
5.9	18.23
10.09	20.58
8.16	18.59
7.85	19.38
7.68	19.13
6.85	21.81
6.87	23.58
7.42	24.66
10.11	25.59
12.98	18.8
11.21	17.4
9.81	21.78
7.2	23.62
10.5	25.11
11.37	25.24
11.72	23.15
11.88	23.33
11.08	24.9
11.5	26.41
11.77	25.08
12.63	18.6
7.16	14.6
1.37	17.58
3.38	23.19
5.86	25.43
7.13	24.21
9.55	23.71
10.58	22.02
9.64	16.13
9.99	12.67
9.07	11.72
4.25	16.96
3.47	18.59
6.22	19.01
10.35	14.49
6.6	17.5
4.78	15.49
6.18	13.29
3.52	12.59
-1.82	14.1
1.48	15.85
6.53	11.29
4.4	10.33
2.14	9.96
4.99	13.32
1.27	10.98
4.42	15.47
6.67	19.85
8.79	19.99
14.14	22.27
8.59	20.17
11.39	23.53
11.62	22.16
9.92	16.85
5.29	11.6
0.62	15.92
-1.55	16.07
0.05	12.86
4.78	9.01
-2.57	10.62
-1.52	6.59
-7.07	7
-6.61	5.2
-1.44	7.96
4.22	5.98
4.16	5.16
4.85	9.66
-0.03	6.3
2.8	12.04
1.34	8.83
-2.03	7.09
1.98	6.24
-0.98	10.17
1.89	11.74
2.79	17.89
5.57	17.85
4.99	9.98
3.9	5.2
0.99	4.79
-2.96	6.93
1.21	9.68
3.43	11.01
6.73	12.02
5.55	8.26
5.73	7.7
4.85	7.59
3.93	5.42
1.76	6.64
2.42	7.18
0.79	6.01
0.45	5.57
-0.56	6.11
-3.66	6.08
-0.22	6.22
3.19	5.2
3.72	8.88
0.59	14.97
-0.83	11.22
2.45	11.77
-1.57	10.82
-0.4	12.55
-0.62	12.57
0.24	8.02
2.44	10.61
0.6	11.8
0.1	8.96
0.21	10.14
5.35	12.69
1.22	9.31
-3.36	1.63
-1.85	4.14
0.52	5.47
1.07	8.71
-1.94	6.84
-1.25	3.98
-1.95	2.6
-0.51	2.53
0.35	1.69
1.35	3.68
2.35	7.52
3.02	5.35
4.11	5.85
3.13	4.22
0.61	3.31
-0.61	1.36
-0.85	1.24
-3.6	1.14
-2.84	-0.72
-4.04	2.88
-5.24	2.64
-7.42	-0.13
-9.86	-0.74
-12.66	-1.95
-4.53	-2.6
-5.18	-2.92
-6.15	-0.69
-3.83	-0.26
-3.07	0.19
-6.13	-1.62
-9.48	-4
-17.01	-5.47
-18.87	-9.38
-13.18	-7.75
-8.44	-2.46
-3.31	-1.85
-3.16	-0.96
-4.05	-1.73
-4.22	-1.82
-3	-0.21
-2	1.02
0.35	4.9
-1.31	4.02
-0.03	2.73
-4.69	1.31
-5.43	0.28
-11.23	-0.89
-8.18	-1.64
-7.66	5.61
0.47	11.3
3.87	10.35
-1.21	6.16
2.08	10.3
1.42	12.51
1.06	6.76
0.94	10.7
-0.55	6.77
0.16	10.73
-1.58	11.01
2.24	6.77
0.37	7.11
-0.49	9.08
-0.26	8.1
-1.07	4.17
-2.21	2.48
-3.36	4.2
-1.34	6.67
-0.18	3.54
-0.54	2.92
-2.19	5.82
-3.75	6.58
-5.31	7.34
-4.47	1.37
-2.83	4.47
-5.85	10.42
-5.37	6.21
-4.85	2.43
-5.73	1.93
-5.88	4.08
-0.42	10.45
-2.87	11.02
-0.12	6.51
-4.92	3.88
-5.13	7.72
-1.13	8.46
2.03	8.78
1.94	6.84
1.59	7.96
0.73	8.07
0.58	8.54
2.02	5.4
-0.34	10.41
0.61	10.1
0.67	7.02
0.99	7.54
-0.41	10.42
-1.81	10.31
-2.17	11.44
1.76	8.57
-0.37	2.16
-0.47	6.26
3.05	4.52
3.74	5.95
4.44	9.71
0.88	14.04
1.76	16.11
7.9	19.48
5.29	19.06
8.44	14.46
-0.13	13.88
4.23	14.31
6.38	17.63
3.99	11.14
2.8	6.8
2.7	5.59
2.92	7.98
4.48	9.59
0.96	10.25
1	10.33
-0.27	10.87
2.26	10.77
2.34	11.93
-0.66	14.99
1.18	18.2
2.67	20.17
2.13	20.09
3.2	21
5.96	21.22
8.53	17.75
3.53	11.41
3.09	7.55
3.87	6.58
3.89	9.75
3.86	9.76
4.61	9.81
-0.66	12.37
4.92	12.26
3.63	13.97
6.08	15.47
3.03	17.63
7.04	17.54
7.5	18.59
7.63	14.35
6.33	12.8
4.57	7.16
6.74	10.71
4.84	19.28
10.34	21.67
8.98	19.35
8.44	11.63
9	17.67
3.08	17.4
3.15	17.04
3.2	14.02
2.15	12.86
7.18	12.6
7.76	15.51
5.36	14.82
9.41	17.44
9.49	20.23
7.09	19.37
7	17.78
7.56	14.87
5.24	17.53
6.02	18.59
5.22	22.61
7.83	23.26
11.75	20.34
9.48	21.39
10.9	20.32
10.7	16.84
5.37	18.33
4.66	19.11
7.7	20.63
10.92	20.77
13.81	23.97
10.97	21.42
13.09	22.85
10.59	22.66
14.09	22.68
14.82	22.39
11.42	24.04
10.98	27.24
12.52	28.78
13.96	30.07
17.11	29.7
13.76	24.97
12.19	25.2
13.25	18.9
12.73	21.06
8.52	24.15
11.59	19
13.2	22.35
9.92	23.22
12.95	22.27
13.28	21.66
9.7	19.88
11.27	17.08
8.23	20.57
11.72	20.95
11.06	19.56
9.6	22.33
12.71	18.6
9.12	21.41
11.92	21.43
8.08	22.65
12.35	24.93
14.88	22.47
13.12	25.91
15.32	26.94
14.44	23.86
9.98	20.92
10.81	19.5
9.39	20.9
12.49	22.8
12.44	26.62
14.68	26.65
13.73	17.36
13.52	20.61
11.07	23.51
14.33	25.68
12.17	22.48
11.16	18.27
12.07	24.15
11.36	26.46
13.4	27.01
11.75	27.62
14.9	25.87
15.39	27.38
16.4	26.3
17.12	24.9
13.29	26.58
13.56	26.84
13.07	28.25
15.35	29.84
18.05	27.84
14.64	29.69
19.1	26.2
14.42	27.92
15.28	30.48
15.38	26.93
15.62	24.82
14.38	25.18
13.82	23.32
13.3	20.71
11.78	20.95
11.58	24.84
12.3	26.46
15.71	24.97
11.58	23.31
9.11	25.44
10.98	23.3
15.06	28.71
14.31	24.72
11.84	19.92
9.5	18.1
5.21	20.37
4.9	22.25
7.93	24.74
11.46	26.48
15.28	24.63
14.31	26.81
13.58	22.02
11.06	19.15
8.83	17.15
5.13	19.86
6.29	21.68
7.15	23.78
9.68	21.74
11.46	21.92
12.74	17.45
8.52	19.05
11.57	16.7
5.57	16.51
9.53	22.13
9.86	22.75
11.85	18.35
7.88	22.4
8.7	18.04
10.01	19.96
9.85	19.5
13.89	20.06
14.41	21.22
12.51	23.97
11.1	21.37
11.27	22.96
13.49	18.99
11.45	20.18
9.74	19.48
5.95	16.61
6.2	17.51
5.05	18.25
5.44	19.71
9.79	17.61
3.71	17
5.87	17.27
4.97	17.16
4.64	15.1
7.96	15.96
11.08	21.65
8.27	17.97
6.37	9.76
5.27	8.76
0.76	13.4
7.2	12.38
7.78	11.85
4.64	13.02
5.1	13.91
8.03	18.87
9.4	19.77
10.74	16.44
8.59	12.43
2.93	13.47
-0.89	11.43
-2.54	9.75
1.72	14.81
1.41	16.96
7.08	13.95
5.78	11.14
-1.89	11.36
0.24	17.18
1.29	17.64
5.06	11.99
-1.01	10.66
-0.03	5.52
-1.43	0.56
-2.42	-0.89
-1.63	0.12
-0.01	0.94
0.24	1.61
0.81	3.86
0.51	3.51
2.14	4.75
1.26	3.27
-4.23	3.72
-4.83	3.02
-0.77	3.14
-5.67	3.96
-5.07	3.42
1.33	9.57
1.46	14.98
2.86	10.68
3.02	11.33
1.21	9.3
-0.23	10.64
-0.72	11.26
-0.54	12.26
-0.62	14.54
-0.6	13.22
-0.97	14.3
0.82	8.28
-0.64	1.64
-1.21	1.9
-2.08	1.27
-5.86	-2.06
-7.11	-3.36
-12.43	-2.25
-9.55	-2.53
-11.97	0.42
-5.8	4.26
-6.11	-0.82
-6.06	-2.6
-13.66	0.21
-9.05	0.13
-1.77	4.58
-2.92	6.03
-5.67	4.38
-1.01	8.55
-1.11	9.74
0.92	5.74
-0.7	4.63
-2.24	1.89
-0.16	0.85
0.48	1.74
0.02	1.68
-0.6	6.4
-2.81	4.83
0.9	7.14
-3.2	5.57
-2.28	2.99
0.89	3.53
-0.03	3
-6.23	4.19
-6.89	4.3
-6.84	4.04
-5.26	2.25
-2.99	5.68
0.43	8.19
0.16	8.21
-0.66	3.83
-4.36	2.28
-5.41	-0.71
-7.66	-3.48
-12.14	-1.85
-14.99	-1.26
-12.94	-2.29
-8.73	1.45
-7.08	-1.1
-6.43	1.24
-10.97	1.82
-12.33	3.46
-11.85	2.16
-10.1	2.66
-7.5	3.97
-6.28	2.24
-6.58	2.73
-1.37	1.12
-8	2.14
-10.97	0.71
-8.96	0.36
-2.69	4.89
-5.58	0.92
-9.18	0.11
-12.48	3.76
-7.1	4.79
-8.77	6.02
-6.19	11.26
-5.85	12.84
-4.2	12.88
2.38	9.48
-0.58	7.64
-5.37	5.75
-2.29	8.61
0.01	14.67
-2.88	11.67
-1.68	8.14
0.36	6.49
-4.42	2.8
-9.64	2.79
-4	0.17
-8.06	2.13
-7.87	4.18
-3.56	2.45
-3.93	0.53
-3.8	-0.44
-3.35	0.52
-2.08	0.98
-1.81	0.67
-1.02	3.04
-0.09	2.19
-1.51	4.34
-7.28	3.73
-8.29	2.87
-4.25	2.47
-0.73	2.94
-0.74	2.96
1.07	2.63
0.9	4.82
-2.18	5.19
-1.61	10.38
0.23	14.42
0.6	14.01
4.8	18.39
4.52	16.71
6.5	12.57
5.99	20.39
7.69	13.56
1.73	15.41
1.74	13.91
2.76	11.69
-0.28	13.13
2.62	9.02
3.77	7.42
-0.87	14.01
-1.38	17.19
-0.37	17.18
1.15	17.83
6.27	18.83
8.74	18.51
6	21.36
7.14	17.76
1.39	16.65
4.95	16.77
4.88	15.24
5.23	17.93
5.34	18.08
4.88	18.92
4.6	13.31
-0.19	14.45
6.37	12.75
7.89	16.52
4.74	19.5
3.93	21.47
9.86	19.78
7.81	17.89
6.31	16.39
1.19	18.65
4.19	23.09
5.75	19.82
3.69	19.99
2.79	18.71
1	9.11
-0.17	7.74
1.61	9.55
-1.64	13.37
4.87	13.64
-0.41	18.42
1.41	15.01
4.96	11.37
5.69	10.78
5.65	19.95
10.64	17.21
4.73	13.99
0.5	13.79
5.1	18.84
8.14	18.2
6.49	13.97
5.92	8.59
2.32	7.87
3.84	14.77
2.34	16.17
4.34	18.83
3.48	20.08
5.3	23.18
8.1	23.05
6.88	22.21
12.27	16.39
9.34	17.26
6.22	21.25
8.5	21.64
10.33	20.65
9.19	21.62
8.3	21.82
7.48	24.49
12.35	25.13
11	23.35
14.04	21.49
13.03	18.79
10.75	21.2
13.27	23.54
15.55	24.87
14.73	23.44
11.1	19.42
6.56	22.23
10.74	24.6
11.28	27.24
11.07	28.45
12.1	29.5
14.06	29.95
18.26	28.99
14.24	23.87
14.32	20.9
11.79	24.78
11.39	26.53
17	26.2
16.35	23.66
12.24	25.71
11.04	28.85
16.54	25.24
8.05	25.33
13.54	29.06
15.6	28.54
12.44	21.85
9.61	14.02
9.62	17.94
6.87	17.66
8.39	20.31
11.02	19.21
13.26	17.68
12.69	17.65
9.59	23.39
11.5	21.11
11.52	25.31
12.64	26.82
17.3	28.71
14.8	25.63
12.11	22.1
10.17	24.88
16.42	28.7
15.63	25.27
9.09	23.41
9.9	24.38
12.77	25.44
12.07	25.6
13.62	26.79
13.64	27.7
13.93	29.13
15.97	27.95
16.16	25.86
16.97	21.92
13.21	24.43
12.68	23.89
14.65	27.6
15.31	28.69
13.94	24.73
8.7	18.68
10.37	21.86
13.03	26.63
14.53	28.05
14.76	28.08
12.98	23.76
10.2	20.56
7.35	22.15
10.5	21.01
11.09	23.73
13.23	26.76
13.25	28.01
15.55	30.03
17.18	31.74
17.8	32.57
17.28	27.52
15.77	27.41
13.67	28.7
15.79	29.41
14.22	31.2
17.16	30.92
13.87	26.53
15.64	25.92
13.35	25.41
14.09	26.06
11.62	27.67
11.4	29.05
12.33	29.39
15.55	24.58
9.41	22.86
6	24.86
7.79	26.38
13.71	22.19
8.25	22.53
10.78	17.49
7.48	19.36
8.12	20.15
11.02	21.48
12.28	22.25
10.19	16.88
6.77	20.03
10.59	20.99
8.28	23.66
13.34	20.08
11.48	20
6.93	20.4
11.13	19.88
10.45	20.1
11.32	22.81
7.72	22.84
7.45	23.86
9.13	23.8
14.55	18.32
12.34	19.29
11.19	22.91
10.09	24.08
12.44	18.33
6.48	17.75
6.13	20.09
10.9	15.72
9.78	17.66
10.76	18.97
11.71	23.85
13.45	26.81
13.26	27.87
17.5	27.14
14.17	20.6
14.64	22.03
10.02	23.69
13.62	23.79
11.45	20.84
13.87	17.91
10.05	14.12
9.45	18.77
9.46	18.61
12.57	19.59
12.64	20.39
8.48	23.43
9.74	23.66
13.03	22.53
11.29	19.28
5.6	20.25
8.12	15.46
9.27	18.7
3.22	11.49
4.85	13.89
0.05	13.99
6.71	16.93
7.1	14.86
7.3	16.14
6.41	22.1
8.94	19.34
7.81	18.2
9.66	20.13
9.21	15.69
4.8	10.32
3.78	8.81
1.04	10.67
2.59	13.18
4.82	9.49
4.43	12.98
0.57	13.53
0.26	14.86
4.14	17.18
6.22	16.17
4.5	18.54
6.51	15.74
4.8	16.01
1.29	14.94
3.2	11.61
-0.94	6.06
-3.26	5.31
-3.48	3.49
-1.9	2.75
-4.04	5.39
-1.31	9.31
2.02	9.85
0.9	7.37
-1.8	4.02
2.42	4.49
-2.95	4.89
-5.55	4.25
-2.83	5.62
1.2	15.06
0.11	15.4
5.26	14.59
-0.62	13.1
1.2	14.73
2.71	7.85
-2.48	5.64
0.39	6.45
-0.49	2.87
0.11	5.18
-0.62	7.46
1.9	4.98
-1.39	4.98
-0.59	2.19
-3.78	2.31
-1.97	4.56
-2.94	5.04
-0.01	4.93
-0.45	11.07
2.83	10.97
1.64	5.93
0.25	2.58
1.29	4.95
-3.68	2.4
-7.82	2.54
-3.95	3.85
-3.2	1.64
-4.86	-0.35
-2.92	-0.49
-2.32	0.17
-12.08	-2.25
-19.01	-4.82
-9.21	-2.76
-2.97	-0.39
-7	-1.05
-2.15	1.76
-2.97	2.82
-12.21	-0.89
-7.86	-0.1
-4.36	6.19
1.35	6.69
4.48	13.74
1.76	7.35
2.67	8.18
-0.34	7.45
0.02	8.75
-0.55	6.47
-0.05	12.43
-5.18	6.38
-11.7	-4.34
-7.08	-4.77
-9.01	-4.83
-10.29	-4
-5.42	-1.85
-14.96	-3.9
-16.31	-5.62
-10.49	-7.42
-8.53	-7.25
-9.14	-7.27
-7.47	-5.91
-7.67	-6.35
-8.67	-6.24
-6.9	-4.24
-9.12	-2.8
-7.6	-1.26
-5.86	-0.73
-3.61	-0.81
-4.55	-1.82
-5.8	-1.57
-5.31	4.24
-3.27	3.58
-2.73	5.19
0.76	11.43
-1.88	4.27
-3.72	0.72
-8.22	1.2
-9.98	1.33
-9.05	2.43
-9.18	4.02
-4.18	8.36
-3.98	9.32
0.26	8.64
-4.39	7.78
-2.82	2.11
-3.05	-0.53
-3.34	-1.57
-3.38	-1.69
-3.62	-1.38
-2.92	3.35
-1.12	5.98
-3.09	2.91
-1.39	1.49
-5.09	-0.05
-9.43	-1.01
-8.3	-4.15
-9.49	-2.3
-8.87	-0.65
-5.65	0.39
-1.05	2.98
-2.63	3.84
-7.04	7.1
0.13	12.91
0.53	6.49
-1	11.07
1.43	13.73
3.17	8.77
1.74	5.89
-0.29	3.3
0.88	6.84
-2.28	7.29
-2.93	11.83
5.13	8.68
-0.84	9.34
2.36	7.01
0.74	7.36
-3.09	9.99
-2.64	10.33
-0.14	12.94
2.06	10.33
2.42	9.06
-1.25	9.46
2.15	7.26
0.23	6.01
-0.93	7.97
-3.14	10.28
-3.29	11.46
-0.93	15.43
0.32	18.42
4.8	17.15
8.52	18.1
6.7	12.75
7.72	10.48
6.89	14.2
3.3	14.61
6.92	18.02
8.11	15.74
1.78	17.66
6.17	21.11
8.63	18.1
5.86	20.11
4.13	15.91
-0.01	9.1
-0.51	13.24
3.59	9.34
1.54	7.03
2.57	7.51
3.49	10.11
3.4	13.24
3.12	15.58
2.4	13.55
0.08	10.98
-0.9	12
-0.59	12.68
0.76	10.36
1.47	9.34
-2.39	13.73
2.81	14.67
4.33	16.38
2.21	11.89
5.18	13.91
5.36	14.01
0.84	12.94
0.02	9.6
1.45	16.26
2.46	20.38
8.02	22.6
11.53	20.34
9.14	22.67
10.41	22.01
7.37	10.38
8.46	16.4
11.84	15.34
9.79	16.62
6.01	18.13
5.53	18.22
6.07	20.81
6.71	21.02
6.42	23.29
8.58	25.03
10.53	25.97
10.5	25.16
12.85	25.23
12.13	21.29
10.57	24.81
13.24	21.69
12.01	17.04
7.65	19
9.59	22.13
10.6	24.92
12.32	26.58
13.61	23.51
12.03	19.64
10.97	24.14
9.43	26.06
10.56	27.51
12.73	28.49
11.46	28.6
14.27	26.95
12.66	28.64
13.66	26.84
14.41	23.58
11.66	26.7
15.22	24.68
12.79	26.21
17.65	24.52
12.23	18.44
10.72	19.33
6.05	18.88
9.18	20.5
9.93	18.74
11.44	21.93
14.44	19.5
10.27	22.8
9.9	25.7
14.54	26.36
17.18	28.59
14.84	25.16
13.74	27.2
19.04	29.98
13.84	24.8
12.75	23.95
10.44	19.77
12.64	21.82
10.37	22.21
12.78	24.01
14.58	27.94
14.91	27.85
11.74	25.22
13.12	25.97
14.83	22.37
11.07	22.77
11.88	24.57
11.34	25.49
15.52	25.01
16.58	22.14
15	25.43
14.05	26
15.61	28.13
17.3	28.97
16.38	28.9
16.22	24.52
17.44	27.29
16.56	29.61
17.05	29.95
16.43	30.05
17.19	25.65
17.84	25.11
16.32	23.49
16.37	21.26
15.95	20.9
14.08	22.74
13.76	25.82
13.79	25.2
15.1	25.86
13.49	26.14
13.55	25.66
15.61	25.66
16.56	26.24
15.29	23.17
14.01	25.79
15.33	25.3
14.99	21.95
14.49	25.52
15.32	25.17
15.01	26.73
14.42	27.16
16.25	29.67
16.24	29.16
16.66	27.76
17.18	28.96
15.3	26.61
12.41	25.39
13.64	27.47
14.51	26.31
11.61	22.61
12.21	21.51
8.71	23.72
9.22	23.49
11.66	23.31
11.02	25.02
13.57	26.97
13.9	22.37
14.11	18.85
12.41	19.3
8.91	21.88
11.92	21.42
9.92	23.14
10.7	23.06
9.46	24.26
12.25	26.36
15.12	29.14
14.23	27.11
14.79	24.3
15.46	22.02
14.17	21.75
12.04	24.44
12.84	24.95
10.86	24.14
11.68	25.05
11.23	25.14
10.63	25.44
9.78	25.03
9.35	24.59
9.07	24.18
9.03	23.73
11.7	23.34
15.34	25.21
11.98	21.02
10.44	17.46
11.28	16.3
13.57	24.45
12.79	23.23
11.78	20.72
9.96	21.94
8.02	21.1
12.16	16.58
14.2	16.95
9.43	16.01
7.03	12.76
9.31	11.16
10.03	14.65
9.51	17.97
8.87	14.79
4.75	10.52
6.97	16.14
3.5	17.31
8.11	11.01
4.36	15.29
7.6	15.72
6.43	13.12
2.98	15.25
1.45	14.25
1.87	16.86
5.31	11.96
8.68	16.74
6.07	13.23
8.17	17.14
9.47	16.44
9.12	20.3
9.94	15.05
8.26	15.21
3.8	15.98
4	11.52
8.62	13.14
6.34	13.04
2.13	7.68
4.53	6.56
4.13	5.97
3.63	5.19
3.4	4.84
3.38	8.7
-3.08	4.54
-5.48	3.47
-3.74	6.5
4.34	17.7
8.98	13.31
7.3	12.4
0.54	8.82
2.47	14.93
5.29	13.69
0.58	9.18
0.24	4.59
1.24	4.72
-2.78	8.52
2.55	11.4
2.74	9.1
-0.93	8.43
-0.64	8.45
0.75	5.78
-0.67	14.24
2.01	13.59
8.51	14.67
5.25	11.18
2.62	6.18
4.09	7.8
5.08	6.62
2.81	4.89
2.91	5.89
-1.1	5.4
0.1	3.65
-0.69	1.14
-1.56	0.92
-0.79	2.85
-0.11	11.93
8.12	15.26
7.02	13.89
0.54	12.16
-2.7	2.26
-0.58	3.46
1.16	3.94
-1.17	4.26
1.59	8.93
6.59	12.35
2.34	12.38
1.14	3.38
-3.24	5.42
1.55	9.33
0.26	2.49
0.26	2.3
0.84	2.85
1.79	6.08
2.25	6.01
-3.34	5.15
-0.25	6.66
-1.51	4.57
-1.48	3.03
-5.36	3.05
-4.6	1.83
-2.34	4.9
-0.7	3.51
1.15	5.41
0.42	6.08
1.78	11.11
-0.65	6.33
1.05	4.91
-2.66	6.03
-1.87	5.22
-3.48	9.53
-2.38	8.22
-4.28	3.21
-4.27	0.45
-2.35	2.84
-1.54	4.04
2.63	10.17
0.32	13.11
-0.4	6.23
-2.27	2.9
-4.66	3.54
-0.08	9.61
-2.59	5.88
-1.38	5.1
-4.86	5.19
-0.91	8.18
1.7	12.11
3.29	11.73
3.61	10.69
1.65	10.52
0.83	7.96
-2.54	8.69
0.78	7.72
-3.23	5.25
-3.39	5.23
-5.86	3.29
-1.22	1.7
-1.22	2.36
-2.18	1.46
-1.9	0.08
-2.53	0.7
-1.5	0.03
-2.01	4.21
-3.73	1.89
-1.94	0.01
-4.73	-1.05
-11.09	-3.66
-9.66	-0.67
-8.38	2.9
-4.67	1.42
-6.72	2.78
-8.39	4.2
-9.19	-1.46
-14.04	-0.01
-12.85	2.71
-11.41	2.98
-6.75	5.89
-0.29	7.06
1.21	9.9
-1.03	7.98
-0.32	4.05
2.03	6.51
0.89	4.58
-4.29	9.08
-1.22	11
3.65	15.4
2.15	16.11
3.12	20.3
4.7	19.99
1.74	20.37
1.6	11.49
-5.08	6.35
-2.4	9.77
1.21	13.52
4.01	13.66
-0.92	15.14
0.83	16.73
5.94	17.67
7.25	15.91
3.46	18.86
5.09	13.16
1.23	11.45
1.22	15.17
8.2	15.6
0.77	10.3
0.74	8.6
-2.08	13.3
2.98	9.03
4.06	10.93
1.78	12.55
5.48	11.03
5.54	13.03
4.93	12.04
2.96	11.75
0.59	9.61
0.24	13.15
5.4	11.25
3.29	18.98
8.43	21.02
8.46	20.58
6.99	22.31
6.6	18.57
3.94	12.08
0.92	10.64
4.11	12.19
5.27	12.93
2.75	16.43
5.38	18.62
9.97	21.36
12.23	22.27
11.58	24.84
12.47	19.92
9.39	20.43
9.2	22.85
7.94	22.17
8.54	23.66
12.09	23.42
11.56	22.77
11.11	23.77
10.76	21.76
12.93	24.1
10.7	20.4
4.2	20.58
6.71	19.43
7.24	18.43
7.19	17.59
3.8	17.43
8.96	14.31
9.98	13.91
6.86	20.44
10.18	19.88
11.91	22.58
13.52	24.83
12.78	26
17.36	29.28
14.61	28.25
14.51	27.41
11.03	25.86
9.83	24.57
9.42	23.11
13.44	25.98
15.16	28.08
15.82	23.58
12.46	17.93
8.33	16.07
9.94	17.09
9.44	14.8
9.98	17.85
6.34	21.18
8	21.69
10.14	25.2
10.7	26.87
12.43	28.1
14.75	25.96
12.37	27.99
13.37	29.33
14.29	25.72
9.31	18.85
5.41	22.73
8.81	27.24
15.27	28.51
14.06	22.69
10.56	23.29
10.92	23.64
11.6	22.31
12.38	21.21
10.31	15.64
9.31	17.16
8.85	16.28
11.09	15.31
12.57	19.05
14.36	22.5
11.76	22.63
13.11	23.58
11.47	24.47
12.61	26.54
13.27	27.61
14.15	27.47
15.22	23.62
12.25	20.73
8.34	24.09
10.66	25.28
14.54	24.51
14.62	26.17
13.2	28.03
14	29.22
14.73	29.86
16.02	29.83
16.53	26.89
16.29	29.26
14.02	30.32
15.72	30.29
14.78	24.95
17.54	28.62
16.38	25.41
13.91	26.93
13.74	29.31
14.83	30.73
15.09	31.78
18.69	34.36
18.47	30.07
14.18	22.6
8.67	26.63
13.09	31.17
16.09	30.52
15.8	27.33
14.71	30.29
16.2	34.32
20.31	35.4
18.46	26.83
16.14	29.92
15.67	30.96
16.74	32.74
17.71	29.49
15.31	20.6
10.81	20.12
11.12	23.08
10.04	20.05
10.27	21.54
13.69	23.79
13.53	27.3
14.41	28.45
15.02	28.04
14.69	27.74
15.39	23
9.16	23.63
9.05	24.69
10.32	26.1
13.55	26.43
15.71	26.75
13.62	28.3
13.42	29.31
12.49	29.61
12.86	30.15
16.25	29.71
14.37	28.61
17.01	23.29
16.22	26.93
14.08	29.15
14.03	28.97
14.02	27.72
15.9	22.18
15.34	25.39
11.97	26.53
12.48	25.95
15.74	25.43
9.24	20.54
6.5	23.44
12.09	23.63
13.25	19.42
7.13	20.04
8.56	25.32
14.9	27.53
15.07	26.14
11.76	16.59
8.68	20.16
6.22	21.76
10.3	23.61
12.22	24.24
9.31	19.9
9.73	17.25
6.9	20.94
7.93	24.21
9.13	22.26
11.65	24.29
11.18	19.36
5.09	20
8.94	17.8
7.64	17.12
2.63	20.06
4.02	20.81
6.26	20.09
8.29	23.26
9.42	16.67
-1.19	14.21
5.14	20.51
7.53	25.21
8.22	24.78
6.99	24.23
7.61	19.06
4.67	19.8
6.37	18.15
5.09	18.94
7.53	17.67
6.43	14.82
0.35	17.17
5.38	18.87
8.47	20.79
11.04	21.71
7.35	17.05
5.8	13.88
1.52	15.86
5.83	17.3
6.97	12.37
0.44	9.29
-1.23	11.23
-2.24	11.36
-2.03	10.83
-0.74	12.4
2.34	17
1.16	16.07
2.27	10.94
5.06	9.92
4.86	8.87
3.41	11.78
-1.1	12.5
-0.4	10.55
2.85	8.73
6.85	8.73
5.31	12.28
1.47	10.21
3.46	6.34
3.75	8.97
-0.87	7.26
2.86	6.41
-1.31	6.09
-6.71	3.78
-5.47	-0.3
-10.88	-0.48
-4.59	5.13
-7.08	5.32
-6.67	3.54
-8.43	1.63
-8.07	1.47
-6.92	1.42
-5.73	4.44
-6.13	2.86
-8.33	2.86
-7.37	-1.26
-3.79	6.77
3.53	12.49
2.72	10.81
0.85	9.17
-0.76	6.15
-4.03	-0.34
-4.78	-1.23
-8.14	-3.68
-5.12	1.11
-7.15	3.68
-6.81	3
-2.44	4.88
-4.92	1.35
-8.5	2.04
-5.91	0.97
-4.47	1.6
-9.68	-1.12
-10.56	-2.9
-10.1	-3.71
-5.56	-2.63
-4.73	-2.79
-4.88	-0.14
-0.86	6.07
3.5	13.41
4.56	10.4
-0.43	10.3
3.43	7.93
-0.29	9.46
2.4	8.58
1.83	10.68
1.12	11.83
1.47	9.43
-1.43	12.23
-0.91	12.76
-0.53	8.02
-0.55	7.63
0.5	10.56
-1.98	11.53
-0.35	11.66
0.44	9.91
-2.79	2.56
-6.25	2.65
-2.87	3.58
-4.02	0.47
-1.25	2.76
-5.32	2.28
-8.97	1.46
-12.49	-3.48
-6.58	0.6
-4.05	4.82
0.75	6.4
-2.74	4.86
-2.48	5.46
0.01	6.3
-5.22	0.45
-1.91	0.73
-5.5	-0.01
-3.65	-0.98
-2.8	0.99
-1.36	0.78
-2.97	4.23
-6.17	3.37
-9.63	2.2
-2.33	4.01
-0.47	1.14
-1.84	0.28
-1.8	1.72
-3.62	1.35
-0.02	1.94
0.11	2.72
-0.51	7.08
-4.64	7.16
-1.63	5.07
-0.26	8.82
-2.31	4.4
-0.91	5.58
0.92	3.04
-0.89	2.05
-2.77	0.97
-4.34	0.07
-5.52	-0.83
-6.35	-2.43
-5.7	-1.86
-6.73	-0.87
-6.3	1.04
-2.84	-0.19
-3.36	-0.02
-3.66	1.24
-5.34	0.22
-0.81	0.7
-0.42	1.84
-0.04	4.04
0.65	4.13
-0.55	7.57
0.16	3.64
-1.01	3.16
1	5.08
1.21	3.39
0.17	4.41
1.37	5.08
1.63	4.65
0.65	8.01
2.44	9.54
2.4	6.71
-0.71	5.38
-0.73	5.81
0.19	5.44
-0.45	4.51
0.51	7.6
1.98	8.13
1.3	6.8
0.82	7.41
0.37	8.86
-0.16	8.94
-2.06	5.07
-5.44	4.45
-4.82	7.18
-3.5	9.58
-2.6	10.87
-2.94	12.81
1.63	15.3
4.81	15.63
1.62	16.46
7.1	18.11
9.88	18.03
5.07	13.65
2.38	11.7
1.08	13.12
6.97	10.82
4.53	10.15
3.8	8.04
1.15	10.58
2.1	14.4
8.48	15.73
8.25	15.07
6.89	10.97
6.02	12.91
3.6	13.13
3.71	13.5
6.86	12.05
7.4	17.62
4.35	19.53
5.83	20.49
7.48	15.77
6.41	12.82
4.53	13.62
1.06	15.44
1.79	16.45
4.34	18.11
9.24	20.05
8.25	14.81
4.88	17.12
3.46	19.76
2.5	15.64
-0.29	10.11
0.66	11.75
-1.67	12.53
6.2	12.61
4.85	22.17
9.08	21.56
12.09	25.71
10.33	25.32
9.69	24.27
9.53	24.42
6.56	17.34
4.77	11.2
6.54	9.62
6.13	9.43
7.01	12.71
9.1	12.47
8.73	17.14
6.03	19.36
7.21	21.54
9.98	20.77
8.07	22.36
10.22	23.52
10.51	25.74
13.66	22.76
11.01	19.2
10.19	15.96
9.32	19.76
7.7	19.63
8	19.92
10.46	20.89
11.5	17.5
8.4	18.01
7.25	17.03
5.04	20.88
9.02	21.81
9.13	24.73
11.12	25.34
11.16	22.57
12.17	22.08
13.35	21.35
8.44	17.34
7.7	20.85
10.63	21.85
10.28	23.65
11.29	22.71
8.84	18.46
4.75	21.44
10.53	27.44
13.96	24.01
7.95	19.38
8.96	21.01
11.73	23.45
9.86	24.94
11.77	27.77
15.56	29.03
16.18	24.61
13.22	25.96
10.5	15.12
8.36	19.14
10.96	21.29
9.48	23.24
12.49	27.04
13.08	21.94
10.6	19.36
12.42	21.41
15.52	25.29
12.87	19.02
7.03	18.73
10.36	19.74
11.18	18.61
11.6	17.85
6.32	21.84
8.98	24.08
11.85	28.68
15.73	30.39
19.42	31.96
18.82	29.2
17.8	26.96
13.39	26.58
12.91	19.32
9.44	20.99
12.03	21.38
11.73	22.38
12.62	22.54
12.09	24.96
12.75	26.79
12.55	25.28
12.53	23.14
11.77	24.93
15.4	21.07
12.43	20.91
11.83	18.85
13.65	22.26
12.45	27.8
15.13	29.37
15.28	29.01
13.73	25.57
11.71	27.34
12.12	28.05
13.48	29.33
16.11	25.32
15.53	23.17
14.73	23.41
12.47	24.27
15.53	24.86
14.59	24.52
14.1	24.74
14.72	22.36
12.7	22.74
12.52	24.17
10.83	23.23
10.59	23.49
9.64	24.12
12.41	21.99
8.23	22.32
7.04	24.4
7.5	24.47
9.15	25.33
13.6	25.59
15.12	23.83
14.61	22.59
13.09	21.78
6.88	21.87
6.11	23.47
8.92	25.65
10.81	26.15
12.82	27.57
11.34	29.19
11.09	28.76
13.18	27.43
17.19	27.89
13.99	23.8
11.22	20.16
8.63	19.51
9.79	18.18
9.13	19.46
7.04	20.32
9.28	22.15
11.59	22.98
10.22	21.57
11.33	21.47
12.35	18.73
8.7	18.73
9.47	18.43
8.69	21.34
10.33	20.54
13.6	16.2
10.57	14.12
7.25	19.85
9.16	16.67
7	10.86
6.1	17.16
5	18.14
3.96	17.84
6.84	19.57
7.72	21.43
10.26	21.33
12.15	20.69
6.56	17.85
10.65	18.21
9.81	20.35
9.95	20.14
8.52	14.47
6.72	17.59
2.95	18.11
2.48	19.35
5.6	19.65
8.88	17.43
7.24	15.23
3.44	18
4.98	19.06
7.43	14.98
0.97	12.98
1.94	18.16
6.58	19.7
10.7	19.66
10.1	14.33
8.19	13.55
4.27	16.9
3.93	17.44
3.84	18.08
7.51	19.79
8.87	13.94
7.16	9.99
2.13	14.02
-0.57	13.35
1.77	12.03
4.58	7.07
2.1	9.22
2.57	8.58
-0.51	6.12
0.57	5.58
3.78	11.94
4.49	16.64
2.56	16.6
5.98	17.13
3.2	13.25
4.35	8.24
-0.12	6.74
-4.94	4.32
-2.71	1.58
-2.13	-0.77
-0.84	0.52
0.8	3.19
2.25	4.23
3.21	4.15
3.7	5.94
0.7	7.12
0.49	10.37
7.79	15.71
5.99	18.87
5.7	13.96
3.91	10.13
5.31	9.04
-2.18	7.56
-3.26	2.2
-0.92	0.67
-0.64	2.33
0.84	5.07
0.09	2.87
-2.94	1.96
0.16	2.29
-0.25	1.49
-0.8	1.3
0.02	1.37
-1.44	0.4
-2.42	1.87
-1.95	10.25
-0.53	7.47
-4.16	1.52
-1.01	0.32
-1.23	0.74
-1.7	0.29
-1.59	0.32
0.15	5.56
1.16	4.79
0.8	6.81
-1.4	2.85
-1.16	6.62
-3.56	4.68
-1.92	1.77
-1.78	-0.14
-2.08	-0.3
-4.26	-0.78
-6.09	-0.77
-3.4	-0.34
-2.83	-1.61
-5.39	-2.14
-10.93	-4.29
-12.25	-3.58
-10.38	-4.5
-13.7	-3.44
-10.15	-7.15
-18.05	-8.41
-20.46	-9.8
-23.38	-11.42
-17.45	-9.2
-10.33	-4.44
-16.78	-4.7
-19.05	-5.06
-11.1	-7.6
-14.47	-8.57
-9.02	-3.41
-5.48	-2.78
-13.38	-2.07
-13.32	-5.58
-15.88	-6.25
-10.95	-1.54
-5.22	-1.65
-5.85	8.23
5.71	13.08
-0.17	10.65
-3.78	2.16
-4.65	6.52
2.57	8.16
-2.3	4.76
-2.83	4.21
-6.12	2.23
-3.88	6.89
-0.62	8.85
1.02	12.58
-0.4	9.04
-5.56	4.04
-4.3	5.54
-3.71	8.13
-1.23	3.98
-4.59	-0.18
-5.37	-1.31
-6.81	-0.94
-11.95	-5.84
-17.19	-9.2
-20.93	-6.66
-18.32	-4.93
-10.83	-4.14
-16.21	-1.91
-16.57	0.15
-13.05	-2.87
-11.74	-1.39
-11.08	0.42
-14.69	0.04
-10.32	3.74
-6.3	-0.45
-8.43	1.97
-0.31	8.06
-2.55	3.25
-0.56	2.31
-3.67	0.58
-1.92	3.47
-0.44	2.61
0.93	2.2
0.84	4.77
1.36	9.28
2.32	13.71
1.63	8.15
2.25	5.29
2.57	6.69
0.33	4.99
-0.14	1.21
-0.04	3.43
0.39	5.31
-0.6	3.99
0.59	6.56
-1.78	7.42
1.09	6.07
0.75	5.17
0.51	2.63
0.78	6.19
1.43	5.2
3.38	8.5
3.65	7.63
4.26	7.38
1.4	13.28
3.75	15.82
2.88	16.88
4.39	12.44
-2.1	11.15
0.9	16.93
1.36	17.37
7.76	18.92
6.28	22.61
7.49	18
3.36	20.95
8.87	22.79
11.26	19.74
8.87	16.13
7.68	21.04
9.32	21.61
8.75	17.67
5.47	16.46
6.61	12.65
3.64	16.02
5.28	12.06
3.43	13.4
4.36	12.06
5.03	11.23
6.52	9.94
7.18	15.9
1.83	17
4.46	18.8
4.46	21.02
6.11	21.21
5.16	13.12
-0.34	13.08
0.75	12.2
4.4	9.45
2.71	7.83
1.41	11.25
-1.14	15.09
4.03	18.6
6.72	14.86
3.58	12.49
-0.28	14.3
4.9	11.28
6.01	14.32
10.96	14.9
6.55	17.46
6.21	19.04
6.46	20.39
7.65	22.28
8.51	23.71
11.39	26.72
13.73	27.33
12.95	27.4
14.44	24.69
14.56	18.78
13.64	24.16
12.85	23.31
9.8	20.94
13.83	24.44
13.28	21.87
9.89	21.39
10.55	22.1
10.25	23.86
10.57	24.13
12.08	25.79
11.47	26.25
14.03	25.44
11.85	22.06
11.61	20.14
12.37	23.86
12.35	20.99
13.59	19.94
13.45	24.11
12.31	26.87
14.86	28.7
14.87	28.71
14.65	22.26
8.93	17.39
6.97	20.47
10	18.3
6.06	19.46
11.21	18.2
10.93	21.02
14.03	19.9
5.59	18.74
10.2	16.05
7.67	17.96
4.56	19.77
11.51	16.18
11.52	19.87
9.19	23.11
12.66	20.4
10.24	22.32
10.55	22.65
8.45	23.24
13.73	20.69
11.99	20.24
8.99	22.94
10.73	24.89
13.5	25.41
12.86	20.27
10.39	21.26
10.08	23.13
10.26	24.12
12.06	23.02
10.72	24.75
12.95	23.11
11.61	22.26
14.13	20.95
10.94	23.12
11.11	25.14
12.55	27
13.72	27.22
15.69	28.42
16.55	28.95
17.83	25.57
15.58	26.97
15.33	28.53
17.89	29.02
13.96	25.78
8.57	22.71
11.75	27.15
16.31	25.28
14.79	27.06
15.29	29.28
16.91	29.79
16.09	28.94
19.01	31.55
18.77	28.56
14.06	23.26
12.02	25.14
12.51	22.84
9.87	25.11
13.46	22.91
13.5	25.59
15.55	27.83
11.26	20.98
10.46	18.89
13.1	21.02
8.85	26.81
16.09	24.49
13.26	28.93
15.42	30.34
14.62	31.13
14.94	31.55
14.72	31.03
15.05	29.07
13.07	23.6
8.29	24.12
14.94	28.12
11.35	25.38
12.6	29.13
14.59	26.95
13.7	29.63
17.32	30.88
14.01	25.67
10.33	18.08
12.76	16.69
13.15	20.77
14.59	23.96
12.24	26.47
10.87	27.17
14.92	23.82
11.45	25.58
11.7	22.29
8.49	22.34
11.34	18.81
8.3	18.47
7.4	15.38
8.89	15.15
3.43	18.31
4.63	21.86
7.5	20.97
7.5	19.19
5.42	20.09
5.36	20.95
9.37	19.27
7.35	22.72
13.39	24.86
11.23	27.57
10.92	26.82
10.94	27.57
12.82	28.66
11.82	28.98
12.81	25.66
11.51	24.28
13.04	20.08
8.2	19.7
5.67	23.21
10.15	21.06
5.14	19.81
4.89	21.59
7.12	23.44
7.33	24.14
7.72	22.98
8.6	23.88
9.56	22.94
9.73	22.6
8.55	21.44
10.56	18.32
8.12	19.26
9.35	20.13
6.72	17.34
6.63	13.81
3.83	13.7
6.5	15.89
4.95	10.48
-1.88	15.7
0.36	15.56
1.46	10.83
2.94	12.38
-1.72	12.21
5.9	11.34
5.47	10.77
-0.34	10.6
-3.83	12.16
-3.01	11.89
-3.78	8.87
-1.36	3.2
-0.31	1.83
0.66	2.8
2.17	4.41
3.39	10.4
5.87	8.73
-0.2	11.03
-0.33	10.77
1.07	12.28
4.81	11.74
-1.25	10.53
-1.64	10.4
3.19	14.2
8.91	18.72
2.32	14.03
0.59	2.44
0.69	1.6
0.02	5.58
-2.14	5.52
-2.6	2.86
-1.42	1.97
-3.74	-1.4
-3.28	-0.13
-0.31	0.32
-0.05	0.72
0	0.82
0.15	1.75
0.97	1.54
0.02	1.3
-0.85	0.81
-2.22	0.12
-5.11	0
-6.2	2.93
-5.21	0.78
-2.93	5.28
-1.8	6.37
-0.53	11.49
-0.01	12.45
0.6	11.94
7.01	14.3
4.1	12.31
4.18	11.87
2.53	12.52
-0.26	8.65
2.43	3.87
1.2	3.28
1.57	4.84
2.19	4.36
-0.48	8.13
1.52	13.07
0.16	13.26
1.89	8.25
0.7	8.58
-0.32	7.8
2.7	9.77
-2.51	8.09
-1.61	2
-1.94	0.2
-2.33	4.19
-0.33	7.43
-0.62	7.99
-1.21	9.94
5.85	15.28
-2.96	5.79
-3.92	-1.94
-6.19	-2.19
-7.75	0.14
-1.97	2.33
-1.82	1.96
-4.93	1.41
-5.54	0.95
-4.35	1.5
-7.97	-0.53
-2.84	-0.79
-5.97	-2.04
-8.15	-0.15
-2.78	1.83
-4.44	3.08
-0.08	8.68
-0.56	8.2
-1.09	6
-5.37	3.31
-6.79	0.35
-0.22	9.52
3.38	11.99
-3.11	9.58
0.19	9.59
-0.07	10.76
1.2	8.94
-0.89	5.72
-3.53	3.11
-6.37	2.47
-5.83	2.25
-4.1	-0.47
-1.66	0.72
-0.38	1.06
0.55	3.45
0.44	2.51
-1.95	1.5
-5.02	-0.84
-10.72	-2.78
-5.66	-2.89
-6.55	-2.62
-12.16	-6.24
-10.07	-7.73
-8.5	-4.87
-6.04	-2.94
-7.71	-2.53
-8.79	-1.54
-16.09	-0.89
-8.45	-0.63
-4.29	-0.55
-3.56	1.43
-1.11	4.78
-0.85	2.18
-1.73	1.67
-6.17	-1.44
-4.79	-0.77
-4.78	-1.55
-8.55	-3.02
-16.1	-2.68
-11.75	-5.26
-18.92	-3.03
-18.8	-4.64
-9.61	-5.76
-6.31	-2.71
-3.2	1.66
-1.13	1.53
-7.57	5.99
-1.8	6
0.34	3.53
1.29	4.46
0.03	4.51
-0.06	7.01
0.98	5.98
1.12	3.26
1.13	2.61
0.97	2.8
1.69	4.58
0.58	4.18
-2.38	6.16
-3.3	8.57
-2.69	7.12
-2.49	7.46
0	3.72
-2.1	6.96
-1.65	8.07
3.21	11.01
1.61	9.51
-0.35	10.02
1.05	14.11
3.02	17.83
3.27	14.77
3.87	11.21
0.59	17.08
4.35	13.45
5.69	15.16
4.26	17.7
7.73	16.77
4.51	16.92
5.21	17.59
7.38	23.06
7.86	23.71
8.8	23.56
6.42	15.03
3.38	8.72
-1.02	3.8
-0.66	0.7
-0.25	7.97
-1.33	13.21
5.47	11.26
7.22	17.37
8.57	14.93
6.24	13
2.79	12.49
3.18	18.5
9.65	18.33
11.41	20.26
11.23	23.97
10	25.94
8.88	23.42
10.89	22.96
9	24.92
12.3	21.57
10.56	23
13.95	22.02
10.91	21.97
8.69	23.23
11.65	23.24
12.25	24.13
8.59	23.61
9.54	23.85
10.86	22.16
7.8	18.64
7.79	19.27
10.28	21.88
11.91	22.05
10.46	25.13
12.73	25.4
12.47	26.14
13.46	21.32
11.91	18.28
8.39	22.59
11.33	26.34
16.1	23.55
15.33	25.83
17.17	25.33
12.51	25.88
13.96	25.72
11.02	20.45
8.6	22.85
9.96	25.78
11.56	26.97
14.88	22.65
8.84	17.04
8.1	14.88
6.86	13.29
5.38	18.61
9.66	14.96
6.25	18.86
7.05	14.82
7.43	13.07
4.21	16.37
6.94	18.71
7.03	20.81
9.28	22.75
11.77	26.1
13.17	22.87
10.72	18.58
14.07	24.89
15.81	26.85
14.4	28.16
16.54	28.84
15.67	30.03
16.85	25.84
15.59	27.65
14.6	27.64
15.53	23.67
16.24	22.21
13.71	22.09
14.15	23.14
11.55	24.13
12.14	26.73
12.83	27.58
15.66	25.16
13.49	21.34
13.37	24.84
13.4	26.68
12.79	28.36
13.65	29.32
15.12	29.37
18.46	29.3
15.85	25.06
9.87	23.1
10.27	21.62
9.86	22.31
10.96	22.94
12.24	21.81
12.14	18.8
10.06	21.23
9.07	23.1
9.78	24.92
11.27	26.9
13.08	28.18
15.83	23.64
13.27	18.7
13.29	22.09
9.8	25.49
11.15	27.16
10.82	27.11
7.18	21.76
10.74	24.14
12.42	24.63
13.33	25.93
11.8	26.77
14.3	28.59
15.89	30.17
16.64	30.24
14.86	28.91
15.58	30.2
17.07	30.61
17.65	26.76
14.61	25.15
13.86	27.83
15.29	29.59
16.26	28.27
14.71	29.12
16.32	29.96
16.45	31.1
13.97	28.59
14.47	25.02
11.8	27.48
13.21	28.61
14.39	31.46
15.2	31.4
15.03	27.39
14.86	23.56
13.03	22.55
9.49	25.3
13.36	28.74
9.01	20.45
11.11	21
9.17	23.88
13.18	23.94
12.65	21.14
11.71	17.75
8.33	19.35
5.47	19.44
6.71	19.82
8.82	21.18
8.47	23.7
11.64	18.99
4.72	19.67
5.04	21.07
6.57	23.26
8.9	23.88
12.11	20.9
10.66	16.85
8.62	18.82
8.07	20.88
12.94	24.02
11.03	25.2
11.5	26.09
15.92	27.82
13.54	25.32
14.72	23.35
8.73	16.33
1.8	18.08
2.32	21.27
5.97	23.76
6.21	23.94
6.3	23.5
11.43	16.51
9.06	12.76
7.32	16.67
8.16	17.78
3.74	18.82
5.51	20.52
3.08	19.28
4.85	21.53
4.75	23.81
7.85	18.43
6.58	17.13
3.15	18.45
5.09	21.2
7.2	18.94
8.79	17.5
2.54	18.64
2.98	19.5
4.67	17.95
1.21	17.29
1.32	16.52
-0.25	16.36
-1.23	16.38
-2.35	16.71
-1.19	16.53
-1.14	16.73
8.14	13.11
6.03	15.37
7.06	17.9
8.79	17.48
4.18	12.97
-1.37	10.91
4.51	8.72
4.69	7.45
5.74	11.34
-0.3	13.01
2.22	11.07
3.6	11.29
1.35	12.08
4.66	11.25
4.12	9.14
-3.56	7.15
-2.23	10.74
1.62	14.81
1.86	12.13
-0.97	11.62
-1.4	11.31
-1.07	11.4
-1.95	6.84
0.36	7.01
-2.26	5.08
1.31	13.26
7.22	18.42
3.19	11.78
2.75	5.25
3.93	6.67
4.82	6.59
4.81	6.2
4.22	6.1
2.89	4.99
3.39	9.96
4.38	8.87
-0.13	11.7
-0.61	6.96
2.29	8.76
1.6	7.15
-0.09	6.25
-3.88	1.07
-1.94	-0.26
-1.8	0.4
-2.74	4.77
-3.04	0.18
-5.08	1.18
-3.57	-1.87
-4.02	-2.36
-3.64	-2.39
-3.1	-2.12
-2.82	-1.31
-2.86	-1.5
-1.87	3.17
-3.63	0.03
-2.96	-0.77
-2.05	-0.37
-3.04	1.12
-3.91	2.03
-6.46	1.51
-2.28	7.15
-0.34	6.55
-4.51	6.7
-5.43	4.13
-6.49	2.27
-6.39	0
-8.07	-2.71
-13.59	-4.15
-7.46	0.91
-5.38	2.98
-0.8	9.7
4.12	10.77
0.63	8.77
-0.91	8.26
1.76	6.54
-3.06	2.98
-7.11	1.17
-8.05	2.42
-4.28	5.84
-6.23	-0.04
-10.65	-4.01
-12.16	-0.92
-6.82	-2.64
-11.91	-5.49
-15.95	-10.24
-22.55	-11.96
-15.63	-11.15
-11.3	-4.25
-5.63	-1.76
-2.88	-1.61
-4.97	-1.72
-4.46	-1.26
-9.47	-1.58
-8.42	-2.53
-15.13	-4.66
-5.82	1.73
-2.13	3.69
-7.59	3.36
-7.13	1.52
-7.52	0.47
-8.54	-1.3
-7.15	1.08
-13.63	-4.31
-21.83	-6.34
-15.32	-4.79
-11.21	-3.82
-7.3	-2.18
-15.42	-1.84
-13.83	-0.63
-7.61	0.83
-4.36	3
-3.01	3.92
-0.5	9.02
-0.98	9.73
-1.4	8.72
2.74	11.48
2.13	7.96
1.53	5.57
1.81	5.95
1.94	5.3
0.97	3.2
0.47	3.41
-0.64	2.89
1.97	5.99
1.07	9.56
-2.45	7.53
-2.58	5.82
-4.94	0.71
-8.31	2.19
-7.37	4.54
-1.16	3.53
-0.19	7.23
0.82	5.16
-4.8	0.44
-8.89	-5.04
-15.99	-3.91
-17.3	-3.5
-11.03	-3.36
-10.03	-3.1
-11.65	-3.17
-12.36	-1.91
-7.28	-1.99
-8.53	1.37
-9.9	-0.11
-11.27	0.89
-10.6	1.29
-8.04	2.37
-5.21	4.08
-2.9	5.59
-0.6	11.04
0.78	6.31
0.43	2.71
-4.06	6.8
-1.34	10.59
0.05	10.08
-1.24	14.36
4.99	17.65
4.64	16.78
7.91	16.37
8.5	14.83
4.89	10.81
3.65	6.39
1.13	5
1.22	6.45
2.87	5.82
2.65	12.7
7.37	17.97
8.3	18.52
6.49	18.19
3.82	20.21
5.56	20.9
10.6	17.68
10.16	16.37
6.7	10.82
5.16	14.33
6.72	11.19
5.45	13.42
4.39	12.79
1.28	12.68
6.92	17.63
3.97	22.65
6.11	19.49
8.17	21.18
9.36	14.88
6.53	13.18
2.21	14.63
2.05	18.55
4.16	22.61
7.74	21.8
6.5	14.61
0.86	14.62
1.94	17.9
3.65	20.46
4.29	24.22
9.16	25.68
10.65	22.79
7.05	19.65
8.66	14.88
9.96	12.51
7.3	14.25
7.21	15.19
8.23	19.52
5.34	24.13
9.34	19.03
8.22	19.31
11.3	15.84
6.7	13.97
3.6	17.63
9.03	17.09
5.08	16.64
12.21	18.16
8.77	22.88
10.23	19.04
8.1	13.17
6.49	11.57
7.45	11.9
8.19	18.8
10.15	21.34
9.46	20.36
8.61	23.29
12.08	20.07
10	19.7
10.8	17.37
7.92	16.49
10.4	17.57
8.57	21.93
10.2	21.41
12.73	22.79
11.55	19.64
10.09	23.97
12.07	26.71
16.78	26.91
11.87	22.71
12.69	24.78
11.44	25.06
10.65	24.8
12.16	27.6
17	29.47
17.19	28
12.17	23.96
9.51	18.5
5.38	19.78
7.82	19.31
11.6	18.21
12.37	16.2
12.35	16.05
11.78	23.2
11.76	24.04
14.05	22.72
12.51	25.65
14.38	23.23
13.19	25.98
14.75	28.12
15.07	29.25
16.08	29.96
18.83	29.27
17.05	27.17
17.26	26.29
16.19	24.08
12.6	24.98
10.97	26.05
11.46	27.76
15.44	25.35
11.69	24.08
11.5	25.8
12.67	28.23
15.4	29.17
15.47	26.95
15.76	29.34
17.02	29.34
17.3	29.29
19.54	30.54
19.39	30.84
16.38	28.66
13.1	27.95
13.66	28.62
15.29	32.05
16.69	31.89
17.68	27.84
13.97	19.07
6.2	21.19
12.16	22.67
12.86	22.79
12.4	25.71
15.84	23.21
10.26	23.71
14.12	20.66
11.54	24.74
14.06	19.13
10.65	15.85
5.79	19.69
7.69	16.84
11.97	21.26
9.44	22.83
14.3	22.52
12.08	20.29
11.81	20.75
12.16	19.08
8.78	22.5
13.86	24.52
12.72	22.78
12.2	23.26
12.35	25.98
15.03	26.3
15.36	24.74
11.93	24.53
10.6	24.27
9.6	24.14
11.22	26.92
13.57	26.87
14.37	24.3
13.04	25.12
13.81	23.73
12.56	22.02
14.45	24.57
12.85	25.82
14.48	23.05
14.36	23.79
12.74	26.51
12.99	26.67
12.96	26.49
13.83	21.58
11.44	22.81
10.12	22.87
10.9	19.48
9.36	22.15
9.86	23.74
12.39	25.19
14.2	28.73
13.75	30.2
15.61	26.99
15.42	24.71
12.48	25.7
14.63	29.97
14.56	25.68
14.65	29.21
14.51	24.49
12.87	25.56
12.97	26.36
14.35	21.36
13.53	20.13
14.7	24.87
8.51	22.44
5.44	13.78
2.94	13.76
2.9	12.44
2.63	13.65
0.72	13.44
1.6	14.44
2.17	14.44
3.67	18.54
10.61	18.63
12.61	22.85
11.07	21.65
9.44	17.14
6.86	18.88
11.77	22.89
13.01	19.49
8.19	15.3
3.78	17.13
6.78	19.33
13.9	22.08
10.61	19.31
10.02	15.69
8.54	14.71
7.9	12.21
8.27	11.84
9.26	13.63
9.04	13.39
8.99	12.76
10.53	13.91
7.15	12.32
5.68	11.96
3.87	8.42
-0.15	6.21
2.75	5.32
-0.25	10.24
-2.86	8.72
1.51	5.66
5.05	9.43
4.21	8.9
0.51	9.6
-1.39	9.35
-2.67	5.43
0.14	5.08
1.43	3.22
2.33	3.24
2.68	6.72
2.12	10.23
4.05	14.26
4.95	13.19
3.31	6.02
-1.45	5.28
-0.44	6.56
2.03	12.02
2.45	9.35
3.89	8.23
0.02	7.15
1.75	7.6
-1.68	7.61
1.76	5.64
4.78	12.94
1.74	8.69
5.02	7.82
3.75	6.45
2.97	4.88
3.3	4.55
2.23	4.79
0.78	2.66
0.38	3.37
1.01	3.54
0.29	6.74
1.18	5.1
0.98	5.18
-2.96	1.17
-8.24	-2.82
-8.18	-1.15
-10.74	3.26
-5.86	3.59
-7.39	-0.52
-4.51	-2.14
-3.76	-2.13
-2.86	-0.49
-1.32	1.4
-0.05	3.23
0.61	7.36
-0.3	6.71
1.65	12.12
1.42	6.75
0.22	7.06
-2.68	5.71
-4.09	3.59
-2.71	-0.44
-3.41	3.6
-0.48	13.63
2.59	13.02
-1.22	12.93
-0.17	10.34
-1.84	3.49
-2.09	5.14
2.73	8.94
0.32	8.33
1.53	10.99
4.34	14.27
4.07	11.47
1.41	7.33
-1.1	6.39
-4.16	4.43
-3.09	0.87
-3.8	5.69
-5.09	3.6
-3.22	-0.43
-3.3	-1.86
-2.69	-0.92
-1.96	-0.33
-2.05	0.27
-0.14	2.27
0.27	2.06
-0.03	2.1
0.66	3.53
0.64	5.16
-2.19	4.82
-0.96	7.82
3.61	10.47
-0.94	11.94
-0.61	10.37
7.55	15.58
2.23	12.16
-0.89	8.8
-1.29	8.97
2.82	5.89
-1.87	10.17
-1.95	11.13
3.52	11.84
0.07	13.04
8.46	16.04
2.13	11.35
1.53	9.12
0.83	5.28
-0.86	5.96
-1.66	9.1
2.9	6.21
0.25	6.32
-2.31	8.3
-2.39	7.45
-4.17	5.04
-2.01	8.06
-0.15	8.53
-0.63	4.76
-5.86	1.86
-4.07	7.36
-3.54	8.31
0.11	4.52
-0.3	4.8
-4.12	3.09
-0.13	1.99
-0.49	4.99
-1.63	4.38
-2.95	7.62
-2.24	4.02
-4.19	6.62
-2.82	9.26
1.31	5.35
0.63	6.05
-0.94	5.28
-1.33	5.51
-0.79	3.3
-0.59	5.87
-2.41	9.62
-1.02	11.46
-0.48	4.9
0.46	7.41
0.35	8.37
1.19	13.11
4.51	14.34
1.24	7.93
-1.71	8.58
-2.43	9.13
1.93	12
5.35	10.1
5.28	13.71
1.64	10.33
2.67	10.59
2.54	16.13
0.72	12.14
0.45	10.23
-0.26	12.71
0.77	15.29
5.98	15.07
2.84	13.33
0.54	12.71
1.57	14.67
5.93	13.38
8.04	11.08
8.62	15.09
9.13	14.34
6.75	18.39
7.05	18.32
3.3	10.76
-1.13	12.87
0.8	20.12
9.7	18.63
2.41	11.8
-2.24	11.19
-2.82	14.37
0.3	14.44
0.33	20.07
5.25	21.79
5.72	21.84
10.79	18.04
8.98	20.18
5.9	18.04
0.62	9.7
-2.52	11.04
0.06	14.53
1.65	17
3.3	15.28
9.64	14.7
9.68	15.71
7.51	19.93
10.8	21.96
11.89	20.08
5.64	22.18
11.56	21.75
9.78	22.16
7.19	22.46
10.12	17.9
7.26	20.27
6.25	21.21
8.14	16.78
3.31	19.38
8.56	20.06
12.18	20.38
11.23	18.04
10.51	22.13
9.34	24.58
12.16	24.22
11.1	22.64
10.71	21.37
9.04	13.93
8.27	14.31
5.58	16.4
5.2	20.77
8.1	22.12
9.62	23.06
10.45	22.51
9.23	23.18
11.46	22.53
10.37	23.34
13.82	20.74
11.27	17.02
8.1	20.01
9.46	22.73
9.52	27.18
14.04	22.59
13.49	22.93
10.11	22.88
9.27	22.98
9.45	25.25
11.13	26.22
14.6	23.79
13.32	21.9
13.17	20.31
8.72	25.15
12.63	24.64
13.85	22.74
11.21	21.71
8.44	23.87
12.14	24.25
11.62	20.45
10.24	22.88
11.37	24.75
11.62	21.17
6.15	19.61
9.98	20.83
11.53	21.16
9.82	24.29
13.1	26.34
12.55	26.74
12.9	28.9
14.71	26.49
15.2	23.96
12.02	26.8
12.6	29.14
18.08	30.19
17.98	32.84
14.21	30.35
15.32	27.78
15.3	26.83
13.22	25.23
13.07	26.99
13.56	24.51
12.57	26.41
14.87	25.09
13.51	18
10.85	22.02
10.57	23.91
12.26	24.81
14.23	22.48
11.44	24.86
12.02	28.92
16.09	30.38
15.54	32.61
16.64	33.69
18.36	29.39
12.49	31.64
15.01	32.5
15.83	27.75
11.17	29.09
16.22	25.6
10.01	26.11
11.44	28.37
14.2	31.38
15.94	31.72
10.16	18.52
10.04	23.05
9	23.89
10.32	26.48
12.7	28.28
14.53	27.65
12.73	29.31
13.61	32.3
16.71	32.48
15.46	32.3
15.57	32.17
16.36	34.04
16.97	32.46
15.21	26.56
11.27	26.98
10.22	29.36
12.45	31.28
13.08	26.59
11.35	17.61
12.5	16.75
9.03	21.36
11.4	22.9
9.65	22.2
10.69	21.52
8.71	24.71
11.38	26.88
14.79	23.38
12.58	25.06
11.2	25.82
15.89	24.21
9.18	22.52
10.37	24.27
12.5	23.64
16.01	23.27
11.92	18.87
11.51	19.32
7.11	21.43
7.79	22.64
8.9	23.98
12.45	23.22
10.94	18.89
9.46	12.74
9.43	12.77
9.55	16.83
5.08	16.58
10.89	17.59
10.52	18.41
10.31	16.46
9.7	18.14
9.28	18.59
7.39	19.98
9.24	21.68
8.99	19.28
9.44	22.51
9.73	23.65
9.81	24.51
9.92	24.52
9.45	22.6
10.58	18.38
7.05	17.1
8.68	17.37
3.03	17.43
3.04	17.11
8.27	14.82
7.27	16.83
6.14	12.26
0.48	16.87
7.51	20.11
9.86	20.01
10.41	19.9
9.09	21.33
9.79	21.85
10.83	20.1
7.93	18.53
5.59	18.25
5.82	18.04
7.94	12.47
7.89	11.77
7.46	10.21
7.08	10.64
7.54	10.13
4.16	9.67
6.42	12
1.61	8.74
-2.22	7.48
0.26	7.92
-0.8	10.25
2.43	7.62
-1.34	6.05
-2.01	9.77
-2.84	11.67
0.2	6.66
-2.43	3.01
-7.11	4.2
-6.56	4.42
-5.21	6.85
-3.31	7.19
-2.59	3.7
-4.57	2.34
-7.68	-1.6
-2.97	-1.77
-2.09	0.31
-1.62	10.49
1.86	8.08
-0.95	5.81
2.31	10.03
-1.75	8.66
-0.91	9.79
-2.95	5.03
-2.52	-0.33
-4.25	-1.58
-12.35	-2.6
-14.18	-0.42
-3.26	1.06
-0.2	2.53
-0.46	6.63
-2.41	4.81
-0.56	7.45
-1.75	4.66
-1.27	0.57
-1.67	0.62
0.57	4.35
0.55	6.58
2.99	11.57
1.87	7.23
-2.62	6.46
-1.86	3.02
-2.99	1.97
-3.93	3.58
0.37	10.88
1.24	6.64
-0.65	4.97
-0.45	7.07
-2.66	2.09
-7.87	-1.97
-12.77	-2.32
-10.83	2.25
-3.4	6.25
-2	5.33
-5.28	1.11
-2.08	6.86
-4.23	5.99
-2.62	9.09
-1.36	8.13
-2.44	9.95
-2.29	8.73
-2.19	10.25
-2.51	6.99
-3.79	6.87
-4.05	1.79
-2.92	5.12
-0.18	3.95
-6.95	1.58
-7.15	-1.19
-6.66	-3.71
-7.03	0
-2.82	1.12
-2.08	2.62
0.17	10.66
-1.43	5.56
-0.71	5.36
-0.69	1.63
-0.68	1.97
-3.33	4.37
-2.33	7.76
-2.77	6.36
-3.14	5.07
-2.87	2.49
-3.88	2.73
-4.77	-0.78
-3.58	-1.68
-3.11	-1.56
-2.67	3.95
-2.36	1.23
-1.39	-0.14
-2.23	0.75
-4.5	0.81
-1.82	-0.14
-3.02	-1.2
-3.43	-0.09
-7.73	5.37
-2.29	5.05
0.9	3.07
-0.08	2
-0.24	1.31
-0.16	1.98
-0.78	8.53
-2.77	10.18
-3.37	6.82
-0.46	4.6
0.89	5.12
-2.17	4.33
-3.58	-0.22
-1.4	8.95
-5.89	5.24
-3.41	6.16
1.54	9.84
-0.3	7.48
-1.44	9.93
3.74	12.31
1.8	17.51
3.15	11.8
1.74	6.7
4.21	12.59
5.12	16.81
7.02	14.95
5.4	11.52
0.42	8.82
-1.29	12.31
0.73	12.9
1.7	13.19
1.45	8.97
4.21	11.71
2.84	12.52
0.01	12.69
-0.54	15.27
-0.78	13.9
4.31	12.76
1.57	13.23
2.75	12.5
4.22	12.46
4.77	12.05
4.91	10.61
-0.8	11.67
4.76	15.4
6.81	16.7
6.19	13.51
3.98	10.81
4.97	9
6.17	8.14
4.38	14.01
4.43	16.91
0.99	11.73
3.25	18.04
5.77	16.47
2.59	15.96
2.45	19.38
4.12	24.62
9.52	22.14
7.77	24.37
13.53	21.72
2.92	15.28
2.16	8.87
6.47	19.45
8.71	17.83
4.55	15.39
4.73	16.12
5.55	18.48
8.3	19.44
3.75	20.82
6.8	23.01
9.78	22.91
10.54	20.76
10.27	14.92
8.56	13.25
8.03	19.44
9.92	16.48
5.51	13
5.51	14.57
4.75	18.36
7.82	19.76
9.8	20.2
4.58	12.52
2.98	17.72
3.93	15.58
8.14	20.59
9.11	17.05
6.97	10.72
6.08	12.82
5	8.87
5.56	8.09
6.52	11.36
9.82	17.5
9.1	18.37
9.3	22.22
7.57	18.41
3.86	13.36
5.23	17.32
3.77	19.4
6.79	24.67
11.71	24.42
11.36	23.38
10.22	23.04
11.61	16.68
9.9	13.66
9.57	13.03
10.6	16.86
10.45	21.05
12.3	20.67
12.55	21.75
10.63	21.54
13.75	20.06
6.63	18.43
4.79	20.74
6.21	21.56
7.27	20.53
7.35	23.12
9.36	23.96
9.14	23.99
10.08	25.13
13.3	22.41
12.79	17.06
14	21.4
12.37	20.47
10.63	20.6
8.23	21.54
8.66	18.75
9.7	21.32
9.14	18.19
7.17	22.49
7.95	24.98
10.3	24.26
11.22	22.1
13.85	18.9
12.99	20.66
8.23	22.29
9.38	17.44
7.88	14.25
11.18	16.64
8.6	23.36
12.08	20.11
12.19	18.82
12.2	25.13
12.68	22.32
14.36	22.37
14.28	24.31
13.07	25.17
13.76	27.15
13.38	24.3
12.33	23.38
10.4	23.18
12.73	25.69
12.94	26.38
16.72	25.95
16.73	27.85
16.3	27.51
15.9	27.05
15.35	28.96
16.67	29.88
17.99	30.68
17.31	29.45
15.5	29.99
17.11	25.18
16.57	25.12
15.89	24.11
13.04	21.89
10.61	24.88
14.38	21.72
8.39	23.15
11.8	22.16
8.08	25.19
10.4	26.57
12.07	25.42
14.52	27.62
17.23	29.61
16.19	27.61
16.8	21.56
15.34	26.76
14.04	24.06
15	25.01
12.78	26.43
13.61	24.78
9.64	20.19
8.26	20.24
9.81	16.5
9.58	23.6
10.59	26.41
13.05	26.72
15.98	27.93
15.66	27.56
16.36	23.2
11.98	25.47
13.44	25.8
15.36	28.49
16.66	25.1
14.36	29.09
16.16	30.55
17	31.35
17.39	29.83
17.13	27.06
16.48	23.52
15.61	25.18
15.47	28.2
16.01	27.23
16.59	27.86
16.15	26.46
13.68	26.23
12.43	22.61
12.92	22.63
12.48	18.94
10.1	16.62
8.6	13.48
9.87	19.48
7.37	20.9
7.98	20.34
12.04	16.36
10.07	15.52
10.75	17.43
8.01	19.34
6.51	19.31
6.92	20.2
9.54	18.75
11.31	20.91
10.46	23.4
13.31	18.82
13.04	18.35
11.04	16.32
9.06	20.72
13.03	25.21
10.77	25.53
11.72	25.69
12.26	26.44
12.26	25.89
13.21	25.16
11.29	24.21
8.61	22.9
8.24	22.85
7.31	22.23
8.2	21.28
8.31	18.47
10.39	15.13
10.79	15.65
6.1	16
8.08	15.77
7.52	18.62
3.85	13.62
2.97	12.72
-0.26	15.18
0.34	16.72
5.65	11.88
4.68	10.1
7.81	11.72
7.09	13.1
0.33	15.14
5.64	16.3
2.26	17.79
2.25	17.58
5.5	14.37
1.14	14.45
-0.05	17.29
1.36	19.4
1.94	18.9
4.93	19.1
4.67	20.06
6.47	21.45
6.14	22.06
4.13	21.43
5.44	21.85
5.78	21.91
4.94	21.5
5.08	20.05
8.36	18.46
5.5	15.52
7.28	15.54
5.48	19.45
8.68	19.18
4.5	19.4
11.94	17.57
6.76	14.19
5.95	11.08
5.19	10.85
1.22	10.72
5.25	9.87
2.05	11.61
-1.56	10.83
-3.53	2.74
-0.64	1.92
-2.42	3.82
-2.59	10.34
2.94	7.2
-3.19	4.43
-6.53	3.02
-5.64	3.2
-2.14	3.45
-3.11	2.37
-2.25	11.99
-1.55	10.3
-5.47	3.4
-6.38	1.55
-9.12	-0.14
-3.36	3.83
-5.76	7.07
-5.06	2.66
-10.89	0.82
-11.57	0.37
-9.13	5.57
-7.95	4.19
-8.36	0.82
-8.32	3.73
-3.41	1.13
-5.2	3.17
-6.93	2.54
-9.62	2.63
-6.54	1.12
-10.77	-0.29
-8.96	2.59
-0.67	9.58
3.04	13.15
6.87	16.5
7.9	17.29
12.68	19.7
6.97	15.95
10.35	18.94
4.77	12.06
5.71	16.1
6.83	15.59
1.9	11.68
-2.27	6.09
0.07	6.96
-2.22	1.62
-2.38	-0.04
-3.89	2.4
-4.57	1.65
-6.59	-0.56
-5.61	-1.6
-2.25	-0.9
-2.54	-0.87
-2.72	-0.74
-8.31	0.63
-7.65	-3.29
-6.88	-3.68
-9.89	-4.45
-13.05	-6.89
-9.57	-2.31
-10.42	0.97
-9.37	-0.56
-7.78	-3.65
-7.49	-4.75
-7.91	-4.57
-6.51	-4.44
-6.71	2.52
-4.39	10.42
-2.21	4.55
-3.19	6.88
-4.76	6.02
-1.58	7.7
-1.36	13.58
-3.66	10.59
-0.53	9.4
-0.72	11.75
1.1	11.41
-0.21	8.46
0.3	11.87
3.57	11.7
1.19	9.92
2.83	9.34
2.21	12.86
3.12	13.97
4.45	12.34
3.68	13.96
-3.16	12.69
-3.26	11.45
-3.08	8.77
-3.67	11.16
1.93	9.8
-3.33	8.87
-0.29	4.22
-1.01	3.47
-1.09	8.57
-2.26	9.16
0.92	12.83
-0.18	8.94
-1.46	9.63
-2.08	11.87
-0.64	14.64
-0.07	16.98
0.22	17.1
1.05	15.77
-1.13	15.33
-1.27	18.3
-0.19	19.73
4.24	16.4
5.2	16.3
1.18	11.31
3.49	12.63
-1.61	10.35
-2.94	7.99
-1.57	11.16
0.39	12.54
-2.1	15.27
5.49	18.94
0.2	21.19
5.06	16.03
3.81	11.54
2.42	21.93
2.86	22.23
6.3	15.31
-0.17	15.9
2.6	13.31
2.29	14.62
-1.96	13.74
-2.67	17.37
-1.32	19.86
0.52	21.15
2.97	21.41
5.96	24.15
7.66	18.95
7.3	17.55
5.54	13.41
3.49	8.86
4.4	8.85
5.64	14.08
3.67	11.93
7.33	13.42
4.81	17.77
4.88	17.84
5.28	20.63
9.72	18.95
8.09	14.69
5.95	10.84
6.45	16.09
9.04	13.37
4.87	9.59
1.42	8.86
1.22	11.36
0	13.89
1.64	13.05
1.52	13.96
0.33	17.85
4.88	17.7
7.73	13.97
6.87	15.16
6.89	11.67
6.56	14.6
3.65	11.22
3.84	10.61
4.47	17.03
8.7	14.72
7.7	18.29
4.46	19.05
5.3	17.8
6.98	19.39
7.04	15.83
3.4	14.24
2.17	17.77
11.2	17.81
8.76	23.62
9.63	19.21
8.19	19.76
5.66	24.09
7.44	25.17
9.26	24.92
9.93	24.84
9.15	24.3
10.57	23.64
10.1	24.63
14.82	20.65
9.15	23.95
9.76	25.68
13.5	24.11
11.43	25.85
11.83	27.09
10.9	22.9
10.56	18
11.13	18.18
9.42	21.18
9.39	22.71
12.29	23.8
13.88	26.93
12.56	23.12
8.07	17.57
6.13	17.52
5.12	19.04
8.23	15.64
3.3	17.9
4.65	19.19
6.39	20.97
7.33	23.65
11.45	20.67
7.41	21.84
12.36	17.23
9.75	19.25
11.66	20.77
13.35	21.58
10.55	21.32
9.48	17.51
6.84	19.85
7.84	21.91
11.83	16.93
12.52	21.72
11.02	20.69
12.57	21.2
11.56	21.52
9.99	25.19
12.63	25.83
13.86	28.28
14.58	25.25
12.29	25.96
13.22	23.36
11.31	23.62
11.02	24.11
13.62	26.25
15.72	27.1
15.33	28.52
15.92	29.18
17.16	30.87
17.48	29.11
14.53	19.82
10.37	21.61
14.58	20.19
8.95	25.34
13.2	23.25
8.29	20.92
9.61	19.74
13.8	27.6
13.47	24.9
11.13	21.19
8.93	23.87
9.79	27.3
13.29	24.06
8.92	22.83
10.05	27.99
13.33	28.94
14.43	23.67
10.14	23.78
10.13	24.03
12.4	28.35
13.96	29.82
15.43	25.72
14.3	24.69
14.53	24.92
11.09	26.19
12.45	26.6
12.65	28.34
13.21	30.72
15.07	31.8
16.31	30.72
18.02	30.4
15.25	29.73
12.71	27.7
11.21	28.41
10.68	29.6
13.07	31.83
14.4	21.95
12.68	22.24
9.69	24.35
9.08	27.5
13.78	25.12
10.66	28.28
12.46	30.23
13.07	31.44
14.54	29.27
14.84	28.73
12.38	28.94
11.17	22.63
8.2	26.09
10.75	29.09
13.13	24.05
11.23	19.91
10.76	23.67
11.61	24.92
9.41	26.73
11.16	28.34
14.11	28.28
12.91	29.01
12.07	28.58
12.14	29.16
12.09	29.39
13.72	26.11
13.03	19.76
8.56	21.19
11.9	20.62
13.07	21.26
7.41	20.38
8.42	21.58
9.16	19.51
6.94	21.76
9.49	16.71
8.76	17.48
8.68	16.87
4.99	18.84
6.71	19.69
6.33	21.68
9.62	17.18
3.78	19.12
8.49	17.64
5.66	18.84
9.31	22.68
10.76	17.74
8.71	17
8.45	24.15
11.1	19.81
5.68	17.58
8.08	13.26
6.78	16.48
5.7	16.03
3.47	18.98
5.24	22.08
11.53	24.53
11.07	17.97
4.65	17.99
6.21	16.15
9.38	14.19
6.25	17.07
9.15	22.09
7.74	16.95
3.62	13.43
1.32	15.98
0.68	17.48
1.67	18.39
5.86	21.79
8.97	22.39
7.07	19.39
7.26	20.45
5.08	18.47
7.24	18.84
9.37	20.76
9.56	14.77
5.25	13.11
-1.38	8.35
-4.89	8.74
-4.78	9.01
-4.43	9.19
4.14	10.35
4.78	8.79
5.12	11.9
5.76	11.43
7.53	13.16
3.02	14.27
5.91	11.77
2.53	9.14
2.75	7.99
2.42	9.01
-1.15	9.45
-0.29	6.71
-3.48	6.24
-1.17	8.72
-0.12	8.99
-2.5	5.56
-1.03	1.18
0.73	6.36
2.73	8.11
2.82	8.18
4.01	7.37
4.03	11.36
0.3	8.1
2.44	11.66
4.35	10.53
4.28	9.41
5.28	13.17
4.43	9.54
2.49	14.6
5.31	11.33
2.81	11.43
7.73	13.5
5.71	8.46
2.58	6.84
3.41	5.55
1.09	5.15
-2.46	2.44
-6.78	-0.38
-6.41	1.27
-9.89	-0.12
-5.66	2.81
-0.34	1.87
-2.92	-0.09
-5.19	-0.82
-5.33	1.59
-2.4	4.2
1.02	4.52
0.8	3.07
-0.67	3.71
1.59	4.33
-0.42	2.27
-0.24	1.28
-0.95	0.77
-1.17	0.1
-1.29	0.89
-4.08	-0.93
-7.27	0.17
-3.98	2.14
-0.34	2.47
-4.22	0.95
-5.54	-2.69
-3.43	-0.66
-1.46	5.15
-0.64	5.08
-3.32	1.94
-0.45	10.84
0.33	7.52
2.71	5.32
-1.99	5.8
0.22	10.73
0.64	12.17
1.92	7.3
-1.47	5.27
-3.25	8.17
2.46	7.77
2.2	9.86
-0.83	10.37
3.39	13.88
0.13	7.46
3.65	6.79
0.17	5.14
-4.09	2.48
-7.58	-0.19
-9.6	0.38
-10.86	3.49
-8.68	2.61
-8.87	-1.89
-9.62	-4.76
-6.37	-3.39
-4.09	-0.38
-2.75	3.43
-1.43	2.94
-6.57	2.37
-4.66	0.41
-1.79	3.3
-8.58	3.68
-2.82	2.68
-11.27	-0.26
-14.51	-5.16
-16.02	-2.44
-14.56	-0.86
-13.47	-0.94
-11.65	-4
-15.9	-8.14
-10	-4.36
-11.43	-2.51
-11.2	0.78
-3.28	9.25
-2.07	7.11
-5.21	-1.02
-5.4	1.54
-11.15	0.85
-13.25	-0.16
-10.65	2.81
-7.93	2.66
-10.86	3.95
-10.03	4.53
-7.59	5.15
-5.6	5.15
-3.6	6.13
-3.43	9.59
1.77	10.89
-1.47	10.69
-0.58	8.67
0.36	5.61
-1.2	1.74
-0.38	2.66
1.01	6.35
2.3	4.99
2.26	6.22
0.4	9.85
0.28	8.64
3.05	15.01
5.45	15.29
4.04	12.37
3.7	11.25
4.89	8.73
3.88	13.65
-0.17	14.17
0.78	15.62
1.95	18.08
1.63	15.59
1.18	16.09
1.25	15.08
2.67	14
6.76	18.71
7.22	20.42
11.06	20.6
8.27	15.34
3.92	20.01
6.66	15.3
5.95	11.94
2.33	8.05
1.33	8.06
1.27	4.35
0.98	3.8
2.79	11.17
1.89	11.29
0.11	15.18
6.17	11.74
6.67	15.59
7.94	17.62
7.65	18.5
3.86	16.61
3.7	16.01
4.26	16.88
6.63	15.4
3.2	13.67
6.48	16.15
4.31	17.12
4.9	17.95
3.65	18.67
3.32	20.47
1.39	15.66
1.24	4.47
1.78	9.95
-0.77	10.99
2.38	9.99
-0.57	11.01
-1.33	12.8
4.56	12.29
4.78	11.31
-0.07	14.31
2.66	13.74
8.19	16.17
3.05	18.9
6.29	17.57
8.98	21.16
7.25	17.89
9.33	13.54
6.71	11.26
6.34	16.2
3.64	15.27
4.2	14.58
6.87	17.21
5.27	18.36
9.47	18.22
11.73	19.46
6.75	19.16
9.29	17.12
4.32	19.07
9.48	15.85
6.34	11.31
5.04	9.09
5.15	8.35
5.67	13.72
5.01	17.16
5.66	22.83
12.95	25.17
12.4	20.49
5.6	13.51
2.82	14.61
6.66	14.1
5.02	14.78
6.76	17.74
7.67	19.06
6.42	20.12
9.9	23.41
9.2	25.92
11.03	21.94
9.64	24.59
8.65	17.27
8.18	17.57
4.9	19.26
12.38	18.73
10.78	21.3
11.27	23.44
11.36	25.85
13.55	21.94
8.22	24.06
10.84	26.22
14.19	23.41
14.19	24.95
13.96	29.29
15.41	29.73
12.31	24.04
9.83	16.13
7.24	21.41
11.85	22.89
11.12	26.8
13.01	28.37
15.23	29.29
16.07	24.74
15.13	29.7
16.51	26.12
9.81	24.11
8.46	19.6
7.35	20.3
8.71	23.67
12.29	25.16
17.26	25.86
19.66	26.75
18.26	28.2
17.84	27.24
15.1	28.39
14.63	29.58
16.52	29.24
17.67	29.65
16.73	30.54
18.08	32.45
18.48	32.5
15.92	29.1
15.57	23.56
12.74	26.8
14.7	27.82
14.37	24.02
13.69	27.4
18.53	25.85
16.71	25.9
13.66	25.1
12.81	26.19
14.69	28.52
16.76	23.16
13.4	21.67
12.27	20.97
14.67	18.58
15.28	24.46
14.6	26.7
16.12	28.09
16.04	25.29
15.04	22.64
16.39	22.08
17.52	25.79
16.44	25.47
16.09	27.66
15.52	29.33
16.56	30.06
14.7	30.75
17.84	27.75
16.2	28.43
17.41	29.48
16.09	26.32
15.5	26.27
15.38	25.51
12.21	25.94
11.83	26.66
15.07	24.13
14.67	22.35
9.37	22.88
13.51	20.18
12.19	23.65
14.12	24.84
13.36	26.04
16.43	26.25
14.81	25.16
12.74	22.81
9.57	22.74
12.42	20.46
9.25	21.81
8.85	22.64
8.06	23.1
8.34	24.34
9.42	25.8
9.6	25.68
10.26	26.17
11.31	24.14
11.25	20.26
9.53	18.12
8.37	20.99
7.77	22.22
8.51	25.27
12.02	20.48
12.76	16.42
14	21.32
14.95	21.56
15.31	22.24
11.79	23.02
12.46	20.83
6.95	21.18
9.42	21.76
11.72	19.82
13.84	23.21
13.27	19.4
6.09	20.42
8.07	20.19
9.95	23.44
15.95	22.61
10.11	19.27
11.44	22.93
14.28	26.39
13.47	22.13
9.79	16.08
4.4	16.66
2.53	16.74
1.42	16.12
2.65	18.26
5.61	21
9.31	15.52
9.56	14.09
8.51	14.83
7.43	12.84
10.74	17.16
13.16	19.34
8.11	19.91
11.9	20.96
11.33	17.74
6.48	19.21
7.91	14.09
6.62	8.91
5.36	10.46
1.14	8.52
1.36	7.82
-2.14	10.96
0.93	9.39
1.9	7.45
-4.25	5.94
-2.49	5.3
-4.23	4.68
-4.75	6.6
-5.89	5.62
-6.15	3.5
-3.65	6.6
-3.68	6.04
-2.21	10.36
5.64	15.99
4.87	12.87
4.09	8.82
-1.21	8.4
2.24	13.19
-0.85	11.92
1.2	8.67
-3.94	7.98
-1.03	9.77
0.11	13.66
8.48	12.29
1.42	10.39
5.88	8.77
4.11	7.77
-0.77	7.51
-0.87	6.63
4.08	6.79
3.82	6.21
2.4	4.31
1.67	3.27
2.05	4.2
4.11	7.69
4.15	8.33
5.91	6.96
3.89	6.14
3.24	5.53
1.99	3.91
1.05	2.89
-0.21	5.24
-3.05	4.21
-3.37	-0.42
-3.26	5.74
-1.3	2.62
-2.89	2.01
-8.36	-0.28
-13.75	-5.13
-15.65	-6.57
-9.36	-0.02
-12.89	-2.22
-12.03	-1.59
-11.77	1.85
-10.6	2.98
-10.85	-1.74
-4.96	-2.6
-4.85	-0.13
-4.2	4.44
-0.31	4.05
-3.67	4.78
-0.63	4.33
0.14	3.18
-1.14	5.19
-2.1	4.92
-3.57	1.62
-2.37	3.96
0.47	3.45
-5.25	2.61
-4.62	4.9
-5.58	4.94
-5.92	3.26
-3.35	10.49
-4.16	9.29
-6.29	2.95
-3.99	7.42
0.99	10.57
-0.81	10.09
-2.69	7.02
-1.43	10.57
1.8	9.15
1.14	4.15
-0.9	3.61
-2.42	4.11
-0.9	2.44
0.4	9.06
-3.01	3.07
-2.48	6.99
-3.28	4.19
-1.29	7.58
-3.44	3.04
-8.08	-3.48
-5.48	-2.58
-3.8	0.65
-6.05	3.02
-6.33	-0.55
-3.6	-1.76
-2.63	-0.09
-3.48	-0.17
-5.15	6.14
-0.96	6.8
1.81	8.53
-1.32	6.4
-4.23	5.28
-4.07	5.03
-2.16	7.89
-1.65	7.05
-0.54	6.5
2.69	12.41
-0.85	10.98
-3.59	8.41
-2.4	5.67
0.76	9.7
1.37	12.1
0.8	14.7
4.18	9.69
-0.72	11.16
3.05	8.17
0.2	5.7
-3.75	2.23
-6.01	2.65
-6.2	4.14
-4.1	4.8
-1.26	3.18
-3.63	7.06
-1.96	11.74
-3.93	10.38
-3.39	12.03
-2.97	13.4
-2.6	13.03
-1.71	15.64
-0.97	15.34
-0.34	17.67
3.25	14.48
1.73	18.45
0.49	15.51
0.17	12.48
2.27	9.13
-1.4	8.57
-4.17	10.71
-3.44	9.74
-3.59	9.7
0.35	12.27
3.28	11.06
3.8	10.77
2.08	11.86
-2.67	9.35
-0.94	8.38
-4.04	8.82
-4.24	13.07
0.55	10.26
5.27	8.94
4.56	9.73
3.66	11.19
6.92	15.79
7.86	13.42
1.12	8.39
1.63	11.21
1.58	7.52
-0.89	8.4
-0.97	11.26
3.86	14.98
8.55	14.02
3.33	14.78
1.41	17.67
11.64	18.95
6.94	17.77
5.67	12.09
4.6	12.51
1.3	11.99
5.72	12.39
1	13.23
-0.39	12.85
2.76	17.06
3.22	19.14
4.72	16.16
3.96	17.49
7.85	14.23
6.03	10.27
1.93	12.27
-0.24	18.12
7.29	15.16
3.23	14.12
3.23	21.71
8.91	18.56
5.03	19.67
5.66	25.7
9.34	26.49
9.06	26.97
11.33	22.59
9.74	20.3
7.41	12.02
9.36	17.31
8.56	20.78
8.42	21.67
9.47	18.55
7.76	19.59
9.22	20.53
6.53	22.03
12.17	23.19
10.54	19.41
9.51	20.6
11.79	24.26
6.76	18.93
5.94	22.88
8.33	24.11
10.83	23.94
8.57	23.6
8.29	23.21
11.12	17.59
9.21	17.12
9.31	18.08
11.37	18.79
6.8	22.76
12.55	21.55
11.98	21.21
7.86	20.8
5.54	20.45
5.7	21.71
11.71	19.06
7.07	22.02
7.9	21.72
10.5	22.71
14.29	20.85
13.42	25.75
15.77	24.53
13.98	22.41
13.04	23.74
11.15	23.41
8.67	23.08
12.18	20.31
9.77	17.7
11.55	20.77
9.17	22.62
13.42	17.68
13.64	21.13
13.79	23.81
14.55	24.63
11.6	25.36
14.35	25.71
14.89	22.84
12.97	23.5
14.02	26.82
13.91	27.17
13.62	27
17	27.97
14.96	28.21
14.44	23.96
13.23	23.46
10.29	22.29
10.58	23.88
9.81	26.2
10.33	27.37
11.42	27.91
11.83	27.4
12.22	28.22
13.71	29.59
14.83	26.17
14.56	24.97
13.22	23.28
13.26	24.73
12.84	24.54
13.29	22.14
11.47	25.95
14.8	20.76
15.39	21.09
12.58	26.76
14.86	24.86
12.91	24.66
16.3	27.02
13.59	29.38
16.95	26.27
12.03	27.93
13	28.72
13.56	31.32
18.4	29
15.33	28.97
11.75	29.29
13.01	31
16.19	31.91
17.48	28.32
9.14	26.75
11.61	29.23
14.06	33.28
17.54	33.36
18.04	31.09
16.34	34.08
16.87	32.77
16.1	30.71
13.6	32.65
14.86	33.91
16.42	33.38
15.02	34.06
17.75	34.57
17.12	28.26
13.5	28.89
12.79	30.22
13.86	30.76
15.85	25.71
10.96	27.7
11.72	31.2
14.46	33.75
14.63	35.96
15.09	35.92
16.02	34.78
16.04	30.94
14.73	29.86
14.4	28.3
15.57	32.65
15.13	34.33
17.12	33.92
16.36	35.67
17.95	34.81
19.14	31.91
13.99	28.51
10.33	24.4
5.4	22.01
8.74	25.41
9.84	19.71
8.9	16.82
6.4	18.14
3.34	22.78
6.29	25.28
12.08	21.99
9.11	23.75
11.6	26.06
12.03	26.94
11	25.21
10.97	26.44
10.8	22.58
7.89	25.64
9.64	23.32
10.03	20.89
4.06	20.71
4.45	21.73
5.99	22.74
6.22	25.24
11.01	26.65
11.35	23.47
9.34	21.85
3.21	22.4
11.18	26
11.26	26.55
12.1	25.4
12.79	18.37
10.31	15.95
7.03	18.99
6.38	18.02
11.23	15.29
11.95	20.52
13.68	20.95
9.43	20.94
11.39	16.02
7.46	15.69
7.22	12.48
8.28	10.31
6.25	12.29
-2.38	10.16
-2.6	11
-2.34	10.36
3.5	9.2
7.24	16.35
3.38	14.12
-0.44	10.34
3.26	8.79
6.46	8.6
3.79	12.05
0.18	10.92
1.5	12.53
0.89	12.77
5.95	14.87
2.68	10.78
3.22	17.5
5.57	15.38
4.19	6.45
5.76	9.26
4.53	7.35
5.34	9.38
7.9	14.88
4.93	9.95
5.05	11.33
4.5	15.91
1.82	9.11
0.59	12.1
0.57	8.04
-0.83	8.95
2.78	10.51
4.39	9.5
-1.51	7.23
-2.18	8.56
-3.55	4.73
1.84	15.47
4.96	10.89
1.3	6.81
-2.62	6.44
-0.96	8.02
-2.85	7.39
0.09	8.91
3.12	5.83
3.59	5.22
3.83	7.19
3.37	11.58
3.05	11.82
-0.78	7.66
3.53	6.33
1.57	5.54
-0.62	3.61
1.13	10.22
7.59	14.56
6.42	13.37
6.39	14.02
3.01	7.85
1.42	6.38
0.79	3.01
1.47	2.87
1.42	3.81
0.72	2.91
-1.14	2.9
-1.22	7.15
-1.3	4.44
-3.15	6.65
-3.02	1.11
-0.86	0.68
-0.91	0.68
-0.67	0.61
-1.65	0.28
-1.97	0.11
-0.44	1.25
-3.6	0.76
-8.64	-3.21
-7.05	-3.21
-6.34	-1.8
-11.2	-0.54
-5.87	-1.14
-11.9	-0.52
-13.01	-0.17
-9.94	-4.44
-7.55	-3.2
-10.44	-6.52
-10.56	-5.79
-9.19	-3.21
-14.1	-2.8
-14	-2.75
-6.32	0.9
-2.92	4.32
-0.44	4.22
-2.43	5.45
-1.23	10.49
6.22	13.43
1.95	9.37
0.46	13.36
-1.07	9.76
-0.81	12.73
-2.2	11.84
-2.5	10.63
-2.13	7.61
-2.59	8.48
0.65	14.18
-1.81	10.36
2.5	12.04
1.58	10.09
3.32	10.96
-1.98	6.85
-1.77	7.42
-3.08	2.97
-1.61	1.48
-7.24	0.18
-11.13	-0.29
-12.19	0.42
-11.27	3.88
-8.08	7.16
-6.55	8.9
-7.09	5.13
-5.79	7.24
-0.74	5.85
-3.2	7.02
-4.71	5.4
-6.14	5.61
-6.12	5.69
-5.95	4.3
-5.53	5.07
-1.76	1.18
-0.81	1.83
-3.75	1.52
-8.25	-0.23
-1.81	5.51
-3.61	4.54
-2.49	7.78
-2.43	7.24
-3.52	2.04
-6.18	-0.4
-3.68	-0.15
-2.37	0.33
-4.87	2.96
-6.11	5.61
-6.4	7.58
-4.03	4.06
-0.15	2.92
-0.71	0.83
-4.65	-0.6
-6.2	-1.56
-9.47	0.91
-1.54	4.01
-0.68	2.42
-2.15	4.47
-5.55	7.73
-2.63	9.32
-2.37	11.65
-2.06	12.03
-0.55	13.21
-1.15	14.34
0.14	16.11
2.82	13.97
7.45	21.58
6.48	18.93
0.88	19.79
2.81	22.93
5.02	20.9
9.31	20.48
5.79	13.59
3.72	7.9
2.16	6.02
-0.02	5.36
0.12	3.88
0.65	7.58
-3.46	7.19
-1.8	12.6
3.91	12.14
3.96	8.92
0.58	9.76
4.51	10.71
2.63	13.89
0.31	14.69
3.81	15.08
2.73	12.81
1.88	12.95
-0.48	12.17
4.35	9.14
4.28	6.28
3.64	14.45
5.26	15.97
6.33	12.73
6.75	14.88
1.4	14.55
2.66	16.54
8.33	18.57
8.88	15.61
3.35	20.83
8.32	22.86
6.41	23.97
7.17	24.08
8.52	24.22
12.3	22.48
12.15	19.75
5.34	24.06
6.39	23.33
9.58	21.23
5.82	22.85
6.82	23.13
8.96	23.01
10.07	20.78
10.19	15.29
6.83	19.36
9.96	20.83
9.56	22.29
9.88	21.53
9.33	21.33
7.08	23.57
6.81	24.43
6.52	24.59
7.58	23.97
9.57	23.18
10.8	21.99
9.87	23.5
8.01	25.4
11.22	26.34
11.9	26.72
11.71	28.62
9.98	24.25
8.94	19.2
9.81	22.79
9.65	25.86
11.51	29.18
16.46	25.79
16.26	27.26
10.66	23.72
11.5	27.79
15.08	24.38
10.05	25.57
11.85	28.79
14.83	25.52
13.99	22.81
14.84	26.38
13.37	29.08
14.51	30.22
15.19	24.32
14.01	25.79
13.2	28.74
16.3	30.32
14.22	26.04
8.35	21.22
12.91	20.72
8.32	22.71
10.33	22.06
11.73	20.42
8.52	22.79
10.19	27.48
12.88	30.45
15.65	24.78
13.42	25.01
16.96	28.12
14.55	24.08
6.96	21.54
10.51	18.63
8.68	17.52
11.84	19.05
8.16	21.62
7.55	24.45
10.72	23.27
9.38	26.63
12.86	29.37
16.16	31.84
17.48	30.78
13.56	23.48
7.94	21.74
12.87	23.2
9.9	26.27
12.44	28.68
15.17	26.85
9.91	20.57
7.97	19.68
6.85	21.85
11.58	22.98
15.67	29.36
14.24	30.3
16.52	27.91
17.18	27.43
17.56	25.26
13.43	20.4
13.95	22.5
10.78	23.04
10.78	27.3
13.1	30.01
13.69	25.2
9.34	24.19
14.14	24.2
16.19	26.48
14.89	31.06
17.84	33.31
14.54	25.59
11.33	29.17
13.92	32.87
14.34	34.52
15.55	34.1
15.67	29.55
13.95	26.38
13.1	26.09
15.26	21.98
13.83	25.94
11.39	24.25
9.17	26.72
11.76	30.4
13.84	30.38
12.67	31.26
12.07	32.2
13.44	31.69
15.47	25.49
12.08	26.54
11.4	28.69
14.49	31.61
14.42	33.87
19.02	32.49
14.83	28.75
10.87	17.84
10.26	17.75
9.19	18.55
12.48	18.5
11.48	18.69
5.01	20.91
10.14	18.95
7.91	16.97
7.33	19.81
9.55	19.78
8.68	17.59
9.99	17.8
4.66	18.3
6	23.36
9.6	25.09
13.92	27.28
18.03	25.65
11.03	21.56
11.15	20.64
10.76	25.01
15.16	23.2
11.2	22.08
9.57	23.32
12.73	17.58
12.11	16.52
8.55	16.94
12.5	18.35
7.98	21.75
9.9	22.69
11.19	26.45
13.71	25.92
10.96	22.16
12.33	18.21
10.55	16.82
5.77	18.64
9.62	13.1
3.88	11.68
7.71	19.02
11.55	19.84
12.37	17.24
10.34	12.95
4.66	20.08
10.15	22.28
14.22	20.61
13.02	23.3
11.86	20.3
6.25	19.3
8.14	22.89
11.95	23.85
13.19	23.86
13.36	25.97
11.74	21.21
5.49	18.74
11.33	18.45
4.78	12.53
4.85	7.49
6.38	8.75
7	8.62
5.46	9.83
8.85	13.88
7.25	16.08
5.12	11.73
3.35	9.33
0.05	8.77
-2.09	10.72
-1.59	11.56
-1.36	5.9
0.83	6.76
1.16	5.15
3.73	6.05
3.97	9.16
7.09	9.13
7.97	9.64
9.26	11.08
9.17	17.79
6.24	13.21
6.54	10.9
6.13	8.98
4.77	8.28
-0.24	5.98
-2.57	-0.1
-7.99	0.87
-0.17	1.68
0.39	3.6
0.05	2.3
-4.68	0.4
-8.99	-2.36
-9.13	-4.72
-5.41	-2.36
-5.62	-1
-8.81	-2.06
-4.13	-1.59
-2.36	-0.71
-7.04	-1.97
-9.73	-3.97
-7.05	-5.25
-6.52	-3.59
-3.38	-0.09
-6.04	-1.13
-5.43	-1.18
-8.35	2.72
-7.49	2.95
-8.2	0.87
-4.32	2.74
-5.01	-0.27
-2.84	3.09
-1.77	10.06
-3.64	5.1
0.96	5.38
-3.1	6.84
-4.99	7.97
3.95	8.79
1.4	5.06
1.57	7.93
-0.64	6.05
-0.28	8
-2.06	10.32
7.36	12.3
7.05	14.55
2.32	8.27
0.31	10.15
-0.64	8.54
-0.22	6.87
-2.15	0.44
-1.24	0.63
-1.25	1.9
-7.74	0.59
-10.09	-2.41
-7.65	4.29
-0.53	5.62
0.01	4.8
-3.07	6.01
-2.51	7.7
2.82	8.97
3.73	10.81
6.63	13.95
6.17	12.21
3.11	9.52
2.63	7.06
3.79	11.01
2.88	10.17
0.77	9.71
0.78	6.36
1.98	8.62
0.12	3.55
-0.01	4.07
-2.5	2.65
-6.83	3.48
-6.24	-0.99
-1.78	3.06
-7.51	5.38
-5.48	6.38
-2.54	10.57
-2.07	9.08
1.96	9.59
-2.43	9.1
-0.05	7.08
-2.02	5.63
-1.17	8.53
-0.27	8.87
-0.93	9.98
-2.03	10.2
3.97	12.64
0.25	10.19
0.04	13.68
4.83	12.58
1.19	7.95
-0.95	7.94
3.33	6.71
-1.79	7.06
0.09	6.54
-1.06	3.36
-5.88	-1.08
-7.81	-5
-13.69	-2.78
-16.78	-2.5
-14.24	-3.97
-9.51	-1.91
-3.8	-0.91
-13.21	1.85
-4.76	4.3
-5.57	7.17
-3.03	10.1
0.77	7.33
-0.6	13
-0.86	14.16
3.46	17.98
8.64	14.2
9.17	16.63
6.96	13.87
3.63	15.22
2.57	10.49
-0.71	11.24
-0.94	10.22
3.12	13.03
5.23	12.82
7.92	12.73
5.04	19.02
5.86	14.94
2.74	17.27
5.38	17.68
5.03	17.44
3.51	19.57
4.26	14.03
5.34	12.52
-1.2	11.13
1.75	15.92
4.28	12.76
1.57	8.63
4.5	7.06
4.47	13.55
7.94	18.07
8.87	18.72
6.96	14.68
0.09	8.76
-2.34	9.59
0.36	15.65
6.83	20.14
7.61	22.36
7.45	20.81
5.84	15.44
2.47	11.68
-0.03	13.7
5.43	10.68
2.26	8.87
3.52	12.9
-0.27	13.98
2.89	14.27
3.15	10.74
4.59	13.43
2.87	9.22
2.09	13.12
6.27	17.36
5.48	18.64
7.21	15.78
8.28	13.85
7.62	11.89
3.34	11.33
6.21	11.54
6.12	16.86
4.2	19.02
5.66	20.92
5.8	22.31
6.8	22.18
7.48	20.45
8.73	20.59
9.39	20.58
8	21.42
7.4	24.48
9.6	21.38
5.83	14.03
2.69	16.89
2.47	20.03
11.02	16.49
7.13	13.8
4.8	17.05
2.87	15.38
2.55	18.51
5.15	17.39
6.42	18.65
6.39	20.06
6.94	20.84
7.37	21.46
11.42	25.21
10.76	26.39
15.76	26.48
13.58	26.81
12.58	21.88
12.16	19.63
11.36	21.81
10.81	23.9
11.54	22.43
12.19	25.01
15.62	23.65
12.93	26.3
13.32	22.91
6.97	20.95
12.42	20.92
9.66	18.11
7.02	19.18
7.54	25.07
11.09	27.39
18.04	27.4
13.47	23.98
11.15	18.06
8.19	17.07
4.73	20.21
13.11	24.87
11.96	24.78
10.07	16.07
8.98	16.69
10.97	15.13
12.15	18.76
13.13	19.45
13.52	23.6
11.82	23.5
12.02	20.25
9.77	24.18
14.11	28.8
14.11	26.22
15.73	24.19
12.31	28.24
14.9	26.24
15.12	25.18
16.93	26.3
16.94	30.94
18	31.76
15.4	32.82
17.94	29.72
17.68	29.81
18.14	27.46
13.43	28.42
14.21	30
16.59	31.49
17.97	29.47
15.4	27.97
16.67	24.69
13.69	22.34
14.55	23.65
12.7	21.34
13.19	25.99
14.21	27.05
15.16	27.51
15.73	27.71
14.26	27.43
14.68	29.27
15.79	30.42
18.31	30.93
16.87	26.55
17.72	23.61
17.07	26.05
13.68	28.53
13.25	30.12
13.67	30.26
14.44	30.59
15.94	31.53
16.05	30.56
17.32	32.07
15.57	31.66
15.73	32.06
14.11	33.34
15.1	33.66
16.47	32.83
16.9	32.91
17.47	31.63
15.81	32.67
16.45	33.19
17.03	32.16
16.16	32.14
16.2	30.49
17.63	33.79
19.08	31.32
16.02	26.09
13.96	26.25
13.72	23.44
12.08	23.94
10.5	24.84
11.34	26.83
13.23	22.41
10.05	24.08
13.36	26.35
15.91	27.53
15.8	28.14
13.94	27.5
14.19	24.02
14.27	19.31
13.43	23.51
10.91	25.97
12.16	27.58
15.11	23.15
14.83	21.09
15.55	26.75
15.38	29.03
16.77	28.3
15.36	21.08
13.24	22.64
11.97	24.6
13.63	24.41
13.8	27
14.76	26.99
13.77	22.35
8.35	22.76
9.87	24.84
12.02	25.94
13.9	27.92
14.63	26.93
16.29	23.17
9.36	20.97
10.91	15.43
8.27	13.48
6.55	16.31
8.04	16.85
5.76	19.34
9.36	23.22
10.05	20.56
14.22	25.22
13.65	25.28
13.09	24.11
15.55	26
13.26	20.51
12.2	22.63
9.56	22.42
12.45	23.29
13.32	21.9
13.59	22.69
7.19	18.28
5.26	13.09
1.64	9.83
2.1	5.69
1.71	6.28
-1.03	11.41
0.9	13.1
-0.67	14.67
-0.77	16.16
0.62	17.02
2.99	16.68
1.98	15.15
2.03	13.47
4.45	10.55
0.26	8.63
-2.55	10.08
-1.99	10.4
-0.37	8.26
3.75	7.63
4	9.23
5.89	8.74
5.58	16.65
3.68	16.9
4.97	15.25
4.16	15.3
6.93	12.93
2.17	11.87
4.39	17.76
5.95	18.12
8.81	14.16
8.78	12.05
7.01	14
8.28	11.09
4.21	10
3.65	6.34
4.98	11.09
6.16	9.2
7.53	12.07
7.12	10.46
1.01	7.23
0.57	4.1
2.93	8.67
4.98	13.66
4.98	14.12
3.23	10.83
3.19	9.43
0.85	8.11
1.64	7.65
2.31	11.97
5.54	10.34
2.63	12.42
2.58	8.95
3.27	11.17
3.89	9.16
3.07	7.17
3.8	10.07
-1.12	10.31
0.16	8.49
-2.77	6.08
-6.2	2.41
-5.83	0.73
-5.66	0.98
-1.56	9.73
-1.33	7.8
1.72	9.33
-2.46	4.6
-0.98	4.1
1.36	5.06
1.5	8.31
1.47	13.91
1.08	11.36
0.79	8.1
-1.88	3.75
-6.73	2.77
-3.13	6.62
-6.67	4.06
-2.57	1.72
-2.06	0.41
-2.03	-0.59
-2.05	-0.83
-2.7	-0.62
-2.96	-0.62
-2.27	0.86
-1.26	0.56
-4.75	1.58
-2	4.04
0.83	8.59
4.43	10.24
0.47	8.4
-0.83	2.82
-3.19	4.88
-5.7	2.13
-3.94	0.08
-5	-2.81
-4.96	-1.45
-4.79	0.38
-8.08	-1.63
-6.84	-0.43
-7.24	2.15
-3.34	3.93
-4.66	4.53
-1.82	2.04
-5.17	0
-11.23	0.8
-2.48	4.98
-6.62	3.41
-5.44	-1.7
-4.75	-1.53
-5.13	-2.91
-4.07	-2.3
-3.69	1.59
1.33	11.04
0.96	8.93
-1.67	9.53
4.02	14.46
2.12	12.4
-2.45	6.41
1.14	10.69
1.85	11
-0.91	7.54
-4.99	7.25
-2.3	9.24
-1.47	6.13
-3.7	5.82
-1.99	8.07
-0.74	12.13
0.56	18.24
1.33	13.3
2.75	11.59
-0.22	4.83
-2.26	8.13
1.26	14.95
-0.92	13.94
6.22	9.35
1.02	12.6
4.19	9.97
-0.87	12.2
4	7.87
-0.53	10.68
0.37	13.57
1.04	13.72
0.13	8.97
1.45	10.39
0.25	7.24
1.43	12.62
0.65	10.09
0.65	8.01
-2.21	10.85
-1.09	13.45
3.98	8.73
2.62	8.22
1.71	6.62
1.99	7.32
-0.49	7.72
1.33	7.47
-1.99	10.61
1.13	10.07
-0.27	11.42
-2.26	11.87
-0.98	12.35
-0.38	8.55
-0.56	4.97
-2.41	2.52
-0.92	2.39
-1.46	9.52
4.37	14.87
5.75	16.06
1.26	11.93
-0.82	8.31
-0.42	7.05
0.71	6.79
2.05	15.05
1.65	19.71
5.13	14.08
5.2	15.36
-0.2	11.94
-2.8	7.71
1.05	5.97
0.18	6.89
-0.43	8.32
5.61	15.65
8.42	24.13
6.97	24.44
8.13	17.08
5.8	20.24
7.17	21.06
7.28	15.86
0.68	9.11
0.01	9.61
3.19	8.11
1.03	10.13
4.23	7.78
1.41	7.9
1.37	7.7
2.18	10.82
5.31	14.28
4.85	18.06
5.92	19.59
9.86	20.97
6.17	23.07
6.43	25.92
7.17	26.74
9.26	22.84
10.61	16.12
7.93	14.54
8.32	17.53
7.33	19.61
7.77	20.68
8.33	21.83
9.27	20.07
9.32	16.11
2.95	14.69
2.2	19.33
7.32	21.17
6.04	23.43
9.37	26.25
8.2	24.86
12.22	20.25
9.42	15.48
7.79	15.22
11.11	15.87
12.53	17.8
8.65	15.06
2.98	13.9
4.11	19.2
11.06	15.52
8.53	19.29
11.12	16.68
8.69	12.41
7.18	12.65
7.71	16.63
5.43	20.85
6.57	24.25
9.35	25.36
11.76	25.93
13.37	27.53
14.36	25.18
14.2	27.47
13.38	27.66
14.18	25.91
13.74	18.99
9.45	21
8.89	20.9
9.14	22.69
11.74	21.59
11.56	19.97
12.51	20.02
11.18	24.24
11.7	25.41
11.68	22.21
14.86	22.03
14.39	19.88
9.91	22.36
9.17	21.33
11.06	19.96
11.41	22.26
11.77	23.65
10.07	22.81
12.2	24.98
14.91	27.07
14.81	29.15
14.68	23.95
8.6	15.91
10.41	13.76
11.46	17.86
12.42	22.03
14.71	23.36
16.02	24.41
11.61	24.57
12.21	28.12
14.03	29.53
16.21	28.64
16.09	29.54
15.23	26.68
15.8	23.52
15.46	21.6
12.08	25.07
14.15	28.14
14.14	29.02
14.79	29.47
14.55	29.4
14.97	30.28
16.07	30.48
17.91	30.31
16.66	27.33
16.81	29.43
17.16	25.44
14.73	27.47
17.27	27.63
16.85	28.83
15.05	29.51
15.99	30.39
16.51	28.96
15.75	26.52
12.26	27.96
12.05	29.56
15.32	30.5
18.19	25.96
17.41	21.64
15.54	27.98
13.61	29.1
14.22	30.32
15.05	26.54
11.51	27.24
12.13	28.15
13.32	28.35
13.88	28.63
15.99	29.28
15.57	27.89
15.77	20.08
14.41	25.02
10.02	27.42
11.47	26.7
10.4	27.26
10.11	28.36
13.24	23.31
11.16	21.25
9.99	22.49
12.48	26.45
15.94	24.44
15.39	23.35
14.02	22.71
14.36	27.39
14.71	27.93
16.07	27.89
15.02	26.84
16.42	26.55
10.69	24.29
9.4	17.33
5.8	17.58
7.11	16.55
4.43	18.09
6.79	14.47
10.07	16.51
11.44	21.35
12.04	18.37
5.89	20.19
9.69	21.57
7.54	22.71
13.41	22.27
13.94	23.29
9.06	22.08
10.15	23.84
10.71	25.49
12.54	24.06
13.55	18.97
12.41	15.64
8.65	20.95
10.91	19.08
9.57	20.73
9.83	18.61
12.81	22.36
10.44	21.15
10.09	17.36
8.37	17.55
6.08	18.99
6.09	18.87
5.99	19.61
6.82	21.09
8.48	15.04
6.11	13.49
0.83	15.53
3.36	12.72
5.7	20.54
7.26	19.79
8.29	21.14
8.36	23.2
10.59	20.09
10.12	20.72
10.5	22.61
10.32	21.27
10.42	21.51
8.36	22.13
8.1	22.12
7.2	21.65
6.95	18.43
8.12	15.08
8.81	17.99
8.3	16.12
5.24	18.9
5.93	20.06
6.96	20.02
5.96	13.46
1.93	12.11
-1.78	12.46
-2.07	12.53
-3.1	13.05
-1.85	14.78
-2.04	12.77
0.07	12.57
3.49	15.88
5.56	11.91
7.51	13.83
6.57	16.13
3.5	9.57
-0.24	12.2
-1.04	7.28
0.1	3.53
-1.55	3.98
1.88	8.13
1.23	5.83
-2.88	5.17
-3.09	7.39
2.09	9.07
1.23	4.76
3.69	4.84
4.68	6.09
4.22	11.2
5	14.52
9.06	14.12
0.36	9.16
-4.06	2.98
-1.78	4.4
-3.65	3.72
-8.26	2.38
-8.29	-0.18
-1.13	5.47
-3.35	-0.76
-3.23	1.62
-1.97	8.91
-0.37	6.32
2.99	4.82
2.15	4.04
0.44	2.28
1.47	3.4
0.34	3.32
-0.98	1.6
-2.33	-0.53
-2.01	-0.46
-1.72	0.05
-0.92	0.43
-1.27	0.73
-1.9	-0.16
-2.59	-0.75
-1.9	1.69
-3.28	-0.49
-2.54	0.19
-0.48	0.69
-0.63	0.37
-0.85	0.18
-0.45	0.87
-0.28	2.13
-0.94	3.86
-2.06	1.54
-2.71	4.95
4.07	11.64
4.5	13.18
1.73	9.9
-0.42	4.15
-3.66	-0.01
-11.09	-2.85
-15.59	-5.97
-8.5	-6.56
-7.46	-3.04
-3.12	0.63
-2.71	0.03
-3.52	-0.92
-7.02	-0.77
-6.88	-2.01
-11.63	-3.13
-5.49	-1.44
-1.63	0.55
0.17	0.85
0.64	4.69
2.41	8.02
2.71	10.26
-1.33	5.8
-4.55	0.21
-1.86	2.03
-6.9	-1.51
-6.48	-1.84
-6.43	-3.64
-4.29	-1.91
-3.52	-2.02
-3.86	-1.41
-4.15	-1.16
-7.02	-2.97
-5.9	-4.09
-7.63	-5.42
-7.84	-4.65
-4.9	-1.63
-4.08	-1.81
-4.03	-0.56
-6.13	-0.39
-10.75	-0.94
-15.92	-2.7
-13.02	0.24
-5.55	-1.07
-2.42	1.55
-5.91	-0.69
-15.16	-3.61
-8.76	-2.72
-7.19	-3.5
-9.2	-0.07
-17.82	-3.05
-9.59	-0.75
-9.97	-1.03
-3.34	0.85
-0.97	4.53
-3.57	1.6
-10.21	3.64
-1.76	6.77
-4.91	7.21
1.59	7.05
-2.19	5.88
-3.93	0.93
-4.54	0.22
-9.73	-0.4
-11.86	1.35
-11.13	4.08
-5.37	6.12
-4.94	6.46
-5.72	4.99
-7.67	6.84
-2.82	2.29
-3.88	2.39
-4.28	1.47
-6.39	-0.27
-10.21	3.89
-1.07	4.53
-0.16	4.89
-4.13	3.65
-5.11	2.98
-7.2	3.56
-3.93	0.61
-3.21	-1.08
-2.06	1.16
-1.07	9.22
-2.26	4.84
1.35	3.46
1.89	7.91
2.71	6.28
1.56	8.26
-3.66	9.89
-1.51	10.99
1.1	7.61
0.88	10.2
2.8	12.86
6.66	11.76
3.13	12.23
3.03	9.7
0.06	8.18
-3.71	11.02
1.07	8.38
-1.75	7.88
-0.06	7.89
1.2	4.61
0.61	3.81
1.5	3.29
3.55	9.85
1.7	16.47
2.72	17.35
2.82	17.19
3.08	16.03
3.45	14.27
3.7	15.8
4.3	14.5
-0.51	4.72
0.26	8.95
0.46	7.54
5.34	10.36
3.45	17.09
2.25	18.47
4.42	20.35
3.56	23.01
7.32	23.78
8.68	25.52
14.15	21.29
11.63	21.35
12.33	19.25
11.72	16.36
8.55	16.86
11.28	21.22
9.37	22.31
10.9	18.9
11.02	17.76
10	20.92
10.73	19.25
6.22	20.58
5.4	19.74
11.2	20.29
8.75	24.14
11.85	21.44
12.59	21.95
10.89	18.45
8.17	20.24
12.71	17.35
14.04	18.02
12.36	18.06
14.46	21.51
12.67	22.65
11.66	25.76
16.74	26.76
13.77	27.85
12.47	24.7
9.42	19.82
9.35	17.98
8.61	19.48
9.37	23.44
12.27	26.13
14.15	23.02
13.16	20.76
11.46	17.13
7.33	17.17
5.88	22.66
8.29	25.39
11.48	26.47
13.75	27.85
13.06	28.61
15.66	25.28
13.29	23.97
11.12	26.6
13	28.85
14	30.46
14.45	31.64
15.52	31.79
16.67	32.26
15.18	30.79
16.69	24.87
9.54	21.05
8.01	20.18
6.79	22.27
7.55	24.29
8.61	27.3
13.89	27.56
11.88	26.98
14.22	21.9
12.46	26.22
9.97	15.14
6.69	19.86
8	20.1
12.32	17.42
11.24	21.58
12.51	23.59
11.63	27.03
12.75	23.1
10.69	16.77
13.18	18.73
13.23	21.39
10.39	24.17
13.48	26.32
17.71	27.19
13.51	23.75
14.21	27.95
9.75	20.73
7.2	18.92
10.8	20.09
12.82	23.44
11.27	26.92
13.05	28.9
14.54	29.99
17.58	23.72
9.36	21.67
10.28	24.3
9.15	21.15
6.76	21.15
6.42	21.91
7.35	23.04
7.66	25.19
14.62	27.31
15.72	23.32
13.69	24.04
10.89	25.89
16.69	28.77
14.99	27.95
16.92	25.74
14.56	26.19
12.46	28.69
13.52	29.78
15.51	27.13
13.91	21.44
8.08	22.67
8.91	24.28
12.31	24.4
14.81	21.32
10.94	25.78
12.41	25.89
11.75	26.33
15.6	24.5
14.49	24.04
14.7	25.69
15.42	22.98
14.79	24.72
13.51	24.01
14.6	22.35
14.75	24.76
12.25	26.42
11.44	27.01
13.13	27.26
13.67	26.45
12.78	27.16
13.95	21
10.82	25.14
13.81	26.59
14.74	25.89
13.11	22.64
13.45	23.66
14	21.43
13.38	18.33
12.52	15.78
13.34	16.66
13.92	21.19
11.42	16.54
7.23	16.22
5.42	15.67
9.55	16.74
6.16	16.81
6.97	17.39
7.74	20.58
8.37	19
9.32	14.11
4.94	12.05
5.43	17.06
7.49	15.56
3.97	14.59
4.31	13.39
4.75	15.73
9.89	12.02
10.5	15.18
12.78	16.95
10.46	14.02
9.08	12.56
7.19	12.31
4.74	16.52
5.94	17.28
7.03	18.08
7.66	18.45
11.53	21.22
9.82	22.13
9.42	18.76
8.29	14.49
2.43	15.65
10.07	12.87
9.92	12.05
9.69	14.66
9.34	17.91
10.79	15.73
10	17.22
7.4	14.51
6.5	17.43
3.68	17.54
6.57	18.48
9.46	21.51
12.37	19.09
10.83	17.24
8.12	13.26
5.28	16.64
7.36	16.72
8.23	11.97
7.92	15.19
4.88	13.07
3.57	10.23
1.36	11.69
-1.78	12.44
-0.29	14.4
2.91	11.8
6.21	17.86
5.19	15.2
-0.8	13.12
0.39	11.19
5.2	18.19
3.33	17.58
2.7	18.31
6.41	18.4
6.97	15.58
3.55	17.28
7.48	15.3
3.76	12.83
0.24	11.37
8.14	16.33
12.49	19.8
12.22	19.44
7.25	15.92
3.35	11.32
3.66	11.96
8.09	14.85
8.8	13.91
6.44	11.18
6.03	11.27
2.37	9.1
0.45	3.61
-1.21	3.64
-2	2.32
-4.51	3.89
-1.29	1.78
-0.42	3.27
-1.76	0.98
-1.97	3.39
-2.26	1.05
-1.07	5.71
-3.32	3.44
-3.44	8.11
-2.44	5.84
-2.18	0.3
-2.19	-1.25
-2.42	-1.28
-2.18	-1.05
-2.53	-0.68
-1.54	0.41
0.16	1.52
0.06	1.55
-0.13	4.5
0.98	6.27
-1.26	4.87
-1.88	3.28
-1.46	2.12
-1.07	1.85
-1.71	7.71
0.39	3.75
-2.36	2.13
-4.48	-1.96
-3.68	-1.99
-6.34	-2.66
-6.98	-4.73
-10.19	-5.4
-15.14	-8.57
-18.41	-10.31
-13.95	-7.65
-14.41	-7.58
-18.94	-10.25
-12.37	-8.39
-10.89	-6.07
-6.95	-2.85
-3.39	-1.16
-3.25	-1.03
-3.56	-1.03
-4.29	-2.16
-4.01	-1.53
-2.41	-1.26
-2.99	-1.42
-1.84	0.18
-5.19	-0.05
-6.29	0.3
-3.03	0.63
-3.24	-1.24
-2.8	-1.15
-3.51	-2.48
-3.78	-2.49
-4.34	-2.89
-2.84	-0.62
-1.46	1.75
-1.44	0.58
-0.85	0.18
-0.74	0
-0.88	0.15
-5.34	0.02
-7.73	-2.16
-4.59	-0.46
-8.25	4.38
-8.22	2.27
-2.97	2.1
-5.23	2.77
-8.34	1.35
-10.88	1.42
-10.47	1.76
-5.57	4.77
-1.21	6.94
-6.35	6.6
-3.18	7.99
-4.57	9.98
-4.55	10.55
-3.82	10.39
0.32	10.85
2.62	13.06
0.33	11.15
0.82	8.26
0.14	5.75
-5.38	3.48
-5.63	4.39
-0.5	9.12
-3.49	12.68
0.4	14.17
0.78	16.11
-0.86	16.8
1.43	14.09
6.64	15.75
8.54	15.88
4.04	11.16
1.62	9.6
-1.9	14.45
-0.32	17.78
2.74	20.3
3.14	8.28
-0.46	13.14
-1.16	12.95
0.54	11.66
-1.68	10.9
-3.32	13.9
-0.34	13.54
-1.82	12.43
-3.63	13.98
-1.1	17.41
2.12	16.28
2.66	15.86
5.64	13.8
2.29	10.05
0.16	3.5
0.36	5.29
1.64	7.08
-0.94	4.88
-0.29	6.6
-2.15	5
0.65	5.69
0.07	8.74
2.28	9.26
0.71	15.83
2.87	14.32
0.53	11.01
-0.27	8.66
-0.24	10.02
5.15	13.53
3.43	18.14
6.47	19.42
4.82	13.17
-0.92	9.21
3.03	12.57
-0.57	6.09
-2.6	8.61
-4.15	12.47
-0.7	19.5
5.78	22.18
0.38	16
-0.97	6.56
-4.68	13.74
3.33	10.95
-1.2	6.03
-1.55	9.7
5	17.2
1.11	18.51
1.68	10.95
0.87	7.4
2.08	7.24
5.1	12.02
-1.67	14.9
1.22	18.56
4.71	15.16
2.72	18.16
8.94	15.82
7	15.58
8.84	17.81
8.61	17.78
7.34	20.58
5.84	27
9.44	26.92
10.43	22.92
13.08	22.95
9.33	19.38
5.77	15.98
3.96	18.07
9.17	20.88
6.74	23.48
11.39	27.46
13.12	29.11
12.67	28.78
10.08	28.03
9.5	28.49
11.77	27.72
11.28	28.71
11.88	26.51
11.24	27.68
14.75	24.66
10.15	19.72
6.99	21.23
11.6	17.13
7.82	16.39
5.43	16.18
9.38	19.82
8.97	15.71
5.43	17.49
8.03	17.47
6.98	15.09
2.3	18.42
9.88	16.33
10.08	21.96
12.43	21.33
8.09	23.1
14.75	22.44
12.88	22.68
8.48	24.02
12.2	26.34
11.98	26.85
11.74	27.26
14.81	27.2
16.9	25.29
14.65	28.87
15	26.05
13.5	25.88
14.94	25.83
13.5	19.15
8.78	21.6
15	23.4
12.09	25.58
16.09	27.88
10.11	24.53
9.71	22.23
9.55	22.26
9.71	23.19
14.5	27
15.56	29.42
16.32	30.58
18.12	27.09
12.87	23.08
10.79	25.7
14.51	26.21
13.8	28.8
16.04	25.83
13.69	20.01
12.24	16.39
13.44	19.49
14.71	24.97
13.12	26.3
14.05	22.11
14.92	24.34
12.39	24.96
12.7	24.55
15.17	23.64
14.11	23.99
12.97	26.24
16.06	22.46
14.79	21.37
12.04	24.23
11.49	23.75
15	24.83
13.5	27.46
16.54	27.04
16.36	26.2
12.82	23.31
12.07	26.26
14.04	26.92
15.61	21.24
11.95	26.29
13.05	27.66
11.88	22.33
9.54	22.24
12.98	24.08
12.07	27.39
14.51	28.04
16.27	22.58
12.2	26.12
12.94	26.19
15.87	24.09
13.41	24.13
11.78	26.3
11.96	26.96
11.96	28.13
13.47	28.93
15.19	29.75
13.02	26.77
13.4	26.98
15.2	24.32
15.02	25.86
14.93	22.64
13.05	27.16
12.68	27.51
12.13	27.3
12.4	27.69
12.6	26.86
12.18	27.84
14.03	27.16
14.56	28.83
13.46	23
10.79	22.35
11.72	25.81
11.67	26.44
11.37	27.11
12.32	27.87
13.22	27.28
13.61	27.1
13.67	28.13
15.54	24.7
12.06	22.93
10.37	25.95
11.11	20.41
8.31	20.61
8.76	25.95
16.72	26.9
11.01	20.08
6.03	18.19
3.62	20.03
5.03	20.62
5.87	21.63
6.9	23.84
9.23	17.23
2.13	17.8
2.34	18.83
3.41	20.17
4.51	17.85
4.87	18.78
8	20.18
7.12	20.43
7.95	18.83
6.59	19.75
6.57	20.08
11.94	15.03
10.99	21.88
7.03	16.72
3.83	17.63
3.78	21.8
5.71	21.54
12.23	23.89
10.88	22.32
11.71	25.98
11.79	23.44
9.02	19.39
8.37	12.77
3.47	14.42
-0.57	11.93
-0.15	13.19
3.26	10.94
4.42	9.84
0.71	11.14
0.43	12.82
-1.76	14.43
0.78	8.62
2.5	8.69
-1.94	8.62
-0.4	12.06
-4.38	10.99
-0.65	5.79
-2.45	2.25
-6.83	4.73
-8.23	5.24
-9.26	4.99
-5.51	5.4
0.55	7.79
-4.32	8.82
-3.91	11.89
-3.45	6.7
-3.97	10.39
5.78	18.99
14.23	21.32
12.36	18.85
5.7	14.65
7.75	15.35
4.07	14.65
5.91	17.22
6.32	14.15
5.04	8.65
0.8	10.87
-1.31	3.66
1.69	5.2
0.72	5.25
-4.1	2.95
-6.55	2.3
-6.95	2.51
-2.84	5.36
-2.36	1.14
0.43	2.1
0.91	3.53
2.21	4.43
2.2	4.6
3.34	5.13
2.56	4.46
3.78	6.25
4.8	6.52
4.63	6.72
3.7	5.9
0.83	6.84
-2.39	4.99
-4.66	2.82
-5.2	2.48
-0.51	5.9
-0.94	2.7
0.16	4.21
-0.17	9.09
4.11	9.13
1.24	9.51
-1.8	7.4
-3.05	3.07
-5.5	-3.34
-11.86	-4.36
-6.82	-4.43
-4.88	1.86
-1.15	3.69
0.23	2.51
1.44	4.42
-0.48	5.53
0	3.65
-0.72	8.43
1.04	10.01
3.29	7.24
-0.59	5.89
-0.96	8.3
-3.28	6.02
-3.07	10.47
-2.11	4.48
-1.6	10.24
3.14	8.29
4.53	12.55
0.95	9.48
0.74	12.53
0.17	11.93
-1.17	13.97
0.76	7.6
-1.15	13.05
-2.18	10.55
-4.19	4.33
-2.16	5.06
-1.3	3.66
0	6.62
-0.93	9.3
-0.91	8.69
-4.52	7.68
-0.39	4.7
0.67	5.38
1.06	4
0.64	2.47
0.69	2.21
-5.18	1.05
-4.01	-0.23
-7.93	0.45
-7.44	0.56
-8.88	-0.16
-6.38	2.33
-6.34	3.53
-7.93	5.31
-9.11	-1.51
-11.15	-1.9
-10.45	4.31
-9.65	3.53
-10.17	4.9
-9.63	8.34
-6.61	8.66
-4.86	8.25
-6.35	8.13
-0.26	14.84
-3.39	15.75
-1.04	19.71
4.43	21.11
2.96	17.52
3.87	19.92
4.17	19.22
4.79	15.69
-3.46	10.58
-2.73	16.46
0.03	13.54
-0.02	16.46
6.19	16.7
1	15.05
1.77	15.79
6.62	12.97
2.11	13.62
-0.95	16.9
-0.67	15.94
1.21	10.25
-2.88	8.14
-1.1	12.91
6.54	15.85
7.04	16.4
-0.42	12.9
4.33	16.48
6.32	14.44
0.78	7.17
-2.24	4.5
-5.81	3.89
-7.74	6.41
-1.62	8.95
-2.6	13.08
2.05	8.82
-1.61	7.62
0.61	4.72
2.81	9.72
4.3	10.18
-0.04	10.02
-2.94	4.66
-2.51	4.2
-5.6	5.73
-6.02	6.85
-0.91	5.65
-2.35	7.78
-5.09	11.32
2.36	15.23
7.18	15.99
3.3	14.79
-0.57	17.69
1.68	21.89
5.69	19.5
5.33	21
12.75	18.53
10.75	20.53
8.98	16.87
4.9	17.74
8.12	17.98
7.4	14.08
2.01	17.22
6.65	17.94
5.58	14.31
2.51	12.37
0.7	10.91
-0.89	13.75
6.3	10.83
5.76	14.16
3.2	13.39
6.7	15.33
2.13	16.53
1.16	20.12
8.63	15.18
4.1	18.37
4.16	20.36
9.78	19.66
5.21	21.62
9.53	23.25
12.04	20.58
9.69	17.97
8.29	20.27
7.85	19.17
9.91	20.33
5.84	20.46
10.92	15.78
6.08	15.98
3.61	18.63
8.65	21.15
7.18	23.62
7.7	24.49
8.03	25.97
9.4	26.85
9.51	27
11.2	28.01
11.63	21.3
6.14	19.48
5.33	18.02
5.59	13.6
7.22	14.43
10.21	15.09
11.63	22.86
9.39	22.8
10.27	16.54
5.59	16.29
8.24	13.8
9.23	14.19
7.74	21.48
8.37	24.02
9.43	24.95
11.55	24.46
12.6	25.12
10.78	25.73
14.76	22.31
9.6	25.93
11.93	28.22
14.73	27.71
14.53	29.65
17.14	32.01
17.6	32.62
15.77	28.75
13.46	25.11
13.47	26.53
15.18	23.37
12.1	19.58
10	12.52
8.86	17.73
7.63	23.15
12.18	20.7
9.81	17.27
6.88	21.05
10.7	21.66
12.45	25.44
13.1	29.13
15.75	31.84
15.34	21.02
12.69	23.12
14.64	26.08
15.14	28.13
16.71	28.94
14.73	28.34
15.4	24.26
17.24	27.49
15.14	27.13
15.35	24.38
14.54	20.27
14.68	23.6
11.87	22.2
13.42	23.51
14.57	24.77
11.72	18.7
7.91	19.46
12.92	24.02
14.19	24.88
15.28	19.85
15.16	28.24
13.23	25.69
12.05	21.66
9.86	24.46
11.67	24.46
14.35	27.64
16.59	29.08
15.92	30.87
18.2	30.8
15.99	31.43
17.13	31.84
18.78	28.21
17.16	28.43
18.3	28.22
16.48	29.44
18.28	26.22
14.01	25.63
13.8	27.93
15.07	27.61
16.14	27.62
17.66	31.98
19.99	31.94
19.78	28.72
18.06	24.6
11.73	24.83
11.3	27.46
12.77	30.15
13.83	31.85
16.16	27.99
13.11	29.74
15.36	31.78
14.76	32.1
17.31	26.71
15.24	28.8
15.91	28.32
15.58	31.04
15.5	30.94
15.41	25.16
14.5	27.74
16.06	27.9
15.64	23.79
13.31	21.91
11.54	24.82
11.68	21.7
7.53	23.58
10.64	23.58
10.62	18.11
7.5	17.76
6.6	19.57
6.5	21.05
6.35	21.25
12.79	20.64
13.31	20.01
12.95	16.81
13.31	16.34
12.2	21.92
10.63	22.53
14.26	18.66
12.61	22.93
12.37	20.71
12.24	22.41
14.96	21.22
9.8	15.4
8.52	12.85
5.88	17.07
7.69	19.72
10.7	15.52
7.76	17.57
7.47	18.08
10.17	14.87
12.05	17.9
6.59	18.34
5.95	19.02
5.58	19.69
5.98	21.24
12.37	23.34
15.78	22.58
13.81	17.03
11.66	21.49
7.32	21.39
12.65	17.65
11.8	17.77
9.38	13.29
7.24	15.35
6.96	13.83
12.42	18.05
13.22	19.65
13.18	16.69
12.35	18.55
8.12	19.92
6.57	20.24
9.29	15.32
6.32	14.56
1.22	14.84
8.07	19.19
8.7	19.42
8.23	19.36
9.57	19.8
8.45	10.96
4.68	11.04
0.94	11.78
1.85	15.13
2.59	16.91
3.09	12.37
4.69	10.13
4.62	14.95
0.75	13.96
4.56	15.98
8.12	19.29
1.44	13.78
0.36	12.08
2.57	16.35
-0.12	12.2
1.99	17.11
7.53	12.46
3.48	9.05
-1.09	10.41
0.98	9.58
-1.38	9.93
1.46	11.69
5.64	10.07
5	11.73
-2	8.22
-3.49	7.73
-3.69	6.26
2.46	8.91
-1.47	8.93
-2.1	5.29
-5.15	4.32
-5.6	3.79
-6.18	0.85
-6.78	-2.85
-5.14	-2.35
-2.68	-0.35
-1.24	4.12
-0.82	2.39
-0.05	1.48
-0.89	4.15
-2.05	0.46
-0.73	1.03
0.49	2.64
-2.12	1.45
-3.04	-1.34
-2.43	-1.23
-2.66	-1.17
-3.69	0.16
-9.87	-0.12
-9.51	2.79
-11.33	-2.32
-10.64	-0.36
-14.07	-1.26
-7.07	-3.17
-5.92	-0.15
-7.51	2.15
-2.61	6.51
0.68	4.45
-1.71	6.85
-1.37	5.85
-4.04	6.04
-5.64	0
-3.63	2.68
-0.71	1.42
-5.79	3.13
-4.89	0.5
-8.87	-1.49
-8.23	-5.62
-8.64	-6.23
-9.98	-1.02
-8.56	1.35
-5.36	-0.73
-1.51	-0.18
-2.91	-0.34
-4.92	-2.85
-5.87	-0.78
-2.76	0.25
-1.91	4.71
-0.61	8.16
-2.74	8.57
-4.65	4.71
-3.34	3.13
-1.53	2.81
-3.76	3.17
-1.93	0.94
-0.62	5.67
-1.12	3.15
-5.28	5.7
-3	7.54
-1.99	8.82
-2.75	8.13
-3.62	2.76
-1.57	1.03
-2.23	-0.52
-2.82	-1.38
-3.62	-2.57
-3.83	-2.5
-3.42	-2.3
-3.48	-1.89
-3.64	-1.53
-2.86	1.54
-1.87	5.83
-3.74	0.99
-7.82	-4.04
-6.77	-2.51
-8.16	-0.7
-3.41	1.79
-0.17	7.06
1.17	9.01
-1.46	14.43
-2.65	8.29
-4.95	7.66
-1.5	4.81
-6.33	3.02
-3.3	0.06
-4.92	-1.72
-5.84	-0.9
-5.02	-0.39
-4.24	-0.25
-9.08	0.96
-12.82	3.09
-6.1	6.13
-8.96	5.15
-5.56	5.11
1.03	9.81
0.12	5.21
-0.13	4.76
-3.15	6.77
-4.39	7.57
-3.68	8.08
-4.45	8.58
-1.26	16.39
-1.3	15.09
-0.29	13.79
4.75	13
5.84	15.81
9.16	17.12
7.59	13.57
0.88	11.26
1.21	9.64
1.81	9.81
1.74	12.48
3.88	17.57
4.41	11.83
1.79	11.65
-1.08	12.41
-0.8	10.82
0.98	11.08
0.47	7.32
-0.07	4.35
-2.09	6.92
-2.63	8.63
0.96	9.75
-0.79	11.22
-0.14	12.46
3.06	11.3
1.9	15.37
2.41	19.68
8.99	18.48
6.19	19.37
5.84	11.95
7.91	12.31
7.94	13.43
4.96	16.87
7.36	17.65
2.68	18.05
9.55	18.95
4.23	20.89
8.77	18.48
3.42	21.36
8.31	22.69
8.09	14.22
6.36	14.89
3.49	17.19
8.2	16.24
7.24	14.13
8.31	12.22
4.82	15.01
8.01	18.96
8.74	14.84
7.37	11.38
4.38	11.12
1.1	10.96
0.34	12.92
0.9	15.15
9.18	17.46
7.27	14.63
9.15	15.6
8.86	17.49
6.76	19.29
8.7	20.93
8.6	19.23
8.6	22.09
10.11	19.18
9.55	22.04
8.91	22.35
9.19	22.51
10.69	18.78
7.69	15.2
5.45	14.62
7.32	14.17
8.1	21.17
12.14	19.69
7.94	22.63
10.28	20.89
11.23	17.37
12.32	22.47
12.52	17.46
10.94	19.68
8.42	17.12
4	18.57
10.19	15.12
4.12	20.26
7.92	20.52
11.82	18.47
8.6	21.25
11.7	19.16
7.24	20.93
7.83	23.38
12.9	24.82
11.08	26.28
13.06	27.24
12.56	27.08
14.59	28.24
15.85	30.53
16.93	25.86
13.44	27.73
17.97	26.83
13.16	24.72
12.42	23.91
11.92	27.22
14.18	28.08
15.14	25.25
9.59	22.42
9.51	23.99
11.83	24.78
14.76	22.37
10.27	20.81
10.82	22.92
13.84	21.85
15.29	22.83
14.13	22.1
15.79	22.94
11.67	20.91
11.24	24.29
11.61	20.07
9.67	12.65
9.45	19.7
6.59	19.71
7.23	22.81
9.11	24.48
12.35	26.36
14.45	26.72
15.66	26.53
13.94	27.21
16.74	26.53
14.26	28.19
15.35	28.93
16.53	30.16
16.85	30.09
18.47	31.58
15.89	27.92
14.85	21.69
15.05	18.95
17.38	23.88
17.41	25.37
16.51	26.68
16.22	27.61
17.14	26.02
13.37	25.33
13.05	25.25
13.68	25.43
12.34	26.84
12.78	27.49
14	28.87
16.98	29.72
16.95	24.38
12.81	20.93
12.18	21.13
15.22	23.39
16.64	24.6
16.59	26.43
16.54	26.23
16.56	25.5
13.89	25.06
11.96	25.84
10.97	26.66
11.35	26.06
11.5	26.57
15.42	25.8
16.07	27.75
16.36	29.8
16.8	30.8
13.84	30.43
17.32	32.3
17.58	31.29
13.41	25.94
14.06	23.37
12.76	20.22
7.45	23.16
11.35	26.97
13.74	22.62
13.74	22.63
15.43	24.2
14.92	24.76
15.25	22.39
13.45	21.39
12.02	22.46
9.96	22.36
9.12	22.97
10.11	24.24
10.43	23.89
14.17	20.28
12.89	24.64
14.74	21.37
14.74	18.16
13.08	23.46
12.46	22.1
10.07	15.82
11.75	16.22
14.14	18.45
12.79	16.48
10.88	21.92
10.74	23.54
12.88	24.18
13.18	25.22
14.47	25.28
12.17	25.14
10.98	25.79
10.45	25.5
9.67	25.6
11.03	25.73
11.7	26.2
11.58	25.48
13.14	20.75
15.2	24.34
15.13	25.64
16.04	20.36
11.14	23.6
10.85	24.45
12.25	24.53
12.31	25.39
14.44	27.43
14	22.45
11.12	21.3
9.52	22.12
10.47	23.68
11.8	19.64
8.86	21.48
13.27	23.74
8.43	18.93
6.92	16.24
7.19	14.7
1.74	15.76
1.02	16.46
3.78	17.58
9.22	20.61
6.15	20.64
9.49	18.02
8.57	15.56
8.25	17.16
4.85	13.35
-0.14	12.7
-0.92	10.25
-3.19	10.13
1.33	7.63
0.17	9.97
3.62	9.25
5.46	8.83
6.79	14.5
9.2	19.32
12.92	23.79
12	19.73
9.66	20.26
5.83	16.26
7.97	13.58
5.26	13.38
8.08	17.64
7.3	17.13
4.45	18.72
5.71	14.26
8.22	11.26
7.59	13.03
6.26	17.78
6.84	12.69
6.49	9.44
3.68	6.68
3.31	4.96
4.11	6.29
3.88	8.88
5.06	6.87
2.86	5.75
0.52	4.57
-4.73	1.08
-0.52	1.13
-1.62	3.91
-1.9	-0.18
-7.57	1.96
-9.11	-2.58
-3.6	-0.6
-9.64	1.34
-3.92	0.68
-1.07	6.02
-0.8	7.18
-3.36	0.34
-4.2	-0.43
-4.7	-3.43
-5.23	-3.95
-6.69	-2.08
-3.66	6.06
-1.82	7.08
2.31	9.73
0.42	5.82
-4.38	5.67
-3.67	4.18
-4.52	9.6
-0.1	11.25
5.32	11.56
1.89	7.73
-0.35	7.22
3.55	8.32
-2.48	5.77
1.19	5.01
-1.17	1.56
-5	1.93
-4.84	4.77
0.6	6.66
-2.7	1.37
-4.07	2.05
-7.35	-0.21
-11.99	-2.54
-11.12	-6.48
-8.44	-5.64
-8	1.76
-1.78	6.27
-1.41	2.12
-1.33	4.98
-4.02	4.78
-8.95	2.18
-9.05	0.26
-2.31	-0.75
-5.48	1.03
-8.48	0.39
-7.09	1.23
-7.78	2.93
-6.42	-1.77
-4.93	-0.8
-3.99	-1.77
-2.68	-1.19
-2.26	1.75
-3.97	1.27
-6.85	-1.89
-3.55	-0.99
-3.06	-1.21
-5.72	1.71
-7.99	4.25
-1.63	8.62
-3.65	3.72
-3.99	4.28
-1.37	8.08
-5.49	-0.83
-5.87	-2.16
-8.67	-3.28
-11.68	-2.99
-13.55	0.74
-10.48	4.3
-10.79	4.26
-7.36	6.66
2.33	9.16
-0.34	12.87
0.04	13.28
-0.62	12.56
1.69	11.11
-2.66	7.98
-1.38	13.03
1.6	16.6
0.64	13.17
0.63	12.78
4.61	10.45
-1.87	9.97
-3.1	9.55
0.29	9.16
-2.47	10.07
-1.31	9.51
-1.23	7.18
-0.93	10.22
0.11	7.24
-4.35	7.36
-0.4	10.65
-2.56	9.02
-1.82	4.34
-5.94	4.05
-5.63	5.23
-1.92	6.84
0.96	10.99
-1.57	10.51
-0.56	9.5
-2.49	11.56
-0.05	13.62
7.69	10.77
3.6	9.17
-2.81	9.68
2.65	11.08
-2.44	6.88
-2.88	9.73
-3.06	15.14
-0.04	17.03
5.79	21.81
5.77	16.27
1.99	12.09
1.65	10.81
-0.31	12.3
-1.16	11.52
3.16	9.87
-2.52	9.35
-0.19	2.26
-2.59	4.94
-1.27	4.83
-0.09	8.95
0.49	8.63
1.31	16.4
1.01	18.27
4.59	15.18
6.63	13.62
4.45	17.41
7.29	14.06
4.78	15.12
5.13	12.34
5.06	12.51
4.2	14.94
0.98	11.75
5.66	15.87
6.86	14.35
9.22	17.29
8.91	14.4
5.33	12.02
1.8	11.33
3.7	10.98
0.19	12.4
3.85	15.15
6.75	15.74
8.99	18.6
6.05	17.78
9.85	20.16
9.48	22.21
7.7	19.03
8.81	24.33
9.49	21.13
9.43	24.46
11.19	22.75
11.57	26.1
9.78	27.25
9.43	27.2
11.12	25.58
11.23	19.56
10.21	22.58
8.59	24.34
10.22	24.95
12.24	23.65
11.34	24.54
11.25	22.01
11.91	22.83
6.48	20.15
7.34	21.38
9.95	21.26
5.42	23.62
8.85	25.67
12.29	22.01
13.93	25.26
10.93	27.78
12.68	28.74
13.66	27.34
10.13	18.29
6.36	23.28
7.91	24.98
9.7	26.67
10.6	27.64
11.29	27.36
11.09	22.61
6.23	12.23
3.15	18.95
7.46	16.04
5.6	18.72
6.4	22.65
9.76	24.87
10.66	26.59
13.15	28.1
12.12	26.59
11.82	22.62
9.44	19.5
10.67	19.95
8.36	20.55
6.72	23.1
10.47	27.12
11.46	29.2
13.55	29.96
16.82	28.99
13.57	21.96
8.21	23.15
9.9	27.7
14.35	30.37
14.07	31.1
17.26	32.24
19.03	33.15
18.01	32.55
16.96	28.28
13.58	23.16
9.26	19.47
5.43	23.73
8.32	26.68
11.25	30.12
14.44	33.34
15.98	34.49
14.39	31.62
12.69	24.41
11.77	21.11
7.13	20.88
7.69	21.8
11.28	24.35
10.95	23.43
10.99	24.11
12.98	29.18
16.2	31.18
18.63	32.95
16.83	32.94
15.7	28.6
16.31	28.97
14.74	31.45
15.95	25.54
10.88	21.18
10.57	26.55
13.95	23.2
11.01	20.36
10.72	20.06
8.23	23.17
11.76	17.11
10.8	18.99
10.28	22.68
8.95	19.94
11.29	23.33
9.71	20.22
9.23	23.13
11.46	25.15
12.48	27.57
16.55	27.61
18.28	28.49
17.26	29.86
15.39	27.92
13.81	24.92
12.45	23.84
11.94	23.44
12.2	23.79
10.94	26.73
13.11	29.47
16.44	28.77
16.43	26.21
14.64	21.42
15.72	25.47
13.68	24.64
11.63	24.42
11.09	26.24
12.53	28.45
13.6	30.59
13.56	32.56
15.18	31.21
15.66	31.58
15.09	31.54
14.74	32.83
15.22	33.5
15.93	33.89
16.18	36.35
17.01	36.55
17.27	35.93
18.56	30.01
15.92	29.27
13.78	28.34
13.39	29.12
9.73	23.5
8.3	24.65
8.9	23.17
10.92	25.79
9.76	28.66
15.37	25.72
15.24	22.94
10.98	23.55
11.31	23.15
9.31	21.2
7.32	18.17
8.4	19.64
9.68	18.05
8.4	19.96
6.6	22.02
5.67	24.2
6.78	24.94
9.75	26.36
10.22	26.98
14.81	26.96
12.35	22.46
12.38	25.21
9.67	21.35
11.45	19.29
10.81	16.86
10.05	23.03
13.72	20.16
12.08	15.95
9.93	14.94
9.79	15.3
7.39	18.23
6.96	20.33
7.59	20.54
7.1	19.7
7.84	21.86
7.59	22.57
13.97	19.86
14.5	19.95
13.77	16.59
12.45	20.4
9.52	20.58
9.95	17.69
9.21	14.38
8.22	12.67
8.15	11.06
7.79	14.17
10.91	18.27
13.31	22.75
12.04	24.7
10.11	23.54
8.13	20.76
9.62	20.87
10.37	21.53
9.49	18.16
9.35	14.37
6.21	14.65
0.19	13.5
-0.22	13.95
-0.99	14.52
-1.14	16.82
3.73	17.3
3.55	19.35
6.21	13.84
4.88	15.5
3.09	15.44
3.63	18.65
12.89	20.43
5.77	15.92
1.78	10.39
6.57	14.64
8.39	13.94
3.77	8.36
3	12.4
9.6	12.62
7.74	14.34
5.83	14.46
4.61	13.22
1.11	12.49
-0.12	11.57
8.03	17.62
12.64	21.39
7.28	17.5
6.95	9.18
3.94	9.9
5	8.11
-0.31	5.47
4.71	9.6
4.86	14.95
3.66	14.36
3.05	13.53
7.4	14.67
6.91	9.16
5.22	10.82
1.5	10.7
-1.58	9.47
0.55	11.31
-1.21	5.17
-1.09	1.03
0.33	2.19
1.53	4.78
3.55	4.93
3.47	4.46
1.58	3.79
0.96	2.14
1.94	14.23
3.8	12.03
4.47	8.94
4.29	11.49
0.64	12.55
2.26	11.14
0.37	8.59
3.17	6.63
0.78	8.89
-2.75	6.93
-1.66	5.22
-0.83	2.02
-3.43	1.72
-5.32	-1.84
-5.14	-2.34
-7.83	-1.55
-11.33	2.19
-2.23	7.99
0.01	8.37
0.04	5.09
0.91	6.4
1.52	4.36
-1.77	4.2
-6.07	0.87
-8.12	0.04
-3.99	1.81
-2.76	3.12
-2.95	6.04
0.2	7.63
6.07	13.98
4.9	12.4
3.16	5.49
0.08	7.23
-2.53	9.32
-1.71	6.73
-2.02	3.44
-4.32	0.04
-7.17	-0.34
-9.53	-0.8
-9.31	-3.25
-3.9	-0.44
-3.71	1.45
-3.8	1.72
-2.28	-0.27
-1.88	-0.69
-2.4	-0.92
-1.28	0.76
-0.14	3.2
1.34	3.91
1.83	4.68
2.5	9.46
0.84	5.69
1.75	3.61
0.51	3.13
1.05	3.5
-0.91	1.77
-5.81	2.95
-6.56	2.99
-0.97	9.85
3.99	14.14
1.43	14.38
7.37	14.92
10.58	16.06
6.95	14.18
3.33	10.28
-2.12	10.08
-3.6	11.82
-0.46	10.54
0.48	8.93
-3.24	10.21
-3.75	12.84
-3.53	11.68
-2.59	11.31
0.34	8.37
-0.04	8.83
-1.78	11.03
-1.54	11.28
-2.51	6.18
-3.12	1.87
-6.23	2.66
-3.07	1.86
-6.65	5.66
-3.53	4.59
-0.34	5.53
-2.44	8.75
4.04	13.32
5.66	18.36
6.01	13.94
-0.81	6.84
-0.67	8.78
1.24	12.58
7.73	17.2
4.45	15.96
4.28	18.75
4.9	19.72
7.62	13.61
1.9	13.23
1.59	15.4
3.91	17.99
9.36	17.21
7.87	19.03
7.92	15.38
3.66	9.78
1.89	5.92
3.76	6.08
4.37	15.51
7.09	19.78
10.05	19.14
6.72	17.11
0.47	6.01
0.05	5.24
2.96	9.76
5.12	10.1
7.97	13.2
5.16	15.89
2.08	17.74
2.89	19.11
4.23	20.39
7.6	15.73
1.89	16.02
5.44	17.07
7.14	11.41
5.22	11.83
2.51	13.53
6.57	10.84
8.38	13.66
2.28	9.63
-1.67	7.14
-3.4	10.05
-0.82	14.43
5.9	11.74
0.03	14.17
3.63	14.79
4.31	10.15
6.83	10.14
5.07	11.69
3.31	15.78
3.66	19.35
3.83	22.53
9.55	17.52
2.87	18.19
4.44	21.48
6.23	23.67
8.49	25.09
11.37	26.64
11.33	26.93
9.53	25.9
10.46	26.03
11.29	23.79
12.6	20.77
12.18	17.47
10.99	19.2
12.34	21.33
8.67	21.65
8.04	21.65
8.75	17.72
5.93	18.12
5.02	20.09
7.7	23.04
11.95	24.81
13.51	25.2
12.03	25.8
8.84	19.49
5.6	21.1
7.69	20.61
10.59	22.04
11.03	21.23
5.72	24.08
8.19	25.05
12.33	23.73
8.75	27.84
15.34	29.59
17.08	30.52
15.61	26.94
12.77	23.33
12.22	20.43
4.84	20.15
7.19	20.32
7.21	15.66
5.37	19.86
5.96	22.74
11.82	23.08
9.92	25.53
12.71	23.92
12.93	26.62
10.69	23.83
4.9	19.86
7.22	22.16
9.15	21.25
9.65	25.68
12.15	27.11
13.84	23.67
12.96	21.74
14.5	18.48
13.93	18.58
12.98	25.96
13.1	25.02
10.63	23.39
9.69	25.96
10.67	26.17
12.08	27.42
12.01	29.71
15.09	29.57
17.26	26.41
13.86	28.31
14.93	23.33
13.06	24.48
14.5	23.14
12.93	20.6
10.64	24.01
13.81	26.7
18.64	31.17
15.39	28.2
15.58	24.77
13.21	26.71
13.72	29.76
15.57	25.34
11.32	26.88
15.16	30.05
17.73	33.07
18.51	32.02
13.4	24.72
11.17	26.33
15.16	28.31
16.21	25.51
14.46	17.4
14.39	21.77
15.81	21.08
15.46	22.91
15.64	25.21
16.65	28.3
15.43	29.41
15.22	30.09
15.34	30.26
16.6	28.94
15.08	31.27
15.62	31.92
16.46	30.39
18	33.21
18.86	34.02
17.42	28.78
15.19	26.36
11.63	30.06
13.34	31.26
14.52	31.06
14.84	28.71
12.97	17.99
8.9	22.66
8.17	26.67
12.01	29.62
13.98	30.22
14.68	31.2
15.04	31.43
14.65	31.46
14.39	32.52
16.09	32.27
16.66	27.38
14.87	26.06
15.73	27.45
15.27	26.88
14.6	29.97
14.62	32.48
14.39	32.55
15.93	24.91
9.97	24.78
6.55	23.32
10.74	18.29
11.72	21.28
11.37	20.71
8.75	23.77
9.31	25.46
11.51	16.06
11.33	14.06
10.36	20.28
9.83	19.59
8.6	16.65
3.23	17.35
8.87	16.55
6.5	19.25
7.33	21.12
12.36	19.68
9.75	13.11
8.49	15.82
8.47	11.16
8.04	16.86
4.98	16.84
7.23	20.73
7.56	19.94
7.14	19.85
11.53	14.9
13.65	23.12
13.61	17.73
11.62	15.35
5.47	19.56
6.03	22.75
6.56	20.46
9.97	18.27
13.02	21.06
11.49	23.31
12.39	24.63
10.33	22.76
11.36	18.41
8.08	22.28
9.48	23.63
14.16	25.2
12.66	23.99
11.59	20.23
9.57	22.9
7.85	21.44
5.78	21.47
6.76	20.76
6.39	19.66
5.09	20.15
7.92	17.02
7.8	14.35
10.27	12.69
10.98	14.7
10.17	21.36
10.64	19.44
6.58	18.75
8.39	11.41
8.24	10.55
4.41	11.45
-0.58	10.68
2.7	13.88
6.8	13.52
8.81	16.53
7.33	23.69
5.86	17.55
3.31	11.28
-0.91	10.72
-1.02	11.01
-2.26	12.68
4.95	10.5
2.51	11.77
4.8	13.47
3.1	11.89
1.64	4.96
1.71	4.16
2.64	5.6
0.99	4.45
2.26	4.68
-2.27	6.07
-6.06	8.01
-3.18	7.71
-5.13	1.53
-1.6	1.46
-0.14	7.89
-1.18	10.19
-3.97	9.43
-0.79	6.68
-2.84	4.78
-1.27	5.51
-6.22	2.92
-0.88	2.86
0.69	3.05
-1.64	6.53
0.68	3
-4.23	3.36
-6.18	-0.13
-4.33	-1.31
-2.39	-0.14
-1.29	1.83
-1.56	2.55
-0.43	3.61
-4.76	1.2
-8.84	-1.08
-10.94	0.92
-3.85	-1.05
-2.18	0.38
-12.92	-0.7
-15.17	-6.88
-17.27	-3.73
-8.77	-1.96
-7.39	-3
-4.83	1.37
-10.22	1.96
-11.86	2.23
-13.21	-1.42
-7.32	4.25
-5.26	0.94
-17.57	-3.35
-15.25	-2.51
-7.86	0.62
-5.26	1.23
-11.8	0.73
-4	7.11
-0.18	7.81
-4.36	1.92
-8.6	0.9
-6.52	5.28
-7.01	1.48
-14.65	-4.06
-12.92	0.54
-8.08	6.23
-6.17	4.88
-4.81	2.9
-3.98	3.54
-5.98	-1.95
-3.66	-2.59
-4.87	-2.32
-5.28	-2.52
-4.66	-2.7
-4.79	-3.59
-5.03	-4.18
-5.05	-3.11
-3.54	-1.06
-7.01	1.23
-3.98	6.94
-1.54	5.3
-0.79	11.29
-2.38	10.46
6.08	9.56
0.98	10.11
0.5	6.87
1.44	9.81
3.55	16.4
1.53	17.95
0.94	14.69
2.45	12.48
0.56	12.25
-1.09	14.77
-0.07	12.41
-1.49	6.39
-3.85	12.6
-0.43	12.7
1.43	7.42
2.32	9.77
-0.35	10.89
3.66	11.12
-1.22	13.93
3.45	15.17
1.76	16.86
3.73	7.3
-0.76	4.64
-3.06	4.78
1.09	6.32
2.24	6.72
2.06	9.58
-0.69	8.85
3.47	8.87
-3.52	4.17
-0.98	9.12
-0.86	8.99
-3.4	11.45
0.32	13.99
6.94	14.92
5.39	11.27
4.25	7.57
3.54	7.6
3.24	5.44
-0.79	10.56
-1.02	12.9
4.38	18.74
9.34	17.82
4.85	14.56
-0.85	14.08
0.44	14.47
-2.5	13.96
-2.55	14.75
-0.67	17.25
1.66	19.98
8.36	17.86
5.05	14.57
1.99	16.31
2.65	16.22
2.47	15.75
7.44	15.74
7.9	15.36
6.86	15.68
-0.38	7.15
1.19	6.3
1.8	4.76
1.21	6.37
1.47	7.87
-1.17	10.64
-2.69	15.11
-0.99	18.47
0.53	19.26
2.22	19.4
3.82	19.77
6.01	17.13
2.07	12.74
5.11	12.56
-1.16	8.38
-2.48	9.06
-3.27	12.03
4.06	11.22
3.53	9.13
3.97	7.64
6.09	8.35
7.53	12.93
9.21	15.5
7.53	11.43
5.97	12.75
7.65	13.24
8.31	13.21
8.69	15.67
9.53	13.46
8.32	18.27
9.93	18.59
8.52	19.08
9.58	15.76
5.76	17.68
6.14	20.97
8.58	16.08
2.31	16.62
6.93	20.62
8.87	18.33
6.67	23.41
12.35	24.78
10.3	25.94
10.5	26.62
12.2	20.4
8.99	20.84
7.25	21.94
8.31	23.44
10.44	20.02
10.44	23.39
10.68	24.17
9.63	24.95
12.92	23.33
9.9	24.79
11.39	23.57
9.23	24.45
11.18	27.2
13.3	27.73
14.23	23.19
13.27	19.87
12.11	22.43
11.61	24.08
15.51	25.89
15.03	25.69
14.32	23.23
13.83	19.89
12.21	22.98
11.74	21.13
12.59	23.04
11.3	22.81
8.64	23.7
9.11	22.72
11.36	20.7
6.75	23.72
9.7	26.09
13.16	22.47
16.13	23.94
12.74	19.96
13.17	24.21
11.88	20.96
13.75	18.83
12.18	23.55
8.83	25.02
11.26	28.19
14.01	30.41
14.18	31.62
16.09	30.72
15.45	29.3
16.52	31.26
15.54	31.72
15.95	32.01
16.86	32.77
18.33	32.27
17.06	34.47
18.22	32.62
15.31	25.65
10.44	25.98
10.47	27.71
14.17	24.28
11.21	22.41
9.33	23.58
10.44	26.77
14.73	28.52
16.93	30.54
15.37	27.36
8.99	24.05
10.9	27.97
16.14	25.16
12.72	29.48
13.57	30.91
16.4	32.29
18.92	29.62
16.53	28.94
18.05	31.04
16.59	29.35
17.97	29.17
19.93	28.75
16.07	27.74
16.19	24.23
15.28	24.8
13.56	27.6
13.48	30.84
15.54	26.7
11.87	25.63
13.84	28.72
15.24	23.38
11.36	22.73
12.61	25.97
15.95	28.49
16.8	30.14
15.95	30.15
17.42	25.51
16.08	26.85
16.14	27.88
16.51	29.78
17.03	26.24
16.05	27.71
16.42	23.8
15.59	21.88
15.49	23.52
13.46	25.93
13.6	25.43
16.65	21.04
14.21	20.14
14.45	23.86
13.66	22.9
15.57	24.01
16.04	26
15.51	27.05
14.85	27.27
14.31	28.28
14.02	27.02
13.74	24.39
15.42	22.55
13.97	25.8
13.34	27.43
13.62	28.44
14.35	28.95
14.75	23.26
14.48	25.37
14.91	23.21
13.12	27.29
12.97	28.02
15.07	25.59
14.56	22.32
11.49	25.41
11.68	26.54
11.89	25.72
14.44	24.14
12.74	24.69
11.66	26.1
11.94	26.52
12.05	25.59
13.55	21.64
10.77	18.18
4.68	17.49
3.95	20.32
7.7	17.16
5.9	17.69
6.51	20.01
5.15	22.42
7.46	22.75
13.57	21.28
11.84	18.68
10.76	13.67
10.05	12.76
7.89	10.99
6.62	9.12
3.69	14.1
7.63	16.22
4.35	11.53
7.6	15.17
3	16.36
1.56	17.93
3.15	17.79
4.27	18.05
7.44	19.76
8.49	18.36
4.49	14.29
3.97	12.24
-0.39	15.85
1.06	9.36
5.93	10.99
8.68	10.66
5.09	8.64
2.88	7.98
4.44	13.92
5.67	16.66
7.45	21.28
14.42	21.47
6.88	18.62
3.85	12.95
1.52	13.61
3.04	17.78
12.12	18.51
10.98	21.61
6.18	15.16
2.41	14.9
9.82	21.55
3.62	16.01
8.09	15.77
0.16	14.4
3.06	15.78
6.3	9.68
6.92	11.45
7.05	11.21
5.14	9.46
4.85	6.56
1.54	4.88
-0.83	2.38
-0.43	2.93
-1.6	6.2
-1.69	7.05
0.19	10.13
-1.6	13.35
2.1	14.72
4.73	14.54
9.98	18.18
12.13	21.95
14.85	20.35
12.07	18.65
10.01	15.37
7.22	15.76
3.39	12.83
2.09	15.72
7.1	13.07
5.09	14.1
2.24	14.13
4.81	16.25
6.54	15.35
4.1	9.52
4.92	7.19
4.96	7.9
4.5	8.79
1.43	6.84
1.58	4.38
1.07	5.39
5.52	6.74
4.85	5.7
1.73	4.72
-0.45	1.99
-2.6	-0.51
-5.46	-2.04
-8.74	-3.49
-6.71	-4.12
-5.29	-3.73
-4	-2.69
-3.67	-2.61
-2.67	-1.74
-3.31	-1.69
-2.75	-0.16
-1.03	1.72
-4.02	2.26
-6.91	0.91
-5.68	4.51
-1.51	2.58
-0.47	3.56
-3.78	-0.37
-5.56	-3.56
-4.6	-2.24
-2.54	1.75
0.04	9.44
1.23	7.47
1.58	10.23
-0.4	9.56
-5.35	-0.2
-2.92	6.33
0.53	12.95
0.47	8.82
-3.05	5.37
-5.31	-2.2
-7.11	-3.38
-14	-3.67
-14.9	-8.79
-10.55	-5.32
-7.58	-3.39
-18.81	-5.77
-16.39	-2.73
-5.52	1.59
-5.89	6.38
-8.8	3.14
-7.31	4.6
-8.83	-2.41
-7.51	-3.48
-7.28	-2.53
-5.43	-0.39
-1.49	1.55
-0.86	4.73
-3.06	4.7
0.43	3.35
-1.75	2.59
-3.08	2.95
-0.19	5.74
-1.47	5.8
-4.3	4.54
-1.97	-0.36
-4.57	0.48
-12.46	-1.1
-10.37	1.63
-4.28	1.94
-2.86	2.78
-2.86	2.19
-6.81	3.21
-7.68	-0.57
-11.28	0.23
-4.54	0.16
-3.68	-1.43
-7.02	-1.15
-13.23	-2.21
-13.57	0.13
-11.51	0.21
-3.8	-0.88
-6.95	-0.14
-11.44	-0.34
-6.2	0.25
-8.28	0.48
-8.1	2.67
-2.46	3.52
-8.39	1.7
-10	6.35
-8.33	5.83
-9.45	3.98
-7.16	9.65
-5.07	9.81
-2.88	13.2
-1.99	10.54
1.83	6.25
1.41	9.71
-0.07	7.82
0.87	3.34
-0.26	3.1
-0.66	10.21
-0.66	13
4.66	15.98
1	17.94
7.98	16.71
1.99	9.71
0.71	3.2
0.24	5.49
2.25	5.32
-3.2	12.37
1.39	9.3
2.2	13.4
1.24	11.14
1.62	7.28
-5.53	4.82
-6.61	10.32
-3.28	17.79
0.25	20.24
1.63	20.21
1.83	20.4
3.08	20.49
3.73	19.86
5.19	21.04
7.84	15.25
-1.08	13.86
1.36	16.78
5.26	9.67
4.85	10.78
-1.83	12.97
-1.31	9.13
-3.77	1.95
-0.55	6.06
-4.39	9.68
-0.11	13.34
3.33	7.97
0.85	8.46
5.99	15.68
3.99	15.75
7.63	16.49
4.53	19.47
4.78	17.2
6.58	16.74
4.5	16.77
3.3	18.66
3.8	18.84
4.34	19.83
5.2	19.31
5.08	17.46
4.12	20.14
5.86	24.2
11.78	20.3
5.88	21.84
11.48	24.63
9.93	23.17
14.51	22.01
11.34	25.36
13.18	23.16
3.43	22.51
7.04	25.83
9.73	30.64
11.41	30.55
10.02	29.98
16.82	29.48
13.11	25.27
15.16	25.1
12.08	28.31
13.9	26.88
10.05	20.7
6.57	16.91
1.58	18.54
3.47	21.32
6.51	24.58
9.6	27.56
11.44	24.02
9.87	15.11
9.54	18.36
10.48	22.94
7.79	25.75
11.41	28.31
13.31	28.36
13.46	25.51
15.98	26.45
15.8	25.88
13.38	26.31
12.71	28.09
14.56	24.48
11.91	24.76
12.69	26.09
13.47	28.68
14.28	30.57
14.83	31.22
15.85	29.65
16.89	31.67
16.87	30.26
17.26	31.66
17.54	34.15
18	32.75
18.78	32.31
18.27	29.44
16.49	26.13
14.31	25.97
13.64	27.61
14.26	24.06
13.79	25.66
13.56	28.17
13.28	24.8
11.89	27.76
14.08	33.65
17.49	31.53
15.76	30.72
13.45	26.75
15.38	25.91
16.12	27.1
16.54	25.08
13.51	31.86
17.43	33.01
14.31	27.6
14.24	25.22
13.45	21.67
13.42	24.38
14.17	25.45
12.04	25.82
12.66	25.64
11.62	26.52
13.04	26.34
14.78	26.61
12.69	30.02
16.18	24.68
10.76	25.56
10.76	28.69
14.15	31.24
19.45	31.62
17.19	28.37
15.39	28.4
14.28	31.07
15.77	33.89
19.38	34.4
18.2	29.87
14.62	29.64
16.11	25.37
13.95	29.75
16.28	32.58
19.07	29.69
17.51	25.06
14.43	22.58
17.34	21.86
16.95	27.75
16.67	30.33
16.13	32.91
17.93	33.72
18.84	33.2
18.02	31.22
16.49	29.88
13.02	32.58
15.54	31.65
13.73	32.82
17.43	29.92
11.1	32.36
15.52	37.03
18.61	35.89
17.95	29.56
16.52	28.51
15.72	31.73
16.98	36.02
16.19	30.92
15.54	29.87
15.06	31.42
15.12	33.15
19.74	33.15
17.6	30.85
16.78	25.04
10.29	28.44
12.24	31.69
16	29.69
20.18	32.37
13.97	26.48
12.42	19.68
7.26	21.15
11.4	18.97
6.59	17.82
4.03	21.3
6.8	22.72
8.14	23.17
9.56	23.63
9.39	23.02
13.23	18.7
14.05	15.74
9.57	22.6
8.93	18.91
12.09	14.98
10.78	19.01
7.33	20.57
5.46	22.21
6.88	24.7
8.49	25.84
9.16	26.22
10.02	27.11
9.54	27.99
9.88	28.23
14.07	27.15
11.58	21.67
5.4	17.48
2.41	18.86
3.74	21.57
5.43	21.39
11.29	16.78
6.03	18.61
6.09	19.44
9.95	24.5
11.11	23.58
13.97	20.29
12.16	19.89
6.91	15
3.45	13.92
5.84	13.78
4.7	15.15
4.75	19.43
5.67	20.59
6.6	14.96
6.53	14.24
1.46	11.98
0.11	12.07
0.39	9.93
-0.79	9.81
-0.19	10.07
2.86	8.04
1.26	14.71
7.62	16.74
4.69	7.87
0.66	6.25
-1.25	2.13
-5.46	4.44
-4.67	8.44
-0.99	8.69
-2.73	8.73
-2	7.32
3.77	9.4
1.56	13.12
10.96	20.23
8.34	14.96
2.7	13.38
2.45	16.61
2.34	12.48
-1.12	6.84
4.07	7.18
4.73	9.02
5.54	7.36
2.67	6.08
1.74	6.77
0.97	6.59
-1.91	6.88
-2.08	4.73
-1.67	8.79
0.14	6.09
3.29	12.24
1.44	8.99
2.77	17.58
3.46	15.61
0.34	12.91
1.25	14.61
8.9	15.77
10.2	17.17
8.65	17.18
6.94	11.8
7.79	14.84
6.8	11.98
4.56	9.4
5.27	8.44
3.45	6.25
2.93	6.25
2.24	4.01
1.33	2.95
1.7	3.13
1.56	8.41
-1.72	3.49
-6.22	1.65
-7.49	3.5
-6.15	1.74
-5	1.7
-1.68	5.88
-4.38	6.79
-0.3	4.58
-1.55	4.48
-4.28	3.14
-3.28	1.14
-2.91	6.75
-5.11	6.34
-5.32	7.89
-1.69	9.47
0.84	7.71
-2.94	1.41
-6.14	-0.66
-11.94	-0.44
-9.82	1.23
-8.62	2.89
-4.54	9.05
1.91	7.76
1.35	4.09
1.96	3.79
-0.33	2.53
-2.36	-0.24
-5.13	-1.34
-8.54	-3.85
-8.97	1.63
-11.8	-3.18
-9.58	-1.46
-6.5	3.4
-2.9	-1.08
-3.56	1.05
-4.74	3.84
-0.34	6.1
1.46	8.1
1.15	11.9
0.69	5.39
-3.22	6.22
1.59	9.21
-2.54	2.14
-1.75	3.4
-2.91	3.91
-3.17	2.03
-6.03	-1.73
-10.07	-2.22
-11.6	-0.37
-11.93	-0.89
-4.08	2.29
-3.85	-1.33
-6.74	-0.75
-12.9	0.85
-12.25	3.25
-7.91	5.3
-3.51	8.64
-2.51	8.99
1.82	10.61
2.26	13.42
2.73	19.89
4.24	13.63
2.25	13.64
-0.04	10.58
-0.64	7.77
-2.48	3.89
-1.74	7.47
-5.35	0.95
-7.3	-1.64
-2.69	5.07
-1.89	4.99
-0.21	5.19
-4.25	7.26
-4.65	7.45
-1.47	4.42
-1.44	4.23
-5.85	0.59
-1.24	0.67
-0.08	1.09
-2.44	0.47
-4.79	3
-2.4	1.21
-1.77	2.25
-2.49	2.18
-2.62	2.79
-9.4	0.63
-10.01	3.21
-2.3	7.72
-2.57	3.75
-4.01	0.95
-9.99	1.34
-3.35	1.08
-1.92	-0.37
-1.06	2.41
-3.45	4.95
-5.96	4.4
0.53	5.8
0.24	8.73
3.95	10.86
-0.26	15.54
1.01	18.68
3.96	22.03
3.57	23.07
6.08	23.42
7.41	19.89
10.72	18.75
6.14	13.55
4.26	6.58
4.31	6.1
3.58	5.56
1.13	5.52
0.16	4.64
1.09	6.8
1.36	11.72
-0.4	10.26
-0.86	13.25
3.86	13.93
7.07	16.36
5.12	19.36
6.93	20.97
8.17	13.78
5.34	8.73
4.81	8.6
0.06	13.53
1.3	11.88
5.87	8.72
3.67	14.63
5.09	11.06
6.44	10.35
6.75	10.4
3.64	13.74
5.43	17.21
9.44	13.77
9.79	18.15
10.56	18.45
8.54	12.17
8.82	19.82
6.47	22.56
10.59	22.85
10.68	17.64
6.44	13.51
8.23	16.78
4.9	17.53
5.62	20.59
8.43	23.54
9.68	20.57
10.46	21.46
9.24	21.86
6.98	21.62
9.5	19.64
9.44	19.38
10.56	16.94
4.73	15.35
4.95	12.85
3.41	17.01
8.11	17.45
7.07	19.6
6.5	22.12
10.64	16.54
8.93	15.38
3.81	18.97
8.88	15.75
5.51	14.53
4.87	21.37
9.28	23.39
10.11	26.21
10.91	26.06
9.39	17.3
7.23	13.92
1.84	16
5.73	19.02
5.21	22.35
9.72	20.47
9.59	15.15
9.59	15.49
9.48	21.47
7.64	24.4
9.95	20.77
11.98	17.27
8.67	18.24
12.7	16.53
12.04	15.31
11.87	19.85
10.75	23.91
11.55	26.99
12.95	29.77
15.02	28.84
17.09	28.77
14.51	24.21
12.02	16.99
13.15	22.36
10.09	24.9
12.64	21.45
7.28	21.78
9.89	24.38
13.45	23.8
13.2	21.11
11.81	20.7
11.88	24.5
11.68	25.4
15.61	25.53
11.82	21.82
9.09	23.16
10.83	25.67
15.95	28.76
13.36	20.16
10.61	23.88
13.32	27.29
14.18	22.02
10.88	23.46
12.67	24.52
13.33	28.7
15.2	26.92
13.86	22.77
14.14	28.22
17.15	26.82
11.56	22.98
10.95	18.37
7.34	21.05
9.19	21.22
11.06	19.4
10.62	21.91
14.88	27.32
14.63	28.48
15.63	30.28
15.78	29.14
15.53	30.34
18.1	30.99
16.92	32.35
16.48	29.37
16.55	27.43
19.03	25.49
14.39	25.09
15.05	21.77
13.56	19.75
13.7	17.79
11.62	24.37
13.03	28.3
12.8	29.33
13.37	27.45
14.23	27.76
14.18	28.48
13.42	28.81
15.07	27.87
16.36	23.4
14.09	25.73
13.98	26.44
12.52	27.3
13.08	27.61
14.86	29.2
18.64	25.04
13.97	24.65
13.77	24.72
11.42	25.75
12.09	27.21
17.59	30.5
17.26	32.95
15.96	30.5
13.68	24.67
12.79	22.45
10.1	24.32
11.13	25.99
15.67	24.25
13.99	19.33
10.27	22.36
8.56	25.11
10.96	25.89
12.11	26.06
12.76	20.79
12.32	18.89
8.13	19.53
12.33	23.11
11.17	25.44
11.35	22.69
10	25.33
9.38	24.96
9.61	25.03
8.1	18.66
2.93	18.79
4.17	21.07
7.26	25.1
11.19	22.74
9.97	26.07
13.89	22.38
12.36	17.29
8.93	19.33
3.59	20.07
4.26	19.97
8.32	22.66
9	22.39
10.1	17.77
9.24	19.56
9.21	15.17
8.28	14.91
8.05	15.88
6.61	17.2
10.48	18.92
10.45	20.52
10.8	19.08
8.99	17.45
9.8	17.44
9.96	19.77
7.61	20.55
7.77	21.62
7.84	21.79
9.71	20.65
9.06	21.94
9.45	15.89
7.9	10.13
5.64	10.7
3.03	10.29
4.12	6.59
3.73	6.03
5.81	9.25
7.9	13.09
3.94	10.72
-0.12	16.7
3.14	14.86
4.61	16.91
11	17.87
12.38	14.96
11.07	15.64
9.11	19.4
5.85	18.67
5.95	21.16
6.9	20.53
9.53	20.65
11.95	19.72
13.97	19.29
10.69	15.9
9.05	13.6
10.49	14.81
12.25	13.24
8.65	12.83
6.43	11.91
6.73	12.15
1.82	9.1
-0.49	6.67
0.33	4.91
-0.95	4.84
4.6	7.69
6.17	10.23
4.72	8.78
3.34	5.14
1.19	3.57
-2.67	5.82
0.76	11.7
1.35	14.38
3.47	13.49
-1.53	6.06
-3.27	5.71
-4.43	4.2
1.42	12.73
-1.8	6.75
-5.05	4.04
-5.7	8.7
-3.85	4.92
-2.57	8.51
1.41	8.11
2.13	3.15
2.5	4.64
3.35	11.68
1.11	10.82
-1.74	6.17
-1.2	4.22
-0.53	4.07
-2.37	4.87
0.7	1.74
0.09	1.15
-1.39	-0.01
-2.9	0.68
-3.83	-2.71
-3.44	-3
-3.67	-3.21
-4.32	-3.59
-4.86	-3.98
-3.91	-0.97
-1.23	2.91
-5.19	4.29
-3.67	2.39
-7.94	2.61
-9.24	-2.11
-9.29	1.43
-3.76	7.33
-1.25	10.17
3.56	8.34
0.15	4.35
0.95	2.64
0.26	5.61
-0.85	4.66
-4.26	5.28
-2.16	5.41
-1.36	8.84
-1.81	7.18
-0.02	8.13
-1.89	11.26
-1.07	11.04
-0.68	10.2
-1.9	12.55
-1.92	7.39
-2.62	10.65
-2.69	7.53
-3.43	9.39
-3.33	2.77
-3.4	5.67
-1.84	5.36
-5.23	3.61
-6.49	2.45
-7.42	-1.83
-4.3	0.11
-7.26	2.73
0.53	7.49
-3.27	6.33
-4.16	5.9
-5.86	0.71
-2.93	-0.48
-4.35	-2.85
-6.36	-3.3
-13.04	-4
-7.76	-3.19
-9.42	-1.19
-11.95	1.38
-1.69	5.44
-3.77	3.8
-1.56	0.97
-6.15	1.8
-13.55	-1.24
-15.7	-1.52
-16.53	-4.43
-18.31	-3.67
-20.4	-2.98
-18.84	0.23
-6.93	5.18
-0.3	5.83
1.04	8.98
-1.8	6.93
-1.72	1.62
-1.72	2.11
-0.26	3.49
-1.38	3.43
-4.34	0.56
-4.75	3.86
-2.83	-0.19
-4.02	1.63
-1.64	2.63
-0.59	5.12
-6.03	0.56
-2.64	2.49
-5.9	-0.6
-12.28	-3.32
-16.38	-1.99
-16.53	-1.97
-14.09	-0.4
-5.49	-1.39
-6.65	-0.23
-10.28	1.71
-12.77	2.5
-4.35	3.95
-2	5.36
-6.09	-0.51
-12.42	3.52
-2.87	9.29
-1.39	9.47
-3.42	10.7
-1.64	11.84
-0.6	18.42
1.34	22.18
8.02	21.69
3.68	16.46
-2.22	6.55
-3.18	9.49
-1.04	11.81
-0.16	14.06
2.28	18
3.47	15.42
8.38	17.99
8.19	18.57
10.18	17.64
7.44	16.53
7.2	11.88
4.9	12.7
1.2	11.29
-1.53	13.72
-1.2	15.88
0.34	17.62
1.98	19.33
3.25	20.27
4.22	18.75
11.51	19.73
7.85	15.45
6.02	8.66
5.38	7.85
6.43	11.14
7.66	13.99
7.3	19.15
6.95	21.65
7.28	21.08
9.3	17.04
6.48	14.28
10.12	13.49
5.87	11.59
3.88	9.11
-1.38	13.49
0.21	18.09
6.65	19.24
10.77	19.48
9.46	18.24
6.57	22.79
8.72	19.61
5.37	18.97
8.25	20.52
7.19	24.76
10.13	28.57
12	28.28
13.54	22.85
11.21	16.82
8.99	17.08
4.92	17.17
7.5	14.67
3.15	13.2
1.3	13.84
7.68	16.69
2.26	17.44
2.7	19.4
5.78	22.1
13.07	19.75
11.91	21.37
11.95	22.04
10.75	16.68
8.39	12.15
4.7	18.58
4.4	23.07
8.98	24.43
12.08	26.33
12.75	21.94
10.55	22.96
9.84	25.78
11.29	28.3
13.4	29.88
14.86	30.63
15.26	31.13
15.46	25.7
9.16	20.96
8.69	22.45
8.85	24.68
11.55	27.14
13.58	19.67
10.21	21.67
8.63	16.58
6.27	14.14
8.17	12.83
8.44	16.51
7.14	20.98
10.65	21.79
9.59	25.57
12.16	26.11
15.55	26.12
15.46	25.98
12.99	27.71
16.17	26.7
12.98	23.04
10.26	25.39
11.39	26.81
12.16	29.1
16.02	26.73
12.66	27.14
14.51	29.76
17.38	27.67
15.54	27.38
15.74	29.95
13.97	29.11
16.28	26.66
14.88	19.91
13.01	19.15
14.26	25.38
11.67	26.11
11.85	22.48
8.39	22.61
10.43	24.4
14.54	21.01
12.72	17.07
11.73	22.65
14.96	21.32
15.51	17.8
15.13	25.52
13.4	27.08
13.07	28.71
17.23	29.18
15.81	29.35
16.06	30.56
19.28	26.32
14.42	25.52
14.4	21.96
11.21	25.11
14.68	21.13
13.78	24.48
15.41	27.92
16.21	27.78
17.68	29.72
18.43	32.23
19.37	32.67
20.67	32.2
19.82	27.39
16.35	28.16
13.8	29.08
16.15	23.04
14.62	18.7
14.44	21.25
8.76	24.23
11.5	17.24
7.78	19.78
6.35	22.28
8.62	25.45
11.07	23.07
15.79	20.58
9.6	25.5
14.64	23.82
12.11	18.63
12.59	17.98
14.36	18.04
14.66	24.79
13.72	25.62
13.81	25.68
16.73	20.57
14.83	20.94
12.36	22.66
14.49	23.7
11.85	25.69
15.38	21.86
14.29	19.26
14.92	20.88
13.89	25.56
13.81	26.2
15.09	26.52
14.74	27.52
15.49	26.18
13.42	23.81
12.48	21.58
8.74	23.59
9.27	23.68
9.57	24.47
12.21	26.21
14.7	25.92
17.38	23.67
14.88	24.39
14.69	25.96
11.61	24.7
12.26	22.92
10.23	23.84
12.08	24.72
11.78	19.33
8.87	11.65
8.43	10.8
8.92	10.76
9.28	14.16
11.37	16.45
9.42	19.47
7.42	21.09
8	21.74
8.69	22.01
8.32	21.32
10.9	19.16
9.59	14.44
7.58	15.55
4.23	15.99
3.78	17.16
11.26	15.27
13.64	18.43
13.21	19.61
8.41	19.73
6.85	18.82
7.48	15.47
6.5	17.27
4.96	19.01
4.36	15.21
4.62	16.26
3.33	15.94
5.16	16.28
5.68	15.61
3.23	13.62
2.4	11.01
0.29	13.11
-2.44	12
0.46	12.99
8.35	17.58
8.66	19.69
8.51	21.75
9.64	18
8.35	19.19
6.07	20.52
6.14	20.71
5	18.39
5.05	14.6
1.51	10.66
1.82	8.76
-1.45	8.62
5.63	12.67
4.55	11.49
4.52	12.05
5.48	12.49
6.83	11.34
5.46	10.96
5.28	12.82
0.51	12.36
2.68	6.21
4.08	7.13
4.94	6.22
3.95	4.94
2.84	3.91
3.06	12.17
1.74	11.04
1.38	9.53
-3.22	7.84
-2.57	3.77
-3.92	3.75
-1.29	3.85
-2.79	1.09
-2.67	-0.42
-3.33	-1.7
-3.78	0.4
-1.3	1.06
0.4	1.89
-1.35	1.84
-2.97	1.94
0.11	1.41
-2.31	1.35
-2.55	1.23
-1.93	9.67
0.42	9.73
3.89	9.19
0.78	5.11
0.4	8
-1.64	7.95
-2.49	6.55
-1.47	2.15
-6.6	0.85
-7.6	1.45
-1.73	0.25
-0.58	1.53
-1.35	4.98
-0.95	5.02
-2.43	5.72
-3.16	3.22
-3.81	5.79
-2.64	6.63
-2	4.25
-5.58	1.33
-4.48	3.85
-1.24	6.69
-3.29	6.7
-2.45	1.07
-2.71	-0.68
-2.82	-0.37
-5.47	-1.01
-7.76	-0.32
-14.33	2.49
-2.04	2.48
0.31	1.3
0.38	3.03
-0.13	1.88
0	0.67
0.2	1.85
-0.51	2.75
-3.71	1.12
-8.68	0.31
-9	-0.07
-9.9	1.21
-9.09	1.26
-8.42	-2.7
-4.09	-1.94
-5.24	0.05
-7.37	-2.39
-9.32	-2.84
-4.83	2.49
-4.58	1.34
-8.84	1.71
-6.3	6.02
-7.66	4.45
-13.93	-7.98
-17.46	-6.06
-16.71	-6.58
-14.95	-5.36
-14.94	-5.53
-10.91	-0.28
-9.06	-1.5
-3.66	0.41
-4.88	0.19
-6.13	-0.51
-5.4	-2.31
-7.38	-4.07
-9.18	-1.73
-9.45	-2.39
-12.42	-2.56
-14.63	-1.14
-3.11	5.86
-3.72	7.89
-4.9	5.39
-3.29	3.91
-4.53	3.68
-4.58	2.17
-6.14	3.52
-4.12	5.25
2.25	9.34
0.17	8.16
-1.23	11.79
-0.1	12.92
3.83	13
-0.46	11.38
1.27	6.34
-0.04	3.66
0.21	2.68
-1.46	1.32
-2.31	0.46
-4.32	1.86
-8.82	1.2
-6.51	5.29
-3.8	2.4
-5.75	5.96
2.65	8.75
-1.35	1.95
-6.39	3.34
-6.2	4.54
-4.89	4.45
-0.21	8.29
2.7	6.45
1.34	9.97
-2.23	3.4
-2.22	0.5
-2.36	0.72
-1.26	1.17
-1.04	2.61
0.5	4.47
-1.13	4.93
-3.37	10.04
-2.96	14.15
-0.84	14.81
7.1	15.92
2.81	10.5
-3.92	9.98
0.88	13.51
2.41	15.16
5.65	20.93
7.19	19.09
6.67	14.66
4.49	17.61
8.85	16.63
4.56	20.34
6.1	18.91
6.32	15.87
4.82	15.3
3.21	13.47
3.38	11.13
-0.2	12.26
-1.84	15.82
2.09	18.55
7.81	19.87
4.74	14.81
4.33	10.22
4.78	13.3
4.03	19.03
3	17.28
8.85	15.8
6.13	18.5
7.29	17.63
10.45	19.06
9.19	20.02
5.38	20.9
5.34	22.47
6.18	23.6
7.23	24.01
9.03	25.05
9.27	24.49
12.73	18.51
12.23	15.78
8.16	13.56
4.88	7.94
5.53	14.69
4.39	17.09
5.85	20.01
5.81	18.65
4.48	20.65
6.39	20.09
6.57	16.64
7.64	19.56
5.08	21.42
9.38	21.1
6.74	19.99
6.05	23.08
7.95	25.05
10.76	22.28
9.55	22.34
10.31	25.6
13.29	22.74
8.94	25.46
13.54	21.7
11.77	19.18
13.29	18.08
11.86	25.58
15.9	23.85
10.44	17.39
7.87	20.54
9.64	23.15
13.4	23.81
13.56	25.05
10.42	15.52
8.89	10.39
5.5	16.3
3.51	16.73
6.74	11.76
8.94	13.14
8.91	16.91
6.45	17.34
8.48	15.46
7.67	17.86
7.14	19.5
7.74	20.78
10.82	18.1
9.47	19.77
8.98	24.39
11.5	25.21
12.1	24.79
12.23	27.19
14.25	28.58
16.08	28.53
16.5	29.5
17.49	30.63
18.7	31.11
17.6	31.35
18.92	29.18
17.19	26.34
16.64	29.2
16.36	30.26
18.68	33.1
19.36	31.49
15.45	30.71
16.1	26.55
16.27	25.61
16.28	22.21
15.28	20.21
16.4	19.1
14.37	24.8
11.78	26.08
12.81	28.33
14.9	29.89
17.3	29.07
16.02	29.89
16.86	29.66
17.34	31.36
17.03	30.75
16.27	29.18
16.51	30.52
18.54	24.71
12.66	23.63
10.49	25.22
11.44	27.91
12.64	31.1
13.64	31.83
15.27	33.36
17.42	33.54
18.08	32.25
17.7	31.61
18.49	31.84
17.76	32.77
18.05	32.88
16.52	32.96
18.28	31.67
18.26	29.98
16.61	31.23
17.34	26.22
17.5	21.64
12.28	20.38
12.86	18.92
12.47	22.99
12.95	23.64
14.53	19.36
14.94	24.7
12.51	24.76
11.37	24.03
11.66	22.51
11.13	15.03
11.36	19.71
8.97	22.29
11.25	24.45
10.77	25.99
13.08	29.3
18.11	29.47
14.48	27.26
16.31	28.52
13.26	23.49
11.1	24.87
11.94	23.23
9.92	24.82
13.93	19.64
11.03	23.15
10.94	23.66
11.4	21.88
13.16	21.29
10.44	17.42
8.08	20.62
6.63	22.22
8.73	24.03
11.31	25.91
15.24	30.26
15.87	27.04
13.33	24.93
13.64	26.26
13.77	20.92
7.01	21.33
6.18	22.23
6.46	22.66
7.54	23.31
6.87	23.5
7.99	24.79
12.92	21.39
14.93	18.23
11.94	23.06
14.84	19.23
14.13	19.97
14.17	22.91
9.28	23.42
9.87	22.44
7.2	21.39
7.99	22.69
8.63	23.06
9.84	23.85
11.38	22.53
10.53	23.59
9.43	23.35
9.8	23.22
9.74	24.18
11.25	23.24
14.73	25.32
12.3	21.04
9.96	18.01
4.88	19.13
4.83	19.57
8.23	18.06
2.61	19.29
4.06	20.23
4.16	20.05
4.08	19.69
6.32	19.07
7.47	18.71
3.87	18.04
5.65	14.64
-1.37	14.3
-1.52	14.89
0.67	16.75
7.77	16.88
7.42	21.52
7.68	20.76
10.04	21.96
14.1	20.89
9.49	19.11
7.94	20.76
7.26	17.7
8.86	18.04
11.05	19.96
2.64	14.68
-2.6	11.58
3.74	7.28
-1.77	5.51
-5.47	4.25
-4.76	5.58
1.45	11.99
5.84	11.86
-0.94	13.82
-1.44	14.4
0.67	17.38
2.14	11.27
-2.61	8.05
2.01	8.87
-0.37	9.97
4.41	13.61
4.18	16.2
3.63	19.1
8.65	18.87
3.9	17.66
5.12	13.56
2.66	9
3.45	9.08
5.53	7.6
4.33	10.71
0.47	11.64
5.56	17.38
5.46	13.66
7.2	8.91
6.4	8.72
6.47	8.19
6.57	9.31
5.46	8.24
3	7.3
-0.66	6.18
-1.01	4.8
0.79	10.56
4.83	16.49
7.13	13.52
5.27	15.67
7.88	14.44
4.44	10.27
0	6.51
-2.32	4.08
-2.48	3.96
-2.28	3.62
-2.19	0.06
-1.26	0.18
-0.83	1.34
1.22	4.31
1.13	3.12
-2.18	5.19
1.35	5.41
0.14	6.39
-2.17	4.52
-1.77	1.48
-0.09	6.57
-2.03	4.61
-5.79	3.83
-6.53	0.25
-4.46	3.92
-5.06	3.14
-1.92	1.76
-1.73	10.98
0.43	8.82
-1.42	8.45
-0.84	6.74
-0.74	10.03
1.66	10.82
2.5	13.21
-1.76	10.28
-0.6	12.03
3.42	13.45
6.2	15.62
3.37	12.28
1.98	16.3
-1.2	13.67
-0.92	11.72
-2.03	8.52
-1.39	11.59
1.07	12.01
7.16	11.83
2.85	9.3
0.27	12.06
3.56	8.17
1.54	3.74
-1.1	5.42
-6.07	1.08
-6.82	0.22
-8.85	3.62
-4.02	6.66
-1.35	10.05
-0.77	11.44
-1.57	9.62
-0.6	11.87
-1.51	9.92
0.41	9.78
-0.82	8.63
-4.19	12.53
-0.61	10.31
2.71	6.81
3.99	12.77
5.05	10.87
-0.31	12.1
-0.15	8.08
0.97	12.35
5.29	11.78
0.65	13.56
3.08	8.65
2.28	6.26
1.16	7.75
-1.16	6.19
-2.65	6.83
-0.53	11.96
-1.23	7.29
3.66	11.09
4.02	11.9
2.96	8.56
-1.11	5.39
0.32	5.88
-0.54	10.76
3.22	10.88
4.69	15.19
6.3	12.38
0.84	8.73
2.67	12.11
-1.12	14.61
2.8	16.62
5.33	16.52
7.54	11.99
6.97	10.13
4.61	12.58
5.4	12
-0.61	15.88
1.89	17.89
2.97	18.84
5.81	14.85
0.28	15.94
0.74	19.18
4.01	19.4
1.19	14.44
0.78	4.35
-1.17	5.65
-1.85	8.03
1.96	9.23
3.62	5.87
3	13.95
3.32	13.95
2.54	13.09
0.16	13.21
5.25	10.37
0.13	13.33
6.73	15.26
3.42	16.65
3.88	17.25
2.94	18.79
6.96	11.76
1.22	14.54
2.28	19.64
7.28	19.33
8.1	16.83
2.1	20.52
4.77	22.19
7.86	19.12
5.28	22.27
5.92	23.99
7.34	23.76
7.65	22.03
6.97	19.14
3.52	22.01
6.53	19.98
4	16.59
3.04	22.08
6.37	17.66
3.94	19.35
4.63	23.26
9.74	20.86
7.88	20.99
5.68	22.15
5.76	23.3
5.12	24.44
6.79	24.79
9.32	17.74
3.82	17.24
6.08	17.26
5.37	20.88
11.9	18.78
11.85	20.59
11.92	20.67
9.21	24.02
10.7	23.32
11.44	17.31
11.58	23.78
11.45	27.75
12.79	21.8
10.96	26.33
15.73	29.31
12.62	24.3
6.56	16.37
6.25	19.7
7.56	16.97
7.2	20.65
11.07	24.62
11.24	26.62
13.2	29.27
15.58	27.9
17.3	28.37
15.64	30.09
15.26	29.39
15.74	27.94
13.91	22.49
10.24	20.04
9.97	13.91
7.38	21.16
7.5	24.45
13.47	22.87
12.33	24.92
13.81	24
15.62	24.24
14.57	24.59
12.7	25.22
12.54	26.9
13.61	28.29
13.88	28.74
15.7	27.83
16.23	27.4
13.82	28.27
15.03	29.14
16.26	29.62
17.29	26.93
14.44	28.08
16.01	28.99
17.65	29.81
15.19	32.51
19.13	33.61
15.74	30.94
14.47	27.47
15.1	28.94
14.38	32.14
16.98	28.65
12.17	19.8
12.2	22.62
10.67	24.96
14.06	25.53
11.82	29.04
14.78	31.41
13.87	27.8
12.76	23.43
11.32	22.65
12.3	26
13.23	28.35
16.42	28.85
16.21	31.36
11.2	24.91
8.68	21.12
8.96	22.88
11.93	26.44
12.57	30.89
15.82	32.93
16.09	34.18
16.55	36.91
16.79	36.17
21.09	35.76
18.56	38.12
17.97	35.14
18.61	34.34
12.96	31.65
15.46	30.16
11.59	26.82
11.35	28.81
12.61	32.34
17.63	32.01
17.62	27.8
13.23	22.91
8.1	22.06
8.82	23.79
7.97	27.36
12.95	22.22
12.57	23.82
11.03	25.41
11.81	29.39
13.28	31.39
15.76	29.55
15.93	30.21
14.61	22.84
14.76	20.7
15.15	25.35
14.5	28.3
13.53	28.96
15.2	30.43
16.31	32.33
18.38	27.64
12.68	26.27
15.56	25.78
14.62	23.88
13.6	25.82
16.1	27.23
16.91	29.48
14.65	28.3
17.43	27.95
14.74	29.16
14.72	30.11
15.11	24.42
13.98	19.17
11.82	15.72
8.97	19.6
9.84	22.17
10.33	21.87
11.77	23.89
10.6	18.24
7.4	13.02
7.41	10.24
8.15	12.16
11.16	18.57
10.32	20.03
6.65	19.64
11.68	17.88
6.97	18.43
9.11	20.09
7.29	21.97
10.85	22.94
8.77	22.77
10.39	25.3
13.25	21.35
7.68	16.08
3.09	16.65
2.89	18.38
3.55	19.47
4.75	20.48
5.6	20.95
6.17	20.92
11.09	16.3
11.06	15.2
9.49	17.34
8.52	19.96
5.86	21.55
6.03	21.85
6.66	21.94
9.99	22.68
10.23	18.18
10.95	18.09
10.63	15.56
7.26	16.02
3.34	18.24
4.04	17.18
5.4	14.06
9.18	15.27
4.88	17.08
6.16	13.64
-0.4	12.37
-2.16	13.67
-0.93	16.36
0.21	18.1
2.87	12.39
3.23	11.01
-1.78	6.12
1.78	7.05
3.13	5.83
3.78	5.58
3.71	6.5
5.68	9.52
4.98	7.78
5.6	9.61
6.98	8.22
7.53	11.58
7.17	9.62
7.33	12.32
3.37	11.67
-0.02	12.8
8.31	14.45
6.75	10.9
2.3	9.76
-2.16	5.93
-0.41	9.7
2.41	12.3
2.86	7.24
-1.2	9.07
-0.25	10.02
1.16	8.66
-1.05	7.13
-0.75	4.72
0.75	2.93
-0.35	1.85
-0.83	1.57
-0.31	0.67
0.22	1.86
-1.62	0.8
-0.93	7.44
0.33	14.05
9.76	15.11
5.9	12.56
3.83	7.12
0.86	7.77
-2.7	6.29
-3.56	4.43
-4.68	3.8
-5.16	4.38
-2.04	8.07
-1.88	8.01
2.77	10.54
-1.55	5.22
-2.03	8.68
-1.29	8.45
-0.48	7.6
3.58	8.38
-1.21	6.04
2.11	5.87
1.13	7.12
3.13	4.66
1.45	5.61
-2.51	1.76
-3.83	-0.3
-1.66	-0.26
-3.33	-1.61
-7.18	-0.9
-10.1	-2.14
-4.77	-2.67
-5.85	-4.5
-5.93	-4.99
-5.27	-4.48
-5.17	-3.34
-6.6	-2.85
-4.59	-2
-3.27	-2.09
-4.12	-3
-4.72	-3.84
-5.59	-4.66
-4.93	-0.7
-4.9	0.16
-3.95	-0.3
-3.41	-1.55
-6.1	-3.39
-7.03	-3.39
-4.23	1.9
-4.31	3.33
-2.36	7.8
-4.54	0.85
-2.43	-0.68
-1.96	4.8
2.61	12.69
2.42	7.11
1.06	7.01
0.89	8.57
2.16	9.93
4.16	8.14
1.75	8.91
2.68	7.99
3	15.36
1.45	12.38
-0.45	7.89
-1.4	5.74
-3.89	6.96
-2.65	8.67
-4.81	8.67
-0.48	12.25
3.46	10.52
0.01	9.43
-1.74	6.94
-0.77	7.05
-1.55	9.64
3.11	9.43
-0.38	5.92
0.59	11.01
3.39	8.59
-0.9	9.9
0.3	9.2
0.21	8.28
-2.71	8.04
-2.79	7.18
-2.47	6.23
-4.67	5.68
-6.86	7.15
-5.01	3.9
-1.35	3.29
-4.81	0.17
-11.38	0.72
-6.5	11.07
-3.44	11.86
-4.78	12.39
-2.56	13.83
1.14	16.35
2.88	16.96
0.11	18.12
0.94	19.64
0.27	18.3
2.02	17.03
3.2	11.88
0.18	15.17
6.51	15.26
4.96	19.1
3.92	18.04
3.78	12.68
2.28	5.31
-1.61	3.96
1.07	5.53
2.72	5.92
0.96	12.6
2.15	15.29
6.14	10.77
2.39	16.41
3.12	13.8
0.2	12.94
5.21	14.43
7.83	19.09
3.94	16.88
1.62	7.45
-3.16	8.77
-2.27	8.51
-2.12	9.24
1.1	7.63
0.54	6.31
0.79	6.88
-1.05	7.61
-2.66	9.65
0.51	11.09
5.61	12.61
5.63	14.09
0.69	16.45
3.65	17.65
3.58	18.41
6.99	15.03
2.32	12.33
6.04	12.49
3.67	13.83
0.79	16.23
4.06	16.36
3.43	10.49
3.29	19.35
10.8	20.94
12.91	20.62
9.21	16.29
6.41	16.25
2.8	17.32
5.72	13.85
5.6	14.25
2.3	14.76
4.54	17.89
9.75	19.98
5.18	22.21
7.1	22.98
6.74	18.19
8.79	14.48
4.52	16.64
3.07	17.04
7.14	17.72
5.29	19.7
2.94	21.26
7.3	18.44
8.73	19.03
9.7	18.99
6.62	19.87
6.6	19.54
6.11	19.04
5.28	17.4
9.7	19.6
7.82	19.61
5.13	21.24
7.96	21.26
6.3	20.85
7.73	20.22
4.6	22.64
5.39	23.96
7.02	24.82
7.72	26.58
12.78	24.97
13.02	24.21
15.48	22.11
10.64	22.09
8.68	13.19
9.16	16.38
10.51	19.24
11.63	20.22
12.17	24.18
10.88	23.7
13.44	27.07
12.94	32.17
14.57	32.45
15.92	26.88
13.67	27.83
13.04	27.19
11.69	29.14
15.83	27.17
12.68	26.83
15.47	22.7
15.96	19.88
14.72	23.68
13.78	20.29
14.2	22.2
13.65	24.89
12.55	26.46
13.16	26.89
13.68	20.83
12.37	19.62
9.32	18.84
9.79	20.35
8.7	22.21
12.69	22.62
14.59	23.69
11.53	26.92
14.68	28.55
14.7	29.45
15.41	31.34
16.15	32.14
17.34	31.23
15.17	29.95
17.71	29.75
16.15	26.94
15.26	27.08
15.04	29.01
16.44	26.26
15.13	29.13
15.29	30.37
16.57	30.43
18.27	28.21
15.03	26.92
12.03	28.25
17.55	30.63
13.75	23.14
10.74	24.85
15.32	26.63
14.15	30.61
15.56	31.3
16.04	30.19
13.92	20.01
12.6	22.58
13.97	27.28
14.07	27.05
14.39	21.46
12.89	26.27
14.56	28.17
15.02	21.85
13.14	20.02
11.22	16.25
14.03	19.92
16.77	24.51
17.02	26.26
17.66	28.56
16.38	28.39
15.48	29.4
16.04	28
16.16	29.94
16.98	30.5
16.5	30.21
14.98	29.91
15.99	31.16
17.55	24.68
13.72	27.23
13.76	28.18
14.66	26.72
14.62	24.08
10.11	25.03
11.61	26.35
12.5	29.22
18.59	28.14
16.22	28.56
16.33	31.53
12.95	24.85
8.61	22.53
10.46	25.82
11.66	27.89
12.27	26.58
15.13	27.1
13.65	28.83
13.96	24.31
13.05	21.84
8.64	23.3
11.86	26.08
12.98	27.09
12.79	27.98
14.28	26.34
14.3	22.45
8.22	24.06
8.76	24.04
10.67	26.48
13.07	28.59
16.26	28.94
17.33	28.77
19.08	30.08
17.33	30.37
14.7	24.06
10.36	25.45
10.81	27.31
15.1	28.58
15.16	26.5
12.12	18.69
8.59	12.64
7.26	9.89
7.48	9.31
7.04	13.45
3.77	15.1
2.58	14.64
9.47	12.1
8.27	12.24
8.36	13.17
7.68	14.83
6.36	16.37
8.7	15.12
8.02	14.32
9.35	14.84
7.47	16.18
2.68	17.6
3.87	18.92
8.7	19.79
7.16	21.34
8.84	15.7
6.93	11.18
1.54	15.68
2.73	20.08
7.12	20.09
5.37	19.84
7.77	21.38
9.68	19.48
6.95	20.17
5.7	21.2
6.7	22.16
6.1	22.36
7.77	22.73
8.9	22.41
5.42	16.79
0.06	13.76
0.26	15.09
0.91	17.69
2.74	17.55
3.83	19.23
7.04	14.76
1.16	12.88
2.92	10.33
6.18	10.54
0.99	12.36
3.62	20.45
10.43	22.61
10.26	19.4
5.19	18.46
9.61	16.25
7.64	12.85
8.93	20.37
7.89	19.25
9.01	18.95
9.03	18.23
11.5	13.56
9.59	12.58
7.79	13.77
6.32	10.46
4.99	8.57
6.03	7.46
6.93	8.24
7.25	8.65
3.94	11.09
-0.38	8.49
3.04	9.58
-3.53	6.61
-3.72	8.07
0.82	13.05
3.55	7.86
-2.4	4.92
-3.31	4.97
-3.77	4.95
-0.37	2.38
-2.85	4.79
-2.73	5.96
-5.21	3.18
-0.12	1.98
-0.55	8.67
2.24	11.31
-0.48	9.16
3.17	5.29
-0.59	4.08
0.67	10.24
1.21	9.26
0.87	6.95
-1.54	5.7
-4.21	6
-1.31	7.97
3.13	5.22
1.92	4.02
1.92	4.52
2.67	4.75
2.5	4.62
3.39	4.68
4.39	5.07
0.81	5.06
2.17	4.24
-1.28	4.82
0.04	8.44
-0.57	9.87
-1.21	8.83
0.78	5.34
-1.7	3.27
-4.59	0.14
-1.87	-0.8
-5.74	-1
-7.46	-2.31
-9.06	-4.36
-5.5	-4.55
-5.62	-3.95
-4.5	-1.89
-7.53	-0.66
-11.62	-0.58
-9.31	-1.73
-9.7	-2.53
-6.46	-3.69
-9.13	-0.25
-12.28	-1.12
-13.5	-6.13
-9.53	-6.95
-7.75	-6.46
-7.62	-6.47
-7.53	-2.98
-3.33	1.01
-4.22	2.79
-5.78	1.6
-5.75	3.05
-1.76	8.45
3.82	13.42
2.62	8.46
0.23	6.08
-0.79	3.42
-0.32	3.27
-0.13	5
-1.45	5.67
-0.48	1.95
0.17	1.52
-0.17	1.63
-0.58	1.01
-1.22	1.07
-2.83	-0.03
-1.17	1.47
0.01	1.72
0	3.97
-1.94	9.65
1.57	13.99
2.65	12.45
2.89	8.57
-0.45	6.17
-2.77	8.98
0.75	8.38
-3.82	5.16
-4.08	2.86
-1.88	3.29
-2.91	1.79
-4.88	3.66
-3.4	4.31
-5.46	0.98
-4.32	0.91
-6.9	4.23
-2.07	4.37
-3.19	0.24
-1.83	5.44
-1.31	4.28
-1.18	5.44
-2.34	9.08
-1.64	10.47
1.25	14.67
0.56	13.76
2.76	7.44
4.3	8.7
5.43	9.77
6.42	8.72
5.47	8.68
2.27	8.41
1.7	12.2
2.75	9.01
-0.89	11.49
3.72	11.56
-0.61	9.9
2.02	12.47
3.22	12.95
1.42	13.39
4.4	12.7
1.78	10.08
1.47	10.22
0.2	5.3
-1.17	4.81
0.17	6.19
-3.42	12.38
1.8	15.13
4.52	10.12
-1.62	7.12
-1.05	11.2
1.66	15.05
6.56	16.7
8.93	13.17
5.59	10.1
4.82	10.62
7.92	13.53
9.92	18.89
6.88	19.06
6.39	21.86
7.08	22.23
7.55	22.52
6.08	23.6
6.77	24.05
6.69	24.07
6.28	23.96
6.48	24
6.5	23.59
6.46	20.17
5.03	20.65
4.54	22.47
5.92	23.12
9.01	19.5
4.63	21.04
6.14	18.66
10.72	20.65
10.72	20.22
6.75	20.77
7.27	14.02
6.15	19.07
4.3	20.81
6.48	19.68
9.52	20.14
10.12	19.42
9.49	18.54
9.17	19.65
9.92	22.69
7.77	17.08
8.08	20.76
6.24	21.21
8.83	17.38
7.78	19.19
11.59	21.6
7.96	25.29
9.9	24.96
10.73	26.88
10.86	27.55
11.97	22.25
10.36	14.72
10.65	15.74
9.9	20.21
11.69	23.69
9.76	25.38
13.01	27.32
14.33	24.43
14.47	25.01
10.2	26.95
13.43	27.29
12.13	23.31
15.35	23.56
14.64	28.33
16.47	28.45
14.69	23.11
10.6	21.05
8.05	17.8
6.92	10.95
4.18	18.87
8.93	18.84
6.9	19.61
10.12	24.2
8.38	18.56
6.71	17.25
12.97	26.76
13.11	23.52
8.81	24.73
12.73	26.99
12.62	26.85
10.43	25.36
8.92	23.28
9.77	23.72
9.45	27.17
16.04	28.17
16.05	27.97
13.33	23.58
10.5	27.57
13.92	30.7
11.7	23.85
9.07	20.56
11.07	17.1
11.69	15.04
13.58	19.02
12.85	24.88
12.8	24.29
13.56	24.87
16.41	21.79
15.27	24.75
14.62	27.58
17.4	27.65
15.96	28.19
15.73	28.05
17.49	27.5
15.56	27.11
15.61	28
14.44	25.97
14.85	19.81
11.6	23.06
14.13	17.91
9.59	22.87
10.55	25.19
14.22	28.68
16.25	30.49
17.29	31.62
17.61	30.09
16.89	30.86
14.51	27.16
10.3	24.18
10.62	26.13
13.53	28.87
15.51	30.78
17.43	32.9
16.56	30.27
15.2	25.62
9.72	25.07
10.38	26.62
12.72	27.02
14.68	28.85
14.2	31.19
18.4	26.92
14.2	29.54
16.63	32.56
14.93	28.6
16.34	20.54
16.68	24.06
16.77	25.94
15.72	26.79
14.7	27.8
17.01	23.87
15.38	28.29
15.69	26.37
14.01	27.37
14.49	27.12
16.38	23.23
12.56	26.48
14.38	28.65
15.71	31.16
15.62	30.34
15.13	27.69
16.42	28.71
14.83	29.76
17.17	25.75
15.39	23.2
11	24.41
11.14	26.71
11.93	29.19
15.42	29.86
15.93	30.72
14.77	23.24
13.11	22.72
7.68	24.53
9.4	26.69
11.73	27.48
14.29	29.37
14.49	24.06
11.14	19.96
7.68	19.97
7.31	21.35
7.92	22.05
10.75	22.6
13.07	25.04
14.12	21.24
15.02	22.59
11.8	22.02
12.28	19.25
12.65	22.29
12.57	25.25
16.04	23.19
15.25	21.55
13.44	22.79
12.14	24.41
10.88	25.17
10.47	25.5
9.84	25.57
9.89	25.37
13.68	21.88
8.88	21.67
7.28	23.19
8.96	24.41
10.21	23.49
9.02	22.92
9.61	23.42
10.52	18.1
5	17.62
4.33	21.09
5.64	21.17
10.67	26.1
13.42	26.05
11.73	25.76
11.03	18.47
10.09	17.42
9.94	19.57
8.07	11.66
4.7	10.2
0.47	8.03
1.98	8.98
0	9.14
1.32	10.15
1.63	9.1
-0.52	8.84
2.89	10.37
-2.21	15.56
10.08	19.4
8.91	15.92
8.7	11.14
4.57	16.71
7.45	14.46
6.73	17.18
3.27	16.13
3.69	12.63
2.04	9.63
-3.02	9.29
-1.99	6
-1.93	5.43
0.73	3.71
0.22	3.77
2.65	10.28
4.33	4.99
3.72	7.56
2.83	6.93
4.9	9.54
3.78	7.78
4.28	8.41
0.05	12.11
0.58	13.54
2.17	15.41
4.83	15.72
5.28	15.47
3.75	17.56
5.45	13.12
1.98	16.48
1.25	15.32
1.93	6.33
2.4	6.16
3.35	8.52
3.28	14.24
2.73	14.52
3.41	10.76
3	12.73
3.16	9.67
0.9	11.54
8.5	15.12
5.83	14.7
1.2	6.38
0.58	4.79
1.64	4.6
-0.68	6.69
-1	3.31
-1.48	5.33
1.51	6.23
4.37	8.67
2.28	9.31
2.17	6.7
0.54	4.78
-2.04	0.65
-3.91	-2.11
-4.23	-1.92
-4.61	-2.03
-8.29	-1.98
-10.84	-3.24
-13.33	-7.79
-17.93	-8
-18.3	-0.83
-2.29	6.7
5.03	15.02
2.45	13.43
6.76	16.82
0.28	8.74
-0.11	3.67
-2.57	6.45
-3.88	2.5
-0.82	8.94
-1.43	8.84
1.91	5.22
1.23	5.26
-4.32	2.69
-8.22	1.01
-3	-0.53
-3.53	-0.62
-2.77	-0.34
-2.36	-0.17
-0.38	0.79
-0.01	0.97
-1.12	0.9
-2.38	-0.09
-3	-0.95
-1.61	-0.66
-1.52	0.79
-2.95	2.46
-3.8	-0.99
-2.44	2.42
-0.78	3.58
-1.46	2.92
-5.47	-0.13
-6.21	-4.37
-7.25	-4.01
-6.55	-3.47
-6.65	-2.57
-9.23	-4.78
-13.75	-3.21
-12.26	-3.36
-9.14	1.97
-1.69	2.26
-2.93	0.79
-10.1	3.28
-8.33	3.73
-5.84	6.55
-2.04	6.9
-2.09	4.83
-1.66	1.96
-6.08	-0.61
-8.39	-2.55
-8.92	-3.36
-4.91	-0.39
-3.28	-0.87
-3.85	-0.4
-4.43	3.88
-8.9	2.38
-4.08	0.84
-10.02	2.83
-1.76	5.47
-2	9.2
-3.14	8.94
1.12	5.94
-2.52	8.64
-0.53	10.15
2.54	12.89
0.96	13.45
-0.53	14.51
4.33	11.41
2.18	12.91
1.3	14.14
5.47	15.78
4.06	9.7
0.33	8.3
1.43	3.56
-1.09	3.39
-6.68	3.03
-3.52	0.14
-7.47	1.06
-2.93	2.34
-3.23	0.44
-1.99	0.33
-4.44	6.18
-1.03	8.97
-0.83	10.43
-0.92	5.65
-1.02	10.59
1.3	11.31
-0.56	15.54
2.91	17.35
4.83	18.29
8.2	19.56
7.74	13.22
3.6	16.32
4.16	16.74
8.6	17.48
10.61	18.97
6.58	15.86
2.53	16.58
3.98	19.93
10.49	18.82
6.54	13.69
2.78	16.16
3.71	11.69
-0.01	15.94
8.11	14.25
6.66	12.34
5.92	13.69
0.86	15.26
1.3	17.67
3.8	19.27
7.25	14.43
2.81	10.12
4.33	6.33
5.57	10.38
7.18	13.64
6.57	15.12
7.18	16.37
4.95	14.79
1.53	16.22
5.43	18.92
5.35	21.7
8.82	20.96
6.03	11.7
6.17	15.65
6.99	20.42
7.65	22.23
7.02	23.7
11.13	20.45
8.41	19.48
4.18	21.75
7.03	26.27
10.86	23.73
12.13	21.81
12.91	21.65
10.7	21
11.93	15.51
11.35	19.68
5.67	20.48
5.48	18.04
9.63	20.96
10.67	21.49
7.29	22.2
11.34	19.77
8.98	16.01
9.57	18.77
8.63	12.75
6.95	10.74
8.71	15.57
8.56	16.86
4.82	17.47
8.29	14.98
11.11	19.09
12.88	22.23
11.06	22.31
10.46	25.8
11.88	28.07
13.21	26.33
11.69	26.32
11.52	24.21
14.02	23
14.02	23.03
11.08	15.86
9.01	15.17
9.96	13.16
10.94	17.14
12.65	19.64
10.36	23.88
9.69	25.36
11.99	26.84
14.7	28.55
15.22	29.24
17.61	29.64
19.84	32
17.37	32.08
19.48	28.31
16.46	27.22
12.2	26.47
14.94	21.88
14.84	21.43
15.09	25.61
13.58	20.77
12.52	17
11.16	14.42
13.39	18.83
13.77	21.56
10.32	23.06
11.72	23.22
12.75	21.28
13.92	24.96
13.2	26.16
15.3	27.99
14.68	29.1
15.27	29.69
15.56	30.25
16.48	31.24
15.62	28.19
16.68	28.1
17.27	27.68
14.7	23.56
10.72	26.07
11.43	28.95
13.42	30.78
15.06	31.78
16.41	32.49
17.49	32.27
17.74	32.95
19.53	33.35
20.22	32.87
20.61	33.6
17.22	27.82
15.57	24.43
14.65	28.03
17.43	30.81
17.66	32.91
18.08	30.82
16.52	24.27
13.85	18.06
12.38	19.58
13.71	24.11
16.55	26.18
15.38	25.95
13.62	18.77
14.72	23.5
12.51	27.74
13.74	29.17
16.82	26.46
14.62	24.24
12.23	25.22
15.71	22.19
14.21	20.92
14.25	26.41
15.19	23.3
12.56	26.87
14.16	27.85
13.88	27.89
15.87	28.39
15.74	27.04
18.54	26.9
14.27	25.26
13.14	24.99
14.19	23.44
15.77	26.15
16.34	25.5
16.02	27.54
14.97	27.6
13.49	27.94
15.68	24.26
15.93	19.44
12.62	26.82
16.46	30.23
14.58	20.5
8.11	19.99
9.03	15.94
6.58	14.13
11.44	19.37
7.41	20.21
10.84	18.7
11.3	18.3
7.88	18.06
8.83	15.61
5.83	12.17
11.81	15.79
14.41	20.12
12.26	18.2
14.99	18.89
11.47	20.12
9.76	21.71
12.2	21.47
12.08	22.76
13.76	19.3
13.43	15.1
10.63	13.98
9.58	16.58
4.64	18.54
5.45	20.39
6.42	21.17
7.07	21.07
8.54	22.16
11.66	17.4
10.51	14.86
8.74	15.05
9.38	18.58
7.76	16.74
7.54	12.86
8.31	12.86
9.08	14.22
9.66	13.24
9.77	17.31
10.62	17.39
9.55	11.19
6.21	16.18
3.56	14.13
0.99	14.23
0.59	14.88
0.92	15.2
1.47	15.12
2.38	13.89
3.49	14.22
0.85	12.99
4.24	12.69
3.67	9.07
6.02	7.88
6.2	8.13
2.96	7.28
0.79	11.85
-1.49	12.94
0.06	14.31
7.11	16.47
4.71	10.04
3.73	7.6
-0.93	8.95
-3.71	9.75
-2.48	12.88
-0.61	16.17
7.48	16.86
6.16	18
7.61	15.18
7.15	11.75
5.05	17.67
4.65	20.09
3.24	16.02
3.34	15.95
7.67	13.64
6.73	13.51
5.63	10.7
4.43	12.68
3.91	14.73
6.5	18.09
7.28	18.38
9.98	19.15
6.53	16.31
7.96	10.9
7.59	11.84
4.1	8.81
4.57	7.75
5.08	6.96
7.07	9.83
2.3	8.41
-0.7	8.51
-2.49	7.72
-3.45	2.21
-1.33	4.53
-1.92	0.74
-0.96	3.94
-3.59	0.65
-2.95	-1.62
-2.64	-0.29
-2.4	-0.64
-8.53	-1.72
-9.65	-1.94
-2.81	6.34
5.44	12.58
7.62	14.43
-1.2	13.42
-5.56	0.98
-8.02	1.37
-3.08	6.16
-4.65	1.86
-9.18	-0.51
-5.12	-0.11
-8.91	-3.39
-11.22	-4.46
-11.11	-5.12
-16.94	-1.71
-4.54	6.71
-6.1	6.38
1.18	7.91
3.12	12.09
2.44	13.48
0.53	6.11
-3.36	0.65
-6.61	0.15
-7.75	0.64
-9.28	-2.1
-10.56	-2.86
-6.61	-5.21
-6.12	-4.11
-4.89	-1.78
-7.78	-0.01
-10.9	-3.81
-5.02	-3.63
-7.49	2.86
-0.64	11.7
3.98	10.44
0.21	13.07
-0.41	8.84
1.84	3.44
0.48	6.2
-0.69	7.58
3.67	12.76
0.42	12.48
0.4	11.69
-2.02	7.16
-2.03	3.62
-2.61	2.81
0.78	3.11
-1.33	1.48
-2.53	0.19
-7.2	1.78
-4.06	1.02
-6.46	0.23
-5.15	3.88
-1.77	0.48
-5.11	-1.11
-7.9	-1.14
-7.01	-2.19
-3.56	-2.43
-5.57	-1.73
-6.14	-1.69
-9.3	2.11
-5.37	6.34
-2.29	13.04
-2.99	11.99
-3.53	17.03
-3.62	13.37
-2.5	9.86
-3.62	9.3
-2.37	12.4
0.87	8.55
-1.37	3.62
-1.25	-0.05
-2.63	-0.75
-2.69	1.44
-0.75	0.95
0.56	2.48
-0.93	6.28
-2.2	2.85
-5.31	-0.54
-6.88	-2.61
-9.34	-1.03
-10.28	1.21
-9.09	0.88
-5.32	1.99
-7.45	-1.01
-2.88	3.22
-4.17	0.41
-5.69	2.56
-2.12	-0.19
-4.09	4.71
-5.16	5.72
-4.03	6.41
-2.66	3.24
-8.06	5.38
-6.11	8.24
-2.82	12.03
-2.65	14.18
-2.21	15.24
7.57	16.31
8.43	19.09
7.05	19.71
5.8	13.6
9.55	15.9
5.98	12.1
4.37	7.04
2.93	9.02
1.01	9.59
-2.08	13.86
0.62	15.82
2.19	18.98
1.64	21.38
4.57	21.19
5.09	10.16
3.71	10.18
2.3	16.27
0.6	18.19
1.77	19.47
6.81	18.89
5.56	20.55
5.65	21.18
6.69	23.32
7.09	16.31
3.02	18.25
9.15	26.09
11.52	20.83
7.92	20.55
4.68	18.68
8.86	18.28
7.38	21.06
4.42	12.19
4.89	11.99
3.05	12.52
6.09	13.47
1.79	16.51
1.85	18.23
2.52	19.79
3.62	22.19
5.35	23.88
5.48	23.92
5.98	24.06
10.8	23.86
9.54	20.91
10.35	14.3
7.86	17.84
7.95	17.07
9.89	17.1
8.76	18.32
8.07	17.64
6.11	18.6
8.05	21.93
3.38	13.12
1.38	14.83
-0.02	17.81
2.98	20.97
5.57	15.95
4.12	19.45
6.79	23.77
8.13	24.52
8.5	26.51
12.93	22.85
9.44	24.46
10.42	18.59
9.42	17.3
8.01	20.07
7.99	23.47
9.39	25.79
10.23	26.76
11.62	27.15
11.12	26.42
12.37	26.03
12.68	28.94
14.05	23.43
7.65	26.01
10.88	29.16
10.5	20.48
6.96	22.58
8.47	24.92
10.82	28.34
12.82	24.06
16	22.62
15.36	26.15
14.57	27.18
13.36	26.94
13.54	26.73
14.17	27.74
14.51	25.15
14.12	19.4
11.28	22.27
10.52	23.93
11.69	24.31
12.66	25.96
13.8	24.75
13.92	26.89
12.6	28.82
14.1	25.82
17.59	28.53
10.72	23.64
7.85	23.3
11.76	28.14
13.8	29.86
16.95	27.43
14.5	22.45
9.64	21.22
12.17	21.68
12.43	25.33
14.94	25.49
14.87	28.39
13.93	29.32
14.09	22.51
11.35	19.98
7.48	21.06
13.13	25.78
13.9	22.54
13.77	28.18
14.99	31.79
18.68	32.1
15.23	34.28
17.66	32.97
17.67	29.84
15.54	30.35
16.74	33.63
19.72	30.28
15.49	23.05
12.08	26.33
13.1	30.02
16.21	26.83
13.43	27.95
14.86	23.74
13.72	25.27
13.08	26.52
14.59	18.83
12.41	16.08
11.6	15.96
13.21	18.42
12.87	25.56
15.3	20.31
14.8	23.25
12.91	24.58
14.35	23.36
13.71	23.37
15.16	26.37
13.65	27.86
17.11	23.03
15.44	26.9
14.32	26.63
16.72	30.31
15.19	25.18
13.31	22.58
10.77	20.64
6.57	23.81
9.88	26.39
14.5	26.57
13.25	28.77
14.28	29.92
14.58	25.49
13.93	27.51
14.66	29.78
15.55	31.05
16.06	27.54
16.18	29.52
17.7	32.47
18.16	33.48
17.14	34.58
16.83	32.07
16.8	34.51
17.27	32.44
12.52	22.49
10.19	25.74
14.02	24.93
13.18	25.78
12.77	28.45
14.26	27.28
14.04	27.95
14.58	29.84
17.06	28.49
14.28	23.92
9.68	25.63
14.28	21.03
13.43	22.13
12.73	28.59
13.63	30.4
15.13	28.36
13.51	28.23
14.47	28.99
11.36	20.87
11.32	24.78
10.59	26.5
11.5	28.55
10.29	21.2
9.29	16.21
12.06	21.16
11.36	22.79
10.42	22.21
10.74	22.01
8.63	23.35
7.75	24.14
8.59	24.77
8.95	23.61
6.73	22.4
9.4	23.88
8.16	25.39
8.75	24.69
7.58	25.14
7.59	26.12
8.15	25.58
9.62	23.98
5.71	16.74
0.89	13.91
0.63	11.35
-0.46	10.34
7.22	21.75
8.2	19.94
6.86	12.72
1.97	11.02
-1.29	11.82
0.59	10.56
-3.92	12.03
-3.16	13.98
0.08	20.44
4.85	13.87
2.84	10.34
-2.28	8.94
4.81	7.22
6.47	8.78
6.75	9.93
7.72	10.79
7.37	9.47
8.21	11.87
8.67	11.99
5.45	14.25
1.62	14.4
2.58	7.38
6.15	7.71
5.49	9.35
5.33	17.25
12.05	19.12
5.7	14.28
2.66	10.99
4.59	11.4
2.71	7.74
6.06	7.85
-0.6	6.9
-2.39	8.22
-3.49	8.63
-4.24	7.65
-3.93	6.51
-4.76	1.13
-3.3	0.18
-1.76	-0.37
-2.41	-1.27
-2.62	-1.99
-3.82	-2.8
-4.03	-3.09
-3.53	-1.49
-1.42	-0.73
-1.32	-0.14
-0.5	1.28
-0.8	1.53
-2.04	9.14
-2.32	2.76
-1.51	-0.26
-2.1	0.09
-2.04	1.16
-0.09	1.76
0.16	11.25
4.58	12.57
-0.59	6.83
-2.23	4.96
-0.89	8.82
-2.41	8.03
2.59	9.47
0.72	6.25
3.86	9.56
-0.17	8.09
-0.53	11.54
4.2	9.89
-1.14	9.76
1.23	10.79
-2.71	6.88
-2.86	1.63
-4.76	2.72
-6.46	2.82
-3.32	5.57
-2.15	3.69
-2.47	5.45
-1.49	7.23
0.47	5.12
1.02	6.37
-0.68	2.79
-1.67	0.86
-1.29	2.72
-3.57	6.99
-1.28	5.45
-1.54	11.62
3.34	8.54
0.27	10.12
-0.93	6.36
-0.74	8.18
-2.03	7.28
-1.32	7.8
0.03	7.67
-0.49	7.84
-2.11	8.52
-1.7	9.56
-1.66	9.03
-2.14	5.16
-4.16	2.96
-4.21	2.06
-4.69	3.66
-1.43	7.36
-3.32	6.93
0.46	5.82
-3.72	5.64
0.57	11.15
-0.49	10.1
0.39	5.61
-2.3	3.36
-3.44	1.86
-8.62	2.08
-8.36	2.2
-4.11	-0.79
-9.08	0.42
-11.61	-2.21
-9.92	-2.46
-12.21	-5.07
-13.69	-8.34
-10.5	-8.41
-10.78	-6.61
-12.19	-8.73
-11.27	-7.89
-14.4	-3.54
-16.39	-3.34
-12.5	-6.53
-13.96	-8.83
-11.13	-6.53
-10.98	-0.77
-13.76	1.09
-8.05	5.65
-2.73	4.35
-6.3	7.99
0.64	8.84
-4.04	10.55
0.62	5.64
-4.85	6.86
-5.89	9.29
-4.41	9.28
2.04	18.66
1.61	15.89
0.29	9.27
-1.98	6.9
-1.77	7.13
3.27	15.33
7.86	13.68
3.01	17.45
2.49	11.3
-3.87	8.88
-0.94	9.58
-4.18	7.71
-7.01	6.05
-2.85	9.22
-0.35	9.92
-3.76	10.8
-1.97	9.8
6.15	9.39
6.76	13.44
0.34	13.6
1.51	13.99
-1.45	19.35
1.72	22.83
8.83	17.95
7.53	15.14
5.12	15.55
0.87	18.7
1.94	19.93
1.93	21.57
4.3	21.14
7.77	20.82
8.73	16.57
-0.05	18.84
7.94	20.61
6.07	19.61
4.83	14.99
3.17	21.01
2.5	13.77
-3.41	17.81
5.84	20.61
10.24	22.83
7.75	23.23
7.82	16.06
7.87	12.34
2.69	8.05
-1.6	9.49
-2.53	14.87
7.36	16.75
6.12	14.18
1.8	16.87
8.43	12.63
9.14	13.85
6.97	12.53
5.55	11.4
4.16	12.01
4.22	17.45
5.95	18.88
5.22	16.8
6.17	16.37
3.37	14.8
6.34	17.41
6.43	18.49
9.24	23.12
5.99	24.73
8.42	27.77
11.07	28.98
10.33	28.61
11.27	29.18
11.58	29.26
13.18	22.87
11.47	18.72
9.65	22.81
10.13	22.3
11.39	17.42
6.82	21.67
7.9	23.73
9.01	25.26
9.29	26.82
11.5	27.31
7.01	13.61
6.92	12.36
7.92	18.2
5.88	13.9
8.33	15.37
1.03	17.41
2.58	22.09
6.47	24.97
11.4	20.39
13.23	17.77
12.79	25.98
15.33	25.97
13.81	22.14
9.5	20.72
8.85	22.28
7.03	23.12
10.75	23.83
11.72	26.63
11.59	23.68
13.03	23.87
11.95	20.52
13.09	27.84
14.46	24.03
11.98	21.42
4.31	21.68
11.27	26.8
14.17	29.95
15.16	25.22
13.88	24.12
13.04	21.44
13.27	18.55
11.71	21
11.39	23.67
11.21	26.37
12.65	29.2
13.49	30.57
14.8	31.5
15.54	32.51
16.89	32.9
18.26	32.38
17.9	27.72
14.44	26.98
13.13	29.7
15.56	24.95
11.93	24.77
11.03	26.42
12.82	30.63
15.94	33.09
17.51	35.04
18.95	35.13
20.67	35.25
19.23	35.2
19.06	32.74
18.59	34.89
16.86	34.87
16.25	33.46
18.93	33.5
18.88	31.53
17	30.33
16.34	31.49
16.7	24.34
14.99	20.91
11.5	29.74
13.31	19.34
11.96	23.2
8.92	25.45
11.82	27.13
14.72	31.63
16.37	26.98
14.83	22.08
12.38	18.68
14.39	24.48
14.56	27.57
17.08	25.42
16.89	27.69
16.23	29.94
17.16	31.82
16.9	30.21
14.94	25.32
15.56	26.75
13.88	29.62
14.29	31.55
16.02	29.97
16.51	30.94
16.85	33.75
17.95	34.29
18.57	29.46
15.72	25.48
13.75	25.67
11.93	24.71
12.8	20.1
8.31	23.09
10.21	24.57
12.1	25.6
12.05	28.96
13.57	29.79
16.82	29.11
15.02	29.82
13.38	31.99
13.09	34.19
14.03	33.53
16.58	35.92
18.27	31.85
16.58	35.89
17.78	32.94
14.28	26.24
10.81	24.47
8.24	27.35
12.11	29.24
12.24	30.97
14.22	23.73
13.2	17.16
14.5	26.12
13.89	27.85
17.14	25.63
15.18	27.56
16.97	23.49
7.06	24.21
8.97	28.06
10.16	29.22
10.53	29.69
11.17	30.76
12.32	27.65
8.16	18.11
10.4	15.04
10.95	21.34
8.99	20.54
6.71	22.89
9.45	24.35
10.17	22.15
8.58	16.98
1.91	18.51
6.45	22.82
10.11	20.53
10.88	25.1
11.94	23.73
14.97	24.94
13.41	24.98
9.07	20.13
11.78	21.58
13.09	19.44
12.38	23.9
12.83	17.02
9.39	21.23
6.7	22.48
8.6	19.63
7.07	22.6
9.91	22
4.26	15.51
3.21	16.98
7.28	11.58
4.49	14.05
7.33	12.77
8.89	13.05
8.31	13.19
10.48	20.67
6.48	14.82
3.53	17.1
7.84	20.02
5.02	21.65
3.39	16.7
3.74	18.15
4.67	18.7
4.13	12.34
8.12	10.4
6.41	9.5
5.89	9.46
6.51	16.12
0.01	6.71
-0.38	3.17
-3.09	6.89
-2.34	12.15
4.19	7.31
2.43	9.81
1.82	15.48
9.85	18.41
7.05	16.27
1.48	9.46
0.3	11.29
1.69	13.03
1.96	12.34
0.64	11.7
3.81	13.11
7.13	10.55
8.58	12.13
2.01	9.55
0.63	8.91
4.77	7.88
5.02	9.04
4.33	9.44
6.81	8.07
4.39	7.92
5.93	8.24
6.75	7.97
5.99	8.27
7.25	10.56
4.11	8.84
3.89	11.72
9.06	14.47
9.13	16.89
7.38	12.77
2.88	7.26
0.14	4.35
0.14	2.2
-1.23	5
-2.75	3.83
-0.72	5.5
-3.01	1.06
-5.31	1.19
-4.8	-1.5
-7.55	2.14
-8.73	1.07
-9	1.12
-8.37	0.12
-12.57	-0.78
-7.38	4.81
2.38	9.33
1.29	6.68
2.4	3.65
1.37	2.82
0.4	4.85
0.32	4.83
-1.93	0.87
-0.65	1.16
-0.61	1.4
-0.33	9.87
1.36	12.07
3.85	11.56
0.36	8.96
2.17	7.34
-4.18	4.41
-5.16	2.64
-4.71	5.59
-3.02	3.02
-3.16	-0.62
-1.61	7.37
0.08	9.87
3.81	11.37
2.75	7.38
-0.44	5.19
-1.03	0.44
0.13	4.83
1.33	3.96
-1.03	3.43
-5.36	2.06
-2.94	-0.98
-3.3	-1.44
-2.38	0.5
-1.7	0.44
-1.33	0.05
-3.5	-0.96
-4.34	-1.23
-4.67	4.5
-0.39	5.29
-0.96	1.11
-1.11	0.89
-1.55	-0.02
-5.09	-0.44
-10.46	-2.8
-12.97	-1.24
-3.49	-0.19
-5.56	2.68
0.33	9.24
0.46	12.99
-1.41	8.18
2.85	7.04
0.33	5.34
-3.25	4.76
-0.23	6.41
-0.97	3.89
-1.9	5.48
-4.3	3.24
-2	0.46
-3.27	-0.63
-8.53	1.42
-3.1	0.13
-1.59	-0.31
-1.26	0.87
-1.12	3.74
-1.19	5.36
-1.34	4.93
-1.1	4.53
-2.05	5.42
-1.4	3.61
-4.91	1.16
-5.14	-1.4
-3.85	1.85
-0.85	3.13
0.6	4.4
1.02	3.68
1.32	4.76
1.63	8.46
-1.07	4.47
0.21	6.93
-3.67	9.84
-1.91	8.07
-2.61	10.68
4.48	13.4
8.06	16.66
7.31	18.3
5.41	14.29
7.84	10.43
1.29	13.97
2.41	8.42
2.42	9.41
-2.16	7.08
-2.14	1.2
-3.58	3
-4.87	5.08
0.63	3.78
1.4	13.16
-1.34	13.88
5.32	10.39
-1.35	7.99
-2.03	2.03
-3.44	0.3
-3.97	-2.61
-3.9	-2.38
-5.1	3.05
-7.36	6.32
1.92	3.4
1.65	4.96
1.16	4.17
0.04	4.33
0.54	2.87
0.3	2.25
0.69	9.18
2.63	6.67
3.67	7.6
3.02	7.46
-0.45	10.31
2.1	14.24
6.44	15.83
2.74	17.8
9.63	18.84
6.31	17.88
5.59	19.2
6.37	18.54
4.18	19.48
5.31	22.07
8.06	24.26
9.67	22.83
10.08	18.11
7.45	20.98
9.64	21.24
8.99	20.96
6.6	23.54
7.23	25.74
9.46	26.92
14.4	23.32
12.99	24.55
11.61	25.32
11.65	27.32
12.3	27.12
15.52	21.32
13.12	23.45
9.81	21.86
12.67	17.46
13.22	20.61
14.48	23.03
11.94	22.88
11.26	24.92
9.24	24.86
12.39	17.71
10.71	18.86
8.31	18.45
7.68	20.89
7.28	23.55
10.89	23.95
11.48	20.73
10.84	22.25
10.14	26.12
10.4	21.26
9.16	21.44
7.3	19.83
9.27	16.22
7.55	15.96
8.39	13.92
8.15	16.66
7.63	16.15
8.45	20.45
10.25	23.49
9.77	18.04
8.42	13.34
8.13	16.65
8.52	15.62
8.42	18.52
9.92	16.99
12.17	18.45
10.44	21.09
11.75	23.16
12.36	25.98
12.1	27.09
14.84	24.38
13.23	19.05
9.96	22.73
10.98	25.48
11.26	25.97
12.69	28.25
16.31	29.3
16.96	31.54
17.67	32.56
18.43	33.32
19.52	33.37
19.77	32.44
16.79	30.11
16.81	27.88
12.28	21.82
11.93	18.55
8.02	19.82
5.92	19.11
6.45	20.5
8.77	22.35
9.92	22.77
7.99	24.22
10.8	27.24
11.9	28.09
14.44	28.53
15.31	28.32
18.09	26.83
17.53	27.61
17.38	27.32
15.59	28.66
14.83	29.16
15.78	24.42
10.37	25.02
11.95	25.75
13.35	26.41
13.86	26.73
12.53	25.76
11.69	28.42
13.05	29.63
14.39	30.37
16.3	29.77
15.46	27.53
11.85	30.19
14.11	32.35
15.62	32.3
16.73	30.48
16.52	33.35
18.25	34.57
18.95	35.82
21.5	38.21
18.51	28.42
13.56	29.76
14.15	31.03
14.38	34.19
16.53	36.13
18.21	36.56
17.25	33.51
18.03	36.36
19.66	36.12
18.19	38.98
18.96	34.44
16.51	26.37
12.27	28.63
15.87	29.83
14.18	29.56
15.49	18.17
12.04	24.75
9.27	26.95
10.35	29.14
12.49	31.18
14.64	31.79
16.91	23.44
16.31	24.21
13.47	25.44
11.75	27.04
15.39	20.65
11.7	18.04
13.87	21.12
14.73	23.06
15.27	21.23
12.91	23.72
9.95	24.18
9.31	26.1
11.65	24.05
9.84	20.3
13.94	24.51
13.55	24.27
14.43	25.11
13.57	25.55
11.1	25.61
10.13	25.98
12.94	18.78
13.77	21.24
10.53	17.07
10.27	18.71
7.59	17.74
9.81	21.54
8.9	22.23
10.16	23.26
8.38	16.43
4.51	16.15
10.2	17.96
6.37	20.09
9.95	19.54
9.21	18.88
6.73	22.85
6.86	21.92
7.44	21.26
10.46	22.62
9.47	15.73
8.1	13.73
8.1	11.3
7.28	8.38
6.93	15.49
4.65	12.04
-0.78	11.13
-2.07	11.7
-1.4	9.9
7.05	11.82
8.87	16.52
5.48	19
8.43	16.65
10.75	18.53
10.05	19.37
7.95	17.86
9.33	18.64
5.08	17.49
6.65	17.69
7.87	13.8
4.18	17.18
3.24	18.06
2.64	16.76
7.3	21.06
11.01	22.45
8.29	22.11
13.14	23.96
12.67	20.64
8	22.09
8.53	20.77
7.33	20.92
11.29	22.78
9.32	19.48
7.89	13.03
3.13	14.32
4.76	16.03
5.1	16.88
8.88	18.46
8.06	10.4
7.47	10.56
2.66	9.97
5.3	15.8
4.05	16.8
7.57	15.19
4.54	9.33
5.07	8.23
5.25	8.06
6.16	7.19
3.85	7.1
4.55	6.6
1.48	10.31
0.6	9.52
3.66	7.4
5.16	7.13
6.3	7.49
4.58	8.04
5.06	6.71
5.94	8.53
6.29	7.7
0.73	6.03
0.02	2.65
-1.39	2.51
-5.14	4.03
-4.07	7.42
-0.78	5.66
-3.36	6.77
-3.45	7.17
-4.43	5.07
-5.21	4.18
-4.76	4.95
-1.35	7.05
-2.6	5.09
-1.17	7.92
-2.51	7.2
4.04	9.9
0.22	5.72
0.27	4.13
-1.65	1.2
-1.26	-0.11
-1.8	-0.48
-3.44	0.17
-3.61	-2.29
-3.39	-2.52
-4.59	1.11
-2.51	4.89
-1.27	4.55
0.15	6.2
-0.07	3.6
-0.23	12.07
7.34	12.53
7.47	11.19
4.4	8.21
0.48	10.56
2.75	7.61
3.23	7.1
2.95	4.83
3.39	5
2.69	8.98
0.69	11.95
-0.61	9.56
7.67	11.61
3.68	10.17
1.79	6.26
1.57	4.34
0.46	4.19
2.07	7.37
1.84	6.12
-0.43	9.11
-1.98	8.15
-0.4	9.68
2.13	7.37
-0.27	8.63
5.26	12.82
4.76	13.7
5.63	12.1
5.76	11.55
3.37	9.52
2.25	5.2
0.83	3.82
-1.46	1.14
-4.83	0.28
-10.37	-4.06
-7.6	-3.39
-4.58	-1.82
-4.07	-0.99
-6.23	-0.96
-2.88	-0.98
-5.12	-2.39
-2.94	-0.54
-3.38	-0.59
-2.13	-0.85
-2.41	0.3
-1.02	1.5
-2.2	9.61
2.93	7.95
0.66	10.01
-1.4	8.1
4.7	7.78
1.01	5.48
-2.76	8.88
3.04	10.06
0.65	12.24
4.58	13.57
1.98	6.4
-0.01	5.6
4.35	10.12
4.27	10.71
3.91	9.29
4.42	7.44
3.25	8.85
1.48	11.75
-0.76	8.71
-0.59	12.85
2.66	12.93
2.6	11.46
0.66	13.76
3.25	10.06
2.08	7.84
4.68	9.22
5.66	11.94
5.98	9.97
3.77	10.03
1.6	12.44
1.55	12.19
1.54	11.1
-0.45	14.65
1.08	15.53
0.3	16.31
0.58	18.89
2.8	17.44
6.81	19.7
5.26	22.21
3.88	19.59
8.42	17.54
3.08	20
4.75	21.33
8.92	19.2
10.67	15.65
3.86	12.97
-0.29	10.48
1.38	12.31
2.26	13.57
5.86	17.16
2.97	19.67
3.46	21.11
4.23	20.78
6.96	19.63
6.06	20.41
5.72	20.26
7.98	20.62
10.91	18.27
9.98	19.52
7.77	20.61
7.59	23.8
7.99	17.82
3.01	13.16
2.21	15
2.66	15.04
2.76	16.8
4.3	19.77
4.23	10.6
3.73	11.6
4.7	11.49
2.74	18.51
9.33	18.86
8.54	14.45
8.78	18.15
10.65	19.62
9.85	19.79
12.64	20.41
12.75	16.84
11.6	16.89
7.43	20.68
9.27	20.66
9.33	19.25
9.17	21.81
8.72	22.1
7.37	22.5
8.51	14.44
6.87	15.29
4.75	16.12
3.19	20.34
7.13	21.34
9.72	20.94
7.77	23.24
11.95	22.55
8.97	20.06
5.65	18.6
8.52	12.45
6.46	15.05
8.34	11.99
8.84	11.09
7.93	15.31
9.93	19.25
8.17	23.03
8.95	24.31
9.99	25.73
12.93	27.28
14.19	28.4
15.42	26.72
14.41	25.44
12.76	25.66
13.32	24.67
11.47	19.45
11.23	20.21
9.77	16.56
6.57	17.34
9.67	20.51
9.23	21.52
9.07	21.46
7.61	23.55
11.17	22.06
9.71	26.18
11.32	28.59
13.86	30.49
14.79	31.34
15	32.41
16.03	33.54
18.47	29.5
15.73	26.05
14.77	23.69
10.87	23.06
10.84	22.56
13.37	19.39
12.12	25.13
10.82	26.21
12.31	21.66
9.41	22.42
9.77	26.97
13.95	27.14
15.54	23.41
13.07	18.43
9.79	22.26
11.74	24.33
11.93	27.02
15.11	29.42
12.61	24.18
9.34	23.38
11.44	26.54
13.65	25.63
11.64	26.12
14.57	27.1
15.06	29.69
15.61	31.25
17.88	26.99
15.14	21.99
13.12	17.08
13.37	20.73
13.78	26.74
14.37	25.16
14.03	25.3
15.5	28.16
17.11	29.21
17.11	29.52
14.85	29.26
16.31	30.3
16.72	30.95
18.73	29.3
14.95	22.32
17.76	27
13.78	27.26
16.77	27.17
15.75	28.84
15.99	25.45
17.88	24.11
17.36	27.12
16.41	27.45
16.78	25.32
17.57	26.34
16.72	28.71
16.93	29.36
14.91	27.15
16.42	25.24
16.91	23.39
17.07	25.71
14.09	28.35
14.92	30.21
16.19	29
16.74	30.17
16.7	22.94
14.43	26.02
13.41	22.17
13.14	21.5
10.58	22.12
9.86	23.41
10.09	24.6
11.72	24.22
14.53	20.32
12.18	21.74
11.11	22.11
12.35	21.38
13.04	21.92
9.57	20.64
10.73	21.49
14.59	24.07
7.78	22.39
8.78	23.34
10.73	24.9
14.27	22.94
11.67	19.13
12.85	15.16
13.47	20.19
15.55	21.86
15.95	24.5
15.93	20.24
14.58	20.78
12.4	24.41
12.99	26.16
14.91	18.44
12.5	15.23
11.91	15.06
12.5	19.91
13.13	17.83
13.5	19.85
13.33	20.53
10.61	21.14
7.93	21.04
10.69	24.05
13.02	23.79
15.25	25.73
11.81	18.99
6.91	17.01
5.61	18.28
7.47	15.53
7.74	13.83
11.27	18.11
8.09	21.27
7.75	21.35
8.22	16.58
10.82	18.13
12.89	17.71
9.72	17.84
8.45	15.18
10.25	17.84
5.66	17.83
8.35	18.35
10.72	22.35
13.66	24.8
12.91	24.54
10.85	25.29
11.1	23.08
12.07	25.46
13.99	24.43
11.57	18.73
12.32	21.99
12.66	20.44
7.8	20.29
7.65	20.71
8.17	22.92
12.08	17.7
5.28	14.58
5.45	9.19
7.03	9.44
5.02	7.7
3.27	8.19
2.76	8.88
-0.67	8.99
-0.97	9.11
3.28	9.55
4.5	11.88
4.07	14.68
2.88	13.57
3.05	11.08
8.4	17.51
9.08	19.77
11.04	16.38
10.17	16.72
9.28	14.06
8.32	12.17
8.24	17.94
9.39	18.47
8.47	15
8.26	11.09
10.07	13.05
9.55	13.05
8.42	15.32
8.22	10.81
7.68	13.64
5.28	12.27
4.42	11.61
2.84	8.44
0.25	9.21
-0.33	6.69
2.41	4.4
1.1	4.58
1.25	4.92
0.94	2.89
0.84	2.41
2.36	2.87
2.41	3.26
1.84	2.74
0.62	1.86
1.25	3.35
3.38	4
3.74	4.94
4.26	5.11
4.46	5.43
3.06	6.27
2.28	4
-2.02	4.46
-2.64	5.88
-2.1	7.83
0.74	12.43
1.25	9.84
-1.28	7.38
-1.36	5.82
2.23	8.26
1.51	9.62
3.57	13.8
2.28	12.24
0.9	9.85
-2.2	9.6
2.58	13.4
-2.08	9.88
-2.07	8.88
-0.95	6.14
-3.23	0.91
-5.06	0.09
-6.52	-0.45
-8.67	-2.2
-14.36	-3.9
-10	-1.39
-3.81	4.24
-2.22	5.04
-1.14	6.5
-2.83	3.66
-1.55	4.26
-5.3	-0.74
-5.97	0.17
-2.92	5.71
2.85	14.02
0.79	8.53
-1.03	8.29
-2.13	10.88
1.03	9.82
-1.32	8
2.57	13.39
6.39	11.07
1.18	9.34
0	5.47
-0.59	4.7
2.73	4.39
3.36	6.37
4.33	6.15
0.88	4.75
1.11	3.11
-1.76	3.78
-4.15	0.89
-4.29	5.07
-2.19	1.55
-1.09	2.75
-2.58	4.88
-3.64	1.95
-3.4	4.55
-4.71	1.81
-0.82	1.24
-1.83	0.82
-2.3	0.26
-5.9	0.84
-9.2	2.36
-3.4	0.26
-1.56	5.23
-1.12	4.48
-0.99	5.84
-4.02	5.38
-3.18	6.01
-0.33	10.38
-2.08	10.3
-2.87	5.23
-1.58	4.99
-4.05	7.52
-3.69	10.82
0.14	11.61
1.21	7.67
2.9	6.28
3.91	5.63
3.61	6.97
2.94	9.52
-1.86	8.89
0.12	9.6
-0.43	10.53
3.13	11.68
0.06	11.05
0.03	10.52
3.35	7.53
0.69	7.06
-1.56	9.51
-3.17	10.05
-2.26	10.35
-2.12	13.84
0.51	10.34
3.32	7.51
3.96	6.08
2.11	8.07
0.51	8.82
0.72	12.7
2.1	13.52
-0.92	12.63
-1.65	11.78
-2.17	12.44
-0.75	17.1
2.22	13.32
-0.93	13.16
0.57	16.34
3.1	14.56
7.47	19.31
7.68	11.42
6.55	11.88
-0.06	16.09
7.57	16.65
1.06	18.92
2.96	13.48
-0.57	13.35
-0.31	11.11
-1.33	9.56
2.64	9.53
-0.18	8.64
2.3	8.94
3.63	9.97
6.39	14.06
1.88	19.01
3.96	21.53
8.58	20.59
4.88	23.27
7.26	17.26
5.5	24.49
6.45	26.91
10.42	21.05
6.51	12.44
-0.09	13.07
1.06	18.21
8.5	20.37
7.63	20.09
5.27	22.83
7.96	19.65
5.91	22.61
10.78	23.21
10.89	23.11
9.71	17.17
7.96	16.67
2.3	18.09
4.71	17.92
11.41	19.32
10.22	18.85
11.86	24.85
12.73	27.83
14.31	27.11
9.6	22.53
9.87	24.05
9.23	23.84
11.45	22.31
10.03	20.35
5.17	23.8
10.76	25
13.76	23.83
11.45	16.6
11.98	19.8
10.67	21.23
10.17	23.1
10.84	27.87
11.39	26.13
9.61	14.41
10.59	12.14
10.28	13.12
8	18.87
11.27	17.17
12.97	17.09
11.41	15.73
7.36	17.75
5.68	23.38
9.32	24.63
13.9	22.14
11.37	26.12
13.26	28.16
13.48	29.6
16.58	27.85
14.12	26.19
11.76	28.38
14.43	28.97
13.35	28.94
14.5	26.19
13.86	26.27
13.87	28.49
15.31	30.19
17.83	31.25
16.06	31.09
15.59	25.84
14.87	21.94
14.2	20.07
8.17	23.22
13.85	20.97
9.42	20.07
6.79	20.36
8.82	25.37
11.45	21.19
10.98	19.86
8.81	23.28
11.92	24.9
13.66	24.61
15.38	24.33
11.27	24.32
11.52	27
14.95	29.57
16.57	30.52
17.02	29.98
15.3	30.93
14.78	31.75
15.68	34.17
19.58	35.34
19.23	33.15
15.63	23.24
11.01	24.37
11.74	27.29
15.48	30.81
18.11	24.85
16.88	27.66
17.76	29.85
18.28	31.34
19.97	34.06
19.27	31.4
18.91	34.25
19.56	32.03
19.07	33.38
19.67	34.87
19.73	34.08
20.33	32.79
18.84	32.14
15.09	21.69
13.52	19.5
16.02	23.42
14	20.26
14.52	19
14.73	24.32
9.69	25.95
16.22	27.02
15.67	28.8
16.6	30.93
17.92	32.08
17.11	33.49
18.35	33.95
18.28	34.51
16.37	33.84
15.31	33.55
15.34	34.16
15.6	35.28
16.82	35.86
16.82	35.05
17.8	33.95
17.58	29.62
17.56	23.34
16.34	25.46
14.92	23.41
15.5	19.7
12.14	22.35
11.36	24.27
12.19	23.89
13.55	27.33
15.75	22.44
12.71	26.62
12.77	27.57
15.68	31.76
15.18	32.8
15.11	33.72
16.38	32.53
14.9	33.16
14.49	27.03
13.37	24.92
14.36	22.46
13.6	17.49
10.76	20.08
5.12	19.81
10.91	19.62
6.43	20.21
8.35	19.33
11.98	19.53
7.74	23.1
9.63	23.9
13.18	27.05
14.31	26.4
17.09	27.42
19.27	30.76
15.78	27.23
14.55	22.18
13.59	21.65
7.45	20.33
4.48	21.06
7.87	23.73
11.36	17.92
11.83	15.82
11.86	16.71
11.46	16.69
8.35	16.46
8.48	16.12
7.81	14.53
5.81	16.98
5.46	18.58
6.31	20.33
10.84	22.7
10.7	20.95
8.37	19.85
13.39	15.84
11.98	16.42
11.23	15.92
9.25	13.42
5.33	10.52
1.54	8.68
4.7	8.38
8.01	9.29
8.11	11.54
10.82	15.74
5.63	11.62
4.95	12.95
6.63	9.7
5.1	11.6
2.43	12.83
4.92	12.57
1.91	14.54
2.84	15.24
1.47	14.28
3.91	15.51
4.36	13.9
4.96	9.55
7.18	11.09
4.26	15.26
0.51	14.51
-0.82	11.99
-2.93	11.38
-1.82	13.12
0.3	11.64
-0.72	14.23
1.2	15.7
3.69	16.97
6.24	22.33
5.26	19.47
10.85	20.81
8.21	21.78
5.06	19.2
3.37	15.21
4.05	13.55
4.43	12.96
6.75	20.38
2.49	13.2
7.2	18.32
1.82	16.43
5.12	14.02
3.63	13.69
1.8	6.36
-1.96	5.01
-1.37	3.83
-1.85	2.02
-0.92	3.34
2.33	4.53
-1.04	5.03
-2.44	8.79
1.17	12.06
3.17	15.31
4.37	12.23
0.04	8.92
1.73	6.83
-0.21	8.13
1.96	4.36
0.4	4.43
-0.09	1.62
1.3	2.82
1.49	8.88
-3.59	6.39
-2.42	2.13
-3.49	4.37
-2.46	6.19
0.06	3.35
0.91	6.56
1.34	3.23
-0.18	2.11
-0.25	8.8
0.35	3.18
0.71	3.42
-1.14	9.53
-0.2	9.59
-0.1	10.26
-0.44	8.1
-1.87	10.27
-2.46	4.45
-3.24	8.59
-0.79	3.3
-3.02	2.93
-8.48	-1.31
-6.38	0.29
-6.33	-1.35
-6.27	-2.8
-9.12	-5.79
-10.99	-3.7
-4.11	-1.73
-6.03	2.57
-3.46	1.69
-0.06	2.63
-0.16	3.96
-0.51	13.78
2.85	10.57
-0.61	9.02
-0.96	7.35
-0.78	4.31
-4.23	2.91
-4.41	0.47
-5.48	-0.21
-9.74	-1.55
-8.48	1.11
-6.99	1.53
-8.9	0.69
-9.65	-2.37
-6.7	7.5
-2.09	5.36
-0.65	13.07
-1.63	12.47
1.67	15.31
0.88	11.77
-0.85	11.37
4.2	10.01
2.8	15.34
4.9	11.68
1.02	9.82
-0.7	8.31
-0.46	7.49
-1.91	11.55
3.33	11.56
5.97	13.52
5.07	14.87
0.2	11.53
-1.07	9.77
-2.45	5.23
0.83	6.04
0.25	9.69
4.15	8.14
3.78	6.14
2.25	5.08
2.98	6.09
3.47	5.85
0.46	8.17
2.9	14.1
4.99	16.66
8.06	14.99
2.13	10.66
-1.49	7.17
2.03	5.67
-3.03	8.14
0.7	9.53
4.79	8.45
4.53	9.03
-1.2	11.34
3.01	7.78
2.54	9.34
1.15	11.39
5.72	13.32
1.68	6.66
0.92	7.46
-0.36	9.32
0.52	13
5.71	8.37
4.34	8.56
3.65	8.44
2.83	9.18
-0.59	5.14
1	7.01
0.4	11.77
-1.95	14.34
2.04	12.84
0.05	14.75
3.17	11.14
3.84	11.69
1.67	8.6
2.43	10.44
0.51	11.06
4.45	10.73
0.59	14.6
2.65	15.42
4.38	17.52
2.52	19.03
7.75	22.27
9.52	21.98
5.79	15.55
3.68	21.86
10.85	25.08
12.45	25.17
10.26	21.64
7.48	21.1
9.24	16.45
7.07	13.35
5.62	15.24
3.82	17.71
4.22	22.38
5.91	22.3
8.84	17.97
2.47	21.27
8.56	23.22
13.62	23.61
10.37	19.9
8.28	16.14
5.77	16.62
1	19.72
3.73	21.06
6.38	20.27
5.63	13.48
3.46	10.59
-2.18	15.62
2.28	12.18
0.06	8.79
0.91	15.56
1.04	18.06
5.07	13.47
10.34	13.97
9.42	18.59
9.91	14.87
8.52	18.59
8.96	21.99
6.53	22.73
7.72	20.84
8.57	22.2
9.31	18.96
12.25	17.89
13.64	15.97
9.85	20.11
11.5	18.79
8.14	15.02
1.71	15.28
5.48	16.26
6.69	19.96
6.3	21.01
10.07	20.52
7.59	23.87
9.26	25.33
11.39	26.06
11	16.91
10.85	23.66
12.59	24.54
11.44	26.69
15.01	28.13
15.82	28.51
12.87	24.82
11.93	24.56
12.03	23.32
10.95	23.47
11.74	24.61
12.08	25.22
13.08	24.16
13.28	25.93
12.13	23.53
9.66	25.09
13.39	23.57
14.35	22.55
11.31	25.71
14.53	21.01
12.91	23.24
12.02	24.69
14.01	21.72
13.5	28.26
17.28	26.62
11	25.65
12.78	20.9
14.28	21.62
11.5	27.02
14.14	28.27
15.93	30.33
17.71	32.25
19.62	31.43
17.89	26.51
16.35	22.2
10.99	25.34
11.98	29.06
15.04	29.15
16.28	29.19
16.34	30.69
17.23	25.25
11.06	25.94
12.43	28.22
18.31	26.77
11.71	25.22
12.44	27.58
16.57	28.63
16.31	30.69
17.07	32.67
18.48	32.11
18.43	26.96
13.63	22.89
11.71	20.58
13.62	18.27
13.52	22.98
15.11	27.9
15.55	27.58
15.73	27.76
15.87	30.09
17.5	28.89
18.46	29.67
19.14	29.42
19.21	25.63
17.21	27.37
17.31	28.48
18.08	26.22
16.74	28.77
16.71	30.64
18.61	31.2
16.73	25.14
13.47	26.23
15.13	27.78
14.87	29.71
16.25	30.9
15.02	24.09
15.07	25.05
11.57	27.07
11.99	28.05
12.6	19.61
9.75	19.2
6.58	21.49
13.01	24.53
12.37	27.87
14.59	27.53
13.78	25.83
14.76	23.24
12.27	24.13
15.3	22.31
13.7	26.85
16.6	21.41
13.61	19.97
14.08	24.72
14.04	26.15
12.45	26.47
11.95	27.4
12.35	28.54
13.5	28.66
13.96	28.99
16.43	26.5
11.26	25.29
9.79	27
13	27.93
12.83	28.11
13.23	28.5
15.21	22.35
12.59	17.44
13.87	24.34
13.67	26.78
13.48	28.25
13.99	27.79
14.17	28.57
15.1	29.72
14.39	28.77
13.72	26.49
12.89	26.77
15.51	28.02
15.9	23.63
11.63	21.09
13.85	21.56
12.45	18.75
5.69	17.5
7.51	18.08
3.76	20.74
6.85	22.45
6.03	22.44
8.07	20.9
8.5	21.39
6.25	22.52
8.18	24.59
8.59	24.3
8.26	25.18
9.96	18.49
10.53	16.29
6.65	12.57
4.5	11.88
3.93	12.38
4.45	9.63
-0.11	14.03
5.37	13.55
0.87	10.21
5.56	8.21
2.69	11.59
-0.41	13.24
4.85	15.08
6.43	13.82
8.88	18.43
8.97	17.17
7.17	12.5
5.27	12.01
7.2	9.28
6.1	9.03
1.43	12.17
1.53	13.85
6.82	19.77
13.55	20.92
9.64	15.69
6.33	11.86
1.51	11.94
4.05	15.68
3.87	12.41
0.88	12.08
0.71	14.44
2.69	16.82
3.55	10.25
-0.76	8.88
0.03	12.38
6.88	14.98
2.61	7.04
0.84	5.2
-1	5.9
-0.38	8.8
-1.04	8.28
0.69	4.62
-1.61	4.07
-3.7	3.9
-4.47	4.13
-1.61	4.39
1.58	9.65
0.85	15.57
10.19	16.18
7.15	14.51
7.63	15.75
6.29	16.41
4.67	14.76
3.58	13.54
5.35	7.73
3.91	7.38
5.29	8.04
-0.03	5.91
-2.73	2.37
-5.79	4.26
-2.87	6.51
-3.95	9.04
-4.54	5.06
-5.33	3.17
-3.16	3.12
-5.71	-1.67
-5.05	0.78
-3.01	-0.99
-4.04	4.9
-3.98	9.28
-3.63	8.14
-0.47	10.73
-3.3	6.34
-2.88	4.04
0.34	4.01
-1.4	2.6
-5	3.38
-4.84	-0.74
-2.41	-0.53
-4.24	-1.73
-4.52	-3.58
-4.24	-3.41
-4.49	-2.83
-2.95	-1.64
-2.57	1.62
-1.32	8.7
-0.77	8.54
0.39	6.27
-2.28	3.02
-6.87	2.2
-8.54	3.08
-7.96	4.39
-9.63	0.62
-6	3.7
-4.29	2
-5.15	1.55
-7.14	-2.93
-10.47	-4.65
-11.47	-5.53
-10.28	-1.85
-13.13	-3.67
-15.87	-2.98
-7.67	3.43
-0.07	4.87
-2.94	2.42
-6.35	2.66
-8.23	-0.58
-3.49	-0.65
-3.44	-1.44
-8.3	-1.83
-12.8	-0.2
-12.41	-0.16
-11.72	-0.69
-12.79	-5.16
-8.17	-5.3
-5.76	-2.31
-4.21	-0.74
-8.9	-1.96
-10.07	-5.33
-6.99	-5.56
-8.53	-6.24
-8.71	-3.63
-4.31	-0.79
-1.74	4.41
0.4	10.88
-1.11	9.44
-0.44	10.39
2.88	6.63
0.15	5.1
-2.97	0.81
-2.67	-0.62
-1.36	0.77
-1.43	2.33
-0.6	4.18
-1.87	4.36
-5.23	6.56
-4.14	10.57
-3.65	9.08
-4.05	3.8
-0.4	8.82
-1.9	9.35
-2.38	10
0.53	10.4
2.32	14.35
5.2	15.66
4.85	12.61
-1.43	9.57
-2.69	10.19
0.65	14.5
6.33	14.14
3.78	13
0.47	13.75
1.25	13.46
7	17.43
7.21	13.69
3.15	10.02
2.76	11.12
4.49	12.13
1.23	15.31
4.53	10.61
4.42	10.55
1.72	8.63
-2.32	11.69
-0.92	13.73
0.53	14.06
1.39	16.14
0.73	18.52
8.06	14.47
7.38	14.54
4.57	19.19
4.7	19.57
6.6	19.98
2.58	21.14
4.7	16.42
2.79	14.79
2.93	11.78
-1.86	14.16
-0.04	20.22
3	22.66
7.16	19.45
3.81	21.61
6.26	23.77
6.19	23.66
5.28	23.06
8.24	19.28
9.34	15.28
7.51	12.39
4.15	11.93
7.72	16.63
5.22	18.79
5.04	23.03
8.88	16.95
1.46	17.28
8.09	19.89
4.44	18.95
9.31	17.17
8.86	16.26
2.67	14.12
5.11	10.33
1.53	6.46
1.24	5.62
-1.68	12.65
0.46	17.71
5.16	13.36
3.23	17.75
9.3	21.51
11.6	20.41
7.37	16.71
5.6	7.77
1	13.16
0.36	16.05
8.78	18.3
9.44	20.09
7.77	15.22
6.24	20.8
7.84	15.06
7.55	22.13
11.21	19.29
9	20.93
8.01	15.71
1.52	15.7
5.95	22.75
12.86	25.5
12.38	22.24
9.9	24.98
13.32	20.07
10.39	23.73
12.82	23.6
8.15	25.4
10.47	27.07
11.62	22.21
11.89	20.67
11.29	24.87
13.58	24.91
11.58	20.22
9.71	19.41
9.91	22.12
11.39	24.69
10.11	25.21
9.73	27.32
12.26	29.69
16.57	29.24
16.33	26.62
16.19	27.18
14.68	28.17
14.99	29.64
12.74	25.38
13.21	27.62
12.56	20.54
7.73	22.79
7.8	25.87
11.66	24.54
10.53	25.74
10.97	30.54
18	28.37
15.85	25.16
11.96	28.15
14.55	25.58
14.66	22.43
14.59	24.75
12.13	28.75
12.82	31.75
17.01	31.74
15.72	34.31
18.36	33.85
16.09	32.56
18.07	28.41
15.68	29.15
15.43	29.78
17.3	31.26
15.41	26.59
14.24	27.89
15.79	26.22
12.31	24.64
15.02	24.65
10.57	27.97
13.85	30.53
15.25	31.5
16.61	32.1
17.42	32.65
18.39	32.94
18.34	34.39
18.45	30.23
17.25	29.34
16.72	26.47
9.97	21.62
12.62	22.4
10.87	24.14
10.23	27.87
12.37	29.67
14.75	32.54
14.77	32.74
17	31.3
18.22	33.15
17.77	29.91
18.01	25.56
14.27	25.15
12.81	23.83
14.5	22.34
14.29	29.08
15.5	28.91
16.35	32.67
16.46	32.83
17.11	34.8
19.59	34.81
18.95	35.92
19.64	37.28
19.24	31.66
17.19	27.61
15.03	25.44
14.2	27.48
17.38	31.94
18.84	33.61
17.36	29.81
13.37	23.91
12.72	24.61
12.23	27.64
12.22	29.53
13.32	30.3
15.86	30.71
15.42	32.53
15.52	26.75
13.74	23.31
8.79	22.67
8.47	23.54
9.45	24.95
10.25	29.46
14.59	31.03
15.52	33.6
17.29	33.86
16.93	25.98
11.79	25.6
10.35	27.97
12.74	31
16.92	26.49
12.72	18.88
11.38	17.36
7.05	22.2
8.63	23.59
9.66	24.63
12.8	19.2
9.36	21.31
10.64	24.66
13.21	25.17
13.35	20.68
13.05	18.2
8.64	20.7
12.06	24.94
9.54	19.09
10.6	16.25
11.02	14.63
7.61	17.68
10.26	14.01
9.15	13.24
8.94	16.53
7.55	19.63
7.13	20.1
9.31	18.84
10.26	16.89
10.82	19.51
11.23	18.61
8.26	20.12
6.3	18.78
3.86	17.49
2.19	17.24
2.11	17.6
6.23	16.56
6.5	18.38
9.17	22.71
7.52	17.03
3.33	15.81
3.83	15.76
6.68	13.8
6.82	17.62
7.3	19.83
5.72	22.5
7.41	20.63
7.11	20.35
6.63	21.99
6.94	22.9
6.8	22.77
7.59	22.42
5.33	16.87
5.58	16.98
5.91	16.72
6.5	12.25
7.58	10.32
9.24	14.5
2.99	15.97
3.84	18.51
6.67	12.85
2.65	13.23
5.35	17.65
0.84	11.39
1.7	11.66
-1.83	12.35
1.57	13.81
4.79	13.54
1.93	13.7
5.52	17.11
6.58	10.64
6.39	9.76
7.06	8.39
5.1	9.25
6.11	11.04
1.53	10.77
4.71	9.34
3.03	10.68
2.56	7.59
-2.55	5.63
3.49	5.57
3.59	4.72
2.49	8.46
-1.38	5.84
-1.72	9.51
1.54	9.91
4.1	15.07
1.97	14.92
1.31	7.72
1.2	13.65
3.28	12
-2.33	6.94
-3.22	5.33
0.84	4.18
0.31	3.45
-0.39	3.08
-2.35	2.78
-2.02	2.59
-5.78	1.76
-2.97	5.48
-1.83	6.64
-4.39	1.06
-3.63	9.6
-1.47	4.84
-6.42	2.13
1.79	12.3
6.51	14.31
0.31	6.6
0.45	7.36
1.78	7.99
0.87	6.22
-1.77	4.64
-2.79	2.92
-5.67	2.61
-2.51	0.69
-1.38	3.69
-1.84	5.53
-1.43	7.95
1.25	14.35
-2.2	7.84
-1.68	10.87
0.24	11.25
0.91	10.22
-1.49	4.13
-3.14	4.06
0.54	10.61
3.01	8.23
0.9	6.01
-2.49	6.35
-1.11	7.29
2.3	11.26
5.19	14.59
3.37	12.34
2.58	6.67
4.61	6.18
3.62	5.51
2.87	6.57
1.53	5.77
1.29	4.05
-0.87	1.51
-2.84	-0.57
-2.31	6.81
0.59	5.95
-2.3	6.26
-0.27	6.01
-1.99	6.64
-0.29	5.53
-2.6	2.81
-1.12	6.53
-1.84	8.76
-0.97	7.74
-1.14	5.61
0.68	3.76
0.8	4.75
-0.96	14.68
0.93	12.29
-1.51	6.38
2.3	12.75
0.26	9.45
-0.37	1.42
-1.62	5.91
-3.97	3.14
-1.73	0.89
-1.53	0.38
-0.53	3.02
-0.5	2.08
-0.91	1.17
-3.63	3.98
-2.6	1.9
-0.26	2.13
-0.69	3.19
-4.33	4.23
-2.76	4.24
-1.78	4.44
-0.41	3.5
-2.22	2.83
-1.31	0.82
-1.48	0.47
-2.25	-0.64
-2.59	-0.24
-4.39	-0.49
-9.98	-3.73
-12.78	-7.29
-10.79	-7.43
-13.81	-5.68
-16.53	-5.59
-7.79	-4.12
-5.34	0.27
-2.59	2.48
-2.41	0.08
-2.24	2.97
-1.72	10.14
1.57	10.53
0.18	12.6
3.79	14.89
2.57	15.94
8.78	16.19
3.48	16.47
4.91	13.1
4.12	13.95
7.08	11.49
2.46	7.37
-3.91	2.46
-4.26	-1.61
-3.77	1.98
-2.41	4.02
-4.85	4.76
-3.68	6.6
1.17	8.46
-1.27	5.03
-0.32	10.03
2.88	10.02
-0.3	12.63
7.86	10.44
5.19	13.69
7.76	13.54
5.32	13.87
1.81	15.98
8.49	19.74
10.91	17.57
9.77	17.36
6.38	13.87
1.69	14.38
5.57	20.52
7.05	24.7
8.52	18.56
9.52	20.34
8.18	21.94
10.7	20.37
4.9	22.06
10.11	21.76
13.55	20.45
13.22	20.18
10.15	21.01
8.27	24.3
10.84	24.51
7.59	26.01
8.69	27.28
11.35	27.29
13.26	23.7
10.66	26.56
9.67	21.42
9.25	18.99
8.22	25.68
11.55	28.32
12.34	25.77
10.89	23.47
12.18	26.87
11.67	25.76
15.66	24.08
14.8	22.59
11.85	22.3
11.5	23.3
9.81	22.61
8.96	24.45
11.4	25.31
14.43	22.3
12.2	25.77
12.2	25.5
12.19	18.78
11.31	16.14
6.93	19.87
9.33	20.8
11.78	22.07
10.54	21.69
11.66	22.45
11.5	22.98
9.81	24.08
12.13	25.09
14.97	25.16
15.27	21.89
12.37	25.68
13.44	27.77
15.24	28.75
16.36	28.46
16.71	27.15
13.74	28.71
15.37	29.3
14.33	27.45
15.14	26.93
14.72	27.91
15.83	28.48
14.82	28.4
16.61	26.94
15.49	28.58
16.01	24.78
15.73	28.38
16.48	30.01
17.6	30.15
14.79	23.23
13.73	18.81
13.85	21.59
16.03	25.81
17.29	27.03
15.83	26.74
16.95	27.24
16.66	29.13
16.2	30.39
12.41	25.33
6.86	20.12
10.92	20.44
11.8	19.38
10.19	23.2
11.34	21.38
13.86	21.93
16.42	25.39
16.73	25.46
9.42	21.66
9.07	23
14.72	26.39
17.34	26.92
14.6	29.67
16.27	23.45
16.88	26.07
12.86	25.73
14.18	27.04
13.64	27.91
15.36	22.18
15.1	23.73
13.98	27.25
14.66	28.69
14.31	26.85
13.36	27.51
15.45	27.34
16.34	28.9
17.03	28.64
14.33	29.5
15.57	29.78
17.39	26.86
16.98	24.66
16.11	28.57
16.09	29.04
17.75	28.59
17.24	28.94
17.8	30.16
18.05	32.04
19.03	32.05
18.58	31.92
19.39	31.46
19.29	28.86
18.36	30.85
17.97	31.24
16.48	31.82
17.35	31.14
17.64	31.75
16.51	32.57
18.07	32.98
18.72	31.39
16.54	26.32
15.37	28.56
15.4	31.09
16.79	25.84
15.19	26.7
14.48	27.84
13.05	29.08
14.98	30.65
15.63	31.72
15.5	32.38
16.27	31.36
16.51	31.47
16.29	32.47
16.83	30.95
15.83	20.57
11.58	17.73
9.82	22.58
10.32	27.04
12.48	27.29
12.3	27.02
13.71	25.03
15.42	20.98
15.72	19.95
15.85	22.55
15.01	19.6
15.09	25.19
11.8	25.49
12.95	25.02
15.39	25.24
12.16	25.9
13.09	26.63
13.24	28.48
12.48	29.33
13.17	27.94
14.74	26.07
13.72	24.95
13.73	25.62
11.95	26.42
11.6	26.25
11.61	26.63
13.05	27.2
12.29	27.63
10.62	19.42
11.04	18.93
8.87	17.39
2.98	13.86
0.79	15.56
1.76	20.4
4.81	21.67
7.64	15.93
0.76	16.67
1.26	17.75
6.9	14.39
3.12	18.66
5.07	18.4
3.71	19.12
5.22	22.22
10.68	19.79
13.07	19.67
8.04	22.21
8.16	22.63
6.44	22.61
5.81	21.21
6.01	21.39
4.95	20.31
4.55	17.62
7.28	17.3
8.47	20.82
9.85	20.61
8.11	19.9
5.97	18.58
7.21	13.03
6.45	14.17
5.01	15.7
7.51	18.94
5.47	16.83
4.59	17.09
8.57	18.16
7.86	15.88
12.62	21.26
13.2	19.63
6.42	18.5
5.88	18.4
8.94	19
12.31	15.2
11.55	13.82
9.15	13.72
5.93	16.23
5.85	16.54
5.8	13.32
6.32	11.29
7.42	14.67
6.92	19.38
4.74	19.01
6.01	14.11
5.96	13.43
1.64	10.94
0.3	9.37
-0.66	6.28
0.67	4.52
0.09	2.13
0.33	1.64
1.32	4.86
4.34	5.91
4.69	6.44
4.67	6.93
5.33	6.35
4.33	6.67
0.02	4.32
-1.58	3.16
-6.28	1.25
-5.83	-1.49
-3.68	1.76
-4.93	4.04
-0.45	8.65
1.18	14.07
-1.19	8.71
-3.21	4.44
-0.29	9.81
2.58	9.2
0.37	9.91
0.6	8.69
-2.35	5.77
-1.06	5.32
-3.91	0.72
-2.28	-0.62
-2.21	-0.32
-5.14	0.29
-6.61	-0.21
-3.09	2.76
-2.16	2.26
-3.19	0.71
-2.73	4.1
3.19	10.86
2.21	9.31
2.5	8.99
-2.09	4.91
-2.77	4.38
-3.28	7.66
-2.19	6.53
-2.36	6.86
-1.82	5.18
0.81	6.99
-2.46	6.44
-0.69	5.99
-2.37	1.8
-3.43	0.81
-2.55	3.13
0.11	4.2
-2.09	1.54
-3.89	1.39
-2.35	5.64
-0.86	2.05
-4.04	1.87
-4.93	6
-2.21	9.27
0.98	9.2
-4.78	6.16
-0.1	9.52
0.46	12.41
-0.62	8.08
-3.17	0.42
-2.05	3.07
-3.04	1.56
-4.49	-0.58
-5.01	-2.97
-3.82	0.3
-6.69	0.91
-9.03	0.18
-6.91	4.05
-0.45	3.09
-1.51	4.08
-3.53	1.59
-3.94	0.77
-1.67	6.87
5.64	15.03
3.05	11.63
-0.89	5.58
-2.83	1.72
-4.86	4.81
-5.53	5.56
-3.5	6.74
-2.8	7.13
-1.32	11.24
3.03	9.77
-0.62	7.31
-0.63	8.06
-0.83	11.98
-0.94	9.33
-2.61	13.32
-2.53	15.08
-2.62	14.71
-2.25	13.67
-0.09	12.02
-0.7	14.09
2.23	10.73
-5.22	2.51
-7.13	4.13
-1	11.52
0.97	18.51
4.52	14.13
-0.93	21.98
5.73	17.14
3.55	10.43
0.97	16.96
5.55	18.84
1.45	14.53
2.19	14.51
10.39	19.93
7.5	16.3
5.96	15.48
4.13	16.4
2.34	12.72
-1.82	10.27
-0.08	9.27
-0.81	12.78
1.31	13.41
6.43	13.12
3.07	21.06
4.23	14.21
2.11	9.09
0.37	10.63
-2.62	12.88
-1.29	17.32
1.44	19.5
2.76	21.57
6.21	14.25
3.31	11.37
1.12	9.65
-0.57	12.81
4.7	15.47
0.14	18.5
0.98	20.12
5.99	17.62
2.93	18.66
5.9	20.49
4.96	19.55
7.72	15.65
4.38	13.27
3.56	18.82
6.23	19.53
9.81	19.69
8.07	15.47
4.91	10.6
4.19	9.04
4.71	8.55
4.64	7.75
4.95	15.06
0.14	17.23
2.11	16.05
4.9	17.89
3.57	21.36
4.39	21.19
3.27	22.28
3.69	23.36
7.91	17.11
8.18	22.69
13.42	25.5
12.46	25.74
9.73	19.69
5.76	17.16
5.04	12.97
7.42	13.51
8.68	20.64
6.48	24.15
10.86	19.2
9.48	13.75
4.29	12.14
3.58	8.69
3.9	14.42
2.45	17.84
9.9	14.79
5.89	20.64
7.45	21.89
9.72	18.2
7.03	11.31
6.09	10.16
5.63	8.32
6.3	11.99
4.23	14.21
6.24	20.55
11.25	20.06
11.79	19.94
10.24	19.74
11.65	22.24
11.83	19.91
9.56	22.7
9.3	24.87
11.88	25.88
14.91	20.62
14.05	19.61
11.48	15.63
9.76	14.35
9.5	21.24
10.75	24.75
13.77	25.96
12.68	27.04
13.69	27.52
14.07	28.38
14.76	27.82
14.37	27.87
16.85	26.03
13.04	28.08
15.03	30.04
17.01	30.9
16.91	30.51
18	31.53
14.72	31.75
16.99	30.71
18.55	28.38
17.24	25.94
16.68	26.3
16.84	28.39
14.72	29.52
16.04	28.45
16.59	25.48
16.18	22.63
17.02	27.65
17.27	30.22
18.44	31.84
19.5	34.41
16.33	27.02
13.44	27.68
13.52	29.86
15.69	34.32
16.87	30.69
16.99	28.19
15.55	25.93
13.85	29.8
16.16	31.1
16.83	30.03
14.87	21.25
12.8	22.16
11.76	22.32
9.45	25.47
15.35	25.16
14.25	22.21
14.4	25.48
12.73	24.98
11.19	27.25
12.85	27.47
15.13	27.14
12.89	29.24
15.08	30.82
17.27	31.72
16.64	29.66
16.83	31.88
17.26	31.97
17.09	33.69
19.37	29.44
18.6	30.97
17.6	24.38
17.28	26.37
16.88	30.31
19.63	30.95
15.98	28.08
16.77	23.89
15.61	25.35
12.71	25.48
12.64	27.83
16.22	29.41
18.23	31.11
18.71	25.73
15.31	29.48
18.4	31.89
20.04	28.62
16.98	31.8
18.61	26.87
14.29	23.28
9.77	24.6
12.19	23.82
11.17	26.36
15.96	29.78
15.65	30.23
17.21	31.11
17.64	24.62
15.12	23.93
16.72	26.71
17.41	29.36
16.62	27.23
16.58	27.15
16.07	29.43
16.5	31.14
18.08	29.68
17.3	30.76
16.49	31.37
16.02	31.61
16.05	25.74
13.01	22.29
8.38	24.1
8.87	25.88
14.11	19.49
13.74	18.93
12.76	19.83
12.46	20.32
7.81	21.77
7.98	23.06
11.77	24.56
10.94	25.91
14.59	23.35
11.29	24.8
10.98	27.87
15.87	25.04
10.62	19.09
6.93	17.48
3.68	16.92
2.67	19.24
3.67	19.97
10.13	21.2
12.35	21.63
9.9	20.2
11.39	22.17
9.46	23.44
12.19	19.53
12.99	21.14
12.46	27.1
11.45	23.94
11.9	23.49
7.72	14.36
3.33	16
7.43	17.81
6.63	13.66
4.27	9.95
0.02	14.94
6.2	21.09
9.75	15.88
5.58	16.78
6.8	19.87
7.36	19.36
7.34	20.67
8.24	22.43
9.37	16.9
4.99	19.29
6.6	18.92
6.19	21.85
12.61	23.19
13.34	25.6
8.05	20.53
7.93	22.95
8.87	24.13
5.43	21.63
5.38	21.46
5.46	21.36
5.59	15.81
6.18	8.62
4.39	7.33
3.22	6.84
1.16	9.44
4.55	13.91
9.24	20.02
9.79	17.03
7.98	16.9
7.45	13.09
7.04	12.25
4.12	8.78
7.6	13.01
4.77	8.23
0.62	8.57
6.12	7.94
4.5	6.67
1.86	8.86
5.39	11.29
7.85	12.31
8.25	14.34
6.77	13.5
3.46	12.28
3.47	8.91
7.06	12.53
3.97	10.7
4.44	9.56
1.06	7.52
2.11	4.77
4.05	7.05
5.18	10.68
7.4	10.82
5.13	11.81
0.81	7.91
-1.22	5.97
0.5	4.52
-1.57	4.99
-4.11	2.89
-2.05	-0.38
-0.9	0.68
-1.26	1.88
-2.76	3.96
-1.36	5.6
1.33	7.3
-4.42	3.26
-3.61	0.29
-1.27	2.53
0.01	7.56
-1.65	9.56
2.17	13.25
10.37	16.57
10.98	17.29
7.32	15.51
5.78	13.86
9.33	12.63
2.82	10.21
4.36	10.08
2.06	10.6
0.22	10.94
0.9	8.4
-0.75	3.82
-0.53	3.87
-1.03	1.64
-6.46	2.25
-2.22	8.46
-2.63	5.34
-4.3	6.55
-4.6	2.55
-3.62	4.42
-0.27	6.21
-4.34	3.32
-5.72	3.46
-4.27	5.9
-2.14	6.47
-3.51	4.01
-1.85	8.54
-3.69	6.38
-3.73	2.19
-2.29	-0.22
-2.07	1.94
-2.08	1.72
-1.62	0.88
-1.69	-0.63
-1.05	3.6
0.24	4.82
-3.74	4.68
-4.98	-1.03
-4.36	3.8
-3.38	-0.7
-2.87	-0.82
-2.52	-0.18
-1.87	0.37
-0.73	10.5
0.05	8.01
-2.43	8.69
2.81	12.61
1.41	16.08
4.01	15.64
6.39	13.47
3.71	11.51
1.25	6.23
-2.94	7.82
-2.27	8.26
-2.37	7.52
-3.69	10.46
5.29	16
4.26	12.66
-1.38	10.71
-2.39	10.16
3.97	12.98
1.83	12.19
-0.22	12.83
4.2	16.28
5.18	12.36
0.35	11.23
-2.27	10.71
-0.91	11.66
-2.83	12.4
4.42	13.87
5.83	12.66
0.3	16.32
0.78	10.92
-1.64	9.12
2.37	8.8
-3.13	11.29
7.53	12.44
6.17	14.21
5.82	13.84
3.57	10.76
-2.37	11.06
4.32	7.97
2.2	12
2.28	10.06
-1.62	10.48
4.12	14.18
5.48	20.8
5.05	20.33
5.56	14.54
1.97	10.8
-1.42	9.38
-2.97	13.02
-1.14	17.47
5.48	18.27
2.9	19.85
2.88	21.1
4.13	13.48
0.57	5.69
-2.84	3.43
-1.65	5.01
-1.19	4.4
0.05	7.69
3.27	15.44
2.01	17.95
4.81	15.83
2.7	11.05
-3.41	7.43
-2.79	8.47
-4.53	11.64
-2.84	16.68
2.44	15.33
1.92	17.3
1.01	18.54
0.3	19.17
-0.57	19.93
1.06	22.77
6.21	21.15
6.74	21.19
4.19	23.72
7.72	24.3
2.53	16.26
-1.96	14.9
0.94	21.79
5.51	25.95
8	22.98
11.29	20.39
7.4	16.36
4.4	16.8
4.06	18.14
1.4	19.26
2.31	22.18
6.7	24.79
5.14	18.52
5.81	21.89
7.83	24.76
10.07	18.81
10.11	21.02
10.31	18.48
9.1	19.85
6.13	16.62
3.31	19.9
8.82	15.77
3.99	16.38
5.02	21.91
5.59	24.6
10.01	25.57
10.58	24.51
14.04	22.28
5.37	18.64
4.69	19.37
10.45	18.34
9.72	16.36
8.52	17.77
9.95	20.04
8.75	24.07
12.11	20.3
13.44	21.19
8.5	20.82
7.38	21.69
11.72	23.1
11.28	20.46
9.11	18.06
8.81	17.6
7.63	20.67
7.43	20.99
10.24	19.58
9.15	16.42
8.88	16.15
9.8	22.92
9.89	21.73
10.2	23.45
11.22	24.66
12.66	20.58
10.12	23.96
12.43	27.23
12.77	23.13
12.32	21.17
14.37	22.31
9.61	24.77
10.15	27.8
11.68	29.4
13.68	27.74
15.63	19.96
14.35	21.54
15.67	23.31
16.27	24.05
13.76	25.67
14.27	21.03
13.18	18.13
15.84	25.19
16.7	24.64
11.62	24.38
12.85	23.39
12.95	26.87
15.53	30.43
16.36	31.38
15.61	27.69
13.13	25.7
14.71	30.07
16.34	29.89
17.52	23.88
13.04	26.16
12.87	29.22
16.17	30.73
12.83	24.74
9	25.69
13.5	28.34
14.57	31.58
14.52	27.54
11.1	22.41
9.03	23.75
9.75	24.35
9.58	26.17
13.71	24.01
13.49	22.49
10.99	20.78
11.74	23.94
14.01	28.42
14.26	30.8
16.88	26.9
16.04	28.63
16.79	25.14
16	22.63
14.16	26.57
14.43	28.47
16.87	31.58
18.34	29.93
18.78	30.74
18.46	32.06
17.39	29.54
14.89	28.8
18.05	24.22
15.8	25.39
13.7	18.34
15.48	25.53
16.74	29.88
16.35	31.36
17.23	31.45
16.71	31.42
17.02	30.27
15.81	29.04
16.21	29.97
17.26	27.67
16.52	26.12
18.27	25.77
16.7	28.57
16.12	23.54
13.73	26.65
13.04	27.9
15.73	29.3
17.01	30.17
18.55	25.37
16.79	24.76
13.28	25.31
13.09	28.09
12.63	26.4
12.56	27.52
16.7	30.57
15.6	29.25
13.97	20.7
13.02	19.92
7.52	21.2
10.78	22.15
8.99	24.98
11.82	26.32
13.73	25.24
14.05	22.3
10.33	23.49
9.08	25.34
11.45	26.83
14.26	25.41
12.29	27.48
12.93	28.05
12.51	27.83
13.26	28.47
13.72	27.21
14.59	25.94
10.29	19.91
6.04	21.03
5.81	22.51
8.65	24.38
10.22	25.09
12.12	24.57
11.86	25.59
13.42	21.25
7.28	14.12
4.05	16.18
9.3	14.97
8.13	17.27
10.22	20.78
9.45	20.15
7.64	21.27
12.56	23.72
12.2	21.64
8.55	19.01
7.84	19.86
10.53	14.86
6.03	17.82
5.55	20.48
7.94	18.49
6.74	14.3
5.1	9.75
5.98	9.01
4.04	16
3.39	9.29
6.29	9.45
5.56	11.59
5.1	14.04
4.97	14.55
2.62	14.74
6.16	18.62
6.35	16.65
4.62	15.79
8.35	14.4
8.18	15.8
7.15	19.35
7.72	15.57
6.23	15.85
5.15	12.55
7.17	13.43
8.52	19.41
7.43	13.41
9.5	17.81
11.08	20.53
10.4	14.52
8.42	11.99
1.01	12.31
-0.81	12.77
0.5	10.02
3.78	7.3
5.86	7.33
5.4	6.38
4.84	6.13
4.09	6.67
5.3	8.07
5.34	7.82
5.5	8.79
3.98	12.3
1.81	12.39
2.71	5.89
3.4	7.7
-1.42	5.73
-4.45	5.87
-2.51	4.85
0.06	9.29
-0.38	2.12
0.21	1.39
-0.51	0.74
-1.8	0.12
-1.43	5.32
-2.11	5.22
-4.83	-0.24
-2.2	-0.79
-2.04	-0.26
-0.57	1.1
0.12	4.37
-0.23	8.83
5.07	10.2
1.37	5.16
1.01	3.77
0.36	2.66
0.69	2.8
1.51	2.54
1.24	3.11
0.19	3.83
1.05	3.26
1.5	2.74
1.51	2.71
0.08	2
0.44	1.81
1.19	2.41
1.92	3.17
1.99	5.78
2.26	11.96
5.55	12.33
2.31	7.07
-1.11	3.38
-5.68	-0.04
-1.61	4.91
1.37	8.48
3.06	7.02
-0.7	5.59
