19710101	
-6.31	-1.51
-9.55	-6.37
-8.25	-4.59
-16.43	-6.76
-17.39	-6.44
-8.11	-2.71
-12.64	-4.59
-12.43	-0.7
-13	-5.23
-9.37	-3.96
-12.34	-1.99
-8.16	0.49
-14.8	-1.45
-12.78	-1.62
-3.49	-1.76
-4.88	-1.62
-2.43	0.29
-1.73	0.11
-1.96	2.3
-0.16	5.7
-0.06	4.67
1.42	8.66
-2.23	7.92
2.45	8.84
-1.31	8.91
-0.6	10.94
4.17	10.47
-0.67	9.82
-1.44	9.3
-2.11	10.31
1.98	12.03
1.64	12.97
-1.59	5.9
-7.28	2.42
-0.92	2.95
-3.02	6.21
-3.52	6.58
-0.45	6
-0.51	8.24
3.43	11.65
0.12	9.13
-2.36	8.58
-4.68	8.69
-4.83	12.62
-0.06	11.12
0.67	7.12
1.43	9.9
3.47	6.4
2.07	11.07
-1.09	9.24
0.36	8.69
-1.68	9.07
-3.6	10.23
-2.72	7.76
-1.23	6.74
-3.69	7.9
-4.55	3.79
-8.86	-2.4
-8.92	-1.07
-7.35	-2.11
-6.36	-1.37
-9.26	-1.2
-9.95	-3.53
-11.98	-7.03
-10.15	-6.6
-6.9	-1.78
-12.37	0.34
-10.26	-0.2
-2.59	4.86
-7.59	6.12
-4.42	1.65
-6.55	8.79
-3	10.45
3.3	10.7
-0.19	9.24
4.03	8.16
3.26	12.5
7.95	15.42
7.52	18.42
5.88	19.58
5.66	11.75
5.01	9.08
-0.38	8.81
-2.5	12.39
3.64	8.39
3.47	6.84
4.86	8.63
2.95	8.66
3.31	6.56
4.42	8.36
3.71	9.67
5.98	12.7
5.91	11.45
6.67	15.13
8.96	16.5
2.84	17.57
3.12	19.16
2.14	20.08
5.48	20.71
4.7	19.51
9.07	15.24
2.16	13.6
3.11	13.07
4.21	14.22
-1.63	12.88
-0.52	18.26
5.71	19.99
4.51	16.44
1.15	19.58
2.35	20.06
4.53	19.14
3.27	22.4
8.3	23.35
13.1	19.86
10.01	15.26
5.17	12.01
6.76	18.32
6.98	13.78
-0.8	13.99
2.02	11.69
7.06	12.46
9	12.08
7.25	12.24
7.08	15.3
7.31	14
8.42	17.96
5.69	17.74
5.21	17.4
3.5	20.89
5.26	21.96
12.68	24.08
7.83	24.84
7.35	25.28
6.56	25.56
7.81	26.19
10.56	26.67
10.19	26.47
12.18	27.6
12.23	28.07
11.26	27.48
14.91	26.84
10.68	25.48
9.62	21.77
9.31	23.08
12.35	24.26
12.33	23.96
9.84	24.16
8.75	19.18
5.97	21.74
11.79	20.1
13.84	20.58
13.39	18.26
12.75	24.11
11.7	25.13
11.52	24.52
10.53	26.24
12.7	25.42
11.35	24.11
12.54	21.81
13.83	22.28
13.6	23.93
10.94	23.53
10.56	19.23
10.48	20.95
5.67	23.45
13.76	26.1
10.12	22.59
9.54	20.99
10.35	18.42
5.93	18.96
11.17	19.15
12.27	24.79
12.48	23.35
13.3	24.07
13.33	23.92
14.53	21.55
12.01	26.77
13.46	23.52
12.61	23.02
12.6	21.05
6.82	19.39
7.46	16.42
10.06	22.5
9.34	23.02
13.01	25.23
11.49	25.99
13.45	25.05
11.58	27.59
15.09	27.26
11.14	29.76
13.69	30.06
14.24	30.37
13.86	32.14
13.69	29.4
13.44	24.41
10.28	25.81
11.71	28.7
13.79	28.49
14.94	23.5
13.71	21.27
11.67	22.12
10.47	21.62
7.25	22.71
7.88	24.69
10.38	25.61
13.5	27.45
10.94	28.71
12.13	29.5
12.39	30.09
17.5	27.33
15.98	26.39
16.85	25.32
16.91	28.04
15.92	30.5
16.45	30.84
16.99	30.23
16.9	29.39
16.24	31.21
17.1	34.45
16.8	30.02
12.79	24.99
9.46	26.31
10.56	28.97
15.58	24.79
12.36	25.64
11.78	30
13.67	31.75
19.12	28.72
16.84	24.54
9.24	26.1
9.06	28.12
12.87	29.14
11.18	29.91
12.39	28.02
12.56	26.76
13.51	22.06
10.84	20.38
10.87	25.6
15.42	21.91
12.58	23.43
8.56	25.22
11.12	27.21
14.35	20.76
9.63	21.1
7.42	22.63
9.89	22.23
8.81	24.05
9.41	24.36
10.36	19.78
6.37	17.85
7.62	14.99
4.38	16.57
4.96	20.41
8.15	16.29
7.38	14.7
6.51	18.27
11.07	17.58
6.5	13.32
7.65	12.41
2.57	11.78
2.12	15.95
3.39	17.76
2.85	19.96
3.85	20.89
4.82	22.19
5.35	22.74
5.64	22.02
9.51	19.56
8.77	23.69
11.39	20.82
7.32	19.66
11.4	15.83
11.21	14.51
10.34	18.08
5.15	19.98
4.85	21.13
6.47	22.46
6.13	15.37
1.34	11.7
-2.52	17.37
0.39	22.35
0.62	19.76
1.7	19.75
2.6	21.06
2.62	20.77
5.24	20.87
6.43	20.72
5.69	16.52
2.26	6.17
-3.32	8.9
-3.21	10.03
-0.74	17.26
1.24	15.76
2.48	17.07
4.52	18.96
9.57	25.24
3.93	20.18
2.16	23.05
6.1	13.74
2.52	9.51
-3.49	7.67
-6.61	9.23
-3.97	6.73
-6.87	7.87
-4.92	10.69
4.27	9.24
5.56	13.11
0.68	12.81
-1.82	17.91
2.5	18.03
6.39	15.86
1.99	14.71
8.39	17.79
6.92	14.65
6.56	10.05
6.88	8.64
4.69	6.52
3.3	6.48
0.81	10.61
0.16	9.03
0.18	7.11
3.51	8.02
1.45	15.23
-0.65	1.27
-8.64	2.18
-2.46	-0.09
-3.1	-0.93
-14.45	-2.56
-14.52	-4.35
-11.15	0.16
-8.85	1.95
-7.3	-0.17
0.04	0.95
0.15	0.9
0.29	1.45
0.8	2.11
0.81	3.21
-0.4	4.51
-2.35	3.51
-0.6	9.31
4.61	7.72
1.34	8.58
-4.54	1.29
-6.76	1.17
-1.38	7.02
-0.29	10.05
-1.6	9.26
-3.73	6.42
-3.63	7.92
-2.58	8.11
-3.31	7
-4.51	6.51
-5.68	-1.16
-2.78	0.09
0.14	4.15
-1.46	10.17
-1.32	8.82
0.28	7.7
-2.75	6.03
-4.2	4.65
-3.5	-0.03
-4.26	-1.07
-2.53	-0.84
-0.61	0.74
-0.29	0.63
-0.13	1.11
-0.27	1.05
-0.93	0.8
0.48	1.47
0.27	2.37
-0.05	1.32
-0.32	0.79
-0.78	2.08
-0.42	1.15
-1.72	-0.28
-1.05	1.37
-1.2	0.9
-6.61	-0.83
-9.58	-2.74
-7.15	-4.3
-7.06	-5.24
-10.61	-6.36
-9.76	-6.57
-8.65	-3.47
-7.9	-3
-3.76	-0.19
-7.77	0.65
-9.52	-1.1
-10.54	-2.02
-4.18	-1.65
-9.68	-1.75
-6.05	2.51
-3.41	0.51
-2.7	0.88
-6.75	-1.92
-7.16	-1.41
-3.56	-1.11
-4.52	-0.73
-9.05	-2.12
-9.79	-3.4
-6.39	-1.83
-7.84	-0.69
-1.38	6.42
-1.75	7.15
-0.41	5.42
0.86	3.8
0.73	10.9
1.11	6.23
2.59	5.57
0.43	6.51
2.54	5.81
-2.87	8.07
-1.61	9.86
2.69	13.45
0.25	8.91
1.3	12.2
-0.1	6.27
3.07	4.45
3.89	7.87
3.41	8.52
4.68	6.93
4	7.24
4.78	8.19
5.1	8.94
6.46	8.28
4.98	9.35
2.37	8.76
4.41	7.34
3.61	7.86
2.28	9.3
3.91	7.6
4	13.73
8	15.2
6.9	15.15
4.31	15.22
3.92	10.35
-2.93	3.24
-6.53	2.31
-6.65	7.74
-3.58	12.59
-1.44	16.43
0.56	16.48
0.21	15.92
-0.12	15.79
-1.4	15.31
0.25	15.96
1.7	17.35
1.22	18.48
1.39	14.37
-2.98	13.28
-1.08	20.48
7.37	15.96
5.47	17.17
2.57	12.24
1.93	14.48
1.87	20.03
4.55	17.93
3.51	12.97
7.16	19.8
7.75	19.11
9.42	16.65
7.71	14.24
4.12	19.17
6.48	22.33
9.1	17.53
5.39	15.52
8.74	16.46
9.93	15.18
9.33	12.88
8.43	11.3
8.26	12.9
8.46	11.34
7.54	14.17
6.82	11.09
7.33	13.2
6.96	12.68
8.69	15.1
10.97	16.51
3.98	17.21
7.95	14.53
3.06	10.03
2.13	9.83
0.38	12.46
2.21	11.26
-1.95	13.28
0.85	17.78
2.91	20.12
3.55	21.71
9.22	16.11
7.57	13.09
7.53	16.5
8.55	19.4
8.85	19.33
8.03	19.79
8.18	21.01
8.8	20.97
9.4	14.28
6.32	18.46
7.51	13.47
9.53	18.15
11.81	16.98
11.64	18.68
7.28	19.79
5.3	19.08
11.45	22.62
12	20.04
9.24	19.23
6.66	21.39
7.19	23.08
8.85	25.22
11.06	24.61
11.14	26.48
9.89	23.05
8.2	16.96
7.05	20.21
8.34	23.86
12.42	20.74
10.78	16.54
10.53	16.18
11.54	19.94
8.04	23.42
11.14	25.57
13.83	26.24
15.54	27.31
14.82	26.34
13.11	22.39
11.26	26.38
13.25	26.65
13.2	26.89
13.36	24.76
13.87	23.38
14.54	25.84
16.03	24.83
13.49	20.54
11.81	20.19
8.81	25.14
13.04	24.04
12.48	24.63
14.25	27.28
15.02	25.19
12.41	18.52
9.52	20.58
8.97	23.56
11.06	24.81
15.32	25.41
15.81	26.11
14.66	24.7
11.64	21.73
12.36	22.46
9.71	22.66
13.89	22.33
11.7	23.64
14.38	25.1
15.54	24.53
12.93	27.51
13.71	30.88
16.6	30.65
14.29	23.09
11	15.67
12.62	14.55
13.34	17.64
14.46	25.44
16.6	28.68
16.8	28.44
16.17	28.54
15.61	27.99
17.75	27.97
16.06	28.94
16.93	28.03
17.42	25.58
16.45	28.49
17.1	26.52
17.61	24.92
16.72	23
13.61	21.16
15.07	22.88
11.58	24.48
14.08	21.87
15.55	23.44
13.97	23.94
13.99	20.71
12.05	20.83
7.64	23.45
11.85	24.99
11.96	26.47
13.9	28.01
15.36	28.87
15.18	29.66
16.27	29.68
18.49	26.92
15.71	29.44
18.28	30
19.42	30.95
19.35	28.27
14.81	24.2
15.02	20.37
10.59	15.34
10.43	15.29
12.77	16.33
12.5	18.41
6.99	20.79
7.08	21.77
10.19	21.62
12.1	20.32
10.92	19.99
13.44	19.17
14.15	17.69
13.57	18.02
11.04	19.53
7.03	19.61
9.4	19.64
8.26	20.91
8.02	23.07
9.54	23.62
10.99	24.47
12.07	24.26
12.48	25.34
15.24	20.54
16.91	23.51
10.85	19.07
4.05	15.8
3.43	15.78
3.78	16.69
2.91	14.57
9.45	14.25
9.23	13.87
8.41	12.58
8.49	13.66
8.17	17.18
5.54	18.34
4.57	19.67
8.85	13.72
6.53	14.86
0.67	14
0.28	14.63
3.67	14.2
4.49	13.95
5.17	13.35
6.63	12.39
6.08	10.81
6.5	9.6
2.5	9.91
2.26	9.79
4.88	12.76
4.78	14.93
7.62	12.29
8.72	11.12
8.34	12.28
8.08	14.43
3.18	17.46
6.67	19.14
5.16	15.02
5.94	12.89
-0.66	13.16
2.93	11.97
1.3	13.4
-1.4	13.51
0.1	8.13
-5.36	11.81
0.57	7.71
-3.78	8.56
1.04	12.4
4.33	16.32
1.87	14.77
0.51	14.73
4.49	15.9
11.12	18
10.56	13.83
7.71	13.19
6.77	14.25
1.37	13.04
0.79	14.13
1.78	14.68
2.31	13.01
2.12	15.33
1.39	16.62
1.11	16.03
1.14	10.59
1.47	13.93
0.8	9.57
3.56	14.65
2.41	11.18
-1.8	10.58
4.5	8.84
3.63	5.42
-3.02	6.03
0.58	11.55
0.47	14.92
-4.45	1.56
-1.77	2.95
1.38	8.15
-0.25	6.86
3.87	5.63
2.95	4.81
-0.06	4.58
-2.47	5.19
-5.67	3.91
-3.43	4.79
-5.01	5.38
-4.14	9.1
1.94	6.42
3.99	6.72
5.75	13.23
1.56	10.09
1.41	5.96
-1.28	7.47
-3.65	3.44
0.84	2.95
1.31	11.61
0.4	8.03
-1.4	2.82
-0.25	2.38
1.6	2.47
1.41	2.09
0.71	1.89
-0.06	1.26
-1.2	0.05
-2.07	-0.79
-0.94	3.47
0.14	2.65
-3.5	0.84
-8.79	-0.3
-9.08	-0.57
-6.92	-4.02
-5.4	-4.42
-5.2	-3.23
-3.14	-1.01
-6.5	-1.16
-12.01	-2.5
-12.64	-1.18
-11.71	-1.89
-9.22	-1.07
-2.68	1.11
-3.44	-0.04
-1.11	1.37
-0.6	3.72
-0.79	1.67
-5.92	2.92
-1.45	0.3
-1.24	-0.35
-1.19	-0.27
-1.52	2.36
-2.71	2.9
-7.12	3.3
-8.28	2.31
-8.1	-1.87
-2.63	-0.71
-3.83	-1.56
-2.9	0.88
0.02	1.3
0.08	1.59
0.31	1.57
-0.3	0.59
0.26	1
0.02	0.93
-2.89	1.39
-10.3	-1.8
-15.44	-4.7
-9.57	0.97
-6.48	5
-1.79	1.52
-1.6	7.18
0.09	1.89
-0.05	1.87
-0.68	2.73
-3.48	3.77
-4.37	6.96
-6.06	3.59
-3.01	6.5
-1.56	7.34
-3.08	6.14
2.87	9.31
-0.86	7.44
-4.18	5.59
-0.36	4.97
1.25	6.49
0.85	4.23
0.01	4.52
-0.71	3.89
-3.2	6.33
-5.19	6.84
-2.43	5.34
-0.23	9.01
0.81	11.05
-0.95	8.97
-3.41	6.85
-5.28	4.78
-2.68	3.27
-3.25	1.35
-3.83	3.28
-2.65	6.77
-3.71	10.02
-0.55	9.32
-0.46	5.18
2.46	9.03
-2.59	11.81
0.7	9.62
1.47	6.45
-2.21	2.47
-2.76	3.72
-2.11	3.86
-3.48	6.7
-3.19	5.51
-0.17	2.3
-0.11	2.85
0.36	4.04
-2.86	9.94
-2.4	9.78
0.64	9.34
-1.16	10.55
-1.53	11.11
1.02	13.02
-1.4	16.07
-0.56	17.5
0.77	17.79
1.23	14.42
5.25	17.43
2.11	17.17
1.86	14.19
4.91	15.78
2.16	18.37
8.33	16.45
5.37	17.45
4.57	15.15
4.57	10
2.85	12.33
-0.4	17.42
5.76	15.34
4.84	9.55
4.88	10.61
4.92	17.6
2.47	10.34
2.98	9.54
1.83	5.85
1.14	4.76
1.87	9.2
5.09	12.09
1.44	14.94
4.59	10.79
-0.36	12.89
0.94	6.39
3.58	7.07
0.63	12.71
-0.17	15.14
6.45	11.18
7.66	12.22
5.35	13.95
3.23	15.52
4.11	19.49
11.83	19.76
7.46	22.12
8.78	22.74
11.65	25.58
14.46	24.72
11.05	25.56
11.07	27.51
17.62	28.5
12.27	20.21
6.84	21.33
4.03	16.27
3.72	17.22
5.74	20.91
7.73	16.33
1.45	18.84
2.38	21.13
7.25	22.54
7.5	13.27
1.44	15.98
0.33	15.24
6.47	22.88
10.86	24.1
10.37	25.42
11.33	26.3
8.85	24.91
13.89	23
11.08	21
8.89	19.94
8.67	19.58
9.09	22.63
7.59	24.33
10.19	23.92
10.7	22.88
11.72	26.79
14.59	28.69
16.11	25.05
15.16	21.77
11.61	24.77
13.55	22.02
13.15	18.08
10.83	21.29
10.54	20.84
13.15	24.27
14.83	24.3
13.05	23.47
13.9	24.95
13.68	25.23
10.56	20.23
11.93	17.85
10.6	20.51
8.57	20.64
7.86	21.56
6.55	23.33
13.82	20.91
13.76	15.51
15.02	22.97
11.49	20.67
14	21.68
12.28	26.14
12.37	27.11
15.01	28.05
16.95	26.19
15.34	22.27
14.69	22.13
13.85	25.16
15.69	26.85
15.15	27.36
13.54	27.1
13.6	27.8
16.13	25.83
16.37	26.94
15.83	24.87
16.82	23.71
10.41	25.27
11.46	25.83
13.55	21.37
11.22	25.53
16.67	27.38
20.4	28.28
18.29	30.09
16.2	27.01
11.76	24.68
12.13	25.66
12.55	27.85
14.03	22.87
12.19	23.02
11.15	20.75
8.93	20.74
9.38	21.8
11.75	21.9
8.52	21.43
12.71	23.07
12.26	23.81
11.76	25.07
10.05	26.36
11.1	27.26
15.22	23.49
13.09	25.37
12.33	27.06
12.77	27.78
15	29.54
15.92	25.76
9.6	23.9
8.43	25.43
9.04	26.89
13	28.41
14.29	26.73
12.05	25.07
8.84	24.92
9.14	25.34
8.97	27.6
10.83	30.15
13.26	31.18
13.03	30.77
15	27.35
15.76	21.69
15.26	21.25
15.42	27.13
13.73	26.05
15.44	22.13
9.64	24.27
13.22	19.57
14.63	15.87
14.98	21.48
11.67	19.79
13.95	21.64
10.53	25.29
11.13	27.91
12.11	29.53
12.25	29.73
12.62	30.02
12.42	29.95
12.15	30.22
11.24	29.66
12.79	25.22
9.27	19.49
6.8	18.93
5.47	18.09
9.75	19.18
5.84	19.2
7.18	22.15
12.62	20.96
13.35	23.38
12.5	18.23
11.96	21.02
13.01	23.84
12.47	19.32
7.03	18.94
11.76	17.68
10.19	14.54
9.54	12.56
9.31	11.57
8.38	17.54
4.79	19.19
7.24	13.79
9.42	13.61
10.22	17.54
11.34	19.02
8.57	18.3
5.69	19.28
4.77	18.99
2.81	18.76
5.47	18.37
9.57	17.43
3.49	18.84
3.23	18.73
5.53	10.16
-0.13	5.74
4.66	15.48
9.2	18.33
6.28	15.44
10.7	21.65
4.87	14.57
0.96	11.38
0.19	12.71
1.99	9.67
4.85	11.94
-0.83	10.21
2.55	6.05
-3.7	5.69
-5.92	8.02
-4.88	8.79
-4.75	10.93
-4.34	12.48
-2.16	11.04
4.41	10.01
-4.07	5.43
-7.94	6.81
-7.21	8.28
-6.3	8.2
-4.02	16.61
5.29	16.72
0.63	7.35
-2.09	8.34
1.88	7.97
0.78	11.61
-1.79	9.7
-1.76	9.95
-1.43	7.31
3.56	8.08
-1.56	6.45
1.78	10.82
-0.26	9.74
-3.41	6.22
-3.13	10.23
-0.12	11.77
-3.38	9.02
-4.29	6.69
-4.55	8.46
-1.56	7.99
3.13	10.11
0.05	4.34
-3.01	1.26
-7.98	-0.48
-8.55	-1.81
-9.13	-1.18
-11.97	-2.53
-14.08	-5.08
-14.32	-4.25
-14.55	-1.22
-6.92	3.53
-3.57	6.22
-2.31	5.91
-2.79	8.79
-0.62	8.51
-5.46	-0.29
-9.67	-1.35
-10.71	-1.74
-9.15	0.5
-3.85	6.04
-0.58	3.48
-5.1	2.92
-0.91	4.38
-0.53	3.57
-1.7	0.81
-0.71	11.98
5.15	11.84
3.52	13.49
0.19	10.08
7.05	12.66
4.74	11.91
3.08	8.13
-2.05	3.95
1.51	2.59
-0.01	2.29
0.67	2.32
0.37	1.68
-0.3	0.65
0.01	0.82
0.19	1.14
0.42	1.97
0.48	1.58
0.36	1.51
0.51	2.46
0.75	1.68
0.19	1.41
-1.53	0.23
-1.66	0.1
-1.65	3.23
-2.48	0.25
-1.34	-0.11
-2.71	-0.04
-0.38	1.01
-0.05	4.29
0.02	3.87
1.82	7.3
5.74	12.03
-1.25	8.03
-4.16	6.65
-2.14	5.24
-0.51	7.57
-0.75	8.32
-1.79	6.16
-1.71	1.56
-1.11	6.96
-1.49	2.77
1.4	3.34
1.71	10.49
2.47	10.92
1.37	7.24
1.06	12.34
2.94	7.75
2.32	6.72
1.4	9.47
0.23	8.37
-1.02	7.86
-1.98	10.45
0.72	13.72
-0.13	14.28
5.33	15.78
1.85	13.81
-0.24	9.64
3.65	8.36
0.47	7.47
5.54	11.54
2.7	11.55
3.73	9.18
0.83	8.25
1.13	6.86
0.17	8.25
-2.58	4.4
2.4	6.57
2.32	5.77
-0.35	3.28
-0.08	5.01
-2.87	5.45
-3.85	4.63
-2.46	4.3
-2.66	4.15
-0.52	5.54
3.52	6.14
3.24	5.1
1.75	4.9
1.03	2.97
-0.17	2.93
0.8	2.45
0.97	4.74
1.31	4.78
1.44	9.7
-1.94	12.4
-0.63	10.38
1.48	13.35
1.63	15.97
4.82	17.91
9.26	17.62
10.6	18.92
6.61	22.8
3.38	23.44
3.34	20.67
5.02	20.65
7.18	15.79
2.27	17.66
4.26	20.34
5.58	20.19
4.48	19.59
4.04	14.97
3.37	14.72
5.74	10.52
5.73	13.8
-0.33	14.86
-1.35	15.61
-0.83	16.88
2.17	16.42
1.91	15.82
4.83	15.62
0.95	19.63
2.16	21.09
4.4	16.84
7.6	18.87
9.76	14.95
2.79	10.16
2.14	11.92
0.01	10.93
2.88	10.87
4.13	10.61
4.38	12.78
-1.56	16.41
5.45	12.67
0.26	12.58
1.49	16.39
1.98	17.14
2.64	11.1
7.24	11.69
1.95	14.75
8.95	19.1
10.34	19.85
8	19.39
11.67	15.83
10.32	15.96
8.91	18.56
9.14	15.58
8.22	11.42
9.29	13.84
6.8	15.18
4.61	14.48
2.56	16.62
2.25	19.26
5.85	18.64
9.63	16.55
10.03	20.83
7.64	22.76
5.32	15.68
6.74	15.89
3.36	15.82
6.43	19.84
6.68	21.97
8.46	24.17
10.58	21.96
9.91	18.69
7.05	17.24
5.31	15.93
8.25	16.16
4.47	20.83
5.71	23.99
9.35	23.53
11.91	22.78
10.62	24.17
13.37	24.76
15.48	21.06
14.66	19.04
8.16	23.44
8.93	25.62
13.87	22.31
14.14	24.2
10.96	18.94
4.55	18.66
7.88	21.49
8.72	14.19
8.56	16.69
5.5	16.3
7.63	13.04
9.49	19.86
7.92	22.38
9.65	21.94
9.26	23.98
9.58	24.76
14.2	20.98
8.51	20.76
11.04	21.1
8.25	20.34
9.79	25.23
14.87	20.79
13.55	23.53
10.56	26.61
16.22	25.36
11.93	24.59
13.94	21.45
14.65	22.48
11	25.66
13.81	23.72
8.44	25.07
11.54	22.11
12.74	24.16
12.34	27.38
13.1	20.39
10.74	20.11
9.67	21.59
11.2	23.17
11.92	23.96
13.79	27.11
15.86	29.69
16.1	30.27
16.57	26.17
10.18	27.21
16.43	30.06
14.61	25.95
13.38	18.95
9.66	18.74
11.25	19.1
13.63	20.43
14.23	22.75
11.51	27.96
13.73	23.28
8.86	21.97
9.26	25.24
9.98	28.27
12.71	29.29
13.07	29.9
17.5	30.71
16.05	30.17
15.92	30.99
17.13	30.38
16.87	32.15
17.43	29.49
15.7	25.15
12.11	23.81
10.07	26.44
14.22	24.22
9.68	24.07
13.77	21.12
10.46	19.7
7.54	24.46
10.54	28.49
15.22	32.38
17.32	32.69
17.2	32.16
14.42	31.41
15.56	30.91
17.11	29.42
16.76	27.84
17.15	24.34
16.93	24.31
17.01	24.49
15.96	23.96
16.52	21.32
16.66	23.54
14.55	19.57
13.64	24.58
10.89	23.69
10.31	23.39
15.04	21.28
13.3	22.27
13.25	26.9
13.21	21.38
7.23	21.2
8.84	23.25
14.86	18.89
6.95	23.46
8.06	24.45
11.99	22.53
7.51	20.01
8.48	21.72
9.81	23.69
10.57	27
13.96	23.37
14.9	20.72
12.72	22.6
11.47	21.21
12.07	22.31
9.92	19.28
12.45	15.77
11.5	14.44
10.29	14.84
8.91	17.85
9.04	11.86
6.8	13.67
4.08	16.82
2.47	20.81
7.64	15.48
7.97	9.12
7.1	11.42
3.56	9.57
3.7	13.78
7.16	10.07
6.22	8.55
6.41	10.13
0.45	11.92
5.56	8.92
1.53	8.28
2.76	14.01
0.96	12.54
4.57	10.63
6.21	10.03
5.14	8.75
2.09	8.76
4.87	8.42
1.58	12.93
1.55	13.31
-0.35	14.1
7.65	12.7
4.27	7.75
3.8	12.63
-0.17	12.64
2.14	8.92
3.95	14.45
4.34	10.16
0.07	9.51
4.52	7.85
1.61	7.5
-1.88	8.46
-2.41	7.03
0.67	8.56
-1.11	9.25
0.92	10.34
-2.15	10.32
3.66	5.13
3.5	5.44
2.42	3.84
0.83	7.26
-3.21	9.5
-3.26	9.57
1.61	10.22
1.11	13.14
0.21	9.87
3.35	15.27
9.08	16.45
11.92	16.99
5.45	15.85
4.44	14.38
5.54	13.5
-0.3	9.75
-0.03	5.59
1.85	4.99
4.13	7.29
5.07	7.07
5.66	7.73
3.85	9.2
0.4	8.14
1.64	5.23
-0.56	4.34
-1.15	7.34
-0.61	9.22
1.44	10.22
4.14	14.79
3.58	12.74
-0.43	6.54
-0.78	4.31
0.94	6.69
4.69	11.44
6.09	9.17
4.18	6.69
3.99	5.48
0.14	5.48
-3.12	1.46
-1.06	2.16
-6.26	3.98
-4.35	3.68
-3.08	4.79
0.53	8.85
-2.4	6.4
-1.26	7.51
-2.16	9.1
-4.89	5.55
-5.45	6.63
-2.96	-1.03
-1.59	0.26
-1.72	2.68
-1.66	10.75
-0.05	11.28
3.66	17.33
1.64	9.81
-0.61	2.84
-2.82	3.09
1.28	6.29
-0.24	5.35
-3.93	2.73
-1.81	4
-0.55	14.38
-1.23	7.26
0.43	4.76
-2.81	2.77
-5.12	5.77
-5.72	6.13
-2.44	6.55
-4.31	6.71
-3.71	9.66
-3.31	5.84
0.47	9.77
6.1	13.14
7.39	12.06
5.91	13.71
2	9.23
-0.95	4.41
0.57	6.71
-0.13	5.3
-0.55	8.21
1.03	10.42
1.26	10.91
-1.09	8.94
2.57	7.65
-1.1	9.59
-0.73	4.46
-2.52	6.92
-1.53	3.11
1.91	7.93
1.43	5.83
-0.99	2.77
-5.35	4.5
-6.12	6.15
-5.8	9.23
-1.34	3.32
-7.2	4.13
-7.64	7.3
-5.52	11.14
-2.21	6.56
-1.85	6.1
-0.05	8.29
-0.69	5.97
-1.61	2.72
-8.37	1.36
-9.1	4.48
-2.38	3.74
-0.49	3.19
-0.97	4.34
-4.91	6.89
-6.39	9.38
-5.2	8.46
-5.22	7.59
-0.9	4.33
-5	7.21
-7.57	12.16
-5.3	13.8
-2.91	15.64
2.44	16.61
4.09	15.11
4.3	14.13
1.06	15.28
0.21	15.27
4.72	16.09
3.08	16.49
1.26	16.92
4.35	16.66
2.91	12.89
5.46	13.79
5.69	8.88
1.93	12.06
0.22	10.26
3.41	6.54
1.56	5.81
2.53	11.49
5	11.68
3.32	8.62
-1.39	4.76
-0.83	3.16
-0.99	6.16
-2.37	7.9
-2.68	12.16
1.88	12.68
8.19	15.12
0.79	11.07
1.04	3.6
2.62	5.46
3.49	7.04
3.94	7.85
3.97	10.65
7.03	14.83
6.05	19.63
8.11	20.73
6.98	15.79
3.65	13.63
3.08	14.5
1.48	8.31
4.49	10.56
-1.72	11.84
4.1	13.63
4.85	15.96
5.78	20.24
6.72	14.46
3.67	14.05
4.62	13.51
1.68	14.36
-0.13	18.19
4.79	15.77
7.84	18.02
5.28	16.22
7.23	18.06
8.46	14.88
3.34	11.41
2.2	13.81
0.9	17.93
1.44	20.65
2.21	22.34
7.35	18.07
6.32	19.42
5	20.63
8.34	17.6
8.42	17.89
8.69	19.15
9.82	24.43
12.62	20.05
6.64	18.53
4.99	21.55
5.74	22.32
8.77	21.72
10.02	18.59
10.32	23.59
12.63	23.55
10.41	25.72
11.55	25.69
10.72	26.92
11.89	27.62
11.96	25.85
12.25	24.43
12.74	24.74
10.5	16.21
9.15	17.95
11.74	14.64
9.71	19.64
11.1	19.56
13.28	20.97
8.93	24.48
15.07	23.57
10.16	22.04
9.76	18.86
6.64	13.93
9.48	15.89
10	17.2
5.67	16.09
6.16	16.96
6.69	17.76
11.77	16.63
10.73	19.14
11.55	20.08
12.68	22.61
10.45	25.12
12.16	26.71
14.62	27.63
14.82	29.03
17.1	25.06
13.42	19.89
12.31	17.48
7.87	19.59
14.75	18.24
13.61	24.24
15.84	27.73
15.99	29.06
15.58	27.09
14.31	22.51
13.71	24.62
10.96	27.49
13.65	26.65
12.82	22.45
12.48	16.83
9.97	12.53
10.48	21.9
16.67	24.88
11.4	26.59
15.59	23.81
14.61	25.2
13.11	26.17
12.12	27.05
14.26	27.34
15.61	27.8
17.01	26.01
15.44	22.86
16	25.13
13.98	27.78
15.89	29.44
17.11	27.11
14.48	26.95
15.57	28.84
16.01	25.41
11.51	24.6
13.76	23.82
13.86	24.92
12.24	26.35
14.06	27.85
14.05	23.59
9.02	21.17
9.51	22.54
10.34	24.73
12.31	26.63
15.71	26.78
13.24	25.84
13.1	26.12
13.51	25.69
13.11	24.35
13.53	24.82
12.73	22.75
12.45	25.13
14.09	25.41
15.03	24.59
14.46	26.49
14.89	28.16
13.97	28.59
15.25	25.83
15.75	23.66
11.39	23.02
12.3	25.4
14.95	22.96
13.9	27.39
15.4	25.6
15.46	22.42
9.83	23.66
9.84	25.88
10.94	25.06
11.69	25.55
14.43	25.52
15.12	19.79
13.95	20.54
14.39	20.85
14.76	19.75
15.19	19.26
14.01	23.47
15.19	24.57
12.33	25.57
13.25	25.58
13.98	24.87
13.1	24.86
13.48	24.81
13.32	23.34
12.92	20.52
13.89	20.16
7.85	20.6
9.54	22.24
9.66	22.63
14.07	18.03
10.82	15.05
5.85	20.51
13.28	24.72
14.47	25.66
13.74	27.87
14.49	26.22
11.38	24.17
8.99	24.67
8.99	24.58
11.61	22.66
9.81	23.59
11.5	23.09
11.58	22.29
14.21	23.81
12.31	20.48
13.27	24.58
12.01	24.28
12.23	23.82
12.59	24.74
12.88	21.79
9.85	23.62
11.92	18.88
5.86	17
7.31	16.68
5.47	18.76
3.67	16.35
4.81	14.55
4.51	11.62
4.21	9.45
2.72	8.21
6.67	8.6
6.52	9.77
2.46	12.85
3.63	13.64
9.34	11.12
8.38	13.14
6.47	12.88
8.27	10.84
5.66	12.41
5.76	12.36
2.2	13.74
6.46	12.85
1.44	13.41
-0.03	15.96
-0.08	17.6
-0.05	17.56
0.73	16.74
2.4	9.69
1.51	10.75
3.36	5.13
4.83	7.78
6.52	7.9
6.91	8.77
6.82	8.19
5.89	7.49
5.83	7.58
4.35	9.39
3.96	7.02
4.09	5.48
4.5	6.63
3.11	6.28
3.83	6.26
3.22	5.51
1.98	6.37
-0.26	3.66
0.8	2.85
3.13	6.95
0.28	8.8
1.95	6.22
-0.59	5.65
-3.83	4.29
-1.67	0.58
-4	0.86
-9.64	0.21
-9.94	2.09
-5.37	4.37
-1.88	8.03
-1.52	6.34
0.71	6.5
0.85	5.53
2.26	5.13
3.51	5.72
3.55	6.53
0.23	4.88
0.28	7.42
-0.69	6.66
-3.41	5.06
-3.93	3.05
-4.47	2.61
-2.35	2.8
-2.14	0.68
-1.02	0.55
-0.66	1.22
-0.7	0.74
-0.44	0.98
0.65	2.13
-1.71	1.6
-8.46	-1.91
-10.27	-0.17
-8.12	-0.23
-6.57	4.52
-6.31	2.72
-7.59	1.42
-4.6	-0.54
-5.59	3.66
-1.86	5.13
-3.99	5.77
-4.94	0.64
-2.39	-0.46
-3.57	-2.22
-3.91	-1.16
-2.16	7.6
0.35	10.03
0.94	5.97
-3.85	2.7
-0.15	4.64
-1.22	0.99
-3.93	5.11
-5.52	2.17
-4.91	0.59
-2.65	7.56
-0.34	13.61
3.62	12.19
1.78	8.73
-0.29	7.24
-4.99	1.45
-7.56	0.23
-3.79	1.33
-2.13	5.98
-5.53	6.21
-1.31	7.76
-1.77	6.96
-1.04	12.63
0.03	6.13
-4.11	0.54
-7.07	1.04
-3.26	-0.01
-6.3	-1.87
-5.85	-2.54
-12.04	-2.73
-6.29	-3.2
-6.74	-4.57
-5.57	-2.02
-2.94	0.7
-1.57	1.48
-0.51	2.09
-0.47	1.13
-7.61	1.42
-10.14	-1.5
-11.55	-2.67
-6.87	4.1
-2.46	0.77
-3.22	-0.67
-5.36	-2.18
-5.28	0.35
-0.45	3.07
0.54	4.37
0.45	3.43
-0.7	1.25
-1.61	1.86
-0.38	2.9
-2.28	3.19
-4.04	5.33
-4.17	1.9
-3.92	-0.67
-2.21	0.94
-0.95	14.42
-1.02	13.21
-2.67	12.55
-2.91	14.39
-1.5	17.94
-1.53	16.03
-1.09	8.64
-2.29	3.88
-4.97	-0.29
-6.56	-0.53
-4.68	-1.18
-8.08	0.1
-3	-0.78
-3.67	0.74
-13.73	0.83
-15.86	2.7
-10.33	2.62
-7.31	3.11
-2.41	5.23
0.54	3.77
1.66	9.76
-0.54	12.73
3.32	14.04
0.17	7.93
-3.72	1.54
-7.42	4.27
-2.08	3.85
1.87	5.87
-1.55	9.99
1.95	15.18
-1.13	14.39
-1.08	12.76
1.73	15.23
1.41	18.93
5.44	16.48
2.12	20.61
3.17	22.51
6.14	24.09
2.68	23.87
4.92	22.51
5.34	23.45
6.99	18.43
5.66	9.96
4.36	9.33
3	10.21
0.76	11.09
0.13	15.84
4.06	15.89
3.6	16.58
2.06	19.02
6.16	16.1
5.57	17.43
3.26	19.59
3.35	21.19
4.89	21.19
5.36	18.98
4.73	14.84
2.1	6.49
6	13.32
8.93	16.42
6.26	12.88
6.67	16.16
4.19	11.85
2.42	7.46
-2.15	10.52
-2.23	13.9
0.28	11.84
3.75	18.69
4.33	21.56
9.98	22.79
7.32	25.54
8.18	25.6
9.16	24.08
8.29	23.71
9.06	24.34
8.25	23.29
7.54	23.08
10.6	20.34
7.05	17.23
1.81	18.86
4.71	23.3
7.18	23.57
8.8	24.23
8.98	24.42
8.62	24.03
9.64	21.71
10.84	16.27
6.33	14.16
9.37	15.43
7	19.92
8.88	21.74
11.45	18.29
7.83	18.83
6.67	21.32
9.03	23.29
12.19	18.96
10.85	18.98
11.67	16.31
9.06	15.22
6.51	16.61
5.29	15.59
7.29	19.08
11.3	21.22
11.05	24.2
10.93	24.22
10.42	22.31
9.5	23.46
14.31	22.78
11.58	26.84
14.92	23.01
10.25	25.92
12.96	22.36
10.45	19.4
8.61	23.52
9.58	26.08
11.33	27.65
12.65	28.11
13.79	28.33
13.74	25.38
11.52	25.4
10.3	26.06
10.65	27.02
11.42	26.65
11.23	27.47
13.19	30.52
16.34	28.92
12.04	28.92
11.83	28.41
11.06	29.04
11.43	30.6
13.71	31.56
15.21	24.71
9.1	25.84
10.22	28.1
12.3	27.99
12.91	24.71
12.53	26.56
10.13	27.69
11.91	29.69
16.75	26.34
13.24	28.52
13.34	30.45
14.3	31.15
15.23	31.21
13.88	31.71
14.96	31.55
16.21	28.15
16.76	23.31
15.03	19.06
15.12	19.98
14.46	17.8
13.48	22.76
14.28	22.64
15.14	24.58
14.47	21.7
7.42	23.74
10.94	25.88
14.11	22.4
8.58	20.64
10.4	23.29
12.04	21.79
10.94	19.49
7.05	20.78
7.49	23.97
11.23	23.03
8.96	21.43
10.09	23.33
15.08	22.51
13.69	24.3
11.3	22.23
10.81	23.73
9.27	24.31
10.89	19.85
14.4	19.39
11.9	22.73
11.38	22.32
10.48	21.81
10.67	17.59
9.81	14.81
9.36	20.72
9.37	21.7
7.38	23.53
7.7	24.17
7.96	24.7
8.82	24.74
9.74	25.83
15.08	20.75
14.27	24.33
14.73	21.71
13.33	21.93
11.06	18.52
9.64	11.76
9.44	15.7
6.12	16.65
7.77	19.19
5.11	20.98
6.39	21.27
10.8	20.16
8.85	16.23
7.63	22.85
12.44	23.37
13.3	23.78
11.04	16.87
10.43	15.74
9.61	17.8
10.24	14.52
11.04	18.17
9.06	16.15
8.6	15.44
7.83	13
8.27	15.39
4.46	18.64
7.6	22.37
11.46	16.54
10.63	19.11
11	25.08
15.21	24.76
14.65	18.93
11.23	16.19
13.66	23.15
12	24.77
15.45	22.95
12.8	18.28
11.78	19.08
5.78	21.89
6.3	23.61
7.45	23.75
7.48	22.76
9.07	21.3
11.78	23.07
11.96	23.14
12.65	18.32
10.1	17.11
10	13.02
6.03	11.04
4.05	5.81
4.89	6.32
4.88	8.46
5.16	8.13
1.53	11.3
-0.74	10.68
-0.54	9.35
1.19	5.2
2.48	5.41
2.16	4.63
-0.33	6.46
4.48	12.86
5.83	11.05
8.94	17.34
5.5	12.8
4.48	8.81
6.39	14
8.68	12.34
7.52	14.24
8.46	13.33
7.45	13.87
5.44	15.47
4.47	16.02
8.01	15.97
8.85	15.23
8.52	12.51
8.34	9.79
7.66	9.41
6.22	8.17
3.45	9.45
4.75	7.78
3.78	6.46
0.84	6.05
1.76	4.68
2.21	3.53
2.58	4.06
-1.31	4.91
-4	4.51
-0.14	3.53
-1.31	2.22
-3.81	0.98
-2.58	6.4
-2.69	3.89
-2.33	7.61
3.42	10.9
3.1	12.72
1.33	9.32
0.2	3.29
0.39	2.72
-1.95	1.8
0.35	6.59
0.54	8.5
-1.01	8.84
0.34	3.24
-1.84	3.88
-3.27	0.79
-4.75	1.24
-6.06	1.39
-5.32	-1.08
-4.85	-2.2
-2.75	-0.52
-0.9	1.36
0.62	3.76
1.97	4.72
-0.73	3.06
1.36	2.96
-0.25	1.81
-1.41	-0.28
-1.51	1.35
-4.35	2.58
-9.02	-0.64
-8.69	1.62
-4.45	-1.52
-11.92	-2.98
-18.41	-5.61
-10.64	2.65
-1.53	4.29
0.07	1.12
-0.9	0.32
-2.05	-0.56
-2.37	-0.71
-2.03	-0.97
-2.54	3.25
-2.25	0.11
-2.47	3.79
2.59	7.76
2.23	6.36
-0.28	3.96
-6.02	1.78
-2.15	2.27
-4.73	0.47
-6.23	2.06
-4.29	0.86
-10.01	-3.16
-5.85	0.07
-3.08	0.26
-1.32	0.42
-2.68	7.22
-0.13	3.08
-0.99	3.12
1.32	10.48
3.47	7.64
-1.7	9.07
2.7	6.9
2.22	10.74
1.08	4.79
-2.92	2.05
-5.5	-0.17
-10.43	0.73
-9.52	0.08
-3.57	2.34
-1.1	2.34
-1.31	3.88
-0.42	10.32
0.43	10.66
3.82	11.49
5.52	13.78
1.94	10.22
2.79	12.39
1.94	6.66
0.08	5.78
-0.78	8.2
-1.48	9.13
-0.19	11.71
2.01	13.92
8.03	14.56
9.86	14.09
4.83	12.05
7.69	14.66
2.12	15.98
4.45	15.38
2.52	12.75
0.27	6.98
-2.81	1.36
-5.35	6.5
-3.74	8.08
1.93	13.69
6.02	12.47
4.94	13.2
-0.51	14.09
-1.29	11.04
-0.79	12.67
0.1	15.72
0.22	14.97
0.62	14.85
8.42	14.79
5.93	9.66
0.88	15.85
5.63	14.34
-0.37	15.37
2.44	16.61
3.9	16.72
3.57	17.01
6.13	16.82
2.67	15.52
6.54	19.25
6.33	22.49
3.71	24.18
3.91	22.37
6.77	18.41
5.02	19.09
7.93	17.58
1.87	12.98
-1.85	2.15
-2.32	2.88
-2.43	9.18
-0.64	12.83
1.89	11.4
6.2	10.28
5.83	8.95
-0.6	12.91
1.97	16.86
6.24	12.77
2.38	7.36
0.83	7.27
-1.53	6.77
-1.53	7.14
1.1	9.52
3.92	12.46
3.22	9.29
-0.15	9.63
-0.46	14.16
-1.75	18.2
5.71	13.43
6.17	11.61
-1.91	14.95
4.02	19.63
8.85	19.59
7.18	16.29
2.83	14.92
4.54	18.46
5.95	23.83
10.71	19.5
9.17	25.39
9.9	26.12
11.63	26.17
10.9	23.73
8.81	25.66
9.94	28.2
15.13	24.58
8.38	18.94
8.01	15.07
5.08	16.33
5.57	16.5
4.78	18.8
5.76	21.11
8.14	24.1
13.38	21.62
10.25	15.89
8.9	17.03
8.2	18.64
8.16	19.88
9.01	19.02
13.65	22.48
14.71	26.71
11.9	26.57
10.97	22.94
9.26	15.63
3.36	19.84
4.94	23.02
10.15	18.89
7.26	15.93
2.1	18.25
2.56	22.34
6.24	24.5
10.5	17.28
5.79	16.02
0.89	17.84
6.84	18.1
7.56	17.13
11.14	20.81
10.68	23.08
8.66	23.32
11.62	26.85
11.7	29.13
12.36	29.39
14.24	28.87
16.49	29.31
14.52	30.11
17.06	31.48
12.46	26.19
14.74	22.22
15.69	26.05
15.18	29.49
16.73	27.82
15.65	26.28
12.25	24.36
14.52	20.71
13.55	23.46
10.08	25.35
11.4	26.32
10.95	23.86
14.63	20.48
9.45	22.23
10.12	25.67
15.18	22.63
13.45	23.07
9.98	25.7
12.41	28.76
14.9	27.13
15.61	25.8
10.23	24.28
12.29	27.75
13.18	27.47
16.36	25.2
15.73	24.49
14	25.37
14.56	27.57
10.72	28.36
15.53	27.02
13.3	19.46
9.04	21.19
12.18	23.23
13.68	23.88
15.18	22.84
12.99	25.37
14.3	22.56
12.23	19.9
12.21	23.73
13.28	25.98
13.24	27.59
12.06	23.68
7.79	21.82
8.27	23.2
10.19	25.09
12.61	26.22
15.06	24.41
15.09	19.83
12.74	20.35
14.07	23.66
11.6	26.4
11.69	27.51
13.29	27.27
12.75	26.46
13.29	27.88
13.86	27.71
13.67	26.2
13.41	22.89
10.84	23.53
13.19	20.7
11.23	21.86
12.74	24.66
11.58	23.66
15.33	22.17
15.62	25.79
16.98	24.22
11.88	22.99
16.27	21.44
14.91	22.52
12.49	20.95
9.04	19.19
7.93	21.2
9.86	23.11
11.34	25.39
15.43	21.78
16.23	24.02
16.93	26
15.2	26.37
12.34	25.19
11.79	25.28
12.22	26.4
11.38	26.51
12.97	25.98
12.71	25.99
11.83	26.86
12.49	27.32
11.67	21.61
5.56	17.84
11.48	21.2
9.88	25.02
10.73	19.37
4.33	16.28
4.7	21.67
6.94	15.98
4.46	11.48
6.84	8.46
4.35	13.02
6.21	9.54
7.34	13.68
4.19	16.04
6.36	14.55
6.91	14.97
6.44	15.32
5.28	15.02
8	12.86
2.48	12.73
-1.06	14.46
4.56	19.03
3.34	20.73
6.21	15.24
1.41	15
-0.14	17.18
3.92	20.71
8.92	21.55
12.97	23.1
14.37	23.54
6.31	22.14
7.63	17.73
12.58	14.46
11.14	14.15
8.52	16.98
8.19	16.86
7.8	12.52
5.14	14.76
-0.12	14.95
-0.84	16.16
1.07	15.53
1.2	14.71
1.93	10.39
4.15	11.97
8.34	12.49
5.26	16.32
6.11	18.84
4.79	17.28
4.17	15.13
5.71	11.35
8.47	12.3
7.9	13.56
4.94	11.75
8.16	12.07
7.05	13
5.54	14.83
4.46	19.78
8.66	13.89
8.4	13.21
5.93	13.6
2.64	8.63
5.79	9.71
6.28	16.55
3.15	19.89
1.46	16.26
3.5	11.56
0.61	7.2
2.62	7.89
3.95	6.73
-0.24	8.49
-1.64	8.8
-2.19	7.9
-4.42	4.84
-1.53	7.72
2.61	7.51
-0.23	7.47
-2.4	8.09
-1.27	7.23
0.59	3.51
1.27	3.65
-1.22	3.5
-6.16	2.28
-6.43	0.27
-2.81	0.54
-2.8	0.97
-1.31	1.05
-4.99	2.83
-9.8	1.89
-10.35	1.08
-1.75	2.43
-0.3	1.01
0.14	1.29
0.41	1.96
-1.14	0.54
-7.93	-0.76
-6.72	-2.47
-6.57	0.21
-2.34	2.48
-0.31	4.38
-1.93	1.45
-2.67	-0.78
-4.48	-2.18
-4.82	-4.14
-4.82	-3.43
-4.8	-1.2
-7.39	-2.29
-5.39	0.55
0.19	9.55
1.21	7.77
0.34	6.83
2.33	7.24
0.09	2.88
-1.69	1.94
-3.06	5.61
-4.66	3.97
-5.74	5.77
-3.87	7.07
-0.11	7.23
-5.16	1
-10.13	0.65
-0.75	2.55
-3.15	0.55
-5.48	-2.93
-5.08	-3.29
-5.03	-2.97
-4.44	3.33
0.18	3.99
-1.22	3.18
-2.42	1.96
-1.97	0.16
-0.85	0.12
-1.95	1.26
-3.22	0.77
-1.49	0.09
-2.55	0.41
-1.59	0.38
-4.18	1.35
-5.73	3.33
-0.09	6.94
-3.58	5.95
-3.48	6.99
-3.78	3.01
1.6	7.78
-0.98	4.67
-2.11	4.94
-2.63	5.05
-0.68	3.11
-2.36	2.82
-1.1	3.48
-0.98	1.84
-1.08	3.51
-3.01	1.82
-2.88	-0.24
-6.22	-1.48
-8.71	0.01
-2.88	1.28
-0.69	1.62
-0.97	1.63
-3.68	2.63
-4.88	2.89
-8.48	2.73
-1.73	1.74
-3.75	1.64
-8.21	-2.12
-7.12	-1.19
-19.74	-1.11
-14.97	0.1
-11.6	5.7
-0.44	10.42
6.38	13.6
5.07	16.12
6.89	12.02
3.77	12.26
4.44	10.11
2.88	16.17
3.06	15.47
2.15	16.45
3.43	12.7
6.01	9.73
1.03	6.94
-0.61	9.11
2.14	9.98
2.26	10.32
-0.37	15.07
3.7	9.66
-3.76	10.08
4.67	13.16
6.18	9.82
0.94	14.14
4.06	10.49
2.02	6.9
-0.45	8.12
-2.51	10.25
2.97	10.16
-0.19	8.67
-3.32	9.99
1.9	5.48
1.33	10.56
-0.67	9.84
0.04	11.3
3.94	16.23
1.95	19.95
5.31	20.6
5.2	20.08
2.71	18.94
2.78	18.35
7.99	14.53
7.25	14.88
4.17	13.3
2.89	9.29
-3.57	9.56
0.8	12.92
0.02	12.78
-0.27	14.95
8.83	16.95
1.87	13.75
2.13	5.61
1.31	7.03
2.87	7.39
2.92	6.04
2.5	8.04
0.34	10.83
1.96	8.69
4.46	13.56
4.68	13.78
6.16	16.48
3.41	17.62
2.86	18.53
4.35	18.7
3.06	18.58
5.11	15.36
5.71	18.5
5.24	20.46
12.24	21.85
11.32	20.68
8.27	16.81
4.84	18.6
8.47	20.76
5.39	20.23
12.01	18.04
11.4	18.71
8.81	18.17
6.98	16.11
9.07	14.87
3.39	10.18
-2.44	10.37
3.61	11.97
5.72	11.1
1.9	16.56
7.45	17.03
4.31	18.45
9.01	17.99
11.21	19.85
12.18	18.99
7.98	19.58
13.48	17.62
11.36	20.28
11.01	18.14
11.95	18.94
11.45	19.14
8.05	18.36
9.55	19.24
10.49	19.48
10.99	21.02
10.56	22.99
10.82	25.81
11.31	25.94
10.54	27.23
11.22	27.45
12.14	26.94
13.42	24.35
14.03	26.97
14.92	27.38
13.32	24.69
15.57	26.22
11.76	18.95
11.81	18.33
9.53	15.72
10.3	17.28
6.38	20.26
7.73	21.38
12.62	21.36
13.42	20.74
10.15	21.16
10.08	22.87
11.75	22.31
11.77	24.21
11.79	24.96
14.81	22.78
8.78	20.38
10.27	19.67
7.12	18.29
10.9	17.49
8.2	20.71
8.27	23.72
10.63	24.62
14.88	20.66
11.32	25.59
12.61	26.31
12.65	23.77
8.41	22.05
11.63	19.99
10.17	20.02
8	21.24
11.05	19.84
11.48	20.3
13.69	26.71
15.76	27.12
14.03	25.16
15.75	23.18
11.61	20.02
10.63	24.25
14.23	26.37
14.84	20.9
9.85	23.25
12.51	20.03
8.79	18.92
6.84	20.57
7.31	22.57
9.08	24.84
10.2	25.61
11.87	26.3
11.36	27.72
12.95	28.49
13.62	24.71
12.65	26.16
12.89	27.13
15.39	28.47
14.94	28.13
16.09	23.96
14.95	27.57
14.32	27.95
16.26	29.24
15.29	25.89
10.96	24.07
12.02	20.53
10.36	22.02
10.02	20.22
9	21.06
12.83	19.29
7.82	24.32
11.89	27.04
13.72	23.4
13.11	21.51
7.84	21.11
8.37	24.19
9.25	23.61
9.42	24.59
8.95	25.4
10.41	24.31
11.59	25.18
11.88	19.14
4.88	20.25
7.93	16.69
7.7	20.16
8.51	19.78
9.59	15.6
3.87	18.75
6.63	19.94
5.69	21.11
9.74	21.99
9.29	22.69
11.84	22.03
10.91	22.44
9.52	21.88
9.1	22.3
11.2	20.21
11.35	29.83
11.88	21.08
7.28	17.15
5.13	18.84
7.26	22.44
9.35	22.6
6.55	23.47
8.36	20.94
11.61	16.15
7.31	15.19
2.07	14.78
6.3	18.25
11.12	19.43
11.75	21.21
9.62	27.15
9.81	24.95
10.91	16.45
8.88	13.9
1.8	17.22
5.87	15.38
7.27	12.74
8.41	12.35
11.33	16.28
9.77	18.35
7.97	14.53
5.82	17.57
6.76	20.01
6.53	19.09
6.44	19.88
4.95	19.78
4.8	19.39
4.89	19.65
4.8	20.5
3.42	16.63
4.99	15.18
4.25	14.47
2.28	14.66
4.12	10.97
7.22	12.41
6.95	12.06
2.83	13.04
2.97	11.44
4.48	14.33
2.71	14.75
0.83	16.32
7.44	11.49
2.64	8.93
-1.97	8.96
5.12	14.25
0.67	13.2
5.01	15.52
-0.85	13.29
-0.68	10.26
3.55	5.99
4.01	7.61
2.08	6.22
3.25	4.85
2.86	4.08
2.65	3.53
1.93	2.93
0.76	1.76
0.06	0.92
-0.86	0.15
-1.62	-0.73
-1.59	1.47
-2.85	0.33
-2.5	-0.68
-1.89	4.01
-2.73	3.58
-1.35	0.24
-1.71	-0.31
-2.59	-0.05
-1.8	1.46
-2.65	3.27
-3.76	3.26
-2.62	-0.9
-2.12	-0.26
-0.69	0.56
-5.19	1.06
-0.87	2.56
-3.31	5.21
-8.57	2.07
-7.4	0.1
-7.8	1.03
-4.87	-0.56
-5.94	-0.99
-14.57	-5.93
-14.12	-4.7
-7.55	-4.55
-5.6	-1.54
-6.17	5.43
0.28	5.73
0.02	8.14
2.74	11.8
0.74	8.35
-1.06	8.52
-1.67	8.74
0.43	7.56
-3.41	2.82
-6.14	-3.51
-6.31	-0.08
-11.48	-4.06
-4.12	0.15
-1.78	0.06
-0.96	0.2
-0.4	2.17
-1.45	3.95
-2	3.49
-1.26	8.56
0.61	11.69
5.75	12.44
2.8	12.29
-7.36	8.22
-9.22	-4.28
-10.37	-2.91
-12.05	-2.82
-13.39	-3.24
-14.79	-4.61
-14.31	-2.47
-11.4	-2.59
-11.13	0.17
-1.71	1.88
-2.06	1.66
-7.73	-0.05
-11.56	-1.04
-10.76	1.06
-5.59	0.69
-2.75	-1.33
-9.62	-2.72
-10.14	-3.09
-16.94	-3.39
-15.75	-2.85
-7.3	-1.5
-2.31	0.63
-1.72	-0.04
-0.85	0.41
-0.15	1.57
-1.4	2.79
-2.49	4.45
3.43	13.51
0.64	10.7
-1.33	6.6
-1.98	5.13
-3.02	6.55
-0.42	9.05
2.27	7.69
1.58	4.63
2.67	8.97
1.14	5.58
-4.33	2.45
-1.42	6.06
-1.11	3.54
-1.03	1.65
-2.21	-0.02
-2	0.41
-0.57	7.32
1.74	6.99
3.2	5.9
3.51	6.4
0.35	5.66
-0.93	1.25
-0.76	2.48
-2.13	3.62
-7.9	3.1
-8.91	3.22
-9.15	3.78
-6.92	4.57
-4.22	1.2
-2.66	-0.58
-5.74	1.95
-4.83	-0.27
-3.78	6.78
-1.93	7.63
-2.67	11.4
-1.55	13.97
0.75	11.25
2.83	6.86
1.72	10.3
1.23	7.54
-2.76	10.02
3.38	10.18
-2.21	7.72
3.38	12.12
5.61	15.3
5.7	17.5
8.95	18
10.14	16.88
4.1	11.9
2.52	14.16
4.34	16.65
2.68	17.07
6.23	13.92
3.47	9.63
4.39	14.94
3.13	9.96
-2.47	12.27
7.36	16.74
7.67	11.71
4.82	16.13
5.73	11.88
1.46	9.32
3.25	12.51
4.16	10.06
1.17	13.27
-0.32	14.67
4.47	14.23
1.11	11.69
4.41	9.21
2.81	9.93
1.91	9.58
-0.53	9.71
1.23	13.39
-0.12	16.36
2.28	14.91
1.31	17.71
2.77	19.25
3.51	20.66
5.68	19.81
9.17	15.78
4.47	11.52
-0.38	9.24
-2.37	11.37
-0.18	13.84
4.71	14.8
1.64	18.59
10.43	17.5
9.41	15.66
5.89	17.15
8.32	13.56
7.39	10.27
5.04	13.83
3.68	16.59
5.85	12.48
5.83	16.35
2.83	13.14
-1.35	12.5
1.23	10.13
-0.56	14.16
2.98	14.01
2.15	16.77
4.92	17.97
2.94	19.98
6.31	18.91
6.84	16.81
9.94	18.64
9.54	19.94
6.32	22.05
5.9	23.77
7.37	24.66
10.52	25.19
11.56	27.42
10.94	28.97
13.07	27.13
8.93	25.24
9.08	27.2
12.13	28.23
13.27	26.24
10.24	25.86
13.05	27.64
16.54	23.73
9.68	25.69
12.68	25.48
10.81	27.89
13.87	29.9
13.88	30.1
14.61	30.26
15.13	30.16
14.59	30.33
13.84	29.77
12.22	30.29
16.15	25.61
15.56	26.86
13.37	27.9
14.35	27.91
16.36	26.42
16.09	27.52
15.99	23.7
12.71	23.4
13.72	20.57
11.2	20.17
10.91	18.53
11.21	19.7
13.93	17.24
13.83	16.26
11.33	22.44
13.55	20.7
13.74	25.65
14.01	27.62
16.5	26.41
15.49	29.05
16.27	26.11
17.41	24.75
14.6	25.5
12.92	21.31
10.71	17.17
9.97	11.41
11.22	18.63
11.45	19.84
9.29	23.54
11.3	21.89
13.62	18.69
8.24	21.72
14.15	23.29
9.31	21.91
12.22	23.51
15.64	24.39
16.46	24.02
14.85	24.24
11.55	20.87
12.86	19.51
12.63	24.1
14.59	27.74
15.42	26.86
15.04	25.23
15.11	21.45
11.84	20.48
8.84	20.24
11.42	23.49
12.77	25.65
12.81	24.08
13.82	21.81
11.45	24.56
16.15	27.39
13.53	27.72
18.12	29.49
16.43	29.64
17.49	29.32
14.7	26
10.34	23.98
10.92	24.76
13.88	25.99
14.42	26.8
16.99	23.09
14.69	20.02
11.47	20.07
9.19	20.77
8.55	21.67
11.76	24.82
11.49	27.46
12.8	27.12
14.26	25.47
10.95	23.12
12.31	17.97
13.93	21.39
10.92	23.2
11.44	24.64
11.49	25.62
12.45	23.95
11.49	16.99
6.01	18.19
10.42	20.51
8.34	18.52
8.08	19.19
7.88	18.96
6.95	21.74
7.09	23.44
7.65	24.57
10.23	25.53
13.29	18.8
11.48	17.21
10.08	21.61
7.51	23.5
10.66	25.01
11.61	25.1
11.96	23.1
12.06	23.23
11.3	24.77
11.69	26.3
11.94	24.92
12.85	18.58
7.42	14.42
1.6	17.41
3.6	22.96
6.2	25.36
7.32	24.07
9.78	23.66
10.7	22
9.99	16.1
10.35	12.57
9.32	11.64
4.48	16.7
3.68	18.47
6.58	18.92
10.66	14.43
6.86	17.34
5.02	15.34
6.49	13.17
3.78	12.45
-1.68	13.93
1.74	15.89
6.72	11.39
4.55	10.24
2.31	9.78
4.84	13.37
1.48	11.29
4.58	15.21
6.79	19.75
9.05	19.99
14.38	22.27
8.76	20.13
11.65	23.46
12	22.07
10.14	16.74
5.47	11.5
1.03	15.8
-1.33	15.92
0.22	12.84
5.01	8.99
-2.2	10.56
-1.24	6.52
-6.89	6.98
-6.4	5.22
-1.13	7.96
4.43	5.98
4.35	5.07
5.03	9.62
-0.53	6.04
2.38	11.98
1.21	8.67
-2.18	6.93
1.61	6.11
-1.22	10.01
1.62	11.69
2.37	17.68
5.55	17.63
4.64	9.75
3.52	5.07
0.78	4.48
-3.08	6.98
1.2	9.41
3.16	10.93
6.43	11.79
5.13	8.11
5.3	7.51
4.39	7.51
3.54	5.25
1.5	6.43
2.12	6.83
0.14	5.86
0.13	5.44
-1.04	5.81
-3.94	5.91
-0.6	6.03
2.9	4.98
3.35	8.52
0.23	14.82
-0.95	10.9
2.26	11.73
-1.73	10.61
-0.56	12.32
-0.84	12.4
0.06	7.88
2.4	10.33
0.48	11.83
0.42	9.06
0.44	10.11
5.76	12.54
1.05	9.19
-3.33	1.49
-1.99	4.08
0.41	5.58
1.04	8.45
-2	6.65
-1.2	3.95
-2.01	2.84
-0.5	2.4
0.27	1.67
1.28	3.74
2.31	7.36
2.98	5.21
3.97	5.66
2.97	4.02
0.48	3.13
-0.76	1.19
-0.87	1.01
-3.46	1.27
-2.8	-0.81
-3.82	2.84
-5.05	2.58
-7.04	-0.33
-9.28	-0.91
-12.56	-2.11
-4.77	-2.7
-5.46	-3.16
-6.58	-0.85
-4.3	-0.38
-3.26	0.02
-6.28	-1.81
-9.54	-4.33
-17.21	-5.56
-18.72	-9.6
-13.39	-7.92
-8.43	-2.68
-3.47	-2.09
-3.25	-1.15
-4.4	-1.91
-4.4	-2.02
-3.21	-0.35
-2.14	0.84
-0.06	4.68
-1.36	3.83
-0.24	2.56
-4.7	1.05
-5.55	0.09
-11.22	-1.1
-8.02	-1.82
-7.59	5.53
0.91	11.07
3.74	10.21
-1.34	5.93
2.08	10.12
1.26	12.3
0.92	6.59
0.9	10.5
-0.75	6.69
0.01	10.53
-1.66	10.86
2.17	6.68
0.05	7.05
-0.56	8.87
-0.39	7.83
-1.23	3.94
-2.52	2.16
-3.71	4.11
-1.51	6.35
-0.28	3.36
-0.66	2.83
-2.33	5.69
-4.03	6.41
-5.48	7.2
-4.5	1.26
-3.06	4.31
-5.97	10.32
-5.45	5.7
-4.98	2.35
-5.72	1.68
-6.04	3.86
-0.74	10.2
-3.19	10.91
-0.34	6.38
-5.09	3.64
-5.41	7.62
-1.25	8.36
1.67	8.57
1.57	6.66
1.3	7.79
0.61	7.92
0.34	8.38
1.59	5.35
-0.73	10.34
0.44	9.99
0.39	7
0.75	7.46
-0.63	10.31
-1.96	10.25
-2.56	11.37
1.55	8.48
-0.73	2.11
-0.81	6.2
2.72	4.47
3.42	5.82
4.07	9.59
0.39	14
1.26	16
7.57	19.28
5.03	18.95
8.14	14.31
-0.53	13.74
3.97	14.19
6.07	17.45
3.67	10.98
2.45	6.72
2.36	5.46
2.6	7.85
4.15	9.45
0.68	10.04
0.61	10.2
-0.62	10.71
1.89	10.61
2.01	11.79
-1.07	14.89
0.81	18.07
2.44	20.02
1.92	20
2.85	20.86
5.76	21.1
8.2	17.62
3.19	11.37
2.75	7.44
3.55	6.53
3.59	9.58
3.55	9.68
4.26	9.69
-0.97	12.27
4.64	12.18
3.36	13.82
5.61	15.33
2.67	17.56
6.69	17.54
7.24	18.45
7.31	14.2
5.95	12.75
4.21	7
6.42	10.59
4.31	19.15
9.94	21.56
8.7	19.22
8.04	11.61
8.59	17.49
2.69	17.28
2.84	16.85
2.93	13.88
1.94	12.8
6.82	12.48
7.46	15.39
5.15	14.68
9.07	17.21
9.04	20.07
6.82	19.23
6.56	17.61
7.18	14.76
4.82	17.36
5.63	18.48
4.86	22.45
7.67	23.14
11.29	20.27
9.28	21.27
10.54	20.16
10.44	16.7
5.46	18.23
4.78	18.99
7.72	20.49
11.03	20.59
13.88	23.86
11.23	21.41
13.27	22.77
10.64	22.64
14.21	22.59
14.98	22.27
11.71	23.89
11.15	27.12
12.74	28.72
14.06	29.97
17.24	29.61
13.72	24.87
12.26	25.15
13.4	18.78
12.89	20.95
8.62	24.08
11.68	18.96
13.4	22.3
10.09	23.12
12.9	22.15
13.36	21.61
9.76	19.79
11.44	17.01
8.39	20.44
11.85	20.88
11.17	19.48
9.19	22.26
12.3	18.5
8.79	21.26
11.58	21.28
7.66	22.52
11.94	24.82
14.48	22.43
12.67	25.75
14.85	26.97
14.09	23.83
9.59	20.74
10.43	19.37
8.91	20.82
12.07	22.64
12.11	26.51
14.33	26.55
13.28	17.25
13.15	20.53
10.61	23.38
13.91	25.59
11.73	22.5
10.77	17.97
11.63	23.87
11.03	26.21
13.06	26.72
11.32	27.44
14.41	25.8
14.99	27.15
15.95	26.25
16.7	24.75
12.79	26.36
13.73	26.66
13.12	28.16
15.33	29.78
18.27	27.72
14.79	29.58
19.26	26.11
14.43	27.88
15.47	30.36
15.67	26.82
15.91	24.68
14.7	25.06
14.06	23.16
13.52	20.57
12.06	20.63
11.91	24.64
12.42	26.29
15.88	24.83
11.76	23.09
9.28	25.28
11.17	23.21
15.42	28.55
14.49	24.71
12.14	19.54
9.67	17.9
5.38	20.23
5.14	22.13
8.16	24.63
11.63	26.3
15.51	24.33
14.42	26.68
13.82	22.03
11.38	18.96
9.17	16.9
5.4	19.7
6.53	21.52
7.34	23.67
9.8	21.84
11.72	21.8
12.94	17.37
8.75	18.93
11.8	16.57
5.91	16.33
9.92	22
10.12	22.53
12.06	18.12
8.14	22.3
8.93	17.97
10.25	19.9
10.1	19.43
14.17	19.96
14.67	21.16
12.74	23.88
11.41	21.35
11.53	22.84
13.88	18.91
11.55	20.03
10.06	19.42
6.23	16.56
6.47	17.39
5.18	18.11
5.66	19.53
10.15	17.48
3.96	16.85
6.02	17.12
5.12	16.98
4.76	15.04
8.11	15.91
11.5	21.49
8.53	17.86
6.62	9.67
5.52	8.65
1.08	13.28
7.47	12.46
8.07	11.87
4.85	12.94
5.29	13.89
8.5	18.95
9.58	19.75
10.86	16.44
8.85	12.32
3.31	13.32
-0.47	11.32
-2.34	9.63
1.91	14.61
1.47	16.91
7.34	13.82
6.01	10.96
-1.76	11.25
0.5	17.02
1.43	17.56
5.17	11.89
-0.95	10.6
-0.34	5.28
-1.81	0.58
-2.69	-1.05
-1.92	-0.03
-0.33	0.81
-0.12	1.44
0.49	3.65
-0.09	3.47
1.94	4.8
0.93	3.08
-4.45	3.44
-5.19	2.87
-1.14	2.85
-5.99	3.76
-5.15	3.35
1.31	9.83
1.22	14.8
3.07	10.96
2.69	11.12
0.67	9.11
-0.46	10.53
-1.13	11.04
-0.99	12.12
-1.02	14.31
-0.99	13.11
-1.15	14.2
0.39	8.14
-1.03	1.4
-1.65	1.67
-2.52	1.08
-6.11	-2.3
-7.12	-3.5
-12.39	-2.47
-9.39	-2.8
-12	0.11
-5.94	4.14
-6.18	-0.77
-6.24	-2.89
-13.6	-0.23
-9.18	-0.01
-1.89	4.38
-2.98	6.13
-5.86	4.23
-1.15	8.29
-1.05	9.59
0.92	5.3
-0.72	4.49
-2.36	1.67
-0.25	0.87
0.39	1.56
-0.05	1.5
-0.43	6.11
-2.63	4.56
0.91	6.94
-3.2	5.89
-2.39	3.05
0.83	3.51
-0.08	2.82
-6.22	3.83
-6.93	4.12
-6.91	3.88
-5.35	2.04
-3.25	5.43
0.46	8
0.16	8.15
-0.67	3.6
-4.32	2.06
-5.49	-0.86
-7.66	-3.76
-11.91	-2.13
-15.06	-1.52
-12.97	-2.31
-8.52	1.18
-6.9	-1.27
-6.6	0.91
-10.76	1.59
-12.37	3.3
-11.96	1.85
-10.05	2.42
-7.63	3.7
-6.25	1.98
-6.52	2.49
-1.5	0.91
-7.56	1.79
-10.89	0.59
-8.84	0.2
-2.73	4.7
-5.37	0.61
-8.78	-0.17
-12.31	3.4
-6.96	4.52
-8.83	5.94
-6.23	11.15
-5.97	12.61
-4.2	12.58
2.44	9.3
-0.58	7.35
-5.45	5.51
-2.49	8.39
0.04	14.57
-2.98	11.62
-1.71	7.98
0.3	6.29
-4.62	2.53
-10.01	2.48
-4.15	-0.03
-8.13	1.89
-8.1	4.01
-3.76	2.11
-4.06	0.25
-3.94	-0.75
-3.46	0.39
-2.16	0.89
-1.85	0.59
-0.98	2.96
-0.08	2.18
-1.58	4.09
-7.34	3.54
-8.38	2.62
-4.21	2.3
-1.14	2.81
-1.05	2.8
0.68	2.49
0.54	4.69
-2.2	5.06
-2.02	10.32
-0.02	14.29
0.58	13.88
4.65	18.23
4.26	16.65
6.18	12.46
6.01	20.27
7.39	13.4
1.48	15.3
1.42	13.82
2.5	11.63
-0.51	12.99
2.31	8.92
3.38	7.22
-0.94	13.86
-1.64	17.1
-0.71	17.08
0.92	17.68
5.86	18.72
8.36	18.38
5.74	21.22
7.02	17.6
1.08	16.53
4.88	16.63
4.92	15.19
5.03	17.81
4.98	17.95
4.61	18.83
4.35	13.33
-0.56	14.37
6.11	12.75
7.62	16.42
4.34	19.42
3.59	21.34
9.41	19.68
7.56	17.69
5.95	16.28
0.86	18.59
3.94	22.96
5.41	19.68
3.38	19.89
2.43	18.47
0.67	9.01
-0.49	7.68
1.4	9.45
-1.97	13.24
4.57	13.52
-0.73	18.31
1.11	14.88
4.75	11.33
5.39	10.62
5.36	19.83
10.41	17.1
4.43	13.82
0.08	13.64
4.81	18.71
7.94	18.12
6.19	13.9
5.62	8.58
2.04	7.92
3.48	14.49
2.08	15.92
3.85	18.59
2.99	20
4.94	23.1
7.78	22.9
6.59	22.12
11.96	16.25
9.03	17.26
5.8	21.1
8.08	21.36
9.87	20.52
8.69	21.55
8.02	21.62
6.95	24.31
11.93	25.05
10.56	23.18
13.7	21.49
12.78	18.9
10.42	21.11
12.83	23.43
15.12	24.83
14.45	23.34
10.79	19.37
6.13	22.11
10.24	24.49
10.86	27.11
11.28	28.4
12.24	29.44
14.14	29.91
18.42	28.96
14.36	23.75
14.42	20.84
11.96	24.61
11.58	26.37
17.21	26.08
16.42	23.53
12.41	25.6
11.05	28.77
16.59	25.07
8.12	25.25
13.69	28.89
15.76	28.42
12.63	21.74
9.73	14
9.77	17.72
6.9	17.61
8.42	20.32
11.13	19.12
13.33	17.59
12.85	17.66
9.81	23.29
11.72	21.07
11.73	25.25
12.84	26.74
17.29	28.62
14.9	25.41
11.79	21.95
9.76	24.78
16.14	28.55
15.19	25.27
8.75	23.24
9.49	24.22
12.31	25.28
11.65	25.49
13.21	26.61
13.26	27.48
13.57	28.96
15.68	27.89
15.8	25.76
16.45	21.95
12.78	24.32
12.23	23.77
14.24	27.53
14.92	28.72
13.59	24.89
8.46	18.45
10.06	21.68
12.76	26.49
14.26	27.96
14.45	28.05
12.54	23.89
9.74	20.3
7	21.9
10.12	20.78
10.85	23.53
12.95	26.67
12.89	27.87
15.92	29.89
17.42	31.63
18.13	32.4
17.58	27.42
16.2	27.28
13.8	28.54
15.92	29.26
14.42	31.1
17.39	30.85
14.12	26.57
15.89	25.76
13.68	25.16
14.5	25.97
11.91	27.51
11.57	28.9
12.6	29.24
15.59	24.47
9.72	22.56
6.27	24.66
7.96	26.2
13.88	22.18
8.39	22.33
10.91	17.53
7.71	19.18
8.4	19.98
11.17	21.27
12.55	21.95
10.38	16.86
7	19.96
10.78	20.82
8.43	23.47
13.56	20.07
11.71	19.9
7.15	20.3
11.42	19.85
10.7	19.91
11.61	22.67
7.87	22.77
7.64	23.77
9.35	23.7
14.82	18.21
12.62	19.2
11.4	22.73
10.27	23.99
12.73	18.29
6.73	17.5
6.41	19.93
11.18	15.55
10.01	17.54
10.95	19.04
11.92	23.66
13.84	26.67
13.67	27.73
17.78	27.02
14.43	20.53
14.95	21.87
10.35	23.59
13.79	23.75
11.64	20.93
14.06	17.95
10.36	13.92
9.68	18.52
9.59	18.56
12.83	19.41
13	20.3
8.83	23.31
10	23.51
13.26	22.54
11.66	19.22
5.87	20.15
8.34	15.54
9.57	18.6
3.43	11.46
5.21	13.78
0.35	13.92
7	16.95
7.47	14.87
7.59	15.99
6.76	21.95
9.14	19.22
8.07	18.12
10.09	19.99
9.4	15.62
4.91	10.36
4.04	8.59
1.3	10.55
2.69	13.19
5.22	9.62
4.74	12.92
0.81	13.3
0.51	14.75
4.42	17.08
5.98	16.08
4.27	18.32
6.32	15.24
4.51	15.74
0.89	14.76
3.09	11.46
-1.1	5.93
-3.44	5.03
-3.52	3.2
-2.23	2.46
-4.15	5.2
-1.75	9
1.85	9.58
0.53	7.1
-1.92	3.83
2.09	4.18
-3	4.57
-5.87	4.15
-3.1	5.45
0.9	14.83
-0.09	15.02
4.83	14.29
-0.98	12.72
1.23	14.56
2.31	7.87
-2.89	5.42
0.16	6.32
-0.68	2.72
-0.29	4.96
-0.87	7.33
1.76	4.82
-1.26	4.64
-0.58	2.06
-3.77	2.07
-1.98	4.38
-3.16	4.98
0.13	4.73
-0.47	10.91
2.62	10.77
1.46	5.7
0.17	2.31
1.16	4.61
-3.86	2.2
-7.91	2.2
-4.07	3.73
-3.26	1.42
-4.86	-0.33
-3.03	-0.71
-2.52	-0.05
-12.13	-2.45
-19.11	-4.81
-8.85	-2.79
-3.03	-0.57
-6.88	-0.91
-2.13	1.54
-2.94	2.47
-12.26	-0.88
-7.36	0.14
-3.68	6.1
1.26	6.31
4.37	13.52
1.65	7.4
2.59	7.97
-0.4	7.23
0.08	8.7
-0.53	6.37
-0.11	12.29
-5.29	6.23
-11.56	-4.57
-7.27	-4.95
-9.19	-4.98
-10.41	-4.19
-5.49	-2.13
-14.67	-4.08
-16.48	-5.75
-10.56	-7.57
-8.69	-7.42
-9.17	-7.47
-7.6	-6.11
-7.86	-6.57
-8.82	-6.46
-6.93	-4.49
-9.57	-3.02
-7.23	-1.39
-5.8	-0.9
-3.7	-1.1
-4.73	-2.03
-6	-1.7
-5.59	3.94
-3.28	3.31
-2.77	4.82
0.59	11.2
-1.96	3.98
-3.74	0.51
-8.16	1.06
-10.1	1.27
-9.23	2.33
-9.33	3.95
-4.31	8.5
-4.06	9.14
0.08	8.4
-4.44	7.58
-2.93	2.05
-3.06	-0.71
-3.41	-1.72
-3.44	-1.85
-3.68	-1.65
-2.96	3.16
-1.18	5.9
-3.2	2.77
-1.49	1.26
-5.24	-0.27
-9.39	-1.19
-8.48	-4.28
-9.44	-2.5
-8.45	-0.76
-5.47	0.3
-1.16	2.69
-2.52	3.61
-7.33	6.88
0.05	12.82
0.07	6.36
-1.48	10.92
1.18	13.64
2.98	8.61
1.43	5.76
-0.47	3.3
0.66	6.76
-2.77	7.26
-3.21	11.74
4.81	8.6
-1.33	9.25
2.16	6.94
0.56	7.23
-3.46	9.84
-3.17	10.25
-0.35	12.84
1.9	10.36
2.3	8.91
-1.67	9.37
2.01	7.19
-0.23	5.96
-1.3	8.01
-3.49	10.17
-3.66	11.32
-1.32	15.3
-0.17	18.32
4.46	16.99
8.33	17.96
6.55	12.7
7.49	10.35
6.52	14.13
2.87	14.48
6.64	17.87
7.79	15.56
1.42	17.54
5.78	21.02
8.37	17.96
5.45	20.01
3.83	15.88
-0.3	9.02
-0.82	13.17
3.17	9.27
1.19	6.93
2.2	7.37
3.21	9.99
3.13	13.15
2.66	15.44
2.09	13.34
-0.29	10.83
-1.28	11.79
-0.89	12.52
0.41	10.2
1.16	9.2
-2.67	13.61
2.45	14.56
4.07	16.23
1.88	11.8
4.9	13.78
5.02	13.88
0.45	12.78
-0.52	9.48
1.21	15.96
1.93	20.28
7.56	22.47
11.19	20.32
8.86	22.6
10.12	21.74
7.08	10.25
8.18	16.27
11.54	15.29
9.39	16.35
5.59	17.99
5.14	18.04
5.63	20.6
6.24	20.89
5.94	23.19
8.12	24.88
10.05	25.85
10.13	25.03
12.41	25.03
11.68	21.13
10.17	24.62
13.04	21.56
11.71	17.05
7.3	18.76
9.3	22
10.18	24.88
11.9	26.52
13.29	23.48
11.7	19.46
10.49	23.9
9.33	25.99
10.59	27.47
12.9	28.47
11.52	28.59
14.35	26.96
12.76	28.65
13.75	26.74
14.5	23.52
11.75	26.68
15.31	24.71
12.97	26.17
17.73	24.45
12.41	18.43
10.94	19.2
6.12	18.82
9.3	20.38
10.19	18.66
11.49	21.96
14.63	19.44
10.35	22.78
10.03	25.65
14.68	26.3
17.33	28.54
15.01	25.16
13.88	27.16
19.15	29.91
14.08	24.76
12.95	23.88
10.68	19.75
12.86	21.73
9.99	22.01
12.26	23.96
14.22	27.76
14.49	27.72
11.35	25.02
12.74	25.88
14.46	22.31
10.65	22.59
11.42	24.43
10.86	25.34
15.11	24.83
16.2	21.98
14.6	25.17
13.63	25.97
15.2	27.98
16.83	28.83
15.96	28.82
15.81	24.49
17.05	27.12
16.14	29.53
16.61	29.86
16.08	29.96
16.86	25.5
17.45	25.05
15.96	23.41
16	21.11
15.6	20.69
13.77	22.59
13.36	25.62
13.35	25.13
14.64	25.85
13.7	25.94
13.74	25.57
15.75	25.49
16.8	26.13
15.59	23.14
14.21	25.68
15.56	25.2
15.22	21.87
14.81	25.39
15.69	24.99
15.16	26.55
14.56	27.04
16.37	29.5
16.43	29.02
16.89	27.67
17.39	28.76
15.68	26.52
12.66	25.35
13.87	27.33
14.78	26.22
11.84	22.57
12.52	21.3
8.86	23.52
9.38	23.3
11.78	23.1
11.21	24.84
14.01	26.79
14.07	22.33
14.39	18.7
12.75	19.12
9.19	21.78
12.14	21.34
10.17	23.06
10.93	22.91
9.62	24.14
12.49	26.31
15.24	29.07
14.46	27.06
15.06	24.11
15.81	21.87
14.41	21.64
12.29	24.34
13.05	24.82
11.03	24
11.85	24.93
11.47	25.07
10.72	25.4
9.99	25
9.63	24.55
9.28	24.13
9.21	23.65
11.88	23.25
15.65	25.14
12.17	20.99
10.74	17.39
11.61	16.29
13.77	24.41
13.18	23.07
12.04	20.61
10.2	21.86
8.3	21.05
12.36	16.57
14.49	17.01
9.66	16
7.31	12.69
9.61	11.16
10.31	14.77
9.83	17.98
9.18	14.77
4.98	10.52
7.27	16.07
3.78	17.19
8.31	11.02
4.68	15.1
7.94	15.75
6.76	13.03
3.16	15.12
1.65	14.28
2.25	16.75
5.56	12.05
8.92	16.68
6.21	13.11
8.46	16.94
9.68	16.4
9.4	20.32
10.18	14.95
8.6	15.05
3.97	15.82
4.19	11.39
8.86	13.02
6.57	12.97
2.31	7.56
4.18	6.34
3.93	5.82
3.37	5
3.07	4.59
3.23	8.64
-3.46	4.46
-5.8	3.47
-3.93	6.34
4.01	17.4
8.56	13.18
6.87	12.26
0.1	8.8
2.07	14.75
5.05	13.59
0.19	9.09
-0.09	4.36
0.92	4.57
-3.1	8.31
2.3	11.17
2.5	8.75
-1.16	7.87
-0.97	8.54
0.53	5.7
-0.48	14.26
1.73	13.58
8.09	14.52
4.8	10.91
2.33	6.14
3.67	7.71
4.8	6.52
2.75	4.69
2.92	5.85
-1.3	5.01
0.01	3.33
-0.75	0.92
-1.6	0.7
-0.85	2.72
0.04	11.9
8.28	15.04
7.03	13.69
0.51	12.06
-2.68	2.09
-0.59	3.38
1.18	3.71
-1.29	4.11
1.6	8.89
6.59	12.18
2.35	12.3
1.04	3.14
-3.25	5.24
1.45	9.23
0.18	2.37
0.19	2.21
0.79	2.76
1.75	5.73
2.21	5.66
-3.35	4.91
-0.31	6.53
-1.61	4.33
-1.42	2.86
-5.37	2.86
-4.82	1.73
-2.5	4.65
-0.89	3.37
1.13	5.3
0.34	5.9
1.67	10.94
-0.79	6.13
0.87	4.71
-2.82	5.8
-2.05	5.14
-3.62	9.32
-2.56	8.25
-4.44	3.02
-4.27	0.34
-2.42	2.57
-1.69	3.94
2.49	9.91
0.14	13.02
-0.46	6.22
-2.37	2.59
-4.88	3.24
-0.28	9.39
-2.51	5.7
-1.38	4.9
-5.05	5.06
-1.04	7.98
1.35	11.87
2.93	11.51
3.45	10.51
1.3	10.46
0.76	7.84
-2.68	8.52
0.72	7.61
-3.48	5.18
-3.41	4.98
-5.82	3.16
-1.33	1.5
-1.32	1.95
-2.32	1.25
-2.04	-0.08
-2.61	0.5
-1.66	-0.14
-2.14	4.11
-3.75	1.72
-2.08	-0.18
-4.91	-1.21
-11.2	-3.99
-9.61	-1.01
-8.53	2.6
-4.77	1.1
-7.08	2.6
-8.74	4.01
-9.15	-1.6
-14.3	-0.22
-13.18	2.55
-11.85	2.76
-6.76	5.72
-0.28	6.76
1.08	9.77
-1.45	7.77
-0.69	3.84
1.77	6.31
0.47	4.43
-4.48	8.91
-1.58	10.85
3.09	15.24
1.8	15.91
2.53	20.1
4.03	19.77
1.26	20.19
1.32	11.32
-5.21	6.28
-2.65	9.68
0.94	13.39
3.84	13.42
-1.34	14.97
0.33	16.62
5.6	17.56
7.11	15.69
2.92	18.68
4.87	13.12
1.08	11.35
0.99	15.05
8.03	15.57
0.5	10.04
0.41	8.41
-2.26	13.15
2.79	8.9
3.83	10.9
1.55	12.39
5.25	10.95
5.17	12.9
4.66	11.9
2.6	11.58
0.22	9.49
-0.04	13.02
5.14	11.12
2.92	18.85
8.13	20.87
8.11	20.42
6.67	22.21
6.24	18.49
3.64	11.85
0.65	10.45
3.81	11.96
4.97	12.69
2.43	16.29
5	18.48
9.74	21.24
11.97	22.13
11.08	24.77
12.13	19.92
9.04	20.31
8.99	22.74
7.71	22.03
8.32	23.51
11.91	23.29
11.27	22.58
10.8	23.68
10.36	21.7
12.64	24.03
10.41	20.22
3.8	20.45
6.36	19.36
6.92	18.1
6.8	17.35
3.49	17.35
8.68	14.31
9.65	13.71
6.48	20.25
9.8	19.75
11.6	22.45
13.2	24.66
12.47	25.88
16.98	29.19
14.16	28.18
14.15	27.34
10.81	25.7
9.48	24.48
9.26	23.01
13.06	25.94
14.7	28.06
15.6	23.54
12.21	18.2
8.12	16.03
9.62	16.95
9.04	14.65
9.65	17.8
6.02	21.11
7.69	21.64
9.7	25.07
10.73	26.8
12.42	28.04
15.01	25.91
12.39	27.93
13.38	29.25
14.57	25.58
9.46	18.79
5.52	22.68
8.75	27.13
15.38	28.38
14.18	22.64
10.74	23.21
10.96	23.59
11.85	22.36
12.38	21.2
10.58	15.5
9.44	17
9.08	16.1
11.32	15.21
12.77	18.96
14.49	22.47
11.82	22.6
13.21	23.54
11.57	24.4
12.62	26.48
13.31	27.6
14.35	27.47
15.4	23.47
12.43	20.66
8.34	24.03
10.19	25.24
14.19	24.31
14.21	26.07
12.77	27.91
13.52	29.12
14.31	29.75
15.56	29.85
16.16	26.98
15.81	29.13
13.6	30.18
15.27	30.14
14.35	24.92
17.09	28.42
15.95	25.23
13.6	26.72
13.24	29.21
14.31	30.62
14.65	31.69
18.21	34.26
18.17	29.97
13.77	22.4
8.25	26.45
12.73	30.98
15.64	30.45
15.41	27.11
14.21	30.14
15.71	34.17
19.91	35.24
18.04	27.16
15.8	29.75
15.2	30.87
16.82	32.66
18.19	29.47
15.56	20.85
11.12	19.97
11.42	22.86
10.37	19.91
10.49	21.32
13.99	23.6
13.79	27.08
14.52	28.3
15.36	27.84
14.87	27.65
15.59	22.85
9.29	23.47
9.32	24.54
10.51	26
13.74	26.28
15.92	26.69
13.89	28.25
13.44	29.26
12.55	29.54
12.96	30.09
16.26	29.61
14.5	28.52
17.34	23.27
16.58	26.93
14.24	28.99
14.12	28.83
14.18	27.6
16.31	22.15
15.55	25.24
12.17	26.48
12.69	25.9
15.96	25.39
9.55	20.36
6.69	23.23
12.3	23.53
13.54	19.34
7.35	19.87
8.67	25.12
15.16	27.38
15.28	26.16
12.05	16.56
8.96	20.01
6.42	21.59
10.5	23.44
12.56	24.16
9.55	19.8
10.05	17
7.29	20.76
8.17	24.03
9.42	22.13
11.86	24.14
11.56	19.24
5.25	19.86
9.11	17.58
7.9	17
2.83	19.91
4.21	20.71
6.52	20.06
8.47	23.11
9.66	16.48
-1.05	14.11
5.41	20.34
7.64	25.09
8.34	24.68
7.12	24.07
7.89	18.98
4.8	19.75
6.47	17.93
5.14	18.84
7.68	17.54
6.82	14.73
0.57	17.04
5.58	18.75
8.92	20.68
11.36	21.7
7.6	17
6.2	13.74
1.56	15.75
5.97	17.18
7.25	12.25
0.72	9.17
-1.09	11.13
-2.18	11.3
-1.83	10.64
-0.58	12.25
2.6	16.93
1.18	15.98
2.47	10.84
5.38	9.99
5.09	8.84
3.13	11.51
-1.57	12.29
-0.81	10.39
2.39	8.6
6.64	8.61
5.15	12.19
1.04	9.99
3.28	6.06
3.42	8.7
-1.08	7.27
2.65	6.36
-1.76	5.99
-7.02	3.56
-5.74	-0.42
-11.31	-0.64
-4.74	4.99
-7.55	5.15
-7.09	3.5
-8.8	1.35
-8.49	1.35
-7.35	1.12
-6.34	4.37
-6.55	2.78
-8.86	2.66
-7.57	-1.57
-4.07	6.65
3.45	12.22
2.46	10.44
0.47	8.73
-0.98	5.88
-4.06	-0.28
-4.78	-1.45
-8.19	-3.94
-5.23	1
-7.4	3.42
-7.03	2.81
-2.43	4.58
-4.92	1.09
-8.8	1.79
-5.84	0.8
-4.47	1.36
-9.92	-1.28
-10.89	-3.02
-10.22	-4.11
-5.56	-2.79
-4.75	-2.94
-4.84	-0.18
-0.8	6.07
3.62	13.19
4.45	10.58
-0.56	10.14
3.34	7.76
-0.45	9.17
2.27	8.64
1.7	10.38
1.17	11.87
1.41	9
-1.58	11.95
-1.14	12.62
-0.88	8.07
-0.66	7.57
0.54	10.33
-2.32	11.42
-0.58	11.67
0.46	9.79
-2.79	2.43
-6.26	2.55
-3.01	3.39
-4	0.23
-1.36	2.56
-5.17	2.11
-8.97	1.2
-12.29	-3.7
-6.44	0.48
-3.99	4.61
0.73	6.31
-2.84	4.65
-2.54	5.31
0.01	6.09
-5.09	0.31
-1.97	0.52
-5.42	-0.17
-3.64	-1.16
-2.8	0.74
-1.45	0.64
-3.26	4.01
-6.14	3.15
-10.02	2.09
-2.53	3.7
-0.59	0.87
-1.97	0.13
-1.81	1.57
-3.67	1.16
-0.1	1.81
0	2.51
-0.45	7.05
-4.88	6.94
-1.8	4.94
-0.26	8.56
-2.45	4.16
-1.03	5.28
0.82	2.86
-1.01	1.83
-2.87	0.85
-4.55	-0.16
-5.69	-1.03
-6.51	-2.66
-5.78	-2.03
-6.78	-1.03
-6.42	0.9
-2.88	-0.36
-3.39	-0.22
-3.8	1.13
-5.38	0.13
-0.89	0.57
-0.5	1.66
-0.07	3.89
0.53	4.06
-0.49	7.42
0.23	3.54
-0.91	3.07
0.7	5.03
0.84	3.28
-0.22	4.19
1.05	4.92
1.33	4.43
0.47	7.79
2.2	9.38
2.1	6.58
-0.91	5.25
-0.97	5.62
0.03	5.22
-0.73	4.33
0.33	7.47
1.58	8.06
1.04	6.71
0.46	7.38
0.23	8.76
-0.34	8.84
-2.43	4.95
-5.6	4.32
-5.25	7.08
-3.83	9.49
-3.02	10.82
-3.37	12.72
1.43	15.28
4.74	15.62
1.26	16.37
6.82	18
9.6	17.95
4.82	13.58
2.2	11.6
0.82	13.04
6.65	10.76
4.2	10.07
3.45	7.89
0.84	10.52
1.68	14.31
8.08	15.58
7.93	14.99
6.56	10.84
5.68	12.78
3.28	13.02
3.43	13.29
6.55	11.91
7.02	17.48
4	19.43
5.6	20.37
7.15	15.73
6.1	12.68
4.23	13.45
0.74	15.26
1.43	16.28
4.05	17.94
8.89	19.94
7.87	14.69
4.63	17.02
3.18	19.63
2.15	15.5
-0.56	10
0.25	11.65
-1.99	12.42
5.95	12.41
4.55	22.05
8.89	21.46
11.74	25.66
9.95	25.31
9.45	24.11
9.08	24.27
6.28	17.2
4.44	11.07
6.19	9.56
5.84	9.27
6.7	12.53
8.75	12.23
8.36	16.94
5.75	19.24
6.91	21.44
9.59	20.64
7.73	22.21
9.96	23.46
10.12	25.72
13.36	22.8
10.72	19.09
9.9	15.84
8.99	19.55
7.28	19.4
7.72	19.81
10.15	20.8
11.18	17.53
8.14	17.84
6.96	16.92
4.66	20.78
9.16	21.79
9.22	24.73
11.18	25.33
11.22	22.62
12.27	22.03
13.54	21.32
8.39	17.29
7.92	20.69
10.75	21.7
10.39	23.52
11.48	22.65
8.97	18.39
4.77	21.37
10.6	27.39
14.03	23.86
8.1	19.28
8.97	21
11.75	23.4
9.84	24.92
11.74	27.7
15.53	28.98
16.38	24.54
13.33	25.96
10.6	15.04
8.49	19.02
11.16	21.17
9.49	23.19
12.57	26.97
13.25	21.77
10.76	19.35
12.09	21.35
15.11	25.08
12.46	18.88
6.62	18.46
9.99	19.48
10.82	18.38
11.24	17.76
5.95	21.73
8.54	23.94
11.3	28.57
15.2	30.25
18.99	31.81
18.43	29.17
17.36	26.86
12.93	26.56
12.53	19.26
9.05	20.77
11.68	21.19
11.36	22.36
12.23	22.33
11.69	24.83
12.28	26.73
12.15	25.19
12.18	23.06
11.34	24.82
15.06	21.02
12.09	20.68
11.42	18.51
13.24	22.12
11.89	27.66
14.55	29.22
15.48	28.92
13.93	25.5
11.83	27.23
12.15	28.01
13.56	29.34
16.44	25.31
15.82	23.05
15.07	23.33
12.8	24.27
15.71	24.76
14.91	24.38
14.26	24.47
15.01	22.26
12.68	22.65
12.85	24.05
10.97	23.12
10.83	23.33
9.88	23.97
12.71	21.81
8.3	22.15
7.1	24.23
7.62	24.38
9.12	25.21
13.75	25.51
15.41	23.7
14.85	22.44
13.29	21.58
6.86	21.73
6.17	23.36
8.82	25.48
11.02	26
12.97	27.39
11.51	29.01
11.29	28.6
13.28	27.26
17.44	27.77
14.17	23.74
11.48	20.06
8.87	19.43
10.01	18.09
9.39	19.39
7.36	20.08
9.51	21.95
11.63	22.8
10.32	21.52
11.61	21.37
12.56	18.67
8.92	18.65
9.78	18.46
8.89	21.26
10.47	20.58
13.79	16.14
10.74	14.02
7.59	19.73
9.47	16.6
7.19	10.68
6.36	16.95
5.24	17.88
4.17	17.72
6.89	19.49
7.82	21.29
10.47	21.34
12.44	20.8
6.92	17.87
10.92	18.13
10.12	20.63
10.32	20.04
8.67	14.31
7.24	17.5
3.15	18.02
2.61	19.14
5.77	19.6
9.15	17.37
7.3	15.2
3.65	17.92
5.02	19
7.77	14.85
0.98	12.91
2.07	18.07
7.04	19.65
11.03	19.67
10.49	14.33
8.52	13.49
4.55	16.87
4.07	17.37
4.04	17.97
7.88	19.73
9.1	13.96
7.41	9.9
2.38	13.84
-0.37	13.16
1.99	11.84
4.31	6.93
1.99	9.03
2.08	8.43
-0.75	5.76
0.5	5.35
3.51	11.59
3.93	16.19
2.42	16.49
5.57	16.95
3.16	12.92
3.77	7.98
-0.39	6.61
-5.4	4.2
-2.77	1.34
-2.45	-0.9
-1	0.41
0.61	3.12
2.04	4.06
2.89	4
3.49	5.73
0.29	7.09
0.06	10.21
7.4	15.52
5.75	18.69
5.36	13.96
3.67	9.92
4.98	8.83
-2.51	7.34
-3.53	2.11
-1.19	0.52
-0.77	2
0.73	5
-0.04	2.83
-3.16	1.96
-0.03	2.12
-0.28	1.29
-0.8	1.16
-0.04	1.23
-1.51	0.2
-2.39	1.49
-1.84	10.07
-0.71	7.46
-4.36	1.32
-1.07	0.17
-1.28	0.61
-1.75	0.14
-1.62	0.15
0.1	5.49
1.07	4.68
0.68	6.61
-1.53	2.7
-1.28	6.4
-3.55	4.47
-1.92	1.62
-1.83	-0.34
-2.13	-0.4
-4.69	-1.02
-6.6	-0.92
-3.55	-0.52
-2.9	-1.8
-5.41	-2.41
-11.53	-4.46
-12.56	-3.87
-10.35	-4.83
-13.94	-3.63
-10.12	-7.36
-18.34	-8.63
-20.3	-10
-23.57	-11.67
-17.66	-9.39
-10.26	-4.74
-16.91	-4.9
-19.39	-5.26
-11.11	-7.72
-14.73	-8.65
-8.85	-3.5
-5.71	-2.94
-13.89	-2.45
-13.73	-5.87
-16.02	-6.49
-11.32	-1.6
-5.32	-1.88
-5.63	8.01
5.51	12.93
-0.13	10.53
-3.87	1.96
-4.7	6.37
2.59	7.98
-2.33	4.63
-2.83	3.93
-6.05	1.99
-3.93	6.67
-0.74	8.64
0.97	12.4
-0.38	8.81
-5.42	3.72
-4.46	5.42
-3.84	8.05
-1.24	3.85
-4.62	-0.31
-5.44	-1.51
-6.9	-1.09
-12.16	-6.06
-17.28	-9.5
-21.19	-6.79
-18.5	-4.98
-10.93	-4.32
-16.52	-1.95
-16.81	-0.12
-13.1	-3.06
-11.85	-1.65
-10.94	-0.01
-14.99	-0.15
-10.38	3.5
-6.36	-0.61
-8.53	1.77
-0.44	7.86
-2.64	3.1
-0.67	2.1
-3.75	0.44
-2.23	3.23
-0.65	2.48
0.6	2.07
0.53	4.64
1.09	9.03
1.92	13.45
1.32	7.85
1.95	5.15
2.28	6.53
0.04	4.81
-0.43	1.1
-0.29	3.31
0.18	5.3
-0.76	3.92
0.24	6.5
-2.07	7.32
0.8	5.99
0.46	5.1
0.19	2.56
0.49	6.1
1.15	5.25
3.29	8.62
3.41	7.67
4.06	7.33
1.29	13.19
3.58	15.75
2.65	16.76
4.08	12.31
-2.43	11.03
0.67	16.78
1.1	17.23
7.57	18.77
5.96	22.49
7.15	17.87
3.12	20.8
8.58	22.65
10.95	19.6
8.56	16.01
7.34	20.9
9.03	21.47
8.45	17.67
5.24	16.35
6.33	12.57
3.51	15.86
4.9	11.99
3.16	13.26
4.08	11.92
4.69	11.12
6.17	9.79
6.83	15.72
1.49	16.84
4.17	18.72
4.13	20.93
5.98	21.12
4.84	13.16
-0.72	12.96
0.33	12.09
4.13	9.36
2.41	7.81
1.04	11.1
-1.43	15
3.56	18.43
6.4	14.79
3.29	12.3
-0.63	14.23
4.53	11.25
5.59	14.49
10.62	14.79
6.2	17.39
5.78	18.97
6.16	20.27
7.31	22.14
8.03	23.62
11	26.65
13.35	27.24
12.71	27.16
13.99	24.5
14.24	18.52
13.3	24.03
12.6	23.08
9.51	20.89
13.57	24.27
12.97	21.73
9.61	21.23
10.26	21.94
9.84	23.77
10.14	24.01
11.7	25.74
11.08	26.17
13.78	25.31
11.52	21.82
11.33	19.98
12.61	23.64
12.47	20.77
13.76	19.76
13.59	24.04
12.25	26.77
15.05	28.61
15.11	28.58
14.82	22.14
9.17	17.29
7.12	20.43
10.11	18.18
6.15	19.34
11.4	18.07
11.08	20.96
14.14	19.79
5.94	18.67
10.37	16.02
7.64	17.82
4.69	19.69
11.64	16.16
11.69	19.73
9.39	23.03
12.79	20.29
10.47	22.12
10.74	22.53
8.57	23.16
13.83	20.63
12.15	20.08
9.1	22.83
10.78	24.87
13.06	25.37
12.39	20.07
9.84	21.11
9.5	23.02
9.79	24.03
11.67	22.85
10.24	24.64
12.51	23.08
11.29	22.09
13.68	20.84
10.53	23.02
10.7	25.07
12.13	26.96
13.23	27.22
15.2	28.36
16.23	28.92
17.4	25.56
15.22	26.84
14.83	28.45
17.57	28.98
13.59	25.81
8.12	22.64
11.29	27.07
15.87	25.25
14.35	26.98
14.81	29.25
16.52	29.66
15.77	28.9
18.58	31.41
18.38	28.44
13.72	23.05
12.29	25.1
12.68	22.76
10.01	24.97
13.71	22.83
13.53	25.59
15.87	27.77
11.57	21.18
10.73	18.82
13.34	20.77
9.03	26.72
16.33	24.44
13.42	28.91
15.54	30.21
14.69	31.12
15.08	31.45
14.82	30.91
15.18	29.01
13.31	23.52
8.63	23.98
15.13	27.85
11.41	25.28
12.65	29.02
14.65	26.76
13.75	29.64
17.51	30.89
14.3	25.63
10.83	17.82
12.99	16.52
13.5	20.56
14.98	23.78
12.52	26.3
11.09	27.02
15.13	23.65
11.61	25.47
11.96	22.15
8.74	22.15
11.61	18.64
8.56	18.23
7.68	15.27
9.13	15.03
3.68	18.14
4.87	21.63
7.69	20.74
7.69	19.06
5.59	19.98
5.54	20.87
9.55	19.13
7.63	22.57
13.72	24.79
11.58	27.44
11.13	26.75
11.14	27.45
13.05	28.53
12	28.81
13.17	25.61
11.72	24.13
13.19	19.92
8.37	19.53
5.95	23.06
10.4	20.83
5.37	19.77
5.05	21.6
7.18	23.44
7.54	24.08
7.9	23.04
8.71	23.97
9.62	22.97
9.83	22.55
8.75	21.48
10.91	18.26
8.32	19.19
9.62	20.09
6.87	17.17
6.94	13.71
4.11	13.56
6.76	15.69
5.2	10.43
-1.69	15.52
0.58	15.5
1.67	10.86
3.13	12.31
-1.56	12.14
6.08	11.34
5.69	10.66
-0.03	10.54
-3.7	12.06
-2.86	11.86
-3.63	8.76
-0.97	3.06
-0.05	1.79
0.93	2.79
2.43	4.32
3.23	10.29
5.57	8.64
-0.47	11.09
-0.63	10.64
0.61	12.07
4.51	11.52
-1.6	10.38
-2.01	10.24
2.75	14.04
8.81	18.64
2.02	14
0.33	2.32
0.43	1.54
-0.24	5.47
-2.39	5.32
-3.09	2.81
-1.68	1.83
-4.02	-1.47
-3.49	-0.19
-0.55	0.23
-0.29	0.63
-0.29	0.69
-0.06	1.63
0.66	1.39
-0.22	1.15
-1.11	0.66
-2.44	-0.04
-5.26	-0.06
-6.27	2.76
-5.35	0.61
-2.78	5.14
-1.8	6.21
-0.57	11.36
-0.03	12.49
0.49	12.11
7.07	14.29
3.95	12.45
4.27	11.61
2.63	12.69
-0.33	8.82
2.39	3.92
1.09	3.05
1.41	4.61
2.18	4.22
-0.38	7.88
1.38	12.24
-0.03	13.48
1.99	8.21
0.74	8.43
-0.47	7.55
2.65	9.54
-2.69	7.97
-1.72	2.11
-2.01	0
-2.26	4.63
-0.24	7.47
-0.61	7.57
-1.3	9.8
5.88	15.3
-2.92	5.72
-3.91	-2.12
-6.45	-2.48
-8.01	-0.11
-1.94	2.28
-1.95	1.72
-5.26	1.23
-5.5	0.8
-4.49	1.32
-8.29	-0.78
-2.88	-1.01
-6.05	-2.26
-8.3	-0.34
-2.92	1.71
-4.71	2.86
-0.05	8.49
-0.59	7.92
-1.12	5.7
-5.54	3.05
-6.65	0.16
-0.24	9.36
3.28	11.81
-3.24	9.45
0.38	9.49
0.08	10.55
1.32	8.84
-0.87	5.56
-3.57	2.85
-6.3	2.36
-5.87	2.14
-4.13	-0.58
-1.58	0.6
-0.33	1.02
0.66	3.35
0.38	2.43
-1.99	1.33
-5.01	-0.97
-10.54	-2.92
-5.69	-3.13
-6.66	-2.81
-12.26	-6.48
-10.12	-7.8
-8.63	-5.14
-6.21	-3.18
-7.79	-2.74
-8.85	-1.79
-16.4	-0.88
-8.59	-0.72
-4.46	-0.71
-3.76	1.25
-1.17	4.49
-0.91	1.99
-1.86	1.42
-6.25	-1.68
-4.82	-1.02
-4.83	-1.77
-8.66	-3.28
-15.86	-2.97
-11.79	-5.58
-19.26	-3.15
-19.28	-4.87
-9.97	-5.83
-6.5	-2.77
-3.44	1.6
-1.37	1.43
-8.11	5.83
-1.96	5.88
0.01	3.35
1.08	4.3
-0.27	4.45
-0.45	6.74
0.72	5.86
0.79	3.14
0.82	2.55
0.68	2.67
1.36	4.44
0.24	4.1
-2.66	6.02
-3.53	8.45
-2.91	7.01
-2.77	7.37
-0.22	3.65
-2.41	6.82
-2.1	7.99
3.04	10.93
1.46	9.48
-0.6	9.98
0.85	14.04
2.72	17.71
3.03	14.61
3.56	11.01
0.42	16.98
4.16	13.37
5.41	15.06
4.04	17.56
7.54	16.67
4.22	16.76
4.89	17.47
7.05	23.03
7.66	23.63
8.53	23.54
6.17	14.87
3.04	8.57
-1.39	3.66
-1.03	0.58
-0.56	7.84
-1.69	13.1
5.17	11.18
6.97	17.26
8.25	14.86
5.97	12.81
2.52	12.34
2.83	18.37
9.37	18.27
11.13	20.19
10.99	23.86
9.8	25.84
8.68	23.34
10.7	22.9
8.7	24.83
11.97	21.43
10.33	22.85
13.68	21.77
10.56	21.84
8.3	23.18
11.5	23.25
11.96	23.96
8.21	23.52
9.21	23.77
10.52	22.06
7.53	18.41
7.38	19.13
9.84	21.78
11.63	21.99
10.16	25.04
12.39	25.37
12.13	26.07
13	21.32
11.52	18.15
7.99	22.52
10.9	26.19
15.8	23.42
14.94	25.8
16.79	25.1
12.15	25.81
13.5	25.56
10.83	20.28
7.98	22.81
9.56	25.73
11.18	27.02
14.56	22.83
8.55	17.06
7.78	14.77
7.15	13.15
5.59	18.52
9.89	14.87
6.56	18.76
7.19	14.71
7.63	13.04
4.5	16.31
7.14	18.59
7.1	20.74
9.49	22.64
12.05	26.03
13.24	22.8
10.92	18.41
14.16	24.8
16.08	26.77
14.73	28.09
16.7	28.8
15.79	29.92
17.03	25.78
15.78	27.57
14.75	27.56
15.64	23.66
16.33	22.2
13.88	22.1
14.28	23.11
11.73	24.05
12.12	26.6
12.99	27.51
15.77	25.05
13.74	21.25
13	24.79
13.06	26.51
12.38	28.29
13.2	29.25
14.73	29.32
18.03	29.22
15.45	25
9.53	22.83
9.87	21.5
9.43	22.28
10.62	22.79
11.87	21.7
11.7	18.82
9.59	21.15
8.75	22.91
9.32	24.86
10.88	26.8
12.63	28.03
15.5	23.51
12.87	18.43
12.87	21.9
9.48	25.44
10.7	27.06
10.4	27.12
6.93	21.63
10.37	24.05
12.06	24.5
12.83	25.8
11.41	26.71
13.83	28.48
15.51	30.11
16.89	30.16
15.2	28.82
15.7	30.21
17.14	30.6
17.86	26.75
15.07	24.94
14.17	27.79
15.44	29.54
16.6	28.16
14.77	29.12
16.64	29.95
16.6	31.12
14.27	28.46
14.68	24.84
11.94	27.37
13.38	28.54
14.59	31.36
15.5	31.37
15.45	27.4
15.2	23.43
13.36	22.43
9.59	25.23
13.67	28.57
9.37	20.33
11.44	20.8
9.4	23.79
13.51	23.94
12.97	21.38
12.1	17.62
8.63	19.11
5.68	19.44
6.97	19.71
9.12	21.07
8.76	23.59
11.9	18.92
4.89	19.49
5.19	20.99
6.81	23.17
9.13	23.82
12.28	20.83
10.88	16.78
8.85	18.67
8.41	20.79
13.28	23.98
11.28	25.09
11.74	25.97
16.25	27.74
13.88	25.25
14.95	23.18
9	16.25
2.04	17.97
2.53	21.11
6.25	23.6
6.52	23.82
6.57	23.47
11.62	16.38
9.23	12.62
7.64	16.58
8.44	17.65
3.95	18.8
5.81	20.36
3.44	19.22
4.92	21.55
4.89	23.74
8.01	18.33
6.65	17.02
3.28	18.4
5.24	21.14
7.4	18.88
9.07	17.49
2.65	18.61
3.09	19.49
4.82	17.88
1.36	17.24
1.38	16.56
-0.12	16.39
-1.14	16.37
-2.24	16.61
-1.03	16.46
-1.12	16.78
8.45	12.97
6.37	15.33
7.21	17.86
9.1	17.44
4.42	12.8
-1.17	10.87
4.82	8.61
4.98	7.38
6.06	11.29
-0.09	12.94
2.34	10.91
3.96	11.29
0.88	11.94
4.53	11.1
3.84	8.94
-3.91	6.99
-2.56	10.51
1.15	14.24
1.36	11.8
-1.39	11.53
-1.88	11.16
-1.64	11.29
-2.41	7.07
0.07	6.68
-2.43	4.89
0.91	13.1
6.68	18.22
2.89	11.68
2.66	5.16
3.79	6.6
4.49	6.42
4.61	6.05
3.99	6.02
2.62	4.8
3.14	9.73
4.11	8.74
-0.46	11.39
-0.97	6.64
2.09	8.84
1.35	6.96
-0.31	6.19
-3.91	0.76
-1.89	-0.29
-1.77	0.31
-2.68	4.16
-2.98	0.12
-4.94	0.76
-3.54	-1.9
-4.04	-2.48
-3.67	-2.44
-3.15	-2.17
-2.85	-1.42
-2.92	-1.58
-1.86	2.8
-3.77	-0.08
-2.91	-0.77
-2.11	-0.45
-3.17	1.02
-3.8	1.68
-6.64	1.31
-2.3	6.96
-0.36	6.32
-4.54	6.63
-5.32	4.08
-6.46	2.11
-6.37	-0.29
-8.11	-2.79
-13.61	-4.15
-7.39	0.69
-5.63	2.77
-0.93	9.3
3.79	10.78
0.58	8.5
-0.77	8.06
1.6	6.42
-3.1	2.86
-7.1	0.93
-8.03	2.2
-4.26	5.52
-6.25	-0.18
-10.61	-4.32
-12.29	-1.11
-6.97	-2.71
-12.07	-5.73
-15.69	-10.44
-22.98	-12.28
-15.22	-11.32
-11.28	-4.44
-5.66	-1.93
-3.01	-1.8
-5.09	-2.03
-4.48	-1.5
-9.79	-1.87
-8.74	-2.89
-15.03	-4.8
-5.85	1.44
-2.17	3.4
-7.96	3.03
-7.06	1.22
-7.76	0.34
-8.62	-1.48
-7.15	0.89
-13.77	-4.5
-22.43	-6.55
-15.31	-4.88
-11.32	-4.02
-7.28	-2.25
-15.7	-1.88
-14.06	-0.88
-7.58	0.62
-4.28	2.75
-2.84	3.72
-0.52	8.96
-1.17	9.53
-1.62	8.61
2.48	11.55
2.05	7.79
1.38	5.35
1.65	5.85
1.89	5.04
0.86	2.99
0.42	3.15
-0.68	2.73
1.92	5.93
1.08	9.4
-2.39	7.27
-2.71	5.55
-5.02	0.48
-8.45	2.13
-7.49	4.42
-1.19	3.36
-0.15	6.99
0.56	4.98
-5.05	0.32
-9.18	-5.13
-16.51	-4.11
-17.77	-3.68
-11.19	-3.53
-10.18	-3.31
-12.37	-3.36
-12.87	-2.15
-7.51	-2.13
-8.83	1.21
-10.13	-0.31
-11.62	0.75
-10.82	1.16
-8.26	2.22
-5.29	3.98
-3.23	5.46
-0.79	10.89
0.51	6.19
0.08	2.63
-4.44	6.68
-1.55	10.55
-0.24	9.92
-1.63	14.24
4.7	17.56
4.43	16.66
7.72	16.29
8.35	14.8
4.72	10.79
3.38	6.41
0.8	4.87
0.88	6.26
2.55	5.75
2.33	12.6
7.07	17.92
8.06	18.39
6.15	18.03
3.43	20.07
5.34	20.83
10.33	17.56
9.97	16.28
6.31	10.75
4.91	14.3
6.44	11.11
5.14	13.29
4.13	12.61
1	12.51
6.54	17.46
3.71	22.47
5.78	19.43
7.86	21.05
9.13	14.71
6.3	13.02
1.89	14.59
1.7	18.4
3.91	22.5
7.45	21.62
6.27	14.54
0.53	14.43
1.62	17.86
3.35	20.41
3.91	23.95
8.75	25.44
10.27	22.69
6.77	19.46
8.51	14.81
9.66	12.49
6.97	13.98
6.92	14.94
7.97	19.35
4.95	23.98
9.16	19.03
7.88	19.17
11.02	15.71
6.38	13.88
3.28	17.61
8.79	16.98
4.74	16.59
11.92	17.98
8.48	22.76
9.78	18.96
7.61	12.99
6.23	11.28
7.11	11.77
7.89	18.63
9.79	21.12
9.06	20.31
8.26	23.24
11.8	19.97
9.62	19.6
10.53	17.21
7.5	16.23
10.53	17.51
8.7	21.84
10.3	21.26
12.84	22.71
11.7	19.47
10.33	23.85
12.28	26.59
16.78	26.9
12.04	22.68
13.07	24.74
11.65	24.99
10.9	24.72
12.33	27.53
17.27	29.37
17.42	27.94
12.36	23.95
9.7	18.31
5.65	19.73
7.97	19.23
11.73	18.09
12.53	16.11
12.52	15.89
11.95	23.14
11.85	23.98
14.14	22.55
12.6	25.54
14.5	23.13
13.47	25.83
14.76	28
15.13	29.18
15.65	29.82
18.47	29
16.67	26.96
16.88	26.11
15.9	23.83
12.28	24.79
10.54	25.95
11.02	27.64
15.02	25.22
11.35	23.91
11.11	25.65
12.29	28.12
14.95	29.05
15.15	26.83
15.38	29.25
16.76	29.33
16.98	29.26
19.17	30.48
19.15	30.8
15.98	28.62
12.73	27.78
13.28	28.53
14.91	31.98
16.32	31.74
17.31	27.73
13.52	18.9
5.91	20.97
11.78	22.36
12.44	22.62
11.97	25.7
15.49	23.13
10.46	23.65
14.52	20.61
11.9	24.63
14.39	18.88
10.99	15.61
6.05	19.51
7.96	16.71
12.34	21.19
9.61	22.75
14.63	22.33
12.31	20.23
12.04	20.65
12.47	18.81
8.92	22.35
14.08	24.27
13.03	22.52
12.36	23.13
12.57	25.91
15.35	26.09
15.61	24.53
12.22	24.36
10.84	24.11
9.62	24.09
11.47	26.78
13.97	26.72
14.83	24.12
13.34	25.03
14.14	23.48
12.92	21.85
14.76	24.44
13.16	25.79
14.64	22.89
14.44	23.59
12.95	26.38
13.21	26.61
13.22	26.39
14.1	21.5
11.67	22.67
10.45	22.73
11.16	19.33
9.66	22.08
10.08	23.65
12.68	25.01
14.47	28.63
14.02	29.97
15.9	26.77
15.54	24.61
12.7	25.6
14.78	29.78
14.78	25.6
14.95	29.04
14.84	24.47
13.1	25.58
13.19	26.24
14.58	21.31
13.81	19.95
15	24.82
8.75	22.38
5.76	13.67
3.12	13.59
3.16	12.33
2.93	13.54
0.98	13.43
1.92	14.42
2.37	14.42
3.96	18.38
10.77	18.69
12.99	22.77
11.28	21.61
9.75	17.1
7.04	18.81
12.04	22.9
13.29	19.48
8.44	15.29
4.11	17.02
7.01	19.24
14.14	22.08
10.99	19.32
10.27	15.65
8.93	14.44
8.35	12.19
8.45	11.71
9.61	13.61
9.34	13.35
9.26	12.73
10.86	13.86
7.43	12.16
5.81	11.84
3.93	8.24
0.15	6.25
3.02	5.27
-0.04	10.11
-3.34	8.65
1.12	5.42
4.78	9.28
3.9	8.74
0.12	9.44
-1.66	9.25
-2.91	5.34
-0.18	4.84
1.24	3.05
2.04	3.11
2.48	6.46
1.84	9.97
3.84	14.12
4.67	13.1
3.09	5.9
-1.53	5.19
-0.57	6.2
1.62	11.75
2.22	9.06
3.75	8.11
-0.41	6.91
1.42	7.44
-1.89	7.51
1.6	5.85
4.74	12.95
1.35	8.63
4.84	7.77
3.53	6.32
2.74	4.77
3.03	4.36
2.23	4.64
0.76	2.47
0.37	3.17
0.97	3.53
0.34	6.66
1.33	4.84
0.96	4.93
-2.99	1.08
-8.13	-2.95
-8.23	-1.52
-10.77	3.09
-6.01	3.54
-7.51	-0.63
-4.53	-2.28
-3.72	-2.19
-2.86	-0.6
-1.35	1.33
-0.11	2.98
0.6	7.03
-0.57	6.12
1.41	12.13
1.25	6.45
0.1	6.93
-2.59	5.47
-4.19	3.59
-2.67	-0.48
-3.29	3.51
-0.67	12.87
2.14	12.72
-1.43	12.51
-0.46	10.27
-1.96	3.48
-2.01	5.01
2.7	8.92
0.23	8.18
1.6	10.79
4.53	14.11
3.99	11.42
1.34	7.28
-1.3	6.21
-4.31	4.19
-3.24	0.83
-3.84	5.45
-5.19	3.47
-3.26	-0.57
-3.32	-2.02
-2.69	-1.07
-1.94	-0.49
-2.02	0.09
-0.16	2.21
0.26	1.99
-0.05	1.93
0.69	3.43
0.61	5.06
-2.28	4.73
-0.82	7.76
3.61	10.33
-1.05	11.76
-0.86	10.25
7.23	15.41
2.33	12.01
-1.03	8.54
-1.36	8.83
2.78	5.76
-1.79	10
-2	10.96
3.39	11.66
0.12	12.84
8.51	15.96
2.06	11.49
1.51	8.97
0.82	5.09
-0.92	5.83
-1.7	9.07
2.73	6.1
0.2	6.06
-2.35	8.2
-2.66	7.27
-4.23	4.82
-2.19	7.82
-0.16	8.34
-0.63	4.64
-5.92	1.63
-4.18	7.22
-3.73	8.09
0.05	4.33
-0.38	4.54
-4.41	2.87
-0.26	1.75
-0.53	4.85
-1.69	4.19
-3.11	7.5
-2.57	3.85
-4.48	6.43
-3.06	9.22
1.05	5.24
0.37	5.95
-1.13	5.18
-1.6	5.33
-0.95	3.06
-0.82	5.67
-2.85	9.44
-1.42	11.31
-0.72	4.75
0.19	7.26
0.17	8.23
0.93	13.01
4.33	14.18
1.09	7.84
-1.91	8.33
-2.89	9.02
1.87	11.91
5.12	10.06
5.1	13.53
1.31	10.26
2.37	10.56
2.2	15.96
0.45	11.93
0.13	10.04
-0.31	12.54
0.24	15.22
5.87	15.13
2.52	13.2
0.23	12.61
1.19	14.59
5.68	13.29
7.69	11
8.28	15.02
8.89	14.34
6.52	18.28
6.84	18.16
2.96	10.61
-1.41	12.81
0.47	19.99
9.48	18.57
2.13	11.66
-2.5	11.05
-3.1	14.19
0.03	14.31
0	19.92
4.89	21.66
5.38	21.75
10.42	17.98
8.53	20.04
5.55	17.89
0.33	9.52
-2.84	10.99
-0.32	14.43
1.29	16.91
3.06	15.2
9.42	14.59
9.41	15.59
7.03	19.86
10.45	21.79
11.49	20
5.31	21.97
11.32	21.62
9.42	21.97
6.76	22.32
9.69	17.91
6.82	20.23
5.75	21
7.85	16.67
2.85	19.24
8.19	19.99
11.84	20.33
10.93	18.04
10.31	22.08
8.9	24.44
11.95	24.1
10.71	22.6
10.4	21.22
8.69	14.05
8.03	14.11
5.25	16.24
4.73	20.69
7.68	22.09
9.24	22.88
10.07	22.56
9	23.12
11.19	22.45
10.13	23.19
13.59	20.69
11.42	17.01
8.26	19.83
9.48	22.62
9.62	27.09
14.28	22.63
13.71	22.88
10.34	22.8
9.42	22.93
9.55	25.16
11.15	26.2
14.74	23.71
13.36	21.86
13.39	20.21
8.8	25.11
12.7	24.58
14.03	22.6
11.32	21.59
8.5	23.77
12.07	24.19
11.79	20.4
10.46	22.79
11.4	24.64
11.77	21.07
6.37	19.51
10.22	20.73
11.51	21.12
10.05	24.24
13.18	26.29
12.67	26.7
13.05	28.82
14.5	26.47
14.88	23.79
11.56	26.69
12.21	29.09
17.65	30.13
17.69	32.77
13.73	30.32
14.91	27.77
14.95	26.73
12.83	25.03
12.55	26.84
13.15	24.42
12.17	26.29
14.38	25.05
13.16	17.81
10.59	21.86
10.24	23.66
11.84	24.73
13.84	22.29
11.01	24.74
11.54	28.76
15.58	30.31
15.15	32.52
16.25	33.67
18.09	29.38
12.08	31.53
14.53	32.45
15.57	27.74
10.75	29.06
15.86	25.64
9.54	26
11.61	28.31
14.28	31.36
16.14	31.75
10.51	18.25
10.4	22.85
9.15	23.68
10.43	26.33
12.77	28.12
14.7	27.5
12.87	29.22
13.7	32.21
16.91	32.34
15.62	32.1
15.8	32.12
16.44	34
17.29	32.3
15.61	26.39
11.46	26.85
10.27	29.24
12.73	31.17
13.39	26.53
11.94	17.37
12.84	16.53
9.36	21.16
11.65	22.78
10	22.01
10.96	21.41
8.82	24.52
11.57	26.77
15.12	23.25
12.86	24.96
11.42	25.7
16.11	24.28
9.49	22.4
10.59	24.23
12.81	23.45
16.28	22.98
12.15	18.73
11.84	19.23
7.32	21.21
8.02	22.48
9.07	23.86
12.7	23.1
11.18	18.66
9.72	12.72
9.68	12.64
9.85	16.59
5.3	16.38
11.23	17.41
10.74	18.27
10.61	16.26
10.04	18.04
9.44	18.49
7.55	19.87
9.43	21.56
9.19	19.22
9.66	22.38
9.95	23.63
9.97	24.44
10.08	24.46
9.7	22.65
10.89	18.32
7.4	17.07
8.94	17.28
3.23	17.39
3.2	17.1
8.4	14.88
7.55	16.74
6.49	12.16
0.71	16.72
7.9	19.99
9.94	19.95
10.59	19.82
9.16	21.24
9.98	21.78
10.94	19.99
8.05	18.5
5.63	18.2
5.91	17.96
8.13	12.42
8.18	11.77
7.69	10.23
7.42	10.55
7.79	10.07
4.33	9.59
6.72	11.99
1.8	8.67
-2.08	7.45
0.4	7.79
-0.67	10.16
2.55	7.52
-1.12	5.9
-2.42	9.63
-3.3	11.48
-0.16	6.46
-2.76	2.79
-7.47	4.09
-6.91	4.26
-5.53	6.63
-3.74	7.01
-3.22	3.81
-4.94	2.36
-7.96	-1.75
-3.27	-1.97
-2.36	0.07
-1.98	10.03
1.67	7.87
-1.44	5.54
1.88	9.84
-2.24	8.63
-1.4	9.45
-3.37	4.85
-2.76	-0.45
-4.54	-1.74
-12.48	-2.9
-14.76	-0.68
-3.62	0.84
-0.54	2.32
-0.74	6.39
-2.8	4.76
-0.79	7.39
-2.19	4.61
-1.34	0.41
-1.76	0.5
0.57	4.09
0.55	6.43
2.99	11.48
1.76	7.07
-2.72	6.31
-1.82	2.86
-2.9	1.83
-4.01	3.41
0.44	10.2
0.91	6.38
-0.81	4.74
-0.45	6.79
-2.71	1.98
-7.76	-2.1
-12.48	-2.57
-11.01	2.08
-3.39	5.99
-2.13	5.22
-5.26	1.03
-2.16	6.64
-4.42	5.82
-2.72	8.83
-1.52	8.11
-2.6	9.71
-2.6	8.52
-2.19	10.13
-2.69	7.02
-3.98	6.75
-4.27	1.59
-3.03	5.02
-0.41	3.78
-7.22	1.49
-7.42	-1.35
-6.84	-4.04
-6.96	-0.03
-2.93	0.92
-2.05	2.32
0.2	10.6
-1.37	5.51
-0.71	5.3
-0.84	1.46
-0.75	1.75
-3.41	3.85
-2.34	7.46
-3	6.28
-3.35	4.89
-3.07	2.29
-4.13	2.23
-4.82	-1.11
-3.64	-1.99
-3.19	-1.76
-2.76	3.81
-2.61	1
-1.43	-0.36
-2.18	0.57
-4.4	0.7
-1.8	-0.33
-2.97	-1.35
-3.32	-0.22
-7.8	5.14
-2.36	4.89
0.79	2.92
-0.19	1.82
-0.36	1.16
-0.26	1.8
-0.83	8.32
-2.95	10
-3.55	6.6
-0.49	4.31
0.85	4.83
-2.42	3.99
-3.69	-0.43
-1.57	8.78
-5.98	5.07
-3.49	5.95
1.54	9.73
-0.56	7.2
-1.52	9.76
3.51	12.21
1.76	17.32
3.05	11.67
1.64	6.43
4.12	12.41
5.23	16.63
7.01	14.6
5.47	11.32
0.36	8.71
-1.4	12.17
0.47	12.78
1.6	13.09
1.2	8.93
4.06	11.53
2.58	12.41
-0.4	12.6
-1.01	15.11
-1.21	13.65
3.82	12.61
1.39	13.03
2.62	12.31
4.16	12.28
4.54	11.99
4.54	10.43
-1.16	11.57
4.45	15.24
6.66	16.54
5.92	13.41
3.77	10.68
4.57	8.83
5.96	8.02
4.41	13.88
4.33	16.82
0.64	11.62
2.97	17.97
5.59	16.3
2.2	15.81
1.95	19.27
3.51	24.5
9.2	22.03
7.27	24.26
13.18	21.58
2.56	15.07
1.82	8.79
6.15	19.37
8.43	17.75
4.25	15.24
4.44	16
5.19	18.39
8.05	19.32
3.42	20.69
6.58	22.89
9.41	22.82
10.26	20.71
9.95	14.81
8.21	13.07
7.7	19.29
9.65	16.36
5.3	12.91
5.26	14.49
4.39	18.26
7.44	19.68
9.51	20.06
4.32	12.37
2.67	17.59
3.64	15.52
7.9	20.5
8.75	16.96
6.58	10.59
5.8	12.65
4.64	8.66
5.24	7.94
6.26	11.25
9.44	17.26
8.84	18.14
8.87	21.97
7.21	18.16
3.68	13.12
4.89	17.04
3.42	19.26
6.37	24.53
11.43	24.2
11.02	23.29
9.82	22.96
11.29	16.59
9.62	13.53
9.25	12.95
10.29	16.79
10.04	21.01
11.97	20.57
12.25	21.62
10.24	21.35
13.43	19.91
6.19	18.37
4.4	20.62
5.78	21.46
6.76	20.33
6.92	23.02
9.02	23.86
8.87	23.88
9.66	24.96
12.95	22.33
12.93	16.97
14.13	21.41
12.49	20.43
10.93	20.55
8.3	21.51
9.01	18.65
9.75	21.25
9.29	18.11
7.27	22.41
8.06	24.92
10.56	24.12
11.48	22.01
13.9	18.83
13.11	20.55
8.29	22.17
9.36	17.35
8.06	14.31
11.36	16.56
8.78	23.31
12.26	19.99
12.43	18.75
12.38	25.09
12.75	22.3
14.4	22.25
14.43	24.19
13.25	25.12
13.89	27.07
13.49	24.25
12.49	23.33
10.6	23.19
12.27	25.67
12.51	26.37
16.31	25.85
16.37	27.87
15.98	27.44
15.49	27.02
14.89	28.87
16.24	29.87
17.58	30.62
16.99	29.36
15.2	29.95
16.74	25.02
16.14	25.13
15.49	23.88
12.71	21.81
10.21	24.8
14	21.6
7.95	22.96
11.33	21.9
7.61	25.05
9.98	26.41
11.6	25.32
14.1	27.53
16.79	29.53
15.81	27.51
16.42	21.53
14.9	26.64
13.66	23.99
14.66	24.83
12.27	26.27
13.27	24.76
10.03	20.02
8.72	20.11
10.03	16.33
9.95	23.5
10.84	26.28
13.38	26.59
16.33	27.84
15.76	27.58
16.68	23.14
12.24	25.4
13.58	25.77
15.65	28.43
16.85	25.01
14.55	29
16.36	30.48
17.13	31.25
17.61	29.71
17.47	26.91
16.9	23.39
15.9	25.06
15.76	28.09
16.11	27.14
16.7	27.75
16.55	26.32
13.82	26.13
12.77	22.5
13.26	22.4
12.75	18.81
10.37	16.34
8.95	13.28
10.22	19.2
7.59	20.84
8.2	20.19
12.24	16.18
10.32	15.38
10.98	17.34
8.16	19.22
6.77	19.22
7.08	20.17
9.78	18.74
11.42	20.86
10.63	23.33
13.46	18.55
13.24	18.22
11.28	16.21
9.33	20.6
13.27	25.02
10.97	25.46
11.89	25.65
12.44	26.43
12.43	25.8
13.38	25.04
11.51	24.17
8.78	22.81
8.35	22.83
7.49	22.18
8.33	21.13
8.57	18.61
10.59	15.13
11.04	15.35
6.45	15.85
8.24	15.67
7.74	18.5
4.07	13.44
3.33	12.64
-0.06	15.12
0.47	16.68
5.84	11.88
5.01	9.97
8.06	11.56
7.32	12.91
0.58	15.04
5.92	16.19
2.36	17.69
2.34	17.59
5.67	14.25
1.48	14.31
0.09	17.24
1.51	19.43
2.12	18.89
5.03	19.01
4.74	20.01
6.46	21.52
6.16	22.09
4.19	21.37
5.48	21.83
5.87	21.86
5.12	21.44
5.14	20.11
8.71	18.51
5.68	15.46
7.57	15.51
5.22	19.27
8.39	19.12
4.09	19.44
11.62	17.49
6.41	13.99
5.65	11.07
4.79	10.66
1.16	10.31
5.08	9.75
1.69	11.36
-2.05	10.51
-3.88	2.58
-0.72	1.85
-2.6	3.9
-2.96	10.16
2.59	7.1
-3.64	4.16
-6.99	2.92
-6.16	3.1
-2.16	3.25
-3.32	2.61
-2.47	11.89
-1.93	10.17
-5.82	3.23
-6.63	1.38
-9.34	-0.28
-3.55	3.58
-6.22	6.84
-5.45	2.56
-11.2	0.7
-11.73	-0.09
-9.45	5.2
-8.24	3.84
-8.69	0.39
-8.63	3.45
-3.84	0.98
-5.22	2.51
-7.2	2.33
-9.94	2.4
-6.74	0.99
-10.92	-0.46
-9.17	2.63
-0.56	9.54
3.19	13.12
6.96	16.39
8.18	17.39
12.67	19.51
6.92	15.79
10.26	18.81
4.7	11.86
5.76	15.77
6.94	15.43
1.87	11.66
-2.32	5.82
-0.02	6.52
-2.35	1.43
-2.5	-0.32
-3.88	2.14
-4.58	0.91
-6.45	-0.79
-5.68	-1.65
-2.22	-1.06
-2.52	-1.05
-2.74	-0.9
-8.45	0.48
-7.68	-3.48
-7.02	-3.77
-10.2	-4.62
-12.95	-7.08
-9.49	-2.54
-10.65	0.69
-9.53	-0.97
-7.72	-3.88
-7.45	-4.86
-7.8	-4.74
-6.51	-4.63
-6.68	2.3
-4.68	10.3
-2.63	4.52
-3.62	6.78
-5.21	5.76
-1.75	7.64
-1.62	13.49
-4.05	10.5
-0.64	9.24
-0.87	11.54
1.05	11.3
-0.3	8.14
0.24	11.62
3.55	11.49
1.02	9.94
2.43	9.02
2.2	12.65
3.14	13.81
4.37	12.18
3.71	13.78
-3.33	12.51
-3.49	11.32
-3.23	8.77
-3.82	11.16
1.93	9.63
-3.54	8.67
-0.44	4.1
-1.1	3.37
-1.24	8.43
-2.44	8.94
0.69	12.57
-0.31	8.84
-1.65	9.45
-2.24	11.82
-0.82	14.53
-0.34	16.86
-0.08	17
0.85	15.59
-1.47	15.16
-1.43	18.09
-0.49	19.42
4.48	16.18
5.02	16.18
0.98	11.18
3.35	12.54
-1.92	10.28
-3.53	7.88
-1.78	11.02
0.17	12.44
-2.59	15.15
5.07	18.61
-0.31	21.05
4.74	15.86
3.5	11.44
2.06	21.74
2.29	22.11
6.03	15.11
-0.63	15.71
2.17	13.19
1.88	14.47
-2.55	13.61
-3.18	17.29
-1.93	19.78
-0.1	21.06
2.41	21.24
5.44	24
7.07	18.77
7.08	17.41
5.39	13.36
3.34	8.71
4.24	8.77
5.44	13.95
3.45	11.72
7.06	13.31
4.57	17.6
4.5	17.73
4.93	20.48
9.39	18.83
7.74	14.55
5.62	10.74
6.11	16.01
8.65	13.29
4.49	9.42
1.13	8.68
0.85	11.23
-0.3	13.76
1.39	12.86
1.23	13.92
0.02	17.71
4.64	17.61
7.43	13.86
6.55	14.97
6.54	11.61
6.22	14.52
3.32	11.05
3.6	10.48
4.21	16.94
8.43	14.61
7.39	18.16
4.16	18.93
4.95	17.67
6.65	19.26
6.71	15.65
3.34	14.07
1.83	17.59
10.78	17.61
8.32	23.34
9.38	18.98
7.82	19.55
5.2	24.03
7.07	25.01
8.96	24.8
9.65	24.73
8.72	24.17
10.17	23.61
9.79	24.54
14.52	20.74
8.77	23.82
9.32	25.49
13.17	23.99
11	25.75
11.39	26.99
10.51	22.76
10.22	17.91
10.78	18.17
8.99	21.01
8.91	22.54
11.93	23.74
13.53	26.84
12.19	23.03
7.79	17.38
5.8	17.35
4.68	18.99
7.9	15.52
2.91	17.71
4.21	19.1
6.39	20.86
7.4	23.57
11.66	20.57
7.46	21.75
12.57	17.16
9.96	19.19
11.88	20.72
13.58	21.51
10.76	21.23
9.69	17.5
7.08	19.76
8	21.89
12.06	16.85
12.59	21.73
11.24	20.6
12.85	21.09
11.75	21.44
10.07	25.14
12.84	25.77
14.06	28.18
14.69	25.19
12.41	25.9
13.43	23.28
11.41	23.55
11.04	24.05
13.76	26.18
15.71	27.07
15.34	28.5
16.15	29.14
17.29	30.83
16.99	29.01
14.1	19.72
9.98	21.5
14.22	20.02
8.59	25.19
12.87	23.13
7.87	20.76
9.17	19.66
13.47	27.47
13.06	24.81
10.78	21.01
8.6	23.7
9.36	27.16
12.85	24.01
8.42	22.8
9.58	27.92
12.8	28.86
14.11	23.51
9.73	23.59
9.67	23.84
11.86	28.16
13.57	29.63
14.94	25.72
13.91	24.61
14.08	24.79
10.63	26.07
11.99	26.52
12.2	28.26
12.6	30.63
14.53	31.73
15.8	30.64
18.09	30.23
15.38	29.53
12.87	27.55
11.39	28.25
10.8	29.48
13.15	31.73
14.77	22.03
13.07	22.16
9.96	24.25
9.16	27.42
13.85	24.93
10.78	28.13
12.57	30.14
13.23	31.37
14.83	29.28
15.03	28.72
12.7	28.83
11.57	22.51
8.33	26.03
10.87	29.07
13.48	24.01
11.63	19.76
11.23	23.45
11.98	24.79
9.45	26.65
11.26	28.22
14.3	28.3
13.07	28.97
12.29	28.62
12.25	29.12
12.14	29.37
13.9	26.07
13.27	19.66
8.73	20.98
12.01	20.51
13.32	21
7.59	20.27
8.63	21.47
9.38	19.37
7.14	21.64
9.74	16.62
9.09	17.25
8.95	16.68
5.27	18.66
6.97	19.59
6.59	21.51
9.9	17.02
3.91	18.96
8.68	17.5
5.76	18.65
9.57	22.49
10.98	17.64
8.92	16.95
8.62	24.04
11.35	19.69
5.92	17.46
8.31	13.18
6.98	16.32
5.92	15.93
3.66	18.84
5.43	21.93
11.9	24.37
11.31	17.86
4.74	17.91
6.36	16.14
9.65	14.18
6.38	17.11
9.34	22.03
8.02	16.9
3.79	13.29
1.47	15.9
0.79	17.51
1.84	18.48
6.04	21.71
9.14	22.33
7.12	19.34
7.31	20.3
5.15	18.45
7.33	18.75
9.43	20.63
9.66	14.66
5.53	13
-1.08	8.17
-4.68	8.67
-4.6	9.07
-4.31	9.15
4.51	10.33
5.1	8.72
5.34	11.86
6.01	11.46
7.81	13.11
3.23	14.06
5.73	11.52
2.32	8.95
2.78	7.91
2.21	8.84
-1.44	9.29
-0.6	6.51
-3.76	5.99
-1.11	8.46
-0.4	8.87
-3.01	5.2
-1.27	1.02
0.44	6.09
2.49	8.17
2.82	8.1
3.76	7.18
3.78	11.22
-0.06	7.94
2.17	11.51
4.02	10.37
3.91	9.48
5.05	13.02
4.11	9.67
2.23	14.67
5.09	11.19
2.37	11.4
7.39	13.36
5.45	8.52
2.59	6.73
3.08	5.45
0.86	5.11
-2.38	2.21
-6.83	-0.6
-6.59	0.96
-10.29	-0.45
-5.84	2.71
-0.46	1.66
-3.05	-0.28
-5.31	-0.88
-5.73	1.75
-2.48	4.19
0.94	4.47
0.74	3
-0.62	3.54
1.47	4.18
-0.49	2.1
-0.28	1.11
-1.02	0.63
-1.22	0
-1.26	0.81
-4.03	-0.91
-7.23	0.05
-4.15	1.85
-0.42	2.45
-4.33	0.7
-5.88	-2.71
-3.44	-0.7
-1.42	5.06
-0.75	4.88
-3.44	1.86
-0.43	10.68
0.2	7.38
2.62	5.11
-2.08	5.68
0.31	10.44
0.62	12.14
2.01	7.16
-1.41	5.2
-3.29	8.04
2.37	7.63
2.26	9.8
-0.89	10.31
3.6	13.74
-0.06	7.18
3.52	6.61
0.19	4.94
-4.05	2.22
-7.49	-0.34
-9.7	0.23
-10.95	3.27
-8.96	2.34
-8.83	-1.81
-9.74	-4.84
-6.5	-3.6
-4.15	-0.68
-2.79	3.26
-1.45	2.86
-6.74	2.28
-4.54	0.22
-1.9	3.14
-8.68	3.47
-2.84	2.49
-11.29	-0.56
-14.63	-5.28
-16.2	-2.55
-14.8	-0.96
-13.64	-1.16
-11.72	-4.27
-16.06	-8.25
-9.99	-4.5
-11.66	-2.65
-11.28	0.65
-3.54	9.1
-2.2	7.04
-5.47	-1.29
-5.43	1.37
-11.41	0.8
-13.62	-0.28
-10.77	2.59
-7.92	2.62
-11.22	3.68
-10.35	4.42
-7.86	5.09
-5.8	5.09
-3.87	6.07
-3.67	9.58
1.64	10.7
-1.65	10.57
-0.67	8.57
0.35	5.4
-1.32	1.46
-0.62	2.54
0.75	6.24
1.98	4.87
2	6.11
0.09	9.75
-0.03	8.66
2.97	14.79
5.04	15.04
3.78	12.17
3.24	11.12
4.46	8.66
3.63	13.55
-0.57	14.12
0.3	15.55
1.51	18
1.15	15.46
0.74	15.99
0.93	14.98
2.35	13.88
6.47	18.55
6.85	20.25
10.75	20.49
8.08	15.21
3.59	19.92
6.2	15.27
5.75	11.78
2.1	7.97
1.09	7.96
0.93	4.32
0.69	3.69
2.58	11.07
1.73	11.16
-0.21	15.07
5.79	11.71
6.3	15.48
7.72	17.51
7.32	18.35
3.54	16.49
3.4	15.94
3.84	16.74
6.39	15.24
2.85	13.51
6.28	15.98
4	17.02
4.63	17.88
3.32	18.55
2.97	20.33
1.01	15.6
0.89	4.36
1.47	9.76
-1.09	10.89
2.12	9.85
-0.97	10.89
-1.71	12.7
4.23	12.06
4.43	11.21
-0.37	14.24
2.24	13.61
7.85	16.12
2.64	18.8
5.97	17.47
8.71	20.96
6.92	17.77
9.01	13.42
6.38	11.27
6.09	16.13
3.23	15.12
3.85	14.42
6.55	16.97
5.04	18.22
9.25	18.37
11.47	19.33
6.43	19.12
9.07	16.87
3.9	18.89
9.1	15.72
6.07	11.14
4.7	8.91
4.88	8.12
5.31	13.52
4.71	16.93
5.29	22.59
12.61	24.96
11.97	20.51
5.3	13.37
2.6	14.46
6.21	13.9
4.76	14.61
6.59	17.6
7.32	18.83
6.15	19.93
9.59	23.23
9.41	25.84
11.28	21.83
9.79	24.52
8.86	17.13
8.37	17.49
5.04	19.2
12.52	18.71
11.08	21.17
11.39	23.31
11.51	25.82
13.7	21.87
8.23	23.96
10.97	26.15
14.34	23.24
14.38	24.9
14.2	29.21
15.48	29.8
12.48	23.92
10.01	16.06
7.35	21.41
12.04	22.86
11.09	26.73
13.01	28.28
15.32	29.28
16.08	24.59
15.17	29.65
16.66	26.14
9.95	24.07
8.71	19.49
7.46	20.24
8.28	23.43
11.95	24.98
16.87	25.67
19.26	26.61
17.87	28.06
17.42	27.08
14.69	28.24
14.17	29.53
16.04	29.21
17.28	29.51
16.32	30.51
17.64	32.4
18.06	32.46
15.6	29.14
15.22	23.38
12.33	26.78
14.28	27.76
13.99	23.95
13.35	27.33
18.12	25.84
16.38	25.84
13.38	24.94
12.4	26.07
14.29	28.41
16.47	23.3
13.06	21.48
12.01	20.8
14.3	18.55
14.93	24.3
14.15	26.56
15.79	27.94
16.31	25.16
15.39	22.36
16.65	21.96
17.72	25.56
16.78	25.2
16.36	27.49
15.65	29.23
16.66	29.95
14.82	30.66
18.2	27.56
16.4	28.39
17.64	29.42
16.43	26.18
15.75	26.31
15.68	25.29
12.37	25.83
11.96	26.52
15.29	24.09
14.86	22.24
9.64	22.76
13.73	20.14
12.55	23.65
14.28	24.75
13.53	25.91
16.62	26.12
15.15	25.09
13.07	22.76
9.86	22.54
12.74	20.47
9.6	21.71
8.96	22.57
8.24	23.07
8.51	24.19
9.63	25.65
9.8	25.62
10.49	26
11.51	24.04
11.47	20.04
9.76	17.89
8.67	20.87
7.88	22.12
8.62	25.13
12.16	20.45
12.96	16.31
14.25	21.25
15.16	21.4
15.57	22.13
11.95	22.89
12.63	20.61
7.18	21.06
9.55	21.73
11.85	19.78
14.04	23.13
13.47	19.29
6.32	20.25
8.26	20.1
10.16	23.34
16.17	22.47
10.36	19.21
11.69	22.89
14.54	26.3
13.73	22.09
9.98	16
4.62	16.46
2.66	16.65
1.48	16.15
2.81	18.25
5.69	21.04
9.42	15.55
9.91	14.19
8.71	14.73
7.66	12.78
10.99	17.1
13.39	19.32
8.51	19.88
12.04	20.85
11.68	17.64
6.67	19.21
8.18	14.04
6.92	8.84
5.7	10.35
1.48	8.33
1.76	7.62
-1.96	10.55
1.15	9.29
2.08	7.43
-4.07	5.84
-2.34	5.28
-4.03	4.68
-4.65	6.44
-5.73	5.52
-6.04	3.5
-4.18	6.49
-4.17	6
-2.56	10.22
5.41	15.8
4.6	12.66
3.82	8.6
-1.56	8.3
2.14	13
-1.16	11.81
0.85	8.49
-4.29	7.76
-1.22	9.73
-0.26	13.55
8.2	12.17
1.13	10.27
5.57	8.75
3.81	7.68
-0.96	7.39
-1.24	6.52
3.77	6.74
3.55	6.12
2.1	4.09
1.41	3.18
1.76	4.03
3.92	7.54
3.99	8.05
5.67	6.87
3.81	6.07
3.04	5.41
1.77	3.83
1.09	2.85
-0.19	5.16
-3.41	4
-3.34	-0.42
-3.22	5.41
-1.34	2.39
-2.95	1.98
-8.23	-0.33
-13.53	-5.3
-15.29	-6.48
-9.38	-0.12
-13.02	-2.05
-12.04	-1.84
-12.01	1.65
-10.93	3.08
-10.98	-1.93
-4.93	-2.53
-4.89	0.11
-4.54	4.4
-0.24	3.74
-3.76	4.79
-0.68	4.08
0.03	3.1
-1.46	5
-2.34	4.69
-3.62	1.49
-2.34	3.74
0.37	3.35
-5.2	2.27
-4.62	4.89
-5.57	4.75
-6.08	3.1
-3.44	10.36
-4.58	9.23
-6.58	2.72
-4.2	7.3
0.86	10.27
-0.96	10.01
-2.77	6.91
-1.59	10.51
1.58	9
1.09	3.91
-0.94	3.42
-2.37	3.87
-0.97	2.24
0.38	8.81
-3.21	2.91
-2.68	6.72
-3.36	4.08
-1.37	7.52
-3.43	2.82
-7.97	-3.61
-5.44	-2.69
-3.81	0.48
-6.18	2.75
-6.73	-0.8
-3.78	-1.97
-2.63	-0.25
-3.36	-0.38
-5.18	6.01
-1.09	6.53
1.88	8.22
-1.45	6.22
-4.38	5.13
-4.28	4.96
-2.49	7.76
-1.7	6.93
-0.51	6.27
2.49	12.07
-1	10.84
-3.74	8.33
-2.52	5.44
0.81	9.48
1.34	11.96
0.59	14.58
4.15	9.51
-0.94	11.03
2.99	7.98
0.1	5.47
-3.81	2.04
-5.87	2.43
-6.26	3.93
-4.14	4.6
-1.39	2.84
-4	6.92
-2.27	11.48
-4.13	10.27
-3.22	12
-3.22	13.28
-2.76	12.8
-1.91	15.53
-1.53	15.29
-0.81	17.57
3.01	14.39
1.2	18.28
0.06	15.43
-0.26	12.42
1.92	9.1
-1.77	8.47
-4.61	10.61
-3.97	9.66
-4.06	9.68
0	12.19
3.07	10.98
3.58	10.66
1.9	11.77
-2.87	9.17
-1.23	8.21
-4.52	8.67
-4.7	12.87
0.04	10.1
4.95	8.72
4.35	9.65
3.39	11.11
6.76	15.74
7.63	13.39
0.8	8.34
1.46	11.13
1.32	7.43
-1.08	8.3
-1.13	11.18
3.57	14.92
8.25	13.83
3.08	14.73
1.22	17.57
11.39	18.85
6.57	17.74
5.31	12.08
4.27	12.38
0.93	11.86
5.41	12.26
0.62	13.1
-0.76	12.74
2.56	16.92
2.93	19.05
4.45	16
3.6	17.38
7.52	14.13
5.73	10.19
1.61	12.14
-0.5	17.93
6.89	15.01
2.95	14.02
2.92	21.6
8.68	18.45
4.63	19.57
5.4	25.6
9.15	26.41
8.76	26.87
11.06	22.5
9.43	20.22
7.06	11.88
9.06	17.15
8.04	20.66
7.93	21.58
9.17	18.34
7.47	19.5
9	20.39
6	21.9
11.85	23.1
10.24	19.41
9.23	20.44
11.41	24.18
6.51	18.73
5.55	22.75
7.96	24.07
10.44	23.83
8.11	23.45
7.82	22.96
10.79	17.43
8.88	16.95
8.85	17.98
11.09	18.8
6.41	22.63
12.2	21.53
11.68	21.1
7.5	20.67
5.24	20.28
5.27	21.58
11.51	18.91
6.79	21.76
7.46	21.55
10.08	22.61
14.31	20.88
13.54	25.66
15.94	24.61
14.07	22.35
13.17	23.62
11.45	23.29
8.92	22.98
12.23	20.23
9.94	17.53
11.72	20.67
9.38	22.57
13.59	17.72
13.79	20.98
14.09	23.61
14.72	24.49
11.78	25.28
14.54	25.64
15.04	22.68
13.22	23.43
14.26	26.82
14.1	27.14
13.79	26.95
17.13	27.91
15.21	28.14
14.62	23.9
13.44	23.35
10.52	22.21
10.82	23.79
10.03	26.09
10.47	27.28
10.97	27.81
11.49	27.32
11.82	28.13
13.34	29.43
14.49	26
14.2	24.81
12.92	23.26
12.88	24.56
12.5	24.44
12.88	22.06
11.08	25.88
14.48	20.94
15.04	20.76
12.38	26.57
14.45	24.68
12.51	24.56
15.86	26.88
13.15	29.19
16.58	26.11
11.57	27.73
12.56	28.58
13.1	31.12
18.15	28.76
14.98	28.72
11.36	29.16
12.52	30.87
15.72	31.77
16.98	28.14
8.62	26.6
11.1	29.08
13.63	33.05
17.76	33.19
18.33	30.96
16.43	33.96
16.97	32.65
16.41	30.54
13.67	32.48
14.93	33.79
16.52	33.29
15.2	33.98
17.98	34.41
17.52	28.18
13.61	28.7
12.93	30.21
14.38	30.67
16.31	25.7
11.24	27.55
11.89	31.07
14.58	33.6
14.7	35.8
15.17	35.81
16.03	34.69
16.25	30.98
15.1	29.77
14.68	28.14
15.91	32.5
15.27	34.2
17.25	33.88
16.42	35.49
18.42	34.69
19.2	31.79
14.43	28.44
10.45	24.29
5.68	21.91
8.95	25.29
10.02	19.64
9.19	16.66
6.73	17.98
3.69	22.72
6.47	25.19
12.36	21.85
9.4	23.7
11.96	25.92
12.28	26.75
11.28	25.12
11.14	26.32
11.01	22.48
8.18	25.49
9.87	23.21
10.2	20.68
4.31	20.65
4.7	21.67
6.2	22.69
6.46	25.09
11.28	26.49
11.72	23.4
9.65	21.76
3.48	22.24
11.56	25.77
11.82	26.41
12.39	25.27
13	18.3
10.59	15.94
7.12	18.98
6.61	18.06
11.59	15.47
12.08	20.73
14.01	20.93
9.74	20.88
11.62	15.97
7.68	15.82
7.43	12.52
8.53	10.29
6.48	12.16
-2.18	10.19
-2.53	10.98
-2.08	10.44
3.73	9.28
7.54	16.62
3.67	14.11
-0.19	10.34
3.52	8.64
6.71	8.56
4.07	11.95
0.38	10.67
1.66	12.44
1.25	12.61
6.37	14.68
2.81	10.72
3.45	17.49
5.76	15.35
4.48	6.38
6.05	9.17
4.23	7.23
5.04	9.27
7.59	14.8
4.65	9.81
4.71	11.11
4.44	15.85
1.51	9
0.03	12.03
0.06	7.89
-1.23	8.86
2.52	10.29
4.23	9.4
-1.78	7.26
-2.44	8.38
-3.95	4.61
1.65	15.4
4.71	10.59
0.96	6.59
-2.99	6.37
-1.31	7.76
-3.23	7.18
-0.21	8.7
2.76	5.67
3.31	5.09
3.54	7.19
3.07	11.63
2.63	11.69
-1.21	7.37
3.25	6.16
1.19	5.48
-0.74	3.49
1.06	10.2
7.48	14.52
6.34	13.2
6.37	14.01
2.87	7.56
1.45	6.36
0.87	2.99
1.41	2.79
1.37	3.63
0.69	2.76
-1.24	2.81
-1.32	6.92
-1.49	4.22
-3.23	6.54
-3.15	0.99
-0.77	0.69
-0.87	0.59
-0.72	0.44
-1.56	0.15
-1.9	-0.01
-0.49	1.14
-3.55	0.68
-8.64	-3.31
-6.99	-3.43
-6.34	-2
-11.3	-0.65
-5.77	-1.27
-12.01	-0.66
-13.06	-0.22
-10.11	-4.63
-7.71	-3.4
-10.36	-6.78
-10.64	-6
-9.17	-3.34
-14.39	-2.89
-14.25	-2.87
-6.42	0.57
-3.1	4.05
-0.52	3.95
-2.65	5.22
-1.19	10.31
6.13	13.28
1.77	9.13
0.36	13.26
-1.38	9.66
-1.06	12.67
-2.48	11.75
-2.82	10.54
-2.45	7.45
-2.76	8.45
0.4	13.97
-2.12	10.03
2.45	11.73
1.53	9.94
3.44	10.71
-1.92	6.57
-1.71	7.25
-3.37	2.82
-1.65	1.29
-7.33	-0.06
-11.5	-0.43
-12.27	0.01
-11.37	3.82
-8.27	6.86
-6.89	8.75
-7.26	4.98
-6.03	7.32
-0.55	5.71
-3.41	6.92
-4.88	5.33
-6.33	5.52
-6.38	5.55
-5.89	4.09
-5.57	5.11
-1.78	0.97
-0.85	1.66
-3.72	1.39
-8.28	-0.46
-1.93	5.38
-3.7	4.48
-2.53	7.61
-2.51	7.06
-3.51	1.88
-6.22	-0.61
-3.72	-0.34
-2.43	0.08
-4.98	2.87
-6.28	5.54
-6.43	7.48
-4.2	4.05
-0.47	2.86
-1.11	0.61
-4.84	-0.7
-6.47	-1.73
-9.79	0.61
-1.83	3.81
-1	2.23
-2.4	4.33
-5.95	7.63
-3.02	9.21
-2.64	11.53
-2.39	11.96
-0.66	13.05
-1.48	14.17
-0.29	16.03
2.42	13.79
7.13	21.42
6.48	18.68
0.44	19.65
2.3	22.81
4.7	20.77
9	20.41
5.67	13.51
3.58	7.82
2	5.93
-0.24	5.25
-0.15	3.68
0.39	7.39
-3.78	7.12
-2.14	12.45
3.59	11.93
3.75	8.82
0.14	9.63
4.28	10.56
2.39	13.79
-0.04	14.58
3.57	14.95
2.39	12.64
1.64	12.82
-0.76	12
3.99	9.01
3.93	6.19
3.33	14.39
4.92	15.85
5.97	12.72
6.65	14.75
1.05	14.47
2.4	16.44
8.04	18.47
8.56	15.52
2.97	20.75
7.96	22.74
6.13	23.86
6.86	23.99
8.38	24.14
12.12	22.32
11.96	19.73
5.04	23.98
6.15	23.25
9.36	21.14
5.43	22.78
6.42	22.99
8.67	23.02
9.9	20.48
9.82	15.21
6.55	19.28
9.71	20.87
9.33	22.15
9.52	21.55
9	21.3
6.63	23.47
6.38	24.35
6.07	24.58
7.17	23.94
9.15	23.14
10.46	21.82
9.6	23.4
7.55	25.32
10.77	26.28
11.63	26.66
11.47	28.54
9.56	24.04
8.66	19.07
9.37	22.66
9.17	25.75
11.03	29.05
16.21	25.68
15.95	27.22
10.38	23.65
11.02	27.66
14.69	24.26
10.1	25.45
11.94	28.73
15.03	25.39
14.16	22.72
15.11	26.27
13.42	29.03
14.58	30.16
15.4	24.26
14.01	25.67
13.31	28.64
16.69	30.26
14.39	26.01
8.56	21.16
13.05	20.61
8.33	22.63
10.53	21.97
11.74	20.29
8.71	22.7
10.35	27.35
13.22	30.33
15.82	24.76
13.7	25.01
17.23	28.08
14.81	24.11
7.17	21.48
10.85	18.58
8.88	17.46
11.99	18.96
8.43	21.57
7.75	24.38
10.28	23.15
8.87	26.53
12.35	29.33
15.67	31.77
17.09	30.74
13.14	23.36
7.65	21.58
12.49	23.06
9.5	26.08
12.2	28.53
14.71	26.9
9.49	20.37
7.51	19.6
6.47	21.73
11.18	23
15.25	29.27
13.84	30.27
16.16	27.76
16.84	27.47
17.23	25.33
13.07	20.12
13.61	22.42
10.3	22.92
10.39	27.24
12.84	29.9
13.37	25.17
8.98	24.15
13.81	24.19
15.83	26.39
14.43	31
17.54	33.3
14.89	25.49
11.45	29.06
14.07	32.76
14.44	34.38
15.72	34.13
16.01	29.48
14.23	26.34
13.24	26.09
15.52	22.07
14.29	25.9
11.58	24.17
9.27	26.61
11.94	30.4
13.88	30.43
12.82	31.26
12.23	32.1
13.5	31.63
15.9	25.43
12.1	26.5
11.51	28.52
14.71	31.56
14.51	33.83
19.19	32.39
15.18	28.8
11.34	17.91
10.59	17.61
9.46	18.65
12.84	18.34
11.82	18.59
5.16	20.84
10.38	18.68
8.26	16.75
7.59	19.63
9.76	19.68
8.97	17.56
10.22	17.63
4.89	18.16
6.12	23.18
9.9	24.98
14.11	27.16
18.31	25.56
11.22	21.5
11.39	20.47
10.91	24.94
15.43	23.01
11.41	21.97
9.86	23.24
12.97	17.46
12.33	16.46
8.8	16.84
12.8	18.23
8.11	21.66
10.1	22.58
11.31	26.27
13.93	25.83
11.12	22.15
12.63	18.16
10.75	16.74
6	18.56
9.85	13.13
4.14	11.66
8.02	18.92
11.7	19.79
12.68	17.13
10.58	12.84
4.93	20.02
10.56	22.21
14.54	20.51
13.28	23.31
12.12	20.24
6.51	19.21
8.56	22.76
12.36	23.8
13.49	23.78
13.72	25.87
12	21.03
5.72	18.66
11.62	18.26
5.04	12.4
5.12	7.44
6.62	8.66
7.24	8.56
5.73	9.83
9.14	13.92
7.46	16.13
5.35	11.65
3.53	9.21
0.5	8.68
-1.91	10.66
-1.43	11.49
-1.1	6.26
0.89	6.65
0.57	4.99
3.4	5.83
3.58	8.84
6.82	8.92
7.72	9.54
9.02	10.91
8.99	17.65
5.97	12.94
6.24	10.78
5.83	8.87
4.48	8.13
-0.61	5.76
-2.93	-0.19
-8.42	0.69
-0.49	1.41
0.08	3.36
-0.28	2.15
-4.95	0.16
-9.35	-2.62
-9.46	-4.9
-5.67	-2.55
-5.95	-1.22
-9.12	-2.13
-4.34	-1.72
-2.63	-0.97
-7.48	-2.11
-10.15	-4.16
-7.44	-5.52
-6.81	-3.83
-3.64	-0.29
-6.21	-1.32
-5.64	-1.34
-8.82	2.66
-8	2.78
-8.62	0.59
-4.63	2.26
-5.31	-0.44
-2.98	2.85
-1.88	9.65
-3.98	4.74
0.94	5.18
-3.19	6.51
-5.33	7.88
3.95	8.82
1.44	4.97
1.64	7.79
-0.69	5.87
-0.33	7.98
-2.22	10.28
7.3	12.13
7.15	14.62
2.32	8.08
0.22	10.01
-0.69	8.6
-0.28	6.75
-2.13	0.26
-1.32	0.36
-1.29	1.78
-7.83	0.28
-10.31	-2.49
-8.03	4.12
-0.38	5.45
0.15	4.75
-3.21	5.85
-2.76	7.64
2.68	8.73
3.63	10.61
6.3	13.84
5.8	12.09
2.87	9.28
2.51	6.79
3.65	10.98
2.88	9.99
0.55	9.55
0.73	6.11
1.82	8.48
0.18	3.43
-0.04	3.96
-2.53	2.41
-6.95	3.31
-6.21	-1.02
-1.79	2.81
-7.63	5.19
-5.74	6.19
-2.77	10.49
-2.19	9.02
1.99	9.47
-2.55	8.9
0.02	6.9
-2.12	5.42
-1.37	8.21
-0.41	8.71
-0.93	9.79
-2.16	10.05
3.79	12.44
0.12	10.12
-0.44	13.51
4.83	12.33
1.07	7.78
-1.16	7.84
3.28	6.66
-1.96	6.96
0.09	6.34
-1.16	3.17
-6.04	-1.24
-7.92	-5.17
-13.88	-2.93
-16.93	-2.66
-14.24	-4.03
-9.39	-2.12
-4.04	-1.11
-13.48	1.81
-4.81	4.25
-5.78	7.05
-3.08	9.96
0.49	7.25
-0.71	12.87
-1.08	13.96
3.55	17.76
8.74	14.01
8.93	16.54
6.71	13.74
3.39	15.09
2.18	10.4
-0.77	10.95
-1.3	10.06
2.69	12.88
5.02	12.66
7.58	12.55
4.57	18.91
5.7	14.91
2.55	17.19
4.98	17.54
4.96	17.24
2.98	19.44
3.97	13.99
5.13	12.35
-1.55	11.03
1.75	15.79
4.07	12.65
1.27	8.48
4.22	6.95
4.24	13.39
7.54	17.94
8.53	18.6
6.78	14.62
-0.15	8.67
-2.64	9.57
-0.13	15.51
6.55	20.01
7.47	22.26
7.23	20.71
5.5	15.31
2.09	11.62
-0.37	13.53
5.1	10.59
2.05	8.77
3.35	12.76
-0.65	13.9
2.64	14.15
2.86	10.7
4.34	13.41
2.6	9.19
1.78	13.01
6.05	17.2
5.21	18.58
6.91	15.71
7.98	13.84
7.36	11.84
3.04	11.21
5.85	11.44
5.74	16.71
3.89	18.92
5.33	20.83
5.47	22.16
6.58	22.08
7.21	20.44
8.44	20.44
9.18	20.43
7.66	21.31
7.1	24.32
9.21	21.27
5.55	13.78
2.3	16.81
2.1	19.89
10.49	16.52
6.98	13.52
4.61	16.93
2.4	15.26
2.17	18.4
4.72	17.28
6	18.56
6.09	19.91
6.53	20.78
6.94	21.41
11.14	25.1
10.31	26.27
15.35	26.34
13.31	26.79
12.29	21.82
11.86	19.51
11.05	21.72
10.55	23.77
11.32	22.47
11.85	24.87
15.26	23.48
12.37	26.1
12.97	22.8
6.7	20.75
12.05	20.85
9.23	17.95
6.72	19.08
7.68	24.95
11.17	27.28
18.15	27.34
13.6	23.91
11.3	17.87
8.42	16.93
4.96	20.11
13.13	24.77
12.03	24.78
10.25	15.92
9.15	16.54
11.11	15.08
12.32	18.68
13.27	19.34
13.68	23.53
11.87	23.42
12.11	20.16
9.89	24.1
14.36	28.72
14.33	26.13
15.82	24.07
12.31	28.18
15.06	26.16
15.13	25.09
16.95	26.22
17.1	30.89
18.13	31.73
15.48	32.77
18.07	29.68
17.73	29.71
17.75	27.27
13.01	28.27
13.78	29.92
16.15	31.38
17.59	29.47
15.03	28.01
16.3	24.6
13.26	22.35
14.21	23.64
12.4	21.31
12.84	25.81
13.82	26.97
14.74	27.46
15.34	27.57
13.87	27.37
14.33	29.19
15.41	30.38
17.89	30.86
16.47	26.55
17.34	23.57
16.75	25.91
13.28	28.43
12.97	29.98
13.24	30.14
14.08	30.46
15.49	31.43
15.61	30.5
16.9	31.95
15.14	31.6
15.22	32.05
13.72	33.28
15.28	33.57
16.55	32.72
16.97	32.87
17.66	31.55
15.81	32.59
16.44	33.15
17.13	32.1
16.28	32.09
16.52	30.37
17.95	33.68
19.38	31.06
16.33	26.11
14.26	26.1
14.01	23.29
12.24	23.83
10.64	24.75
11.43	26.74
13.5	22.41
10.27	23.93
13.69	26.31
16.17	27.43
15.91	28.11
14.21	27.39
14.48	24.11
14.52	19.2
13.79	23.2
11.24	25.78
12.25	27.44
15.4	23.02
15.02	21
15.92	26.63
15.72	28.91
17.05	28.3
15.76	20.99
13.55	22.45
12.15	24.5
13.9	24.29
14.03	26.9
15.09	26.91
13.99	22.32
8.54	22.65
10.05	24.73
12.33	25.79
14.16	27.83
14.91	26.91
16.53	23.23
9.59	20.87
11.24	15.33
8.53	13.37
6.78	16.19
8.28	16.48
5.82	19.2
9.71	23.13
10.28	20.61
14.55	25.06
13.91	25.15
13.3	24.09
15.75	25.85
13.48	20.37
12.39	22.55
9.89	22.41
12.61	23.25
13.53	21.91
13.76	22.61
7.64	18.18
5.56	13.01
2.04	9.76
2.37	5.65
1.98	6.21
-0.75	11.35
1.18	13.01
-0.53	14.6
-0.59	16.15
0.93	16.88
3.21	16.59
2.14	15.12
2.34	13.24
4.77	10.57
0.45	8.55
-2.36	10.02
-1.76	10.46
-0.04	8.36
4.15	7.66
4.25	9.24
6.24	8.71
5.85	16.57
3.87	16.8
5.23	15.14
4.32	15.31
7.2	12.94
2.45	11.83
4.61	17.67
5.79	17.99
8.6	13.87
8.51	12.01
6.8	13.55
7.97	10.96
3.78	9.91
3.22	6.18
4.8	10.9
5.92	9.08
7.26	12.17
6.81	10.43
0.74	6.95
0.21	3.87
2.55	8.53
4.63	13.53
4.61	14.01
2.72	10.55
2.68	9.2
0.61	7.91
1.17	7.46
1.97	12.04
4.87	10.21
1.98	12.24
2.17	8.5
2.97	10.8
3.5	8.97
2.84	6.88
3.75	9.86
-1.48	9.9
-0.12	8.46
-2.81	5.59
-6.33	2.39
-6.05	0.85
-5.77	0.55
-1.65	9.64
-1.37	7.08
1.37	8.97
-2.57	4.17
-0.88	4.19
1.42	4.73
1.38	8.21
1.05	13.58
0.73	11.15
0.58	7.86
-1.78	3.53
-6.95	2.7
-3.48	6.34
-6.78	4.11
-2.42	1.54
-2.03	0.29
-2.09	-0.55
-2.16	-0.84
-2.8	-0.81
-2.97	-0.81
-2.28	0.6
-1.31	0.42
-4.74	1.6
-2.06	3.8
0.84	8.66
4.5	10.12
0.45	8.41
-0.94	2.58
-3.13	4.62
-5.64	1.9
-3.98	-0.19
-5.08	-3.01
-5.11	-1.66
-4.77	0.18
-7.73	-1.85
-6.75	-0.41
-7.07	1.94
-3.72	3.78
-4.9	4.31
-1.87	1.79
-5.25	-0.23
-11.31	0.53
-2.63	4.78
-6.78	3.18
-5.42	-2.02
-4.76	-1.78
-5.18	-3.13
-4.33	-2.5
-3.82	1.58
1.48	10.83
0.89	8.91
-1.84	9.24
4.37	14.32
1.97	12.27
-2.67	6.27
1.08	10.58
1.82	10.81
-0.88	7.35
-5.19	7.08
-2.35	9.07
-1.58	5.91
-3.9	5.67
-2.1	8.04
-0.97	11.79
0.41	17.97
1.08	13.07
2.68	11.38
-0.3	4.57
-2.4	8.11
0.94	14.83
-1.13	13.78
6.17	9.2
0.71	12.42
4.17	9.71
-0.9	12.02
3.94	7.68
-0.34	10.47
0.24	13.35
0.85	13.55
0	8.79
1.36	10.24
0.16	7.06
1.37	12.55
0.58	9.95
0.74	7.84
-2.4	10.62
-1.45	13.31
3.76	8.68
2.42	8.05
1.71	6.57
1.82	7.18
-0.69	7.7
1.25	7.37
-2.28	10.51
0.89	10
-0.61	11.32
-2.58	11.77
-1.27	12.27
-0.78	8.53
-0.77	4.88
-2.57	2.3
-1.18	2.27
-1.74	9.38
4.09	14.78
5.73	15.94
1.02	11.88
-1.02	8.13
-0.55	6.94
0.44	6.62
1.78	14.81
1.14	19.63
4.83	13.96
4.89	15.1
-0.34	11.86
-3.1	7.53
0.79	5.88
-0.02	6.77
-0.76	8.15
5.33	15.39
8.17	24.01
6.77	24.27
7.71	17.09
5.45	20.17
6.92	20.89
6.91	15.83
0.42	8.95
-0.19	9.44
2.82	7.91
0.69	9.98
3.87	7.61
1.15	7.76
1	7.6
1.93	10.74
5.12	14.16
4.53	17.94
5.59	19.49
9.55	20.89
5.85	23.02
6.14	25.85
6.85	26.65
8.88	22.73
10.23	16.04
7.64	14.38
8.03	17.37
7.03	19.54
7.36	20.61
7.92	21.76
8.98	19.97
8.92	16.07
2.41	14.53
1.69	19.22
6.9	20.93
5.68	23.22
9.06	25.99
7.83	24.77
11.88	20.15
9.14	15.39
7.53	15.08
10.85	15.82
12.21	17.85
8.33	14.88
2.73	13.82
3.67	19.06
10.81	15.27
8.33	19.15
10.72	16.37
8.36	12.18
6.9	12.52
7.37	16.41
5.01	20.71
6.17	24.13
8.9	25.24
11.35	25.73
13.03	27.42
14.1	25.02
13.86	27.39
12.96	27.58
13.9	25.86
13.95	19.09
9.72	21.01
9.04	20.81
9.35	22.57
11.79	21.44
11.7	19.97
12.63	19.93
11.38	24.22
11.75	25.32
11.89	22.17
14.91	22.04
14.48	19.84
10.09	22.3
9.36	21.33
11.16	19.93
11.63	22.26
11.81	23.61
10.16	22.71
12.34	24.98
14.95	27
14.81	29.05
14.89	24.03
8.79	15.84
10.52	13.73
11.6	17.71
12.62	21.93
14.88	23.24
16.13	24.27
11.72	24.46
12.23	28
13.57	29.45
15.67	28.56
15.79	29.43
14.94	26.49
15.41	23.44
15.02	21.52
11.73	24.94
13.74	27.97
13.72	28.9
14.41	29.32
14.1	29.31
14.55	30.11
15.58	30.41
17.44	30.22
16.27	27.18
16.46	29.29
16.76	25.42
14.35	27.34
16.91	27.41
16.39	28.58
14.58	29.4
15.44	30.18
15.99	28.74
15.36	26.35
11.82	27.8
11.58	29.43
14.88	30.45
17.61	25.86
17.03	21.47
15.13	27.93
13.23	29.07
14.33	30.29
15.27	26.41
11.7	27.09
12.25	27.98
13.48	28.2
13.98	28.58
16.03	29.29
15.8	27.9
16.14	20
14.71	24.88
10.08	27.3
11.57	26.63
10.45	27.22
10.23	28.34
13.48	23.19
11.38	21.3
10.24	22.47
12.69	26.41
16.17	24.27
15.66	23.36
14.21	22.64
14.54	27.29
14.91	27.85
16.2	27.75
15.26	26.83
16.75	26.42
10.88	24.23
9.74	17.4
6.11	17.5
7.26	16.23
4.65	17.92
6.97	14.42
10.27	16.33
11.57	21.19
12.26	18.14
6.06	20.04
9.87	21.56
7.74	22.59
13.68	22.38
14.16	23.12
9.32	22
10.31	23.68
10.94	25.38
12.77	24.01
13.87	18.99
12.68	15.5
8.85	20.82
11.09	19.06
9.76	20.62
10.07	18.53
12.99	22.24
10.72	20.98
10.24	17.17
8.62	17.34
6.26	18.81
6.44	18.78
6.15	19.53
6.98	20.94
8.75	14.95
6.38	13.33
1.03	15.43
3.66	12.73
6.02	20.44
7.42	19.76
8.33	21.02
8.59	23.07
10.79	20.33
10.28	20.72
10.61	22.47
10.4	21.13
10.67	21.49
8.59	22.1
8.31	22.01
7.37	21.53
7.15	18.42
8	15.05
9.01	17.91
8.5	16.06
5.33	18.86
6.03	19.97
7.13	19.82
6.1	13.42
2.12	12.02
-1.71	12.32
-2.04	12.44
-3.04	12.92
-1.74	14.58
-1.9	12.68
0.1	12.39
3.6	15.77
5.64	11.77
7.7	13.79
6.2	15.88
3.24	9.68
-0.61	12.03
-1.45	6.95
-0.17	3.34
-1.77	3.67
1.39	7.83
0.72	5.58
-3.15	4.98
-3.42	7.31
1.76	8.9
0.79	4.58
3.39	4.69
4.35	5.82
4.04	11.01
4.77	14.38
8.69	13.92
0.09	8.87
-4.37	2.79
-2.04	4.23
-4.01	3.44
-8.66	2.27
-8.67	-0.32
-1.39	5.15
-3.66	-0.83
-3.54	1.66
-2.24	8.46
-0.5	6.28
2.67	4.68
1.86	3.9
0.35	2.06
1.43	3.13
0.39	3.11
-1.07	1.44
-2.41	-0.62
-2.06	-0.61
-1.73	-0.1
-0.94	0.33
-1.24	0.64
-1.88	-0.26
-2.58	-0.8
-1.85	1.61
-3.17	-0.63
-2.56	0.19
-0.5	0.62
-0.73	0.24
-0.95	0.13
-0.51	0.77
-0.39	2.03
-1.13	3.95
-2.03	1.41
-2.71	5
4.04	11.6
4.5	12.92
1.84	9.85
-0.43	3.97
-3.67	-0.14
-11.45	-3.1
-15.91	-6.57
-8.54	-6.37
-7.43	-2.99
-3.06	0.42
-2.81	-0.2
-3.56	-1.22
-6.88	-0.83
-7.3	-2.15
-12.37	-3.38
-5.49	-1.66
-1.64	0.36
0.05	0.68
0.61	4.51
2.24	7.83
2.49	10.01
-1.33	5.5
-4.68	-0.02
-2.06	1.77
-6.98	-1.73
-6.5	-2.22
-6.61	-3.83
-4.36	-2.13
-3.57	-2.23
-3.88	-1.54
-4.46	-1.3
-7.36	-3.3
-6.02	-4.3
-7.72	-5.69
-7.89	-4.87
-4.92	-1.92
-4.2	-2.17
-4.09	-0.84
-6.26	-0.68
-11.42	-1.31
-16.48	-2.68
-13.11	0.1
-5.86	-1.22
-2.55	1.34
-5.96	-0.84
-15.54	-3.89
-8.92	-2.95
-7.29	-3.74
-9.28	-0.44
-18.29	-3.24
-9.92	-0.91
-10.17	-1.21
-3.52	0.7
-1.05	4.28
-3.65	1.43
-10.63	3.45
-1.84	6.55
-5.1	7.03
1.55	7.02
-2.17	5.55
-3.85	0.73
-4.67	-0.02
-9.92	-0.65
-11.95	1.13
-11.38	3.92
-5.37	5.88
-5.06	6.14
-6.08	4.76
-7.87	6.58
-2.99	2.18
-3.95	2.15
-4.51	1.26
-6.48	-0.42
-10.55	3.75
-1.32	4.34
-0.41	4.81
-4.53	3.63
-5.5	2.86
-7.4	3.43
-4.16	0.55
-3.44	-1.17
-2.25	1.02
-1.26	9.1
-2.58	4.8
1.06	3.38
1.65	7.73
2.4	6.14
1.38	8.18
-4.01	9.79
-1.66	10.84
1	7.49
0.74	10.09
2.52	12.74
6.37	11.54
2.82	12.06
2.74	9.65
-0.13	8.06
-4.18	11.01
0.74	8.28
-2.17	7.69
-0.4	7.83
0.86	4.5
0.28	3.59
1.1	3.13
3.18	9.72
1.36	16.33
2.43	17.22
2.53	17.09
2.77	15.94
3.21	14.15
3.44	15.71
3.96	14.37
-0.83	4.7
-0.11	8.78
0.13	7.32
4.92	10.23
3.27	16.9
1.89	18.33
4.05	20.25
3.25	22.9
6.99	23.67
8.45	25.38
13.82	21.2
11.27	21.26
11.97	19.18
11.39	16.27
8.26	16.75
10.97	21.05
9.13	22.2
10.6	18.79
10.79	17.65
9.77	20.8
10.41	19.18
6.01	20.49
5.08	19.66
10.89	20.11
8.39	24.01
11.51	21.42
12.25	21.86
10.54	18.34
7.94	20.18
12.37	17.25
13.73	17.9
12.11	17.92
14.23	21.27
12.23	22.45
11.16	25.62
16.39	26.66
13.45	27.8
12.14	24.65
9.1	19.71
9.01	17.83
8.19	19.36
9.03	23.28
11.84	26.03
13.82	22.88
12.87	20.68
11.14	16.97
7.08	16.96
5.46	22.54
7.86	25.2
11.5	26.36
13.84	27.75
13.28	28.51
15.84	25.19
13.43	23.86
11.18	26.52
13.07	28.76
14.05	30.34
14.51	31.56
15.67	31.75
16.8	32.22
15.42	30.71
16.81	24.88
9.79	20.92
8.07	20.13
6.86	22.2
7.63	24.19
8.63	27.18
14.03	27.45
12.13	26.9
14.4	21.9
12.79	26.19
10.16	15.06
6.95	19.76
8.08	20.04
12.45	17.38
11.41	21.47
12.61	23.48
11.75	26.98
12.9	23.1
10.2	16.62
12.77	18.67
12.8	21.33
9.99	23.96
13.03	26.2
17.35	27.19
13.05	23.72
13.83	28
9.43	20.51
6.83	18.9
10.39	20.01
12.42	23.19
10.82	26.82
12.61	28.76
14.07	29.85
17.2	23.62
9.07	21.55
9.84	24.16
8.74	20.96
6.25	20.99
6.05	21.84
6.86	22.93
7.22	25.07
14.12	27.21
15.28	23.22
13.33	23.82
10.45	25.78
16.21	28.68
14.56	27.87
16.48	25.75
14.31	25.99
12.59	28.53
13.62	29.55
15.72	27.02
14.26	21.2
8.39	22.49
9.13	24.14
12.58	24.33
15.11	21.19
11.13	25.64
12.54	25.72
11.82	26.25
15.86	24.37
14.79	23.96
14.99	25.58
15.64	22.84
15.1	24.56
13.7	23.83
15.04	22.19
15.06	24.62
12.54	26.25
11.63	26.93
13.28	27.17
13.98	26.29
12.96	27.01
14.05	20.96
10.93	25.1
14	26.46
14.9	25.76
13.4	22.56
13.67	23.45
14.36	21.33
13.64	18.14
12.74	15.5
13.55	16.54
14.14	20.96
11.71	16.43
7.42	16.03
5.69	15.51
9.75	16.43
6.42	16.58
7.26	17.27
7.93	20.37
8.64	18.86
9.55	14
5.18	12.05
5.68	16.87
7.74	15.29
4.28	14.35
4.57	13.27
4.89	15.63
10.09	11.92
10.74	15.04
13.02	16.74
10.69	13.83
9.32	12.39
7.49	12.12
4.9	16.39
6.08	17.07
7.26	17.91
7.94	18.28
11.73	21.04
10	22.03
9.79	18.79
8.54	14.36
2.63	15.64
10.32	12.86
10.16	11.98
9.98	14.6
9.56	17.82
11.05	15.63
10.22	17.07
7.71	14.41
6.69	17.34
3.73	17.39
6.79	18.5
9.71	21.47
12.65	19.03
11.02	17.17
8.31	13.19
5.67	16.62
7.61	16.6
8.48	11.89
8.27	14.92
5.14	12.8
3.78	10.12
1.46	11.62
-1.61	12.34
-0.21	14.19
3.1	11.59
6.49	17.68
5.41	15
-0.65	13
-0.04	11.01
4.91	17.93
2.79	17.32
2.07	18.11
5.93	18.15
6.53	15.37
3.09	17.1
7.15	14.89
3.39	12.53
-0.17	11.17
7.75	16.16
12.12	19.69
11.93	19.3
6.93	15.78
3.16	11.12
3.29	11.75
7.82	14.64
8.47	13.76
6.16	11.2
5.8	11.23
2.07	8.87
0.2	3.46
-1.43	3.57
-2.25	2.29
-4.8	3.84
-1.46	1.61
-0.74	3.15
-2.14	0.86
-2.23	3.25
-2.52	0.96
-1.06	5.46
-3.41	3.21
-3.52	7.63
-2.65	5.69
-2.18	0.21
-2.22	-1.32
-2.5	-1.45
-2.18	-1.15
-2.48	-0.75
-1.51	0.33
0.16	1.44
-0.01	1.49
-0.23	4.27
1	6.23
-1.26	4.63
-2.03	3.04
-1.54	2.15
-1.04	1.73
-1.72	7.92
0.39	3.58
-2.44	2.03
-4.53	-2.21
-3.71	-2.13
-6.51	-2.86
-7.13	-4.96
-10.28	-5.54
-15.12	-8.92
-18.47	-10.56
-13.89	-7.96
-14.36	-7.87
-19.2	-10.41
-12.69	-8.57
-11.05	-6.3
-6.99	-2.98
-3.35	-1.3
-3.34	-1.22
-3.61	-1.21
-4.39	-2.4
-4.03	-1.7
-2.48	-1.4
-3.13	-1.63
-1.89	-0.01
-5.51	-0.28
-6.81	0.14
-3.19	0.36
-3.26	-1.34
-2.85	-1.25
-3.59	-2.61
-3.81	-2.67
-4.4	-3.06
-2.87	-0.78
-1.57	1.54
-1.63	0.33
-1.02	-0.02
-0.9	-0.21
-1	-0.04
-5.46	-0.21
-7.67	-2.28
-4.65	-0.67
-8.4	4.16
-8.42	2.04
-3.11	1.89
-5.42	2.58
-8.22	1.14
-11.21	1.33
-10.79	1.71
-5.79	4.76
-1.34	6.65
-6.62	6.35
-3.24	7.99
-4.78	10
-4.77	10.47
-3.98	10.27
0.05	10.56
2.7	12.85
0.23	10.96
0.65	8.13
0.12	5.48
-5.5	3.41
-5.66	4.2
-0.6	8.89
-3.51	12.42
0.15	13.98
0.62	15.82
-1.12	16.62
1.58	13.91
6.63	15.49
8.43	15.59
4.04	10.94
1.51	9.45
-2.16	14.32
-0.76	17.67
2.21	20.18
2.95	8.15
-0.8	13.02
-1.53	12.82
0.19	11.52
-1.95	10.76
-3.67	13.83
-0.65	13.44
-2.17	12.3
-4.03	13.86
-1.63	17.22
1.76	16.14
2.34	15.68
5.4	13.6
1.92	9.79
-0.12	3.39
0.13	5.08
1.47	6.87
-1.25	4.81
-0.55	6.47
-2.41	4.94
0.45	5.63
-0.03	8.63
2.03	9.13
0.3	15.71
2.54	14.27
0.42	10.76
-0.55	8.52
-0.33	9.92
4.75	13.45
3	18.04
6.26	19.28
4.34	13.05
-1.14	9.07
2.85	12.39
-0.78	5.97
-2.92	8.43
-4.49	12.34
-0.97	19.37
5.52	22
0.13	15.95
-1.27	6.46
-4.97	13.61
3	10.83
-1.51	5.88
-1.88	9.5
4.69	17.08
0.76	18.36
1.34	10.82
0.5	7.29
1.71	7.13
4.72	11.9
-2.07	14.79
0.83	18.41
4.51	15.02
2.46	18.08
8.66	15.78
6.71	15.5
8.52	17.72
8.37	17.59
7.18	20.33
5.44	26.87
8.97	26.74
10.19	22.89
12.78	22.94
9.09	19.34
5.48	16.02
3.79	17.97
8.89	20.79
6.47	23.38
11.09	27.37
12.68	29
12.1	28.64
9.68	27.88
9.15	28.36
11.35	27.59
10.89	28.61
11.67	26.32
10.98	27.58
14.44	24.53
9.87	19.65
6.66	21.14
11.35	17.1
7.58	16.26
5.04	16.1
9.11	19.66
8.57	15.43
5.1	17.26
7.75	17.22
6.64	14.77
2.48	18.34
9.93	16.3
10.32	21.87
12.62	21.26
8.09	23
14.96	22.32
13.11	22.57
8.57	23.92
12.27	26.25
11.98	26.8
11.89	27.17
14.91	27.15
17.11	25.25
14.77	28.77
15.09	25.88
13.53	25.8
15.07	25.73
13.68	19.08
8.84	21.52
15.24	23.27
12.34	25.49
16.25	27.82
10.29	24.5
9.9	22.17
9.74	22.14
9.74	23.09
14.58	26.9
15.66	29.45
16.63	30.5
18.3	27.09
12.58	22.93
10.48	25.57
14.26	26.04
13.5	28.66
15.74	25.73
13.36	20.02
11.94	16.13
13.02	19.31
14.43	24.78
12.77	26.24
13.75	21.99
14.55	24.34
12	24.8
12.21	24.45
14.82	23.6
13.73	23.9
12.59	26.13
15.68	22.41
14.41	21.2
11.61	24.06
11.06	23.64
14.63	24.72
13.06	27.4
16.19	27
16	26.06
12.44	23.2
11.69	26.1
13.6	26.81
15.14	21.32
11.52	26.15
12.58	27.56
12.13	22.28
9.77	22.08
13.31	23.86
12.27	27.22
14.62	28.01
16.51	22.56
12.41	26.02
13.01	26.1
16.09	23.95
13.78	24.08
12.01	26.31
12.24	26.92
12.14	28.03
13.57	28.83
15.36	29.74
13.26	26.62
13.55	26.93
15.46	24.43
15.12	25.73
15.28	22.63
13.28	27.05
12.81	27.45
12.32	27.21
12.61	27.34
12.9	26.78
12.47	27.68
14.09	27.07
14.75	28.73
13.72	22.89
11.17	22.23
12.15	25.53
11.9	26.28
11.58	27
12.57	27.8
13.45	27.15
13.79	27.03
13.81	28
15.8	24.57
12.26	22.85
10.6	25.87
11.37	20.26
8.51	20.5
8.94	25.83
17.01	26.82
11.26	19.73
6.33	18.05
3.79	19.89
5.24	20.53
6.05	21.53
7.07	23.71
9.39	17.1
2.36	17.74
2.57	18.8
3.61	20.1
4.68	17.68
5.04	18.61
8.26	20.01
7.33	20.17
8.16	18.72
6.67	19.59
6.72	20.03
12.18	14.9
11.29	21.64
7.34	16.57
4.02	17.58
3.84	21.7
5.8	21.46
12.59	23.89
11.11	22.32
11.83	25.89
12.04	23.43
9.23	19.32
8.66	12.6
3.87	14.33
-0.34	11.73
0.19	13.14
3.53	10.86
4.66	9.68
0.97	11.32
0.38	12.73
-1.68	14.46
0.95	8.56
2.75	8.67
-1.6	8.75
-0.12	11.94
-4.3	10.92
-0.33	5.69
-2.21	2.17
-6.43	4.69
-8.08	5.16
-9.08	4.93
-5.4	5.3
0.33	7.44
-4.81	8.5
-4.51	11.73
-4	6.63
-4.42	10.28
5.36	18.84
13.77	21.25
12.15	18.67
5.38	14.55
7.5	15.13
3.68	14.43
5.42	17.08
6.05	14.06
4.77	8.38
0.57	10.52
-1.72	3.45
1.47	5.01
0.41	5.05
-4.45	2.59
-6.91	2.1
-7.28	2.26
-3.18	5.04
-2.64	0.98
0.15	1.9
0.63	3.36
2.06	4.39
1.96	4.47
3.14	5.03
2.44	4.24
3.63	6.04
4.76	6.43
4.65	6.54
3.64	5.8
0.91	6.61
-2.47	4.8
-4.61	2.69
-5.39	2.45
-0.58	5.76
-1.03	2.53
0.08	3.93
-0.23	9.09
4.1	9.07
1.19	9.37
-1.69	7.09
-3.06	3.11
-5.52	-3.35
-11.73	-4.53
-6.85	-4.59
-4.89	1.71
-1.32	3.61
0.16	2.55
1.44	4.16
-0.48	5.29
-0.01	3.61
-0.61	8.43
1.05	9.94
3.32	7.12
-0.59	5.67
-0.97	8.32
-3.34	5.98
-3.16	10.6
-2.21	4.21
-1.57	10.16
3.01	8.19
4.48	12.34
0.93	9.26
0.73	12.34
-0.08	11.66
-1.37	13.66
0.46	7.46
-1.26	12.85
-2.35	10.27
-4.32	3.96
-2.23	5.03
-1.46	3.54
-0.01	6.35
-1.01	9.23
-0.99	8.54
-4.69	7.51
-0.48	4.6
0.69	5.19
0.97	3.81
0.56	2.27
0.59	2.11
-5.13	0.89
-4.01	-0.38
-7.91	0.28
-7.49	0.43
-8.68	-0.36
-6.45	2.11
-6.63	3.39
-8.03	5.09
-9.16	-1.58
-10.87	-2.06
-10.3	4.18
-9.43	3.4
-9.93	4.74
-9.41	8.18
-6.44	8.54
-4.8	8.16
-6.2	7.96
-0.16	14.64
-3.56	15.66
-1.35	19.63
4.15	20.93
2.6	17.37
3.66	19.76
3.87	19
4.71	15.46
-3.47	10.3
-2.92	16.24
-0.13	13.36
-0.11	16.31
6.28	16.52
1.01	14.82
1.93	15.59
6.56	12.78
1.98	13.52
-1.16	16.71
-0.87	15.84
0.93	10.12
-3.06	8.06
-1.45	12.83
6.47	15.8
6.75	16.28
-0.6	12.77
4.28	16.4
6.19	14.28
0.48	7.16
-2.43	4.48
-6	3.77
-8.19	6.32
-1.87	8.77
-3.02	12.82
1.9	8.64
-2.1	7.37
0.28	4.59
2.49	9.57
4.11	9.98
-0.36	9.88
-3.01	4.47
-2.86	4.04
-5.86	5.63
-6.38	6.72
-1.18	5.54
-2.54	7.68
-5.57	11.28
1.87	14.97
6.75	15.84
2.81	14.71
-1.06	17.55
1.35	21.8
5.39	19.36
5.05	20.9
12.41	18.4
10.51	20.47
8.58	16.77
4.62	17.61
7.75	17.76
7.1	13.95
1.69	17.12
6.35	17.81
5.26	14.18
2.28	12.28
0.31	10.81
-1.25	13.62
5.97	10.74
5.41	14.04
2.83	13.29
6.39	15.13
1.71	16.36
0.83	19.96
8.3	15.08
3.62	18.24
3.83	20.28
9.44	19.52
4.85	21.5
9.35	23.14
11.8	20.52
9.41	17.89
7.99	20.12
7.53	19.06
9.53	20.18
5.42	20.29
10.58	15.66
5.82	15.74
3.22	18.48
8.2	21.08
6.73	23.51
7.23	24.37
7.62	25.83
8.96	26.75
9.07	26.9
10.7	27.84
11.31	21.17
5.73	19.29
5.02	17.79
5.31	13.44
6.89	14.29
9.86	14.93
11.24	22.61
9.03	22.64
9.89	16.34
5.14	16.14
7.88	13.76
8.88	14
7.27	21.41
7.93	23.87
9.21	24.84
11.08	24.37
12.21	24.99
10.36	25.59
14.86	22.25
9.66	25.8
12.09	28.12
14.86	27.67
14.61	29.58
17.31	31.92
17.79	32.52
16.03	28.6
13.63	25.01
13.51	26.46
15.28	23.28
12.26	19.48
10.12	12.44
9.05	17.56
7.66	23.06
12.3	20.55
9.91	17.28
6.97	20.91
10.81	21.48
12.37	25.29
13.13	28.99
15.83	31.71
15.49	20.99
12.89	23.02
14.79	25.94
15.13	28.08
16.95	28.81
14.95	28.23
15.56	24.22
17.41	27.45
14.75	26.99
14.92	24.28
14.15	20.06
14.25	23.42
11.41	21.99
13.1	23.33
14.12	24.67
11.31	18.55
7.52	19.31
12.53	23.89
13.79	24.75
14.87	19.73
14.62	28.11
12.77	25.5
11.67	21.63
9.52	24.39
11.3	24.31
13.93	27.51
16.1	28.95
15.56	30.76
17.65	30.68
15.51	31.35
16.66	31.72
18.29	28.15
16.74	28.36
17.93	28.16
16.08	29.3
17.88	26.1
13.6	25.55
13.4	27.82
14.63	27.6
16.37	27.67
17.91	31.88
20.13	31.98
20.1	28.64
18.38	24.57
12.08	24.78
11.36	27.48
12.78	30.15
13.95	31.83
16.41	27.9
13.22	29.65
15.49	31.65
14.92	32.06
17.64	26.57
15.39	28.78
16.05	28.19
15.66	31.09
15.68	30.89
15.7	25.04
14.85	27.67
16.46	27.83
15.97	23.57
13.6	21.84
11.77	24.83
11.96	21.64
7.83	23.48
10.83	23.45
10.94	18.09
7.78	17.68
6.74	19.56
6.62	21.01
6.51	21.15
13.06	20.51
13.52	19.92
13.14	16.85
13.5	16.35
12.42	21.74
10.84	22.39
14.49	18.6
12.81	22.67
12.49	20.59
12.32	22.48
15.24	21.13
9.97	15.27
8.69	12.68
6.05	17.04
7.89	19.63
10.88	15.33
7.99	17.35
7.8	17.91
10.36	14.72
12.22	17.71
6.82	18.21
6.17	18.85
5.77	19.57
6.14	21.11
12.67	23.21
16.09	22.45
13.96	16.94
11.82	21.28
7.53	21.25
12.92	17.62
11.94	17.54
9.53	13.33
7.39	15.29
7.2	13.8
12.63	18.3
13.33	19.8
13.35	16.66
12.55	18.45
8.28	19.87
6.75	20.15
9.51	15.29
6.58	14.37
1.41	14.84
8.31	18.98
8.92	19.34
8.38	19.26
9.82	19.74
8.67	10.85
5.03	10.92
1.22	11.72
2.02	15
2.82	16.8
3.28	12.42
4.98	10.04
4.77	14.8
0.86	13.83
4.83	15.8
8.45	19.19
1.81	13.69
0.56	11.89
2.29	16.2
-0.54	11.99
1.68	16.92
7.28	12.19
3.25	8.84
-1.32	10.2
0.64	9.42
-1.85	9.81
1.09	11.49
5.41	9.81
4.82	11.55
-2.25	8.02
-3.91	7.55
-4.13	6.16
2.2	8.63
-1.79	8.64
-2.39	5.15
-5.45	4.07
-5.94	3.61
-6.43	0.57
-7.09	-2.96
-5.42	-2.48
-2.89	-0.46
-1.71	3.91
-1.19	2.16
-0.35	1.3
-1.2	3.95
-2.42	0.27
-1.03	0.84
0.24	2.57
-2.16	1.35
-3.06	-1.57
-2.45	-1.31
-2.72	-1.3
-3.72	0.08
-10.2	-0.43
-9.81	2.35
-11.61	-2.5
-10.55	-0.79
-14.41	-1.64
-7.39	-3.41
-6.05	-0.59
-7.67	2.03
-2.97	6.16
0.61	4.19
-1.96	6.47
-1.56	5.67
-4.19	5.59
-5.72	-0.32
-3.63	2.34
-0.68	1.35
-5.92	2.84
-5.1	0.35
-9.21	-1.65
-8.25	-5.74
-8.67	-6.45
-9.98	-1.31
-8.55	0.93
-5.62	-0.85
-1.54	-0.18
-3.05	-0.44
-5.1	-3.13
-5.73	-0.85
-3.11	0.06
-2.18	4.46
-0.75	8
-3.03	8.48
-4.72	4.34
-3.56	2.94
-1.76	2.6
-3.92	3.15
-1.9	0.86
-0.63	5.68
-1.18	2.98
-5.46	5.52
-3.06	7.34
-2.03	8.65
-2.6	8.15
-3.47	2.78
-1.74	0.83
-2.2	-0.72
-2.83	-1.53
-3.6	-2.73
-3.77	-2.65
-3.44	-2.48
-3.5	-2.05
-3.68	-1.69
-2.84	1.36
-1.93	5.57
-3.85	0.78
-7.87	-4.22
-6.8	-2.8
-8.31	-0.83
-3.62	1.7
-0.35	6.86
0.97	8.73
-1.53	14.22
-2.69	8.02
-5.14	7.47
-1.59	4.68
-6.52	2.88
-3.45	-0.12
-5.2	-1.89
-6.05	-1.16
-5.21	-0.6
-4.34	-0.42
-9.54	0.93
-13.23	3.07
-6.26	5.96
-9.02	4.96
-6.15	4.91
0.87	9.53
-0.06	5.02
-0.25	4.52
-3.16	6.68
-4.47	7.38
-3.82	7.91
-4.64	8.34
-1.51	16.24
-1.53	14.95
-0.75	13.73
4.59	12.86
5.73	15.75
8.81	17.06
7.28	13.53
0.55	11.15
0.96	9.59
1.54	9.78
1.5	12.4
3.55	17.52
4.15	11.74
1.37	11.51
-1.41	12.28
-1.04	10.68
0.82	10.84
0	7.22
-0.32	4.32
-2.35	6.86
-2.92	8.54
0.46	9.61
-1	11.07
-0.45	12.41
2.55	11.22
1.41	15.25
2.07	19.63
8.74	18.46
5.84	19.32
5.58	11.9
7.61	12.17
7.65	13.22
4.85	16.79
7.13	17.55
2.35	17.93
9.17	18.86
3.89	20.77
8.45	18.36
3.2	21.26
8.02	22.58
7.77	14.09
6	14.78
3.21	17.09
7.9	16.12
6.96	14.04
7.99	12.11
4.49	14.92
7.64	18.89
8.35	14.75
6.89	11.3
4.04	11.02
0.83	10.86
-0.04	12.83
0.54	15.07
8.92	17.33
7.02	14.42
8.82	15.41
8.48	17.34
6.49	19.13
8.34	20.78
8.33	19.09
8.36	21.95
9.73	19.02
9.28	21.98
8.59	22.19
8.84	22.45
10.39	18.83
7.29	15.18
5.17	14.45
6.98	14.07
7.74	21
11.89	19.56
7.67	22.49
9.88	20.77
10.88	17.34
11.9	22.3
12.1	17.5
10.54	19.51
8.05	16.93
3.75	18.41
9.86	14.99
3.8	20.09
7.68	20.4
11.47	18.45
8.23	21.17
11.26	18.97
6.95	20.76
7.47	23.27
12.52	24.77
10.8	26.19
12.74	27.17
12.28	26.99
14.31	28.11
15.53	30.4
17.12	25.74
13.56	27.67
18.17	26.76
13.29	24.7
12.53	23.84
12.03	27.16
14.24	28.08
15.33	25.18
9.79	22.35
9.62	23.95
11.96	24.81
14.94	22.3
10.5	20.63
10.96	22.82
14.07	21.75
15.43	22.78
14.33	21.91
15.95	22.85
11.8	20.91
11.46	24.2
11.8	20.04
9.79	12.5
9.77	19.58
6.73	19.65
7.34	22.7
9.21	24.41
12.38	26.29
14.69	26.68
15.79	26.47
14.06	27.14
16.26	26.44
13.93	28.07
14.96	28.81
16.11	30.06
16.4	30.01
18.22	31.53
15.48	27.81
14.47	21.62
14.64	18.82
16.95	23.74
16.98	25.27
16.12	26.53
15.85	27.48
16.72	25.95
12.92	25.19
12.62	25.07
13.31	25.32
11.98	26.73
12.37	27.38
13.64	28.71
16.53	29.61
16.52	24.39
12.42	20.81
11.87	20.97
14.75	23.4
16.22	24.39
16.19	26.27
16.07	26.08
16.16	25.38
13.56	24.91
11.72	25.68
11.27	26.56
11.62	26.02
11.79	26.5
15.61	25.63
16.25	27.7
16.58	29.69
17	30.65
14.12	30.3
17.52	32.14
17.82	31.14
13.74	25.77
14.33	23.18
13.08	20.17
7.7	23.06
11.56	26.89
13.97	22.54
14	22.54
15.64	24.18
15.26	24.67
15.43	22.26
13.67	21.35
12.26	22.29
10.1	22.15
9.3	22.84
10.34	24.14
10.55	23.75
14.44	20.16
13.08	24.46
14.8	21.36
14.95	17.98
13.3	23.33
12.66	21.94
10.34	15.72
11.98	16.04
14.34	18.21
13.03	16.41
11.12	21.82
10.99	23.39
13.14	24
13.47	25.04
14.74	25.13
12.51	24.95
11.29	25.6
10.74	25.37
10.04	25.44
11.35	25.55
12.01	26.07
11.92	25.28
13.42	20.69
15.36	24.26
15.29	25.56
16.21	20.28
11.4	23.42
11.04	24.28
12.52	24.34
12.64	25.23
14.73	27.3
14.23	22.27
11.39	21.2
9.84	22
10.63	23.51
12.07	19.49
9.05	21.46
13.51	23.7
8.56	18.82
7.21	16.1
7.42	14.51
2.08	15.62
1.32	16.32
3.96	17.32
9.45	20.42
6.46	20.56
9.77	18.05
8.77	15.52
8.41	17.02
5.2	13.33
0.12	12.5
-0.6	10.16
-2.8	9.99
1.52	7.61
0.44	9.81
3.88	9.34
5.63	8.71
6.99	14.32
9.41	19.23
13.05	23.79
12.11	19.74
9.91	19.97
6.15	16.25
8.16	13.55
5.34	13.09
8.26	17.4
6.79	16.93
4.14	18.5
5.4	14.05
7.93	11.12
7.31	12.82
6.06	17.58
6.62	12.63
6.19	9.22
3.44	6.46
3.08	4.8
3.86	6.05
3.45	8.79
4.7	6.99
2.61	5.6
0.21	4.31
-4.96	1.06
-0.73	1
-1.82	3.61
-2.1	-0.26
-7.79	1.67
-9.58	-2.7
-3.79	-0.81
-9.99	1.15
-4.04	0.78
-1.12	5.78
-0.97	6.84
-3.64	0.29
-4.37	-0.69
-4.83	-3.5
-5.46	-4
-6.73	-2.29
-3.8	5.73
-1.85	6.87
2.32	9.56
0.47	6.03
-4.34	5.35
-3.74	3.97
-4.62	9.31
-0.1	11.08
5.19	11.43
1.83	7.68
-0.35	7.2
3.51	7.98
-2.43	5.78
1.15	5.04
-1.24	1.46
-5.04	1.93
-4.77	4.64
0.48	6.72
-2.71	1.07
-3.85	1.87
-7.42	-0.41
-12.04	-2.71
-10.97	-6.62
-8.6	-5.79
-7.97	1.59
-1.76	5.99
-1.5	2.2
-1.3	4.78
-3.95	4.5
-8.94	2.25
-9.35	0.07
-2.43	-0.97
-5.6	0.84
-8.72	0.27
-7.39	0.91
-7.98	3.22
-6.59	-1.86
-4.86	-0.97
-3.93	-1.93
-2.69	-1.34
-2.51	1.47
-4.1	1.34
-7.02	-2.08
-3.58	-1.04
-3.14	-1.35
-5.78	1.49
-8.1	3.91
-1.79	8.47
-3.42	3.48
-4.08	4.03
-1.63	7.89
-5.56	-1.2
-5.82	-2.43
-8.76	-3.52
-11.51	-3.29
-13.46	0.52
-10.53	4.28
-10.85	3.99
-7.46	6.45
2.43	8.82
-0.18	12.72
0.19	13.08
-0.39	12.31
1.79	10.92
-2.49	7.8
-1.37	12.96
1.61	16.43
0.66	13.12
0.46	12.57
4.39	10.3
-1.86	9.74
-3.07	9.49
0.15	8.92
-2.46	9.88
-1.26	9.28
-1.4	7.01
-0.99	10.07
0.04	6.99
-4.29	7.17
-0.44	10.46
-2.63	8.89
-1.88	4.14
-5.93	3.79
-5.53	5.01
-2.04	6.62
0.89	10.83
-1.61	10.27
-0.57	9.3
-2.53	11.38
-0.21	13.43
7.39	10.72
3.39	9.08
-3.01	9.61
2.61	10.95
-2.54	6.69
-2.92	9.6
-3.19	15.06
-0.28	16.93
5.54	21.65
5.34	16.12
1.71	11.91
1.29	10.65
-0.57	12.17
-1.41	11.41
2.68	9.73
-2.8	9.13
-0.6	2.18
-2.76	4.82
-1.54	4.66
-0.38	8.71
0.27	8.47
1.32	16.26
0.84	18.2
4.32	15.14
6.22	13.46
4.22	17.3
6.98	14.01
4.44	15.08
4.79	12.43
4.79	12.42
3.91	14.69
0.67	11.64
5.3	15.77
6.52	14.23
8.84	17.2
8.6	14.29
4.92	11.89
1.52	11.25
3.38	10.86
-0.1	12.28
3.52	15
6.42	15.62
8.67	18.52
5.69	17.68
9.54	20.06
9.21	22.1
7.36	18.91
8.62	24.22
9.29	21
9.18	24.38
10.82	22.61
11.27	25.99
9.55	27.16
9.25	27.05
10.88	25.48
10.82	19.4
9.93	22.46
8.37	24.23
9.96	24.82
11.86	23.65
10.97	24.48
10.97	21.97
11.58	22.77
6.15	20.03
6.94	21.27
9.44	21.19
5.08	23.56
8.54	25.62
12	22.01
13.41	25.17
10.59	27.71
12.34	28.63
13.32	27.36
9.77	18.35
5.98	23.18
7.57	24.91
9.43	26.61
10.3	27.55
10.85	27.28
10.67	22.57
5.86	12.22
2.85	18.88
7.09	15.91
5.31	18.54
6.01	22.55
9.46	24.78
10.3	26.49
12.85	28.02
11.71	26.57
11.4	22.53
9.09	19.42
10.28	19.83
8.62	20.5
6.74	23.05
10.5	27.06
11.47	29.15
13.55	29.96
16.85	28.97
13.82	22
8.31	23.14
9.98	27.67
14.31	30.34
14.12	31.09
17.31	32.19
19.28	33.14
18.07	32.55
17.16	28.26
13.87	23.08
9.41	19.41
5.5	23.68
8.38	26.6
11.32	30.07
14.49	33.3
15.95	34.47
14.52	31.63
12.78	24.39
11.93	21.05
7.27	20.84
7.8	21.73
11.4	24.37
11.05	23.41
10.97	24.06
12.58	29.12
15.76	31.13
18.27	32.87
16.45	32.87
15.34	28.6
15.91	28.91
14.34	31.35
15.55	25.71
10.45	20.96
10.14	26.46
13.48	23.16
10.62	20.24
10.38	19.92
7.81	23.1
11.35	16.93
10.45	18.67
10.05	22.62
8.57	19.9
10.88	23.23
9.38	20.09
8.82	23.02
11.04	25.06
12.1	27.47
16.15	27.49
17.85	28.43
16.78	29.79
15.04	27.73
13.41	24.96
12.12	23.74
11.62	23.24
11.73	23.65
11.13	26.61
13.38	29.29
16.55	28.62
16.65	26.05
14.86	21.29
15.97	25.32
13.96	24.42
11.86	24.3
11.3	26.17
12.71	28.34
13.88	30.48
13.72	32.39
15.45	31.14
15.86	31.48
15.32	31.46
14.88	32.66
15.37	33.3
16.06	33.78
16.3	36.19
17.34	36.43
17.61	35.83
18.81	29.81
16.19	29.13
14.05	28.17
13.69	28.98
9.9	23.32
8.45	24.49
9.14	23.07
10.98	25.66
9.87	28.52
15.59	25.58
15.4	22.77
11.33	23.38
11.5	23.05
9.57	21.07
7.63	18.04
8.6	19.42
9.93	17.82
8.67	19.81
6.91	21.92
5.96	24.15
7.12	24.84
10.08	26.25
10.57	26.88
15.05	26.82
12.65	22.43
12.59	25.09
9.86	21.19
11.69	19.18
10.94	16.83
10.26	22.97
13.89	20.09
12.23	15.8
10.03	14.73
9.96	15.08
7.51	18.09
7.16	20.28
7.88	20.45
7.35	19.62
8.03	21.7
7.88	22.42
14.18	19.87
14.69	20
13.95	16.71
12.58	20.36
9.71	20.52
10.08	17.6
9.36	14.29
8.34	12.66
8.32	11.07
7.95	13.96
11.06	18.31
13.52	22.69
12.24	24.63
10.34	23.4
8.41	20.69
9.88	20.82
10.65	21.55
9.74	18.05
9.51	14.44
6.36	14.54
0.42	13.4
-0.06	13.96
-0.73	14.49
-0.9	16.58
3.9	17.19
3.9	19.29
6.48	13.81
5.09	15.36
3.43	15.34
3.81	18.55
13.05	20.47
5.45	15.87
1.51	10.03
6.26	14.43
8.15	13.83
3.47	8.4
2.61	12.29
9.35	12.5
7.4	14.18
5.51	14.26
4.3	13.11
0.67	12.27
-0.43	11.36
7.67	17.52
12.29	21.18
7.09	17.35
6.67	9.21
3.63	10.2
4.73	7.95
-0.52	5.33
4.41	9.55
4.67	14.84
3.47	14.35
2.94	13.43
6.93	14.32
6.6	9.02
5.06	10.66
1.2	10.42
-1.94	9.33
0.45	11.14
-1.5	5.4
-1.1	1.1
0.2	2.13
1.47	4.79
3.44	4.78
3.34	4.38
1.34	3.58
0.73	1.93
1.77	14.24
3.61	12.12
4.29	8.66
4.13	11.34
0.55	12.06
2.24	10.93
0.27	8.42
3.16	6.46
0.68	8.73
-2.76	6.69
-1.72	5.07
-0.99	1.92
-3.46	1.48
-5.23	-1.96
-5.22	-2.43
-7.81	-1.7
-11.34	1.84
-2.03	7.9
-0.14	8.55
-0.07	4.82
0.76	6.2
1.43	4.29
-1.91	3.78
-6.12	0.78
-8.29	-0.07
-4.04	1.67
-2.68	2.75
-3.1	5.96
0.19	7.32
5.85	13.81
4.72	12.35
2.98	5.27
0.09	7.05
-2.58	9.14
-1.75	6.46
-2.03	3.17
-4.52	-0.16
-7.18	-0.51
-9.54	-0.97
-9.35	-3.41
-3.9	-0.63
-3.53	1.27
-3.93	1.59
-2.47	-0.53
-1.95	-0.83
-2.43	-1.09
-1.37	0.55
-0.27	2.88
1.18	3.71
1.7	4.53
2.35	9.25
0.75	5.48
1.62	3.44
0.38	2.95
0.95	3.25
-1.15	1.64
-5.8	2.82
-6.71	2.85
-1.12	9.66
3.92	13.95
1.45	14.17
7.15	14.79
10.4	15.86
6.82	14.03
3.25	10.16
-2.17	9.93
-3.66	11.69
-0.44	10.35
0.36	8.73
-3.21	10.05
-3.77	12.75
-3.51	11.56
-2.68	11.11
0.1	8.22
-0.04	8.67
-1.83	10.92
-1.55	11.15
-2.56	6.04
-3.25	1.7
-6.43	2.52
-3.37	1.7
-6.72	5.52
-3.84	4.48
-0.64	5.35
-2.72	8.63
3.77	13.24
5.41	18.25
5.67	13.56
-1.14	6.72
-0.89	8.72
1.03	12.46
7.33	17.11
4.28	15.86
4.15	18.68
4.52	19.65
7.31	13.58
1.76	13.08
1.41	15.28
3.57	17.89
9.09	17.06
7.65	18.96
7.53	15.3
3.31	9.69
1.56	5.83
3.43	5.94
4.1	15.42
6.93	19.66
9.43	18.95
6.42	16.93
0.18	5.9
-0.34	5.14
2.6	9.71
4.74	10.09
7.62	13.16
4.85	15.78
1.79	17.66
2.71	18.96
3.91	20.28
7.24	15.64
1.59	15.88
5.16	16.99
6.75	11.33
4.85	11.69
2.22	13.36
6.22	10.79
8.04	13.54
1.89	9.49
-1.93	6.99
-3.71	9.95
-1.09	14.32
5.56	11.65
-0.28	14.05
3.32	14.72
3.9	10.02
6.42	10.04
4.71	11.53
3.02	15.62
3.43	19.23
3.62	22.45
9.2	17.44
2.58	18.1
4.11	21.4
5.96	23.58
8.29	24.97
11.07	26.44
10.99	26.78
9.28	25.78
10.23	25.94
11	23.65
12.29	20.6
11.81	17.31
10.54	18.99
11.98	21.23
8.37	21.52
7.68	21.45
8.4	17.57
5.59	17.98
4.71	19.97
7.48	22.94
11.57	24.75
13.15	25.17
11.61	25.76
8.4	19.38
5.28	21.03
7.38	20.61
10.28	21.97
10.68	21.1
5.41	23.98
7.89	24.91
11.94	23.59
8.42	27.75
14.98	29.45
16.76	30.4
15.34	26.87
12.37	23.26
12.41	20.3
4.92	20.09
7.36	20.22
7.4	15.48
5.56	19.76
6.06	22.67
12.05	23.08
10.08	25.47
12.85	23.88
13.04	26.58
10.89	23.76
5.02	19.84
7.35	22.1
9.27	21.16
9.84	25.62
12.18	27.07
14	23.55
13.08	21.73
14.61	18.38
13.93	18.43
13.25	25.87
13.11	24.93
10.71	23.31
9.82	25.85
10.88	26.08
12.21	27.36
12.04	29.68
15.19	29.55
17.4	26.34
14.01	28.29
14.54	23.28
12.85	24.4
14	23.05
12.5	20.66
10.17	23.93
13.39	26.57
18.19	31.02
15.02	28.07
15.18	24.75
12.77	26.63
13.32	29.58
15.18	25.24
10.88	26.76
14.8	29.95
17.28	32.94
18.12	31.85
12.99	24.38
10.79	26.19
14.74	28.24
15.79	25.44
14.06	17.25
13.98	21.57
15.42	20.92
15.07	22.69
15.28	25.11
16.26	28.02
15.11	29.18
14.91	29.9
14.92	30.08
16.24	28.84
14.76	31.2
15.86	31.74
16.7	30.24
18.09	33.02
19.01	33.91
17.71	28.83
15.38	26.33
11.84	29.94
13.64	31.08
14.71	30.94
15.06	28.51
13.22	17.89
9.2	22.52
8.31	26.55
12.22	29.5
14.23	30.12
14.8	31.08
15.29	31.28
14.98	31.36
14.7	32.38
16.37	32.21
16.83	27.29
15.07	25.95
16.14	27.23
15.54	26.79
14.84	29.99
14.78	32.37
14.51	32.42
16.08	24.99
10.34	24.6
6.87	23.22
10.99	18.24
11.88	21.17
11.57	20.65
8.98	23.68
9.56	25.4
11.7	16.1
11.52	14
10.68	20.18
10.07	19.52
8.75	16.55
3.35	17.21
9.07	16.47
6.75	19.12
7.58	21
12.48	19.65
9.93	13.03
8.71	15.76
8.64	11.01
8.24	16.75
5.31	16.75
7.53	20.61
7.78	19.83
7.43	19.79
11.77	14.92
13.82	23.06
13.79	17.59
11.8	15.31
5.79	19.46
6.33	22.62
6.79	20.38
10.22	18.13
13.26	20.92
11.75	23.26
12.6	24.64
10.65	22.72
11.54	18.53
8.38	22.22
9.77	23.6
14.41	25.17
12.85	23.98
11.8	20.23
9.6	22.83
8.02	21.41
6.11	21.42
6.98	20.76
6.7	19.64
5.44	20.12
7.99	17.06
7.84	14.31
10.52	12.62
11.14	14.71
10.44	21.28
10.85	19.29
6.87	18.59
8.48	11.33
8.37	10.36
4.65	11.32
-0.48	10.69
2.86	13.7
6.99	13.45
9.01	16.41
7.62	23.55
5.48	17.38
2.82	11.04
-1.24	10.48
-1.39	10.89
-2.64	12.48
4.54	10.27
2.2	11.56
4.51	13.48
2.86	11.84
1.35	4.75
1.45	3.94
2.22	5.24
0.64	4.29
1.95	4.38
-2.48	5.86
-6.43	7.88
-3.4	7.62
-5.52	1.45
-1.85	1.41
-0.27	7.61
-1.46	10.04
-4.35	9.19
-0.95	6.61
-3.02	4.71
-1.35	5.29
-6.46	2.89
-1.05	2.62
0.33	2.98
-1.93	6.51
0.3	2.81
-4.3	3.04
-6.32	-0.33
-4.54	-1.52
-2.53	-0.37
-1.44	1.68
-1.65	2.28
-0.58	3.35
-4.94	0.91
-8.86	-1.33
-11.04	0.69
-4.05	-1.25
-2.4	0.17
-13.07	-0.89
-15.13	-7.22
-17.39	-4.03
-8.82	-2.15
-7.59	-3.35
-5.19	1.21
-10	1.76
-12.09	2.11
-13.22	-1.58
-7.45	4.12
-5.36	0.82
-17.6	-3.69
-15.32	-2.62
-8.01	0.31
-5.31	1.02
-11.8	0.58
-3.94	6.92
-0.2	7.66
-4.36	1.74
-8.66	0.69
-6.66	5
-7.24	1.3
-14.64	-4.27
-13.06	0.38
-8.11	6.06
-6.38	4.72
-4.83	2.8
-3.98	3.4
-6.17	-2.02
-3.73	-2.74
-4.9	-2.54
-5.28	-2.69
-4.75	-2.87
-4.87	-3.78
-5.15	-4.34
-5.25	-3.3
-3.67	-1.24
-7.01	1.12
-4.04	6.66
-1.64	5.13
-0.79	11.09
-2.41	10.25
5.8	9.35
0.89	9.88
0.39	6.65
1.54	9.64
3.55	16.27
1.37	17.8
0.8	14.6
2.25	12.28
0.56	12.25
-1.1	14.63
-0.08	12.13
-1.53	6.05
-4.05	12.48
-0.72	12.47
1.17	7.37
2.25	9.58
-0.54	10.73
3.48	10.91
-1.21	13.72
3.5	14.88
1.71	16.76
3.48	7.13
-0.97	4.5
-3.18	4.7
0.94	6.25
2.06	6.58
1.89	9.41
-0.67	8.75
3.19	8.73
-3.72	3.99
-1.08	8.93
-0.97	8.88
-3.43	11.3
0.41	13.8
6.89	14.73
5.17	11.1
3.88	7.53
3.31	7.43
2.92	5.32
-1.34	10.47
-1.26	12.82
4.16	18.68
9.08	17.72
4.59	14.39
-1.1	13.97
0.15	14.35
-2.82	13.81
-2.68	14.63
-0.73	17.16
1.46	19.9
8.06	17.68
4.89	14.39
1.55	16.11
2.46	16.02
2.16	15.55
7.04	15.42
7.62	15.09
6.48	15.52
-0.53	7
0.82	6.23
1.44	4.57
0.85	6.16
1.06	7.78
-1.38	10.49
-2.83	14.96
-1.31	18.35
0.42	19.15
2.06	19.27
3.75	19.65
5.76	17.05
1.77	12.65
4.75	12.46
-1.51	8.22
-2.8	8.92
-3.53	11.92
3.68	11.18
3.17	9.05
3.6	7.57
5.69	8.3
7.17	12.84
8.83	15.4
7.14	11.31
5.62	12.65
7.28	13.09
7.91	13.11
8.33	15.63
9.17	13.39
7.95	18.17
9.56	18.46
8.18	19.02
9.22	15.58
5.42	17.58
5.95	20.84
8.19	15.95
1.98	16.5
6.67	20.5
8.5	18.22
6.33	23.23
11.9	24.66
10.07	25.84
10.22	26.6
11.84	20.24
8.77	20.7
6.96	21.78
8.07	23.34
10.16	20.1
10.12	23.26
10.43	24.03
9.3	24.72
12.53	23.28
9.65	24.73
11.05	23.42
8.86	24.32
10.84	27.06
12.95	27.61
13.89	23.17
12.98	19.71
11.74	22.25
11.23	23.97
15.1	25.82
14.75	25.59
13.91	23.06
13.39	19.7
11.81	22.86
11.41	21.09
12.26	22.87
10.96	22.62
8.3	23.57
9.13	22.62
11.41	20.56
6.91	23.63
9.79	26.05
13.18	22.41
16.31	23.89
12.89	19.92
13.32	24.14
12	20.93
13.92	18.71
12.42	23.36
9.03	24.95
11.39	28.11
14.12	30.34
14.22	31.49
16.31	30.58
15.68	29.26
16.67	31.16
15.62	31.65
16.08	31.96
17.01	32.71
18.37	32.17
17.12	34.41
18.35	32.55
15.51	25.64
10.54	25.93
10.55	27.64
14.23	24.27
11.51	22.3
9.35	23.52
10.11	26.66
14.32	28.43
16.5	30.54
14.95	27.32
8.63	24.01
10.49	27.9
15.7	24.96
12.39	29.37
13.22	30.83
16.05	32.22
18.49	29.42
16.12	28.78
17.65	30.98
16.24	29.22
17.57	29.12
19.52	28.68
15.65	27.71
15.81	24.21
14.92	24.74
13.1	27.49
13.1	30.84
15.12	26.62
11.52	25.57
13.42	28.66
14.79	23.22
10.97	22.63
12.22	25.88
15.68	28.43
16.42	30.03
15.61	30.1
17.06	25.59
16.26	26.8
16.32	27.76
16.74	29.67
17.28	26.18
16.23	27.63
16.52	23.69
15.68	21.63
15.7	23.31
13.71	25.79
13.82	25.34
16.9	20.9
14.37	20.04
14.69	23.69
13.91	22.81
15.94	23.84
16.42	25.78
15.88	26.89
15.16	27.15
14.51	28.18
14.27	26.87
13.96	24.39
15.63	22.51
14.12	25.64
13.54	27.3
13.89	28.3
14.57	28.8
14.96	23.18
14.67	25.27
15.09	22.98
13.34	27.14
13.12	27.9
15.28	25.49
14.75	22.14
11.69	25.36
11.93	26.45
12.15	25.69
14.61	23.94
13	24.6
11.92	26.15
12.22	26.52
12.39	25.41
13.76	21.45
10.95	18.06
4.92	17.34
4.29	20.17
8	16.95
6.3	17.51
6.81	19.84
5.47	22.28
7.71	22.66
13.78	21.12
12.03	18.7
10.91	13.63
10.25	12.66
8.04	10.93
6.78	8.98
3.88	13.93
7.83	16.02
4.61	11.41
7.75	15.04
3.29	16.21
1.91	17.8
3.46	17.73
4.55	17.97
7.69	19.49
8.65	18.23
4.83	14.26
4.18	12.04
-0.09	15.7
1.3	9.36
6.02	11.05
8.8	10.6
5.21	8.57
3	8
4.55	13.8
5.87	16.5
7.65	21.1
14.69	21.57
7	18.56
4.07	12.87
1.72	13.51
3.21	17.67
12.3	18.42
11.17	21.5
6.51	15.09
2.68	14.77
10.01	21.43
3.86	15.91
8.21	15.73
0.39	14.27
3.29	15.47
6.42	9.63
6.63	11.45
6.75	11.01
4.85	9.31
4.44	6.37
1.31	4.65
-1.03	2.15
-0.69	2.68
-1.93	5.91
-2.05	6.92
-0.16	9.86
-2.03	13.22
1.69	14.58
4.5	14.38
9.49	18.03
11.78	21.83
14.61	20.1
11.89	18.53
9.74	15.42
6.96	15.62
3.11	12.61
1.97	15.59
6.64	12.83
4.78	13.91
1.97	13.99
4.56	15.79
6.01	14.95
3.66	9.4
4.4	6.92
4.62	7.68
4.16	8.6
1.28	6.93
1.42	4.39
0.96	5.31
5.37	6.64
4.64	5.49
1.53	4.48
-0.63	1.78
-2.74	-0.74
-5.61	-2.23
-8.84	-3.76
-6.95	-4.3
-5.51	-4
-4.18	-2.81
-3.8	-2.78
-2.82	-1.9
-3.39	-1.8
-2.83	-0.25
-1.13	1.57
-3.97	2.09
-7.2	0.79
-5.87	4.18
-1.55	2.48
-0.61	3.37
-3.97	-0.53
-5.66	-3.68
-4.79	-2.49
-2.7	1.6
-0.13	9.51
1.04	6.95
1.38	10.11
-0.57	9.51
-5.4	-0.45
-2.97	6.23
0.59	12.89
0.3	8.74
-3.18	5.2
-5.54	-2.35
-7.36	-3.56
-14.04	-3.61
-14.94	-9.03
-10.5	-5.43
-7.71	-3.58
-18.59	-5.85
-16.64	-2.9
-5.72	1.37
-6.23	6.39
-9.23	3.13
-7.59	4.52
-9.25	-2.42
-7.72	-3.75
-7.27	-2.71
-5.4	-0.69
-1.82	1.42
-0.99	4.36
-3.1	4.53
0.39	3.14
-1.83	2.45
-3.05	2.78
-0.27	5.5
-1.53	5.62
-4.38	4.57
-2.1	-0.46
-4.78	0.33
-12.57	-1.17
-10.4	1.38
-4.46	1.76
-3.11	2.59
-2.84	2.04
-6.65	3.02
-7.52	-0.68
-11.17	0.05
-4.69	0.02
-3.85	-1.57
-7.33	-1.24
-13.27	-2.31
-13.63	-0.02
-11.58	0.05
-4	-0.99
-7.16	-0.25
-11.51	-0.48
-6.26	0.07
-8.39	0.34
-8.19	2.55
-2.57	3.49
-8.61	1.48
-10	6.18
-8.37	5.61
-9.55	3.59
-7.22	9.45
-5.17	9.68
-3.24	13.05
-2.2	10.42
1.39	6.14
1.05	9.54
-0.49	7.62
0.41	3.21
-0.78	2.97
-0.89	10.13
-0.97	12.89
4.4	15.84
0.88	17.79
7.69	16.61
1.62	9.58
0.27	3.06
-0.23	5.4
1.9	5.21
-3.31	12.23
1.03	9.17
1.82	13.26
0.92	10.97
1.2	7.11
-5.89	4.67
-6.99	10.19
-3.59	17.68
-0.09	20.13
1.33	20.09
1.73	20.31
2.89	20.38
3.46	19.75
4.92	20.94
7.41	15.26
-1.32	13.75
1.1	16.63
4.9	9.56
4.45	10.66
-2.03	12.82
-1.71	9.06
-4.11	1.8
-0.95	5.93
-4.65	9.57
-0.44	13.26
2.92	7.89
0.46	8.37
5.62	15.56
3.73	15.65
7.33	16.36
4.33	19.35
4.45	17.09
6.32	16.6
4.12	16.68
3.05	18.53
3.59	18.74
4.04	19.72
4.96	19.14
4.81	17.31
3.92	20.04
5.66	24.1
11.41	20.18
5.64	21.71
11.1	24.49
9.71	23.1
14.15	21.84
10.93	25.25
12.83	22.94
3.09	22.43
6.8	25.72
9.49	30.5
11.28	30.43
9.8	29.9
16.54	29.38
12.84	25.23
14.86	25.04
11.79	28.32
13.54	26.89
9.66	20.8
6.09	16.81
1.26	18.47
3.17	21.23
6.19	24.48
9.27	27.5
11.01	23.89
9.49	14.96
9.21	18.21
10.18	22.81
7.55	25.69
11.1	28.24
13.02	28.34
13.11	25.39
15.63	26.24
15.48	25.7
13.1	26.1
12.36	27.92
14.6	24.37
11.97	24.68
12.84	26.03
13.57	28.56
14.45	30.44
14.96	31.12
16.01	29.58
17	31.63
17.03	30.18
17.41	31.59
17.63	34.1
18.23	32.69
18.82	32.27
18.43	29.38
16.71	26.05
14.42	25.91
13.62	27.52
14.28	24
13.97	25.56
13.7	28.05
13.46	24.69
11.89	27.66
14.21	33.56
17.7	31.46
15.92	30.65
13.52	26.66
15.46	25.88
16.23	27.08
16.54	25.06
13.65	31.76
17.04	32.97
13.9	27.6
13.94	25.11
13.1	21.63
13	24.33
13.81	25.26
11.67	25.59
12.18	25.52
11.27	26.44
12.79	26.28
14.36	26.43
12.31	29.85
15.79	24.57
10.27	25.42
10.36	28.64
13.73	31.06
19	31.56
16.79	28.2
15.02	28.24
13.97	30.99
15.42	33.74
18.95	34.3
17.76	29.74
14.25	29.53
15.69	25.28
13.56	29.62
15.88	32.42
18.62	29.6
17.12	24.95
14.01	22.28
16.91	21.66
17.19	27.63
17.05	30.21
16.33	32.76
18.08	33.55
19.03	33.13
18.22	31.1
16.76	29.76
13.21	32.47
15.74	31.56
13.96	32.66
17.55	29.79
11.3	32.19
15.69	37.01
18.89	35.71
18.18	29.38
16.8	28.41
16	31.62
17.17	35.86
16.45	30.9
15.63	29.78
15.15	31.38
15.35	33.08
19.92	33.07
17.81	30.66
16.87	24.93
10.47	28.35
12.49	31.58
16.13	29.59
20.36	32.32
14.23	26.65
12.53	19.69
7.55	21.01
11.61	18.78
6.83	17.64
4.31	21.1
7.12	22.57
8.34	22.99
9.86	23.5
9.67	22.96
13.43	18.75
14.23	15.65
9.84	22.45
9.18	18.7
12.23	14.9
10.94	18.86
7.62	20.41
5.79	22.14
7.2	24.63
8.74	25.7
9.49	26.14
10.47	26.99
9.95	27.9
10.26	28.13
14.29	27.06
11.74	21.44
5.67	17.36
2.79	18.8
4.1	21.44
5.85	21.36
11.55	16.6
6.3	18.54
6.29	19.41
10.24	24.41
11.32	23.47
14.23	20.18
12.34	19.93
7.15	14.9
3.73	13.88
5.95	13.63
4.93	15.05
5	19.29
5.91	20.53
6.81	15.04
6.56	14.12
1.65	11.89
0.37	12.01
0.61	9.83
-0.57	9.66
-0.01	9.94
2.85	7.81
1.37	14.63
7.78	16.73
4.86	7.82
0.96	6.2
-1.13	2.17
-5.32	4.42
-4.47	8.33
-0.85	8.62
-2.48	8.69
-1.74	7.04
3.94	9.42
1.88	13.1
10.67	20.07
8.01	15.03
2.46	13.27
2.01	16.49
2.03	12.32
-1.45	6.66
3.76	7.13
4.39	8.79
5.07	7.17
2.31	5.95
1.37	6.58
0.66	6.39
-2.12	6.74
-2.45	4.51
-1.93	8.56
-0.16	6.12
3.11	12.11
0.98	8.71
2.46	17.2
2.91	15.46
0.02	12.66
0.96	14.48
8.4	15.71
9.71	17.01
8.09	17.03
6.6	11.72
7.33	14.68
6.47	11.91
4.15	9.33
4.98	8.17
3.4	6.11
2.89	5.99
2.17	3.86
1.26	2.92
1.57	2.96
1.49	8.16
-1.78	3.27
-6.28	1.45
-7.59	3.27
-6.19	1.56
-5.08	1.58
-1.84	5.58
-4.48	6.64
-0.47	4.46
-1.58	4.3
-4.42	2.97
-3.25	0.98
-2.94	6.74
-5.12	6.36
-5.53	7.56
-1.71	9.31
0.75	7.39
-3.06	1.34
-6.27	-0.92
-11.89	-0.45
-9.86	0.96
-8.53	2.4
-4.74	8.87
1.75	7.53
1.17	3.97
1.75	3.56
-0.42	2.27
-2.48	-0.44
-5.25	-1.54
-8.75	-4.02
-8.86	1.32
-11.78	-3.44
-9.8	-1.66
-6.79	3.18
-3.24	-1.27
-3.84	0.79
-4.92	3.63
-0.42	5.91
1.36	7.98
1.16	11.76
0.52	5.17
-3.28	6.01
1.49	9.04
-2.64	1.97
-1.75	3.19
-2.94	3.68
-3.23	1.83
-6.13	-1.97
-10.05	-2.48
-11.38	-0.67
-12.16	-1.1
-4.12	1.99
-3.95	-1.56
-6.86	-0.91
-13.16	0.65
-12.57	3.06
-8.1	5.07
-3.27	8.47
-2.41	8.86
1.72	10.5
2.24	13.21
2.67	19.67
4.36	13.63
2.26	13.47
-0.01	10.43
-0.8	7.64
-2.65	3.73
-1.96	7.2
-5.64	0.75
-7.55	-1.84
-2.98	4.9
-1.99	4.82
-0.42	5.06
-4.35	7.08
-4.83	7.41
-1.61	4.24
-1.69	4.06
-6.06	0.41
-1.49	0.49
-0.3	0.88
-2.68	0.29
-4.98	2.84
-2.53	1.08
-1.96	2.07
-2.61	2.02
-2.77	2.57
-9.43	0.5
-10.3	3.2
-2.49	7.55
-2.78	3.69
-4.57	0.74
-10.42	1.19
-3.71	0.94
-2.28	-0.49
-1.47	2.2
-3.65	4.93
-6.34	4.28
0.21	5.58
-0.02	8.51
3.81	10.77
-0.49	15.39
0.77	18.6
3.68	21.92
3.33	22.95
6.04	23.28
7.27	19.78
10.46	18.59
5.83	13.43
3.94	6.54
3.97	5.97
3.24	5.45
0.77	5.48
-0.16	4.44
0.74	6.66
1.06	11.56
-0.7	10.16
-1.2	13.13
3.53	13.82
6.8	16.26
4.81	19.25
6.69	20.87
7.81	13.69
5.01	8.67
4.45	8.53
-0.25	13.41
0.95	11.8
5.49	8.66
3.39	14.51
4.71	10.95
6.09	10.23
6.35	10.29
3.37	13.69
5.14	17.14
9.07	13.63
9.45	17.99
10.23	18.34
8.13	12.09
8.42	19.73
6.22	22.46
10.36	22.77
10.3	17.62
6.1	13.42
7.82	16.7
4.65	17.44
5.4	20.45
8.15	23.46
9.43	20.5
10.14	21.36
8.95	21.79
6.69	21.54
9.2	19.62
9.09	19.37
10.23	16.85
4.45	15.19
4.55	12.81
3.09	16.94
7.69	17.26
6.8	19.47
6.21	21.97
10.26	16.52
8.53	15.16
3.43	18.84
8.48	15.65
5.18	14.63
4.55	21.26
8.99	23.24
9.73	26.1
10.53	25.89
9.03	17.35
6.81	13.75
1.51	15.92
5.37	18.89
5.01	22.3
9.38	20.37
9.2	15.12
9.24	15.31
9.1	21.34
7.39	24.31
10.03	20.7
12.05	17.2
8.97	18.02
12.81	16.49
12.17	15.26
12.05	19.78
11	23.83
11.68	26.89
13.06	29.7
15.16	28.71
17.19	28.66
14.74	24.1
12.26	16.93
13.35	22.32
10.18	24.85
12.75	21.38
7.46	21.72
10.04	24.3
13.57	23.8
13.4	21.09
11.94	20.68
12.09	24.46
12.03	25.34
15.79	25.49
11.96	21.77
9.24	23.11
10.97	25.62
16.07	28.67
13.51	20.14
10.71	23.77
12.94	27.21
13.76	21.87
10.55	23.39
12.3	24.43
12.99	28.64
14.85	26.81
13.49	22.68
13.83	28.22
16.84	26.74
11.24	22.91
10.56	18.38
7.01	20.96
8.77	21.11
10.7	19.28
10.21	21.8
14.44	27.18
14.31	28.43
15.3	30.22
15.37	29.06
15.14	30.29
17.75	30.94
16.55	32.35
16.12	29.29
16.19	27.42
18.65	25.43
14.12	24.94
14.74	21.61
13.24	19.59
13.29	17.72
11.24	24.17
12.64	28.16
12.96	29.23
13.55	27.36
14.43	27.72
14.32	28.47
13.57	28.81
15.39	27.74
16.65	23.36
14.27	25.71
14.19	26.58
12.81	27.31
13.33	27.59
15.02	29.17
18.85	25.01
14.23	24.69
14	24.68
11.59	25.73
12.28	27.15
17.71	30.45
17.49	32.86
16.21	30.35
13.95	24.62
13.07	22.3
10.3	24.27
11.41	25.94
15.93	24.21
14.21	19.37
10.59	22.28
8.73	25.04
11.24	25.83
12.26	26
12.93	20.78
12.52	18.86
8.38	19.5
12.53	23.09
11.44	25.35
11.65	22.59
10.32	25.23
9.71	24.91
9.99	24.89
8.42	18.57
3.23	18.72
4.51	20.98
7.56	24.96
11.56	22.72
10.35	26.01
14.13	22.33
12.55	17.28
9.03	19.24
3.89	19.97
4.6	19.92
8.55	22.58
9.32	22.33
10.26	17.72
9.5	19.34
9.41	15.15
8.48	14.82
8.21	15.74
6.93	17.01
10.69	18.74
10.68	20.42
11.01	19.02
9.25	17.32
10	17.42
10.25	19.7
7.92	20.54
8.1	21.61
8.08	21.74
9.86	20.55
9.22	21.9
9.63	15.83
8.06	10.16
5.81	10.67
3.19	10.22
4.3	6.63
3.89	6.02
5.99	9.21
8.1	13.13
4.14	10.6
0.15	16.57
3.4	14.87
5.01	16.81
11.24	17.77
12.55	14.87
11.24	15.5
9.32	19.34
6.2	18.66
6.22	21.05
6.94	20.53
9.74	20.69
12.17	19.81
14.03	19.3
10.88	15.85
8.73	13.52
10.08	14.53
11.94	13.14
8.35	12.8
5.67	11.96
6.47	12
1.49	9.02
-0.64	6.47
0	4.78
-1.36	4.93
4.25	7.58
5.86	10.22
4.47	8.73
3.05	5.06
0.78	3.38
-2.72	5.66
0.64	11.45
1.15	14.22
3.2	13.43
-1.81	5.83
-3.43	5.51
-4.81	3.95
1.31	12.45
-2.22	6.49
-5.15	3.89
-6.05	8.33
-4.32	4.79
-2.91	8.48
1.1	7.93
1.86	3.1
2.43	4.47
3.3	11.59
1.05	10.88
-1.84	5.93
-1.27	4.06
-0.61	4.04
-2.56	4.77
0.58	1.61
0	1.01
-1.47	-0.13
-3.01	0.41
-3.88	-2.83
-3.55	-3.12
-3.76	-3.3
-4.38	-3.65
-4.95	-4.03
-4.01	-1.04
-1.3	2.83
-5.31	4.07
-3.66	2.18
-7.94	2.43
-9.27	-2.16
-9.35	1.26
-3.68	7.25
-1.13	9.99
3.5	8.16
0.24	4.33
0.88	2.57
0.19	5.53
-0.8	4.39
-4.34	5.08
-2.14	5.12
-1.51	8.61
-1.89	7.04
-0.04	7.91
-2.08	11.17
-1.21	10.93
-0.99	9.96
-1.94	12.41
-1.94	7.44
-2.71	10.56
-2.87	7.37
-3.68	9.22
-3.54	2.72
-3.49	5.53
-1.72	5.2
-5.24	3.48
-6.72	2.32
-7.49	-2.09
-4.45	-0.02
-7.45	2.56
0.47	7.39
-3.48	6.24
-4.25	5.66
-6.05	0.53
-3.05	-0.64
-4.59	-3.02
-6.46	-3.58
-13.07	-4.16
-7.91	-3.42
-9.1	-1.45
-12.35	1.11
-1.75	5.22
-3.73	3.71
-1.74	0.79
-6.18	1.63
-13.15	-1.38
-15.77	-1.55
-16.26	-4.38
-18.23	-3.57
-20.1	-2.89
-18.66	0.11
-7.03	5.09
-0.56	5.73
0.9	8.88
-1.92	6.81
-1.98	1.48
-1.96	1.93
-0.48	3.26
-1.56	3.2
-4.45	0.4
-4.88	3.75
-3.05	-0.27
-4.03	1.4
-1.71	2.42
-0.78	5.02
-6	0.44
-2.78	2.39
-6.08	-0.76
-12.19	-3.47
-16.43	-2.08
-16.7	-2.05
-14.2	-0.56
-5.65	-1.49
-7.03	-0.37
-10.32	1.47
-12.91	2.42
-4.7	3.77
-2.24	5.1
-6.31	-0.66
-12.65	3.39
-2.95	9.17
-1.53	9.36
-3.59	10.61
-1.87	11.78
-0.85	18.33
1.11	22.11
7.6	21.57
3.43	16.43
-2.56	6.45
-3.51	9.34
-1.45	11.68
-0.33	13.97
2.11	17.9
3.24	15.36
8.11	17.86
8.11	18.39
9.84	17.51
7.02	16.43
7.02	11.79
4.54	12.59
0.87	11.19
-1.8	13.6
-1.39	15.78
0.25	17.5
1.89	19.21
3.08	20.15
4.01	18.66
11.14	19.62
7.45	15.38
5.63	8.5
5.01	7.69
6.1	11.13
7.31	13.89
7.02	19.03
6.72	21.53
6.93	20.96
8.98	16.92
6.13	14.18
9.77	13.35
5.47	11.48
3.5	9
-1.71	13.36
0	17.97
6.29	19.1
10.41	19.37
9.12	18.15
6.24	22.67
8.31	19.49
5.11	18.84
7.93	20.44
6.88	24.53
9.83	28.44
11.74	28.09
13.17	22.79
10.87	16.84
8.6	16.93
4.56	17.04
7.14	14.42
2.8	13.03
0.95	13.7
7.27	16.53
1.88	17.34
2.42	19.24
5.47	21.95
12.68	19.71
11.5	21.26
11.62	21.94
10.33	16.75
7.97	11.89
4.3	18.4
4.04	22.88
8.7	24.21
11.74	26.13
12.39	21.73
10.18	22.76
9.52	25.62
11.01	28.19
13.14	29.77
14.53	30.53
15.02	30.96
15.02	25.63
9.32	20.9
8.84	22.38
8.94	24.6
11.61	27.08
13.73	19.65
10.3	21.58
8.81	16.54
6.55	13.96
8.26	12.68
8.54	16.33
7.2	20.87
10.72	21.7
9.67	25.49
12.38	26.07
15.7	26.03
15.67	25.9
13.2	27.66
16.29	26.63
13.04	22.98
10.23	25.32
11.49	26.75
12.14	29.04
16.22	26.64
12.78	27.05
14.51	29.69
17.43	27.59
15.71	27.33
15.85	29.86
14.13	29.06
16.46	26.6
14.42	19.86
12.62	19.09
13.93	25.25
11.26	26.03
11.43	22.47
8	22.49
9.96	24.3
14.09	20.92
12.27	16.98
11.28	22.49
14.56	21.25
15.08	17.75
14.73	25.34
12.96	26.92
12.64	28.62
16.79	29.1
15.44	29.21
15.63	30.43
18.86	26.19
14.01	25.45
13.96	21.9
10.81	25.04
14.24	21.03
13.32	24.4
14.94	27.77
15.83	27.66
17.27	29.62
18.05	32.11
19.07	32.58
20.18	32.1
19.36	27.21
16.49	28.06
13.98	29.01
16.38	23.17
14.8	18.63
14.47	21.06
8.86	24.08
11.7	17.17
8.1	19.69
6.58	22.22
8.8	25.33
11.24	22.99
15.97	20.44
9.78	25.38
14.77	23.79
12.32	18.58
12.79	17.97
14.57	17.94
14.95	24.56
13.92	25.42
13.99	25.42
16.91	20.46
14.96	20.78
12.37	22.5
14.69	23.41
12.04	25.5
15.55	21.79
14.43	19.31
15.07	20.78
14.01	25.46
14.04	26.08
15.32	26.4
14.99	27.35
15.71	26.02
13.6	23.67
12.68	21.46
9.03	23.47
9.5	23.55
9.87	24.41
12.44	26.12
14.97	25.88
17.53	23.48
15.11	24.28
14.88	25.82
11.84	24.58
12.45	22.72
10.5	23.66
12.36	24.66
11.95	19.2
9.03	11.58
8.59	10.7
9.07	10.58
9.43	14.06
11.53	16.4
9.62	19.35
7.64	20.99
8.27	21.61
8.94	21.84
8.51	21.22
11.02	19.03
9.82	14.39
7.81	15.39
4.51	15.85
3.93	17.02
11.44	15.3
13.81	18.47
13.35	19.62
8.67	19.63
7.12	18.83
7.78	15.45
6.7	17.25
5.23	18.93
4.67	15.24
4.85	16.26
3.46	15.84
5.4	16.16
5.79	15.48
3.49	13.4
2.62	10.87
0.46	12.96
-2.24	11.94
0.8	12.86
8.44	17.41
9.1	19.56
8.92	21.63
9.81	17.94
8.53	19.15
6.4	20.46
6.45	20.66
5.21	18.27
5.14	14.55
1.69	10.62
1.97	8.75
-1.92	8.58
5.36	12.22
4.09	11.33
3.94	12.1
5.01	12.29
6.46	11.13
5	10.77
4.93	12.64
0.18	12.15
2.18	6.16
3.61	6.87
4.7	6.08
3.64	4.82
2.58	3.83
2.74	12.15
1.32	10.82
0.96	9.39
-3.59	7.7
-2.88	3.58
-4.28	3.67
-1.52	3.62
-3.12	0.85
-3	-0.54
-3.67	-1.89
-4.06	0.31
-1.58	0.92
0.09	2.01
-1.63	1.61
-3.21	1.99
-0.21	1.54
-2.36	1.1
-2.79	0.98
-1.9	9.58
0.23	9.69
3.77	8.87
0.61	4.94
0.28	8.06
-1.76	7.68
-2.58	6.27
-1.62	1.89
-6.57	0.59
-7.7	1.33
-1.88	0.02
-0.71	1.39
-1.36	4.84
-1.03	4.86
-2.44	5.4
-3.28	2.96
-3.83	5.62
-2.77	6.34
-1.93	4.11
-5.72	1.12
-4.66	4.14
-1.33	6.28
-3.39	6.94
-2.52	1.14
-2.83	-0.8
-2.98	-0.6
-5.6	-1.15
-7.72	-0.52
-14.45	2.41
-2.05	2.31
0.15	1.05
0.23	2.83
-0.16	1.7
-0.16	0.48
0.06	1.6
-0.62	2.67
-3.8	1.06
-8.88	0.38
-9.21	-0.17
-10.05	1.12
-9.13	1.05
-8.45	-2.89
-4.13	-2.06
-5.34	-0.22
-7.47	-2.55
-9.23	-3.02
-4.76	2.36
-4.63	1.09
-8.92	1.53
-6.43	5.87
-7.99	4.25
-14.22	-8.27
-17.44	-6.3
-16.81	-6.77
-14.95	-5.48
-15.1	-5.7
-10.93	-0.43
-9.1	-1.75
-3.84	0.39
-5	0.11
-6.64	-0.68
-5.66	-2.48
-7.52	-4.24
-9.4	-1.92
-9.58	-2.56
-12.45	-2.71
-14.65	-1.34
-3.31	5.62
-3.79	7.85
-5.13	5.28
-3.27	3.68
-4.65	3.49
-4.72	1.92
-6.03	3.5
-4.07	5.05
2.08	9.14
0.05	7.95
-1.48	11.61
-0.09	12.76
3.67	12.91
-0.48	11.25
1.08	6.23
-0.28	3.53
-0.02	2.53
-1.68	1.1
-2.55	0.28
-4.52	1.65
-9.05	1.07
-6.74	5.13
-4.07	2.3
-5.89	5.78
2.27	8.57
-1.73	1.82
-6.71	3.18
-6.44	4.35
-5.04	4.31
-0.6	8.11
2.4	6.36
1.06	9.84
-2.52	3.36
-2.65	0.37
-2.81	0.55
-1.6	1.05
-1.36	2.43
0.17	4.39
-1.55	4.82
-3.71	9.91
-3.22	14.09
-0.97	14.7
6.68	15.73
2.46	10.43
-4.26	9.81
0.75	13.39
2.14	15.1
5.44	20.84
6.95	19.02
6.31	14.58
4.23	17.48
8.49	16.45
4.35	20.24
5.81	18.81
6.03	15.77
4.47	15.18
2.94	13.34
2.99	11.01
-0.58	12.13
-2.14	15.7
1.79	18.43
7.49	19.78
4.33	14.78
3.93	10.08
4.4	13.2
3.74	18.89
2.69	17.18
8.56	15.71
5.84	18.38
6.99	17.56
10.05	18.96
8.81	19.93
5.16	20.77
5.11	22.36
5.98	23.47
6.94	23.93
8.85	24.94
9.06	24.39
12.37	18.41
11.84	15.67
7.75	13.46
4.46	7.83
5.09	14.49
4.01	16.93
5.52	19.84
5.38	18.47
4.19	20.52
5.99	19.89
6.18	16.5
7.16	19.32
4.68	21.27
9.01	20.95
6.39	19.82
5.66	22.9
7.58	24.89
10.44	22.14
9.17	22.22
9.95	25.46
12.93	22.47
8.63	25.28
13.11	21.59
11.39	19.13
12.87	17.99
11.45	25.49
15.43	23.69
10.01	17.29
7.55	20.44
9.31	23.02
12.99	23.78
13.22	24.83
10.03	15.36
8.45	10.29
5.12	16.1
3.5	16.6
6.99	11.69
9.1	13.09
9.26	16.78
6.69	17.29
8.5	15.41
7.94	17.81
7.35	19.39
7.8	20.67
10.91	17.97
9.53	19.67
9.03	24.3
11.54	25.09
12.31	24.65
12.22	27.07
14.26	28.49
16.26	28.44
16.66	29.4
17.55	30.57
18.76	31.03
17.7	31.25
19.09	29.08
17.34	26.21
16.69	29.08
16.48	30.18
18.8	32.98
19.44	31.49
15.54	30.6
16.27	26.49
16.36	25.47
15.87	21.9
14.84	19.98
15.95	19.01
13.87	24.6
11.38	25.92
12.45	28.16
14.5	29.75
16.91	28.92
15.58	29.71
16.45	29.49
16.9	31.23
16.62	30.52
15.86	29.01
16.09	30.39
18.07	24.51
12.23	23.4
10.06	25.04
11.03	27.81
12.24	30.95
13.28	31.71
14.93	33.24
17.06	33.44
17.7	32.12
17.33	31.51
18.07	31.72
17.39	32.64
17.59	32.76
16.09	32.83
17.9	31.53
17.83	29.84
16.22	31.02
17.56	25.98
17.68	21.54
12.5	20.33
13.12	18.88
12.77	22.82
13.13	23.5
14.74	19.28
15.15	24.41
12.73	24.53
11.44	23.94
11.84	22.36
11.43	14.93
11.54	19.51
9.16	22.17
11.49	24.28
11.11	25.92
13.45	29.14
18.16	29.3
14.67	27.09
16.46	28.45
13.38	23.32
11.24	24.64
12.14	23.03
10.18	24.63
14.1	19.56
11.22	22.99
11.25	23.53
11.67	21.66
13.35	21.11
10.68	17.19
8.43	20.3
6.9	22.1
9	23.9
11.58	25.7
15.53	30.06
16.18	26.92
13.6	24.79
13.9	26.14
13.89	20.79
7.26	21.16
6.46	22.11
6.75	22.54
7.85	23.19
7.18	23.34
8.31	24.72
13.16	21.28
15.09	18.33
12.1	22.96
14.99	19.12
14.33	19.9
14.38	22.69
9.57	23.3
10.16	22.24
7.48	21.24
8.24	22.57
8.96	22.9
10.15	23.74
11.71	22.4
10.8	23.45
9.71	23.27
10.1	23.12
10	24.1
11.49	23.22
14.94	25.25
12.45	21
10.21	17.96
5.09	19.05
5.16	19.49
8.51	17.93
2.86	19.23
4.39	20.18
4.46	20.02
4.43	19.58
6.56	19.01
7.68	18.6
4.11	17.81
5.93	14.59
-1.02	14.21
-1.2	14.8
0.97	16.57
7.88	16.6
7.76	21.35
7.93	20.7
10.3	21.81
14.24	20.79
9.75	19.02
8.13	20.66
7.47	17.65
9.08	18
11.26	19.65
2.87	14.36
-2.42	11.42
3.34	7
-1.94	5.3
-5.9	4.02
-5.09	5.23
1.13	11.78
5.53	11.65
-1.31	13.63
-1.83	14.18
0.24	17.08
1.83	11.04
-2.99	7.93
1.78	8.81
-0.8	9.73
4.27	13.29
3.92	16.04
3.24	18.95
8.32	18.8
3.89	17.5
4.67	13.25
2.14	8.85
2.94	8.74
5.26	7.47
3.94	10.38
0.1	11.49
5.39	17.18
5.16	13.52
6.91	8.74
6.26	8.58
6.19	8.04
6.35	9.17
5.34	7.99
2.92	7.03
-0.74	5.88
-0.95	4.72
0.82	10.37
4.93	16.32
7.02	13.37
5.36	15.5
7.84	14.28
4.39	10.18
-0.26	6.56
-2.43	4.1
-2.58	3.58
-2.35	3.09
-2.32	-0.18
-1.4	0.03
-0.97	1.19
1.09	4.05
1.02	2.91
-2.17	5.11
1.27	5.24
0.19	6.13
-2.17	4.17
-1.62	1.39
-0.12	6.31
-2.12	4.41
-5.91	3.69
-6.6	-0.12
-4.54	3.82
-4.97	3.09
-2.03	1.59
-1.8	10.7
0.4	8.69
-1.37	8.18
-0.93	6.51
-0.65	9.68
1.63	10.59
2.54	12.99
-1.86	10.06
-0.65	11.76
3.25	13.32
5.99	15.43
3.2	12.11
1.67	16.09
-1.36	13.54
-1.04	11.56
-2.19	8.49
-1.56	11.39
0.95	11.83
6.91	11.64
2.78	9.1
0.12	11.99
3.46	8
1.41	3.54
-1.26	5.33
-6.1	0.86
-6.84	0.09
-9.01	3.44
-4.24	6.46
-1.32	9.87
-0.91	11.23
-1.63	9.43
-0.66	11.67
-1.35	9.82
0.39	9.6
-0.91	8.44
-4.17	12.35
-0.72	10.09
2.48	6.62
3.77	12.59
4.93	10.7
-0.51	11.85
-0.32	7.93
0.85	12.21
5.11	11.6
0.75	13.42
3.07	8.4
2.18	6.11
0.99	7.58
-1.23	6.07
-2.71	6.55
-0.6	11.81
-1.31	7.12
3.5	10.95
3.85	11.75
2.71	8.37
-1.4	5.17
0.16	5.59
-0.58	10.6
3.1	10.63
4.43	15.05
5.99	12.26
0.61	8.59
2.38	11.89
-1.43	14.44
2.45	16.49
4.9	16.36
7.24	11.86
6.59	9.94
4.37	12.48
4.98	11.84
-0.89	15.77
1.51	17.78
2.67	18.68
5.37	14.66
-0.08	15.79
0.54	19.05
3.72	19.27
0.81	14.38
0.4	4.22
-1.46	5.5
-2.18	7.91
1.64	8.99
3.24	5.75
2.66	13.86
2.95	13.88
2.17	13.04
0	13.13
4.92	10.21
-0.12	13.24
6.43	15.22
3.1	16.6
3.64	17.13
2.79	18.66
6.59	11.65
0.89	14.41
2.12	19.51
7.06	19.21
7.71	16.7
1.89	20.36
4.65	22.08
7.66	18.98
5.08	22.18
5.69	23.89
7.16	23.64
7.4	21.91
6.64	19.03
3.32	21.9
6.38	19.83
3.69	16.49
2.84	21.95
6.01	17.56
3.65	19.26
4.49	23.16
9.51	20.75
7.51	20.87
5.42	22.08
5.53	23.19
4.95	24.34
6.63	24.64
8.89	17.61
3.42	17.14
5.6	17.14
5.07	20.72
11.46	18.7
11.51	20.49
11.63	20.51
8.81	23.81
10.39	23.08
11.03	17.1
11.22	23.7
11.18	27.62
12.41	21.79
10.65	26.22
15.32	29.21
12.14	24.28
6.17	16.33
5.87	19.58
7.22	16.77
6.75	20.52
10.77	24.45
10.94	26.49
12.93	29.07
15.24	27.73
16.94	28.24
15.3	29.97
14.96	29.25
15.41	27.84
13.56	22.41
9.83	19.91
9.56	13.78
7.12	21.03
7.57	24.38
13.58	22.98
12.57	24.84
13.99	23.94
15.76	24.2
14.74	24.51
12.81	25.18
12.63	26.82
13.76	28.18
14.03	28.6
15.83	27.75
16.19	27.35
13.93	28.21
15.17	29.06
16.53	29.54
17.45	26.81
14.69	27.97
16.16	28.85
17.78	29.71
15.33	32.42
19.22	33.53
15.84	30.87
14.66	27.45
15.19	28.84
14.56	32.06
17.13	28.58
12.35	19.79
12.38	22.51
10.74	24.87
14.13	25.44
11.52	28.82
14.47	31.27
13.5	27.73
12.37	23.4
10.94	22.59
11.95	25.91
12.84	28.27
16.01	28.71
15.84	31.3
10.84	25.11
8.31	20.97
8.6	22.8
11.51	26.32
12.19	30.78
15.46	32.83
15.8	34.06
16.25	36.84
16.45	36.13
20.81	35.73
18.21	38.02
17.75	35.05
18.28	34.28
12.59	31.57
15.04	30.04
11.24	26.7
10.96	28.67
12.31	32.23
17.26	31.86
17.21	27.65
12.79	22.95
7.68	21.92
8.99	23.64
8.18	27.22
13.23	22.24
12.99	23.71
11.17	25.32
12.03	29.31
13.49	31.28
16.1	29.55
16.24	30.17
15.02	22.81
15	20.83
15.38	25.13
14.69	28.19
13.84	28.9
15.39	30.33
16.6	32.27
18.53	27.51
12.88	26.17
15.76	25.64
14.82	23.83
13.69	25.77
16.32	27.16
17.17	29.45
15.05	28.24
17.66	27.82
15.07	29.03
14.91	30.1
15.39	24.41
14.2	19.12
12.08	15.67
9.28	19.56
10.08	22.04
10.54	21.83
12	23.84
10.78	18.09
7.6	12.92
7.59	10.1
8.33	12
11.35	18.44
10.62	19.88
6.91	19.56
11.86	17.71
7.27	18.28
9.37	19.96
7.68	21.82
11.09	22.72
9.02	22.67
10.74	25.24
13.36	21.33
7.89	15.93
3.4	16.5
3.15	18.28
3.87	19.39
5.08	20.41
5.89	20.89
6.49	20.9
11.26	16.17
11.24	15.05
9.7	17.3
8.74	19.9
6.2	21.47
6.33	21.85
7.03	21.94
10.25	22.63
10.42	18.11
11.07	18.01
10.73	15.52
7.52	15.93
3.6	18.22
4.33	17.11
5.63	14.02
9.36	15.12
5.24	17.05
6.26	13.52
-0.15	12.24
-1.93	13.6
-0.63	16.28
0.58	18.13
3.08	12.36
3.52	10.87
-1.55	6.08
1.93	7.06
3.26	5.69
3.93	5.45
3.85	6.44
5.87	9.48
5.15	7.75
5.77	9.61
7.16	8.19
7.68	11.41
7.37	9.52
7.52	12.17
3.09	11.42
-0.44	12.76
8.06	14.23
6.71	10.92
2.03	9.57
-2.46	5.78
-0.69	9.65
2.39	12.03
2.6	7.11
-1.41	8.89
-0.59	9.84
0.86	8.65
-1.21	6.88
-1.03	4.63
0.3	2.8
-0.69	1.58
-1.16	1.32
-0.6	0.54
-0.11	1.78
-1.9	0.68
-1.24	6.99
0.27	13.89
9.3	14.93
5.55	12.41
3.61	6.99
0.48	7.56
-2.99	5.87
-3.74	4.33
-4.98	3.61
-5.4	4.12
-2.06	7.83
-2	7.84
2.67	10.3
-1.56	5.22
-1.98	8.51
-1.29	8.4
-0.45	7.67
3.62	8.16
-1.25	6.04
2.08	5.66
1.21	6.94
2.99	4.55
1.25	5.4
-2.6	1.58
-4.13	-0.44
-1.8	-0.43
-3.5	-1.71
-7.36	-1.19
-10.12	-2.2
-4.86	-2.73
-5.96	-4.64
-5.97	-5.06
-5.37	-4.57
-5.24	-3.48
-6.82	-2.9
-4.69	-2.21
-3.41	-2.22
-4.26	-3.1
-4.88	-3.98
-5.68	-4.73
-5.03	-0.87
-4.84	-0.06
-3.87	-0.49
-3.56	-1.69
-6.32	-3.56
-7.4	-3.67
-4.4	1.68
-4.27	3.33
-2.63	7.78
-4.61	0.82
-2.49	-0.84
-2.12	4.57
2.17	12.54
2.33	7.01
0.96	6.67
0.9	8.44
1.96	9.77
3.87	7.95
1.5	8.63
2.47	7.82
2.86	15.14
1.24	12.3
-0.47	7.69
-1.33	5.58
-4.09	6.8
-2.73	8.54
-4.96	8.49
-0.73	12.16
3.34	10.39
0.08	9.3
-1.84	6.72
-0.81	6.94
-1.65	9.49
2.95	9.35
-0.49	5.82
0.46	10.95
3.36	8.47
-1.03	9.71
0.36	9.02
0.14	8.16
-2.75	7.92
-2.86	7.05
-2.55	6.13
-4.86	5.57
-6.87	7.06
-5.08	3.84
-1.52	3.19
-5.06	0.05
-11.43	0.57
-6.5	10.82
-3.3	11.68
-4.79	12.26
-2.39	13.83
1.19	16.13
2.87	16.84
0.18	17.97
1.2	19.53
0.42	18.14
2.23	16.85
3.09	11.71
0.18	15.05
6.27	15.14
4.69	18.97
3.49	17.93
3.5	12.65
1.95	5.18
-2.05	3.86
0.73	5.47
2.39	5.81
0.89	12.5
1.95	15.16
5.83	10.71
2.02	16.29
3.02	13.67
-0.06	12.81
4.97	14.3
7.49	19.03
3.77	16.75
1.28	7.32
-3.37	8.63
-2.53	8.34
-2.45	9.13
0.73	7.59
0.33	6.24
0.39	6.76
-1.39	7.47
-3.01	9.55
0.31	10.96
5.21	12.55
5.24	13.97
0.31	16.33
3.4	17.51
3.33	18.28
6.65	14.92
2.04	12.21
5.58	12.37
3.32	13.68
0.63	16.09
3.75	16.28
3.04	10.37
2.96	19.24
10.45	20.83
12.57	20.52
8.84	16.2
6.04	16.13
2.54	17.2
5.38	13.84
5.32	14.07
1.96	14.67
4.25	17.76
9.36	19.87
4.94	22.11
6.7	22.91
6.47	18.11
8.37	14.35
4.22	16.52
2.82	16.94
6.73	17.59
4.96	19.59
2.66	21.12
6.98	18.38
8.44	18.95
9.3	18.82
6.3	19.74
6.26	19.37
5.79	18.91
4.91	17.23
9.32	19.37
7.47	19.46
4.83	21.06
7.7	21.1
6.03	20.65
7.45	20.11
4.31	22.56
5.12	23.87
6.73	24.74
7.54	26.49
12.47	24.83
12.69	24.12
15.1	21.99
10.3	22.02
8.25	13.18
8.74	16.16
10.11	19.12
11.22	20.1
11.78	24.08
10.52	23.51
13.09	26.77
12.65	31.97
14.37	32.35
15.53	26.82
13.35	27.65
12.81	27.1
11.68	29.04
15.97	27.12
12.8	26.79
15.6	22.63
16.09	19.84
14.89	23.58
13.93	20.07
14.31	22.06
13.73	24.83
12.57	26.39
13.33	26.83
13.87	20.75
12.43	19.62
9.5	18.79
9.97	20.29
8.9	22.17
12.74	22.65
14.73	23.57
11.48	26.87
14.77	28.49
14.8	29.42
15.52	31.28
16.28	32.11
17.43	31.2
15.34	29.91
17.89	29.64
16.35	26.86
15.51	27.01
15.14	28.93
16.56	26.21
14.81	29.02
14.91	30.25
16.2	30.33
17.86	28.03
14.68	26.79
11.61	28.13
17.18	30.58
13.3	22.95
10.32	24.75
14.91	26.51
13.78	30.53
15.22	31.22
15.59	30.15
13.48	20.01
12.19	22.46
13.76	27.17
13.67	26.9
13.95	21.36
12.48	26.1
14.15	27.99
14.62	21.81
12.73	19.88
10.88	16.13
13.59	19.72
16.29	24.23
16.68	26.11
17.26	28.37
15.99	28.25
15.09	29.34
15.59	27.88
15.74	29.89
17.24	30.37
16.7	30.16
15.23	29.83
16.22	31.05
17.72	24.53
13.9	27.11
14	28.08
14.83	26.56
14.82	23.89
10.27	24.9
11.87	26.19
12.75	29.08
18.9	28.02
16.43	28.49
16.55	31.55
13.13	24.43
8.71	22.43
10.67	25.72
12.03	27.77
12.47	26.46
15.23	27.05
13.84	28.83
14.1	24.18
13.25	21.73
8.89	23.19
11.98	25.96
13.08	27
12.97	27.87
14.48	26.14
14.55	22.41
8.32	23.97
9.03	23.98
10.92	26.43
13.31	28.45
16.42	28.87
17.49	28.68
19.31	30.04
17.67	30.28
14.87	23.94
10.59	25.36
11.11	27.21
15.31	28.47
15.45	26.43
12.28	18.68
8.78	12.57
7.43	9.68
7.62	9.11
7.18	13.26
3.98	14.93
2.85	14.49
9.58	11.86
8.43	12.05
8.52	13.15
7.86	14.74
6.68	16.24
8.87	14.89
8.17	14.23
9.51	14.73
7.68	16.02
2.98	17.49
4.13	18.81
8.8	19.75
7.35	21.25
9.02	15.58
7.06	11.06
1.78	15.63
3.06	20.02
7.35	19.95
5.68	19.78
8.04	21.35
9.84	19.26
7.09	20.07
6.03	21.12
6.82	22.03
6.43	22.19
8	22.6
9.21	22.3
5.74	16.73
0.27	13.71
0.56	15.16
1.27	17.63
3.06	17.57
4.16	19.26
7.2	14.7
1.3	12.74
3.23	10.35
6.3	10.54
1.22	12.34
3.89	20.34
10.58	22.54
10.43	19.32
5.46	18.44
9.22	16.16
7.43	12.7
8.43	20.22
7.42	18.92
8.62	18.82
8.74	18.09
11.11	13.48
9.3	12.46
7.61	13.64
6.12	10.53
4.56	8.34
5.68	7.32
6.65	8.12
6.93	8.47
3.55	10.94
-0.72	8.12
2.64	9.38
-3.88	6.41
-4.12	7.74
0.59	12.86
3.49	7.8
-2.57	4.78
-3.79	4.8
-4.08	4.72
-0.62	2.35
-3.25	4.53
-2.96	5.76
-5.56	3.02
-0.41	1.88
-0.84	8.52
2.35	11.15
-0.32	9.01
3.02	5.29
-0.66	3.99
0.6	10.02
1.26	9.04
0.84	6.77
-1.4	5.41
-4.31	5.74
-1.17	7.78
3.09	5.2
1.8	4.05
1.76	4.42
2.52	4.65
2.37	4.44
3.31	4.52
4.25	4.95
0.67	4.95
2.06	4.01
-1.21	4.58
0.13	8.06
-0.56	9.41
-1.14	8.67
0.67	5.28
-1.77	3.22
-4.56	-0.06
-2.01	-0.93
-5.87	-1.18
-7.63	-2.51
-9.13	-4.54
-5.6	-4.66
-5.72	-4.09
-4.54	-2.06
-7.56	-0.85
-11.83	-0.78
-9.46	-1.97
-9.8	-2.7
-6.51	-3.86
-9.01	-0.46
-12.42	-1.31
-13.67	-6.27
-9.58	-7.11
-7.8	-6.65
-7.73	-6.67
-7.63	-3.19
-3.46	0.89
-4.84	2.74
-6.02	1.51
-5.86	2.96
-1.99	8.27
3.7	13.25
2.37	8.36
0.13	5.81
-0.76	3.19
-0.55	3.28
-0.3	4.77
-1.61	5.6
-0.59	1.89
0.01	1.28
-0.36	1.36
-0.73	0.78
-1.4	0.86
-3.04	-0.21
-1.39	1.38
-0.18	1.66
-0.15	3.74
-2.1	9.62
1.13	13.87
2.67	12.28
2.62	8.52
-0.55	5.96
-2.85	8.89
0.49	8.16
-3.77	4.9
-4.08	2.7
-2.12	3.13
-3.17	1.59
-5.04	3.53
-3.52	4.13
-5.71	0.8
-4.55	0.71
-6.94	4.11
-2.17	4.11
-3.44	0.08
-2.06	5.23
-1.46	4.13
-1.33	5.28
-2.4	8.9
-1.61	10.28
1.22	14.5
0.42	13.68
2.27	7.3
3.92	8.54
5.06	9.61
6.08	8.62
5.13	8.53
2.06	8.25
1.61	12.02
2.3	8.89
-1.1	11.38
3.35	11.33
-0.81	9.83
1.92	12.37
3.04	12.77
1.07	13.28
4.26	12.55
1.36	9.85
1.22	10.09
-0.11	5.18
-1.44	4.71
-0.21	6.06
-3.68	12.22
1.49	15
4.15	10.05
-1.93	7
-1.23	11.05
1.34	14.87
6.07	16.66
8.59	13.09
5.14	9.95
4.49	10.5
7.55	13.56
9.56	18.79
6.43	18.99
6.2	21.75
6.88	22.12
7.39	22.44
5.86	23.48
6.67	23.93
6.46	23.96
6.09	23.83
6.41	23.89
6.4	23.47
6.23	20.08
4.76	20.53
4.29	22.36
5.76	23.01
8.75	19.41
4.37	20.92
5.83	18.57
10.36	20.6
10.38	20.12
6.52	20.66
6.98	14.06
5.79	18.97
3.99	20.72
6.19	19.55
9.12	20.02
9.74	19.36
9.06	18.4
8.76	19.5
9.58	22.45
7.44	16.95
7.74	20.59
5.93	21.14
8.38	17.17
7.43	19.06
11.22	21.38
7.64	25.12
9.65	24.8
10.51	26.67
10.68	27.4
11.52	22.24
9.94	14.5
10.24	15.76
9.32	20.12
11.35	23.48
9.42	25.22
12.67	27.26
14	24.28
14.09	24.84
9.85	26.75
13.1	27.16
11.71	23.07
14.98	23.46
14.33	28.25
16.18	28.23
14.29	23.14
10.26	20.95
7.63	17.57
6.59	10.95
3.83	18.73
9.08	18.76
6.99	19.56
10.21	24.1
8.49	18.47
6.9	17.23
13.09	26.72
13.19	23.45
9.05	24.67
12.91	26.92
12.83	26.7
10.56	25.26
9.12	23.2
9.91	23.59
9.53	27.06
16.19	28.08
16.13	27.88
13.46	23.53
10.62	27.47
14.06	30.64
11.94	23.8
9.36	20.4
11.2	16.98
11.86	15.04
13.77	19.13
12.87	24.79
12.93	24.21
13.78	24.79
16.55	21.82
15.42	24.7
14.79	27.48
17.03	27.44
15.59	27.94
15.32	27.97
17.14	27.36
15.2	26.91
15.23	27.88
14.07	25.81
14.45	19.97
11.19	22.91
13.68	17.91
9.17	22.66
10.2	25.02
13.82	28.57
15.92	30.34
16.97	31.48
17.24	29.91
16.47	30.82
14.05	27.13
9.95	24.03
10.25	26.04
13.13	28.77
15.17	30.69
17.13	32.84
16.15	30.18
14.8	25.71
9.33	24.9
10.05	26.52
12.36	26.88
14.35	28.8
13.78	31.15
18.11	26.89
14.33	29.53
16.93	32.51
15.32	28.63
16.56	20.43
16.86	23.99
17.02	25.84
15.96	26.69
14.92	27.7
17.23	23.86
15.64	28.22
15.95	26.16
14.22	27.29
14.71	26.93
16.56	23.1
12.71	26.33
14.6	28.55
15.92	31.1
15.89	30.33
15.43	27.6
16.55	28.58
15.03	29.69
17.29	25.82
15.68	23.04
11.34	24.3
11.38	26.62
12.22	29.05
15.5	29.8
16.08	30.71
14.95	23.37
13.24	22.57
7.86	24.43
9.74	26.58
12.02	27.35
14.58	29.27
14.68	23.99
11.31	19.78
7.86	19.79
7.54	21.2
8.22	21.94
11.02	22.5
13.28	24.94
14.39	21.1
15.18	22.39
12.14	21.92
12.46	19.28
12.79	22.25
12.81	25.21
16.3	23.12
15.45	21.4
13.65	22.68
12.33	24.37
11.14	25.1
10.73	25.4
10.16	25.49
10.15	25.28
13.91	21.75
9.11	21.59
7.6	23.08
9.25	24.35
10.51	23.54
9.34	22.83
9.96	23.35
10.7	18
5.15	17.62
4.57	20.99
6.02	21.13
10.91	26.03
13.64	26.01
11.97	25.66
11.22	18.56
10.26	17.62
10.22	19.4
8.31	11.63
4.93	10.16
0.8	7.93
2.18	8.94
0.31	9.14
1.63	10.12
1.86	9
-0.23	8.72
3.11	10.14
-1.89	15.47
10.32	19.36
9.22	15.85
8.85	11.15
4.87	16.57
7.76	14.38
7.03	17.08
3.5	16.03
3.95	12.57
2.22	9.52
-2.78	9.22
-2.34	5.7
-2.37	5.42
0.42	3.61
-0.08	3.69
2.39	9.94
4.02	4.86
3.51	7.35
2.65	6.87
4.64	9.38
3.48	7.53
4.15	8.16
-0.15	11.86
0.2	13.26
2.04	15.28
4.61	15.58
5.11	15.19
3.36	17.38
5.21	13.11
1.76	16.23
0.94	15.12
1.53	6.48
2.12	5.93
2.99	8.36
2.9	13.92
2.44	14.27
3.11	10.73
2.77	12.73
2.83	9.57
0.52	11.31
7.95	14.75
5.67	14.71
1.11	6.34
0.51	4.75
1.76	4.41
-0.88	6.4
-1.36	3.14
-1.52	5.18
1.54	6.03
4.29	8.34
2.39	9
2.14	6.67
0.41	4.61
-2.19	0.46
-4.04	-2.29
-4.37	-2.18
-4.74	-2.22
-8.24	-2.12
-10.79	-3.37
-13.34	-7.93
-17.82	-8.11
-18.19	-0.95
-2.54	6.44
4.7	14.95
2.45	13.51
6.67	16.76
0.38	8.63
-0.16	3.54
-2.61	6.17
-4.07	2.39
-0.74	8.63
-1.43	8.51
1.86	5.06
1.08	5.03
-4.4	2.46
-8.19	0.85
-3.18	-0.7
-3.66	-0.77
-3.04	-0.53
-2.58	-0.34
-0.48	0.59
-0.16	0.83
-1.3	0.7
-2.69	-0.29
-3.36	-1.13
-1.74	-0.81
-1.63	0.59
-3.11	2.23
-3.88	-1.18
-2.54	2.29
-0.89	3.41
-1.68	2.77
-5.74	-0.29
-6.4	-4.58
-7.67	-4.18
-6.92	-3.66
-6.78	-2.76
-9.34	-4.94
-13.61	-3.47
-12.5	-3.61
-9.48	1.68
-1.91	2.06
-2.95	0.63
-10.09	3.18
-8.55	3.67
-6.08	6.31
-2.21	6.62
-2.23	4.46
-1.93	1.74
-6.29	-0.75
-8.59	-2.7
-8.96	-3.44
-5.14	-0.51
-3.56	-0.99
-4.1	-0.56
-4.48	3.62
-8.74	2.14
-4.22	0.72
-9.98	2.67
-1.94	5.25
-2.2	9.02
-3.38	8.78
1	5.71
-2.61	8.48
-0.73	9.99
2.27	12.8
0.92	13.33
-0.54	14.3
4.06	11.21
2.19	12.74
1.38	13.97
5.37	15.53
3.7	9.56
0.25	8.23
1.13	3.52
-1.4	3.21
-6.94	2.88
-3.86	0.05
-7.67	0.91
-3.27	2.27
-3.59	0.4
-2.29	0.25
-4.34	5.98
-1.25	8.89
-1.02	10.32
-1.2	5.59
-1.15	10.34
0.97	11.16
-0.86	15.45
2.72	17.21
4.61	18.14
7.93	19.42
7.54	13.14
3.28	16.24
3.84	16.59
8.24	17.35
10.23	18.87
6.34	15.76
2.22	16.45
3.78	19.77
10.13	18.69
6.26	13.64
2.5	16.03
3.28	11.57
-0.27	15.81
7.73	14.13
6.24	12.23
5.58	13.54
0.57	15.13
1.1	17.57
3.57	19.17
6.82	14.33
2.49	10.01
3.89	6.19
5.14	10.32
6.78	13.52
6.17	14.94
6.81	16.23
4.61	14.67
1.25	16.16
5.09	18.8
5.1	21.57
8.45	20.82
5.62	11.65
5.84	15.57
6.62	20.34
7.42	22.13
6.83	23.56
10.87	20.36
8.12	19.33
3.93	21.62
6.79	26.13
10.56	23.59
11.87	21.65
12.53	21.56
10.31	20.95
11.52	15.45
10.97	19.54
5.41	20.34
5.22	17.9
9.3	20.7
10.3	21.29
6.94	22.04
11.03	19.64
8.61	15.85
9.28	18.6
8.21	12.69
6.53	10.42
8.25	15.29
8.17	16.59
4.52	17.16
7.91	14.73
10.71	18.96
12.5	22.04
10.78	22.11
10.19	25.59
11.56	27.88
12.84	26.16
11.35	26.13
11.22	24.08
13.64	22.85
13.68	22.91
10.66	15.74
9.21	15.01
10.12	13.03
11.05	17.04
12.8	19.5
10.49	23.79
9.85	25.25
12.08	26.74
14.84	28.45
15.41	29.13
17.65	29.52
19.9	31.84
17.51	31.94
19.49	28.21
16.68	27.04
12.34	26.35
15.13	21.83
14.99	21.42
15.31	25.48
13.74	20.72
12.67	16.93
11.3	14.32
13.53	18.68
13.91	21.43
10.37	22.91
11.91	23.07
12.83	21.11
14.03	24.82
13.23	26.08
15.44	27.88
14.77	28.98
14.83	29.55
15.21	30.18
16.09	31.14
15.18	28.09
16.23	27.92
16.87	27.6
14.22	23.37
10.34	25.92
11.04	28.83
12.99	30.67
14.69	31.69
16.05	32.35
17.15	32.16
17.33	32.89
19.21	33.3
19.8	32.82
20.19	33.51
16.77	27.85
15.17	24.25
14.29	27.98
17.05	30.73
17.29	32.82
17.74	30.78
16.23	24.34
13.42	17.89
11.94	19.34
13.31	24
16.07	26.13
15.06	25.86
13.21	18.74
14.3	23.31
12.76	27.63
14	29.1
17.01	26.25
14.92	24.05
12.38	25.14
15.89	22.01
14.41	20.79
14.54	26.24
15.41	23.11
12.73	26.69
14.4	27.69
14.12	27.77
16.1	28.3
15.98	26.96
18.97	26.79
14.62	25.09
13.31	24.77
14.37	23.35
16.03	26.02
16.5	25.35
16.3	27.32
15.16	27.42
13.7	27.8
15.89	24.1
16.2	19.52
12.85	26.66
16.66	30.11
14.8	20.35
8.48	19.91
9.25	15.86
6.72	13.8
11.63	19.25
7.74	20.1
11.1	18.53
11.48	18.15
8.13	17.82
9.01	15.44
6.09	12.1
11.98	15.65
14.58	20.04
12.45	17.94
15.12	18.51
11.74	20.04
9.98	21.56
12.44	21.27
12.32	22.55
13.86	19.14
13.61	15.06
10.8	13.92
9.76	16.43
4.89	18.45
5.7	20.28
6.7	21.07
7.32	20.96
8.82	22.02
11.92	17.39
10.68	14.8
8.89	15
9.53	18.46
7.93	16.47
7.72	12.76
8.45	12.82
9.25	14.1
9.83	13.2
9.96	17.01
10.74	17.13
9.69	11.14
6.33	16.13
3.81	13.91
1.2	14.13
0.78	14.73
1.17	15.15
1.69	14.97
2.59	13.87
3.55	14.09
1.1	12.86
4.35	12.57
3.81	8.97
6.18	7.73
6.35	8.07
3.23	7.29
0.96	11.71
-1.15	12.86
0.22	14.2
7.39	16.32
4.87	9.99
3.93	7.52
-0.66	8.85
-3.51	9.67
-2.17	12.76
-0.3	16.03
7.58	16.74
5.75	17.95
7.22	14.88
6.78	11.64
4.64	17.34
4.29	19.87
2.88	15.87
2.96	15.87
7.3	13.55
6.38	13.38
5.4	10.52
4.17	12.46
3.79	14.54
6.39	17.93
7.25	18.16
9.81	19.04
6.16	16.09
7.61	10.62
7.36	11.64
3.95	8.68
4.21	7.58
4.71	6.88
6.82	9.66
2.14	8.3
-1.01	8.32
-2.77	7.57
-3.74	2.35
-1.59	4.33
-2.26	0.65
-1.19	3.61
-3.97	0.48
-3.1	-1.72
-2.66	-0.36
-2.55	-0.87
-8.68	-1.98
-9.74	-2.05
-2.84	6.2
5.27	12.52
7.57	14.46
-1.18	13.53
-5.42	0.76
-7.95	1.25
-3.01	5.77
-4.62	1.76
-8.99	-0.71
-5.21	-0.25
-8.8	-3.53
-11.15	-4.67
-11.21	-5.37
-16.94	-1.65
-4.67	6.72
-6.06	6.48
1.21	7.79
3.01	11.85
2.64	13.42
0.42	6.42
-3.49	0.43
-6.57	0
-7.87	0.43
-9.32	-2.18
-10.58	-3.4
-6.78	-5.39
-6.24	-4.29
-5.02	-1.86
-7.72	-0.06
-10.86	-3.96
-5.17	-3.8
-7.74	2.69
-0.5	11.57
3.86	10.48
0.08	13.04
-0.56	8.79
1.57	3.27
0.34	5.94
-0.96	7.29
3.52	12.4
0.23	12.33
0.29	11.53
-2.17	7.17
-2.02	3.33
-2.77	2.68
0.67	2.9
-1.36	1.29
-2.66	0
-6.94	1.65
-4.27	0.83
-6.57	0.08
-5.17	3.59
-1.95	0.36
-5.17	-1.23
-7.88	-1.23
-7.3	-2.37
-3.65	-2.61
-5.82	-1.94
-6.41	-1.74
-9.26	1.99
-5.46	6.21
-2.34	12.88
-3.04	11.94
-3.42	16.95
-3.72	13.29
-2.48	9.76
-3.74	9.16
-2.48	12.22
0.6	8.35
-1.58	3.44
-1.5	-0.18
-2.88	-0.86
-2.94	1.34
-0.98	0.83
0.36	2.36
-1.05	6.13
-2.46	2.72
-5.6	-0.66
-7.12	-2.75
-9.57	-1.23
-10.5	1.01
-9.21	0.7
-5.6	1.88
-7.51	-1.16
-3.3	3.1
-4.39	0.36
-5.98	2.43
-2.51	-0.26
-4.29	4.61
-5.45	5.65
-4.36	6.29
-3.15	3.13
-8.27	5.28
-6.42	8.08
-3.21	11.82
-3.03	14.09
-2.46	15.16
7.15	16.21
8.16	18.99
6.83	19.6
5.43	13.6
9.24	15.74
5.54	12
3.96	6.81
2.43	8.81
0.57	9.47
-2.46	13.7
0.29	15.66
1.96	18.89
1.44	21.28
4.26	21.04
4.65	10.14
3.42	10.05
1.96	16.11
0.45	18.08
1.48	19.39
6.59	18.75
5.38	20.43
5.41	21.05
6.52	23.22
6.7	16.22
2.83	18.11
8.94	25.96
11.15	20.75
7.81	20.39
4.41	18.53
8.42	18.14
7.16	20.97
4.05	12.1
4.51	11.77
2.68	12.41
5.69	13.35
1.56	16.41
1.71	18.16
2.32	19.69
3.4	22.09
5.26	23.77
5.32	23.83
5.78	23.98
10.6	23.75
9.18	20.79
9.94	14.24
7.54	17.73
7.66	16.98
9.54	17.11
8.42	18.27
7.71	17.48
5.76	18.47
7.69	21.65
3	12.94
1.11	14.62
-0.29	17.68
2.76	20.81
5.3	15.87
3.78	19.35
6.45	23.64
7.8	24.33
8.15	26.34
12.52	22.63
9.1	24.37
10.03	18.41
9.04	17.18
7.63	19.96
7.74	23.39
9.12	25.74
9.96	26.71
11.3	27.07
10.82	26.39
12.08	25.92
12.36	28.76
13.84	23.39
7.38	25.93
10.57	29.06
10.13	20.22
6.68	22.5
8.21	24.89
10.58	28.23
12.94	24.08
16.15	22.5
15.5	26.11
14.82	27.11
13.5	26.91
13.76	26.65
14.44	27.68
14.74	25.05
14.19	19.36
11.49	22.14
10.63	23.84
11.84	24.24
12.87	25.92
13.96	24.69
14.11	26.85
12.74	28.75
14.29	25.8
17.76	28.44
10.91	23.6
7.96	23.19
11.94	28.06
13.87	29.82
17.12	27.44
14.73	22.59
9.94	21.13
12.33	21.43
12.41	25.21
15.04	25.38
14.98	28.31
14.19	29.27
13.7	22.42
10.89	19.93
7.13	20.96
12.77	25.63
13.63	22.46
13.41	28.11
14.61	31.71
18.34	32.05
14.87	34.25
17.31	32.99
17.39	29.83
15.17	30.32
16.39	33.56
19.38	30.24
15.1	22.92
11.69	26.33
12.8	30.02
15.84	26.89
13.05	27.98
14.47	23.78
13.35	25.11
12.73	26.22
14.17	18.76
12.01	16.01
11.22	15.83
12.82	18.19
12.57	25.5
14.89	20.44
14.42	23.07
12.54	24.45
13.99	23.17
14.09	23.21
15.34	26.28
13.87	27.77
17.26	23.03
15.63	26.75
14.5	26.52
17.09	30.14
15.44	25.18
13.57	22.47
10.98	20.46
6.82	23.72
10.15	26.37
14.73	26.39
13.47	28.7
14.53	29.91
14.93	25.37
14.12	27.49
14.91	29.73
15.8	31.02
16.28	27.46
16.42	29.45
17.94	32.38
18.42	33.48
17.43	34.57
17.04	32.07
17.07	34.52
17.43	32.25
12.73	22.41
10.4	25.82
14.36	24.92
13.42	25.78
13	28.42
14.48	27.15
14.3	27.88
14.92	29.83
17.35	28.51
14.4	23.84
10	25.57
14.46	20.9
13.61	21.84
12.96	28.54
13.98	30.4
15.39	28.31
13.77	28.24
14.71	29.03
11.61	20.9
11.67	24.77
10.83	26.48
11.86	28.54
10.46	21.21
9.48	16.06
12.24	21
11.59	22.69
10.71	22.14
10.99	21.95
8.91	23.25
8.11	24.09
8.97	24.67
9.35	23.54
7.13	22.28
9.77	23.78
8.48	25.43
9.03	24.58
7.89	25.07
7.86	26.06
8.49	25.53
9.93	23.94
5.89	16.66
1.09	13.78
0.81	11.21
-0.22	10.31
7.43	21.57
8.41	19.86
7.07	12.71
2.24	10.92
-1.06	11.73
0.88	10.49
-3.65	12
-2.81	13.91
0.41	20.26
5.04	13.83
3.16	10.22
-1.98	8.89
5.01	7.14
6.67	8.75
6.95	9.85
7.86	10.85
7.52	9.54
8.39	11.72
8.84	11.94
5.59	14.18
1.78	14.24
2.3	7.43
5.72	7.76
5.13	9.22
4.95	17.02
11.42	18.98
5.24	14.08
2.36	10.9
4.08	11.46
2.3	7.56
5.74	7.71
-0.75	6.73
-2.72	8.13
-3.97	8.48
-4.66	7.53
-4.28	6.65
-5.11	0.98
-3.62	-0.08
-2.13	-0.57
-2.76	-1.42
-3.02	-2.17
-4.16	-3.02
-4.34	-3.27
-3.78	-1.61
-1.76	-0.95
-1.69	-0.32
-0.83	1.12
-1.07	1.39
-2.29	9.04
-2.75	2.75
-1.84	-0.45
-2.22	-0.15
-2.16	0.91
-0.16	1.71
0.03	10.97
4.56	12.44
-0.61	6.6
-2.25	4.95
-0.88	8.64
-2.41	8.06
2.6	9.31
0.87	6.12
3.81	9.27
-0.2	7.93
-0.49	11.39
4.12	9.91
-1.12	9.55
1.24	10.57
-2.72	6.78
-2.82	1.55
-4.6	2.67
-6.51	2.59
-3.35	5.29
-2.19	3.41
-2.47	5.21
-1.42	7.03
0.43	4.97
1.12	6.06
-0.89	2.66
-1.87	0.74
-1.37	2.56
-3.63	6.93
-1.38	5.24
-1.49	11.46
3.11	8.34
0.46	9.96
-0.92	6.2
-0.66	7.98
-1.8	7.11
-1.26	7.7
-0.08	7.44
-0.43	7.68
-1.97	8.49
-1.71	9.39
-1.69	8.92
-2.24	5.03
-4.07	2.75
-4.18	1.91
-4.69	3.56
-1.36	7.23
-3.33	6.75
0.65	5.66
-3.8	5.59
0.56	11.02
-0.54	10.01
0.33	5.48
-2.32	3.21
-3.58	1.63
-8.62	2
-8.41	2
-4.23	-0.97
-9.19	0.26
-11.71	-2.39
-9.98	-2.6
-12.42	-5.13
-13.89	-8.49
-10.77	-8.57
-11.03	-6.75
-12.42	-8.89
-11.53	-8.06
-14.27	-3.61
-16.23	-3.36
-12.49	-6.63
-13.99	-8.99
-11.35	-6.71
-10.96	-0.96
-13.32	0.95
-7.97	5.5
-2.69	4.13
-6.24	7.66
0.55	8.71
-3.96	10.44
0.57	5.52
-4.92	6.74
-5.86	9.25
-4.36	9.13
2.04	18.53
1.87	15.79
0.25	9.22
-2.14	6.75
-1.87	6.73
3.02	15.15
7.44	13.5
2.68	17.24
2.14	11.15
-4.17	8.76
-1.23	9.45
-4.5	7.57
-7.22	5.94
-3.17	9.02
-0.45	9.78
-4.14	10.66
-2.3	9.79
5.7	9.15
6.36	13.23
0.32	13.39
1.31	13.86
-1.74	19.25
1.52	22.71
8.59	17.83
7.2	15.01
4.77	15.48
0.48	18.63
1.57	19.84
1.81	21.5
3.97	21.08
7.21	20.72
8.17	16.41
-0.23	18.75
7.63	20.49
5.79	19.5
4.65	14.8
3.06	20.86
2.07	13.64
-3.55	17.7
5.56	20.51
9.95	22.72
7.49	23.11
7.4	15.86
7.48	12.26
2.28	7.96
-1.96	9.35
-2.75	14.77
7	16.66
5.72	14.06
1.52	16.76
8.04	12.56
8.77	13.73
6.55	12.43
5.14	11.31
3.77	11.96
3.92	17.32
5.56	18.78
4.95	16.7
5.88	16.28
3.1	14.69
6.02	17.32
6.07	18.4
8.92	23.01
5.77	24.61
8.29	27.65
10.85	28.88
10.26	28.49
11.14	29.09
11.28	29.16
12.9	22.94
11.14	18.65
9.23	22.69
9.81	22.21
11	17.4
6.43	21.57
7.62	23.64
8.68	25.17
9.14	26.76
11.19	27.21
6.6	13.56
6.53	12.21
7.54	18
5.53	13.82
7.86	15.15
0.59	17.31
2.31	21.99
6.22	24.92
10.98	20.42
12.88	17.84
12.37	25.81
14.96	25.84
13.39	22.01
9.15	20.59
8.4	22.14
6.69	22.87
10.4	23.67
11.38	26.37
11.29	23.49
13.18	23.77
12.1	20.42
13.34	27.79
14.73	23.99
12.18	21.34
4.61	21.59
11.32	26.78
14.4	29.89
15.26	25.17
14.1	24.03
13.21	21.39
13.35	18.49
11.93	20.86
11.53	23.51
11.35	26.29
12.85	29.13
13.56	30.51
14.9	31.44
15.67	32.47
16.99	32.87
18.5	32.35
18.13	27.72
14.68	26.94
13.26	29.65
15.67	24.96
12.09	24.69
11.26	26.31
12.99	30.53
16.15	32.99
17.69	34.97
18.71	35.04
20.22	35.13
18.94	35.1
18.63	32.65
18.23	34.76
16.51	34.69
15.91	33.36
18.59	33.36
18.52	31.36
16.64	30.25
15.95	31.42
16.31	24.25
14.55	20.83
11.05	29.67
12.9	19.21
11.53	23.02
8.54	25.21
11.52	26.99
14.32	31.57
15.97	26.87
14.43	22.04
12	18.58
13.95	24.39
14.26	27.5
16.67	25.27
16.49	27.54
15.81	29.77
16.74	31.78
16.54	30.16
14.58	25.16
15.12	26.62
14.1	29.5
14.54	31.49
16.27	29.82
16.83	30.81
17.16	33.73
18.27	34.29
18.83	29.51
15.92	25.38
13.92	25.59
12.1	24.64
12.94	20.04
8.51	23
10.41	24.49
12.41	25.53
12.23	28.92
13.81	29.68
17.17	28.94
15.16	29.69
13.6	31.87
13.35	34.08
14.39	33.35
16.77	35.85
18.69	31.73
16.75	35.82
18.03	32.92
14.42	26.41
11.19	24.25
8.45	27.21
12.34	29.21
12.39	30.9
14.32	23.87
13.37	17.06
14.68	26.04
14.26	27.77
17.29	25.48
15.49	27.47
17.13	23.35
7.39	24.15
9.33	28
10.52	29.14
10.99	29.65
11.52	30.68
12.68	27.52
8.29	17.98
10.54	14.89
11.18	21.21
9.29	20.4
7.09	22.76
9.7	24.26
10.4	22.09
8.78	16.84
2.18	18.4
6.65	22.72
10.3	20.49
11.19	25.09
12.23	23.59
15.15	24.89
13.57	24.87
9.38	19.95
11.98	21.61
13.28	19.33
12.59	23.86
13.04	17.11
9.52	21.16
6.97	22.36
8.93	19.57
7.4	22.56
10.09	21.93
4.71	15.42
3.47	16.8
7.39	11.51
4.7	14.02
7.51	12.63
9.11	13.06
8.58	13.15
10.61	20.68
6.65	14.82
3.82	17.07
8.15	19.92
5.39	21.64
3.62	16.97
3.98	17.84
4.66	18.61
4.44	12.14
8.27	10.2
6.62	9.44
5.94	9.37
6.65	16.06
0.19	6.62
-0.23	3.07
-2.87	6.87
-2.07	12.11
3.94	7.24
2.2	9.71
1.6	15.38
9.55	18.2
6.73	16.13
1.17	9.36
-0.07	11.13
1.51	12.88
1.56	12.17
0.27	11.42
3.41	12.76
6.84	10.44
8.3	11.89
1.77	9.44
0.37	8.72
4.52	7.64
4.82	8.91
4.22	9.26
6.45	7.86
3.69	7.66
5.6	8.08
6.45	7.78
5.71	8.11
6.93	10.41
4.02	8.68
3.69	11.94
8.77	14.34
8.84	16.69
7.07	12.62
2.74	6.99
0.03	4.24
-0.01	2.05
-1.21	4.71
-2.86	3.69
-0.8	5.23
-3.26	1.03
-5.41	1.01
-4.96	-1.65
-7.44	1.74
-8.7	0.95
-9.13	1.07
-8.37	-0.11
-12.52	-0.94
-7.3	4.51
2.18	8.97
1.07	6.42
2.14	3.65
1.25	2.64
0.45	4.58
0.33	4.51
-2.19	0.8
-0.82	0.88
-0.83	1.05
-0.45	9.7
1.25	12.01
3.55	11.5
0.41	8.81
2.01	7
-4.29	4.18
-5.18	2.5
-4.75	5.72
-3.24	2.59
-3.31	-0.78
-1.8	7.18
0.01	9.61
3.61	11.14
2.69	7.2
-0.58	5.05
-1.26	0.21
-0.02	4.66
1.38	3.79
-1.08	3.26
-5.46	1.89
-3.06	-1.08
-3.41	-1.63
-2.53	0.3
-1.82	0.2
-1.51	-0.22
-3.72	-1.17
-4.5	-1.45
-4.76	4.3
-0.56	5.13
-1.08	0.85
-1.34	0.7
-1.74	-0.2
-5.16	-0.66
-10.32	-3.07
-13.14	-1.37
-3.58	-0.38
-5.78	2.48
0.22	9.02
0.42	12.83
-1.2	8.02
2.72	6.86
0.17	5.16
-3.31	4.62
-0.3	6.34
-1.04	3.75
-2.03	5.28
-4.33	3.09
-2.23	0.31
-3.49	-0.8
-8.65	1.22
-3.27	-0.04
-1.82	-0.46
-1.48	0.64
-1.29	3.59
-1.32	5.06
-1.35	4.59
-1.19	4.34
-2.2	5.24
-1.54	3.5
-5	0.95
-5.37	-1.56
-4.06	1.64
-1.03	2.96
0.45	4.21
0.89	3.48
1.11	4.59
1.5	8.4
-1.39	4.45
-0.18	6.78
-3.93	9.82
-2.08	8.03
-2.73	10.61
4.06	13.31
7.76	16.56
7.12	18.17
5.11	14.18
7.54	10.37
1	13.88
2.02	8.39
2.29	9.37
-2.69	7
-2.67	1.07
-3.99	2.89
-5.12	4.87
0.22	3.69
1.2	13.03
-1.56	13.8
4.93	10.3
-1.59	7.74
-2.49	1.9
-3.86	0.21
-4.36	-2.67
-4.32	-2.49
-5.35	2.89
-7.48	6.12
1.5	3.31
1.3	4.91
0.68	4.11
-0.36	4.25
0.14	2.82
-0.12	2.1
0.3	9.08
2.24	6.59
3.27	7.51
2.6	7.34
-0.79	10.2
1.77	14.12
6.15	15.68
2.5	17.69
9.19	18.71
5.98	17.76
5.27	19.04
6.08	18.39
4.01	19.35
5.16	21.93
7.88	24.1
9.45	22.74
9.68	17.98
7.12	20.85
9.3	21.16
8.61	20.81
6.37	23.4
7.01	25.58
9.3	26.78
14.04	23.18
12.61	24.42
11.38	25.2
11.36	27.19
12.07	26.92
15.13	21.41
12.81	23.28
9.46	21.7
12.33	17.49
12.85	20.51
14.03	22.85
11.54	22.74
10.88	24.71
8.88	24.7
12	17.96
10.41	18.66
8.06	18.25
7.27	20.72
6.9	23.38
10.55	23.87
11.13	20.64
10.46	22.09
9.79	26
10.07	21.07
8.86	21.29
6.99	19.65
8.9	16.11
7.14	15.88
8.03	13.94
7.7	16.56
7.19	15.91
8.08	20.3
9.82	23.36
9.42	18.13
8.02	13.24
8.25	16.51
8.59	15.69
8.58	18.34
10.06	16.7
12.34	18.28
10.59	20.98
11.99	23.05
12.45	25.87
12.24	26.96
14.92	24.3
13.35	18.91
10.13	22.6
11.1	25.35
11.34	25.8
12.72	28.14
16.38	29.13
17.05	31.43
17.73	32.44
18.47	33.21
19.62	33.28
19.8	32.35
16.87	30.01
17	27.76
12.34	21.87
12.15	18.41
8.2	19.67
6.08	18.99
6.58	20.41
8.93	22.27
10.02	22.57
7.5	24.06
10.39	27.1
11.52	27.97
13.92	28.37
14.93	28.17
17.62	26.71
17.06	27.49
16.93	27.15
15.24	28.48
14.38	29.03
15.3	24.37
9.96	24.84
11.54	25.56
12.92	26.29
13.42	26.6
12.09	25.63
11.22	28.27
12.62	29.5
13.95	30.24
15.89	29.58
14.89	27.35
11.46	30.04
13.67	32.19
15.2	32.16
16.31	30.29
16.1	33.2
17.83	34.39
18.62	35.55
21.07	37.92
18.13	28.27
13.1	29.59
14.47	30.85
14.59	33.94
16.75	35.97
18.45	36.35
17.48	33.35
18.24	36.16
19.88	35.95
18.47	38.78
19.3	34.34
16.81	26.25
12.46	28.48
16.11	29.73
14.36	29.54
15.69	18.16
12.31	24.7
9.34	26.82
10.52	29.04
12.6	31.06
14.77	31.73
17.24	23.65
16.45	24.04
13.68	25.29
12.17	26.88
15.52	20.71
11.92	17.95
14.13	20.95
14.9	22.94
15.43	21.01
13.19	23.59
10.09	24.05
9.45	25.96
11.96	23.9
10.04	20.22
14.16	24.35
13.68	24.12
14.59	24.95
13.78	25.37
11.27	25.48
10.41	25.86
13.18	18.69
13.92	21.18
10.69	17.08
10.47	18.52
7.79	17.6
9.99	21.18
9.12	22.14
10.39	23.12
8.56	16.42
4.75	15.99
10.39	17.76
6.54	19.92
10.16	19.35
9.39	18.71
6.99	22.59
7.19	21.75
7.73	21.06
10.66	22.54
9.62	15.7
8.28	13.62
8.27	11.28
7.42	8.34
7.19	15.36
4.79	11.89
-0.56	10.98
-1.84	11.6
-1.17	9.98
7.27	11.89
9.09	16.56
5.75	18.91
8.52	16.58
10.99	18.46
10.3	19.46
8.04	17.9
9.56	18.54
5.32	17.4
6.88	17.63
8.12	13.61
4.57	17.06
3.59	17.88
2.83	16.69
7.58	20.94
11.21	22.29
8.57	22
13.46	23.87
12.9	20.59
8.25	22.02
8.77	20.66
7.64	20.86
11.53	22.73
9.64	19.52
8.17	12.96
3.37	14.23
4.6	15.84
4.76	16.8
8.6	18.32
7.77	10.3
7.14	10.44
2.28	9.89
5.08	15.57
3.56	16.59
7.29	15
4.24	9.16
4.76	8.09
4.92	7.88
5.86	7.05
3.43	6.88
4.29	6.46
1.06	10.15
0.17	9.35
3.42	7.24
4.74	7.02
6.02	7.36
4.11	7.78
4.79	6.58
5.68	8.48
6.03	7.61
0.44	5.9
-0.31	2.46
-1.56	2.26
-5.42	3.79
-4.33	7.25
-1.09	5.39
-3.51	6.56
-3.5	6.95
-4.62	4.9
-5.24	4.06
-4.86	4.68
-1.43	7
-2.73	5
-1.21	7.65
-2.53	6.95
3.92	9.73
-0.04	5.4
0.1	3.95
-1.79	1.21
-1.4	-0.2
-1.95	-0.73
-3.49	-0.1
-3.7	-2.45
-3.47	-2.6
-4.72	0.8
-2.66	4.32
-1.46	4.6
0.04	5.79
-0.15	3.4
-0.34	11.88
7.17	12.47
7.35	11.11
4.44	8.07
0.54	10.35
2.65	7.57
3.22	6.85
2.77	4.68
3.26	4.79
2.64	8.8
0.68	11.81
-0.79	9.28
7.51	11.48
3.47	9.94
1.7	6.07
1.73	4.19
0.46	4.01
1.89	7.26
1.46	5.9
-0.62	8.91
-2.05	8.09
-0.47	9.48
2.02	7.21
-0.38	8.45
5.13	12.61
4.6	13.59
5.44	11.95
5.49	11.44
3.37	9.33
2.15	5
0.71	3.65
-1.64	0.95
-5.08	0.05
-10.61	-4.26
-7.78	-3.65
-4.74	-1.94
-4.17	-1.18
-6.38	-1.08
-3.03	-1.14
-5.33	-2.53
-3.1	-0.67
-3.56	-0.7
-2.43	-0.99
-2.62	0.08
-1.29	1.52
-2.33	9.46
2.8	7.88
0.62	9.87
-1.5	7.92
4.59	7.63
0.76	5.35
-2.91	8.71
2.96	9.8
0.49	12.04
4.42	13.34
1.95	6.22
-0.24	5.51
4.21	9.97
4.11	10.55
3.82	9.06
4.26	7.27
3.04	8.66
1.39	11.56
-0.67	8.58
-0.57	12.78
2.55	12.72
2.67	11.33
0.34	13.6
2.8	9.92
1.82	7.71
4.31	9.19
5.31	11.71
5.58	9.85
3.38	9.9
1.32	12.28
1.36	12.07
1.23	11.01
-0.81	14.53
1.09	15.37
0.11	16.16
0.22	18.73
2.41	17.24
6.37	19.61
5.07	22.04
3.63	19.47
8.06	17.42
2.84	19.85
4.47	21.18
8.62	19.09
10.23	15.54
3.52	12.92
-0.61	10.37
0.98	12.25
1.91	13.54
5.52	17.04
2.81	19.51
3.23	20.95
3.86	20.6
6.69	19.49
5.78	20.25
5.4	20.12
7.7	20.49
10.44	18.16
9.64	19.37
7.36	20.45
7.28	23.63
7.59	17.77
2.72	12.97
1.84	14.84
2.38	14.95
2.51	16.71
4.17	19.65
3.86	10.48
3.44	11.53
4.29	11.4
2.52	18.4
8.89	18.68
8.11	14.38
8.39	18.08
10.25	19.51
9.5	19.69
12.26	20.25
12.36	16.84
11.15	16.83
6.99	20.56
8.82	20.55
8.99	19.17
8.73	21.72
8.33	21.97
7.08	22.36
8.16	14.4
6.41	15.14
4.28	15.95
2.89	20.17
6.94	21.21
9.34	20.73
7.48	23.07
11.52	22.38
8.56	19.93
5.32	18.34
8.12	12.42
6.1	14.87
7.9	11.88
8.44	10.9
7.57	15.11
9.55	19.06
7.78	22.84
8.7	24.13
9.71	25.57
12.62	27.11
13.93	28.22
15.15	26.57
14.07	25.32
12.48	25.59
12.88	24.55
11.01	19.43
10.86	20.14
9.33	16.38
6.17	17.2
9.86	20.41
9.37	21.42
9.11	21.38
7.7	23.46
11.23	22.03
9.86	26.06
11.38	28.49
13.87	30.38
14.77	31.23
15.08	32.32
16.07	33.44
18.63	29.38
15.94	26
14.85	23.58
10.93	22.97
10.98	22.48
13.5	19.27
12.09	25.05
10.9	26.16
12.6	21.6
9.68	22.31
9.98	26.84
14.05	27.06
15.7	23.33
13.23	18.29
10	22.11
11.74	24.25
12.05	26.92
15.32	29.36
12.76	24.21
9.02	23.26
11.06	26.39
13.25	25.46
11.31	25.99
14.24	26.9
14.7	29.53
15.28	31.12
17.58	26.99
14.73	21.99
12.7	17.1
12.93	20.52
13.35	26.62
13.92	25.12
13.62	25.23
15.13	28.02
16.77	29.08
16.74	29.37
14.53	29.09
15.95	30.15
16.4	30.8
18.3	29.24
14.62	22.2
17.36	26.84
13.49	27.05
16.33	27.08
15.43	28.69
15.62	25.47
17.43	23.97
16.9	27.06
16.02	27.49
16.35	25.2
17.85	26.22
16.93	28.61
17.19	29.23
15.16	27
16.6	25.14
17.28	23.26
17.3	25.52
14.18	28.24
15.15	29.99
16.39	28.85
16.98	30
16.87	22.77
14.65	25.99
13.62	22.42
13.41	21.36
10.86	22.04
10	23.19
10.43	24.42
11.94	24
14.81	20.16
12.33	21.53
11.31	21.96
12.57	21.22
13.27	21.77
9.73	20.49
10.96	21.4
14.8	23.79
7.96	22.24
9	23.19
10.91	24.77
14.49	22.88
11.85	19.02
13	15.07
13.63	20.02
15.71	21.82
16.14	24.26
16.11	20.16
14.81	20.77
12.6	24.29
13.28	25.98
15.08	18.34
12.67	15.16
12.08	14.96
12.72	19.91
13.31	17.76
13.65	19.68
13.52	20.42
10.85	21.02
8.18	20.94
11.01	23.92
13.2	23.7
15.44	25.58
11.91	18.8
7.09	16.81
5.76	18.15
7.64	15.52
8.06	13.65
11.44	17.96
8.29	21.1
7.99	21.2
8.39	16.4
10.84	18.18
13.08	17.53
10.08	17.66
8.74	15.14
10.39	17.78
5.9	17.71
8.47	18.24
10.97	22.15
13.93	24.61
13.16	24.43
11.13	25.17
11.24	22.99
12.25	25.33
14.3	24.33
11.73	18.51
12.47	21.82
12.8	20.37
8.02	20.24
7.9	20.61
8.45	22.88
12.27	17.61
5.5	14.47
5.65	9.07
7.16	9.17
5.19	7.6
3.48	8
3.06	8.79
-0.5	8.85
-0.82	9.02
3.45	9.42
4.6	11.61
3.86	14.45
2.54	13.37
2.61	11.08
7.86	17.31
8.75	19.61
10.75	16.1
9.9	16.61
9	14.1
8.03	12.07
7.88	17.72
9.06	18.17
8.16	14.57
8.04	10.96
9.77	13.06
9.18	12.73
8.13	14.84
7.94	10.56
7.43	13.54
5.06	12.14
4.17	11.27
2.44	8.36
-0.06	8.93
-0.6	6.54
1.95	4.31
0.84	4.46
0.79	4.84
0.55	2.76
0.59	2.24
2.04	2.69
2.13	3.03
1.7	2.54
0.45	1.69
1.15	3.23
3.27	3.87
3.63	4.74
4.14	4.96
4.31	5.25
3.01	6.07
2.13	3.89
-1.96	4.19
-2.71	5.78
-2.09	7.64
0.79	12.31
1.01	9.78
-1.46	6.67
-1.44	5.65
2.13	8.08
1.44	9.42
3.51	13.65
2.39	12.01
0.86	9.67
-2.19	9.26
2.61	13.31
-1.96	9.61
-2.14	8.56
-0.99	5.88
-3.38	0.65
-5.29	-0.03
-6.69	-0.7
-8.76	-2.45
-14.37	-3.91
-10.23	-1.64
-3.9	4.08
-2.46	4.85
-1.18	6.34
-2.78	3.44
-1.64	3.97
-5.37	-0.95
-5.96	-0.1
-3.04	5.55
2.79	13.79
0.69	8.45
-0.98	8.09
-2.05	10.73
1.17	9.66
-1.39	7.94
2.66	13.23
6.13	10.88
1.28	9.23
0	5.18
-0.61	4.53
2.61	4.26
3.32	6.22
4.21	5.95
0.64	4.52
0.82	2.84
-1.81	3.56
-4.26	0.69
-4.23	4.9
-2.4	1.36
-1.26	2.63
-2.7	4.71
-3.73	1.75
-3.57	4.36
-4.9	1.88
-1.02	1.06
-2.07	0.71
-2.54	0.1
-5.93	0.66
-9.17	2.22
-3.64	0.05
-1.76	5.05
-1.03	4.27
-1.1	5.67
-4.1	5.26
-3.32	5.9
-0.24	10.22
-2.18	10.11
-2.95	5.04
-1.86	4.8
-4.04	7.42
-3.77	10.66
0.07	11.49
1.19	7.54
2.71	6.09
3.72	5.49
3.42	6.78
2.86	9.27
-2	8.68
0.06	9.47
-0.71	10.36
2.95	11.56
-0.11	10.91
-0.25	10.37
2.89	7.4
0.33	6.97
-1.88	9.37
-3.55	9.92
-2.46	10.19
-2.42	13.72
0.23	10.24
2.79	7.36
3.59	5.93
1.89	7.93
0.3	8.68
0.48	12.59
1.84	13.46
-0.99	12.5
-2	11.61
-2.47	12.3
-0.94	17
1.93	13.15
-1.25	12.99
0.25	16.14
2.96	14.51
7.1	19.16
7.3	11.38
6.23	11.7
-0.3	15.96
7.33	16.48
0.75	18.75
2.79	13.33
-0.88	13.22
-0.55	10.99
-1.62	9.43
2.19	9.41
-0.61	8.55
1.88	8.85
3.25	9.89
5.92	13.92
1.65	18.88
3.69	21.4
8.27	20.46
4.65	23.2
6.88	17.16
5.28	24.36
6.38	26.8
10.12	20.98
6.13	12.34
-0.41	12.91
0.85	18.05
8.05	20.22
7.42	19.93
5.06	22.72
7.53	19.52
5.63	22.49
10.51	23.06
10.55	22.96
9.36	17.13
7.5	16.49
2.04	17.98
4.4	17.81
11.05	19.11
9.85	18.81
11.57	24.69
12.52	27.72
13.9	26.91
9.22	22.37
9.53	23.91
8.98	23.69
11.09	22.22
9.55	20.18
4.85	23.63
10.44	24.86
13.38	23.65
11.05	16.52
11.59	19.65
10.27	21.05
9.89	22.94
10.58	27.77
11.08	25.96
9.22	14.13
10.2	12.01
9.92	13
7.67	18.64
10.95	16.94
12.54	16.95
10.94	15.59
6.93	17.59
5.36	23.15
8.97	24.44
13.51	21.99
11.55	25.99
13.4	28.05
13.64	29.5
16.7	27.74
14.28	26.08
11.89	28.25
14.48	28.84
13.52	28.84
14.78	26.09
14.03	26.14
14.1	28.37
15.42	30.07
17.89	31.15
16.2	30.98
15.73	25.8
14.99	21.91
14.29	20
8.4	23.15
13.86	20.79
9.6	19.94
6.93	20.26
8.98	25.25
11.61	21.08
11.14	19.77
8.96	23.13
12.01	24.78
13.68	24.44
15.59	24.17
11.39	24.16
11.64	26.91
14.42	29.45
16.13	30.43
16.68	29.78
14.82	30.78
14.31	31.63
15.27	34.03
19.16	35.2
18.75	33.07
15.22	23.09
10.59	24.2
11.31	27.17
15.04	30.65
17.64	24.96
16.46	27.45
17.38	29.63
17.91	31.22
19.55	33.94
18.9	31.3
18.51	34.11
19.13	31.86
18.66	33.24
19.27	34.74
19.3	33.98
19.95	32.67
18.45	32.09
14.68	21.51
13.08	19.37
15.6	23.27
13.58	20.21
14.1	18.9
14.3	24.19
9.77	25.86
16.41	27.11
15.93	28.75
16.88	30.82
18.17	31.97
17.25	33.43
18.59	33.87
18.58	34.37
16.53	33.69
15.51	33.47
15.54	34.06
15.75	35.21
17.03	35.73
17.16	34.89
18.13	33.84
17.87	29.45
17.78	23.3
16.52	25.08
15	23.29
15.63	19.63
12.38	22.25
11.59	24.07
12.61	23.7
13.66	27.14
15.97	22.39
12.98	26.45
12.99	27.33
15.89	31.57
15.3	32.57
15.39	33.67
16.76	32.48
15.15	33
14.77	26.92
13.6	24.82
14.55	22.44
13.75	17.53
10.93	19.88
5.38	19.67
11.14	19.44
6.72	20.04
8.57	19.24
12.14	19.33
7.96	22.94
9.86	23.75
13.4	26.97
14.5	26.43
17.33	27.34
19.52	30.67
16.02	27.12
14.63	22.18
13.77	21.43
7.75	20.11
4.74	20.87
8.17	23.58
11.54	17.77
11.98	15.7
12.02	16.55
11.45	16.52
8.38	16.29
8.57	15.91
8.01	14.3
5.79	16.83
5.7	18.47
6.52	20.22
11.02	22.59
10.94	20.82
8.62	19.84
13.54	15.89
12.17	16.28
11.38	15.8
9.38	13.35
5.45	10.47
1.78	8.56
4.76	8.32
8.17	9.23
8.27	11.54
11.04	15.68
5.86	11.61
5.04	12.79
6.78	9.56
5.32	11.51
2.65	12.57
5.14	12.42
2.15	14.43
3.13	15.15
1.75	14.21
4.18	15.34
4.44	13.85
5.16	9.35
7.34	11.07
4.49	15.16
0.76	14.39
-1.09	11.78
-3.25	11.22
-2.23	12.91
-0.02	11.45
-1.14	14.01
0.75	15.31
3.38	16.65
5.83	21.98
4.71	19.1
10.46	20.66
7.77	21.52
4.6	19.11
2.88	14.99
3.58	13.37
4.15	12.74
6.38	20.08
1.96	13.1
6.83	18.13
1.34	16.05
4.78	13.89
3.36	13.58
1.48	6.19
-2.26	4.98
-1.59	3.71
-1.97	1.9
-1.28	3.16
1.91	4.38
-1.36	4.86
-2.78	8.55
0.96	11.85
3.25	15.23
4.25	12.28
-0.06	8.68
1.78	6.8
-0.22	7.52
1.84	4.14
0.36	4.21
-0.14	1.54
1.24	2.67
1.48	8.59
-3.59	6.32
-2.42	2.06
-3.43	4.13
-2.62	6.11
-0.17	3.13
0.86	6.35
1.13	3.01
-0.34	1.86
-0.41	8.62
0.44	3.19
0.71	3.41
-1.2	9.38
-0.18	9.84
-0.2	10.23
-0.49	7.85
-1.98	10.06
-2.61	4.71
-3.46	8.56
-0.93	3.35
-3.07	2.8
-8.5	-1.57
-6.48	0.03
-6.24	-1.51
-6.4	-3.02
-9.26	-5.95
-11.28	-3.9
-4.13	-1.92
-6.2	2.17
-3.78	1.47
-0.17	2.52
-0.28	3.63
-0.63	13.6
2.83	10.32
-0.76	8.78
-0.95	7.18
-0.8	4.12
-4.25	2.7
-4.35	0.27
-5.57	-0.43
-9.78	-1.67
-8.46	0.95
-7.08	1.3
-9.06	0.5
-9.66	-2.49
-6.76	7.33
-2.24	5.06
-0.79	12.91
-1.69	12.35
1.52	15.08
0.67	11.65
-0.89	11.24
3.96	9.86
2.67	15.04
4.84	11.52
0.75	9.59
-0.72	8.14
-0.45	7.29
-1.94	11.36
3.19	11.46
5.76	13.38
5	14.72
-0.04	11.41
-1.08	9.62
-2.44	5.13
0.7	5.77
0.17	9.64
4.06	8.11
3.64	5.94
2.06	4.94
2.87	6
3.2	5.69
0.23	8.01
2.74	13.91
5	16.49
7.87	14.86
1.99	10.5
-1.52	6.95
1.76	5.51
-3.1	7.98
0.62	9.39
4.67	8.29
4.17	8.91
-1.46	11.22
2.67	7.74
2.21	9.19
0.86	11.25
5.39	13.15
1.41	6.57
0.65	7.35
-0.56	9.23
0.27	12.86
5.35	8.21
4.08	8.42
3.23	8.38
2.38	9.05
-0.77	5.07
0.61	7
0.19	11.64
-2.2	14.16
1.73	12.62
-0.24	14.64
2.76	11.03
3.56	11.53
1.37	8.46
2.14	10.29
0.1	10.91
4.12	10.57
0.36	14.44
2.54	15.24
4.17	17.36
2.3	18.87
7.5	22.1
9.09	21.81
5.4	15.44
3.38	21.72
10.54	24.91
12.13	25.04
10	21.47
7.28	21.04
8.83	16.36
6.79	13.19
5.13	15.09
3.43	17.58
3.92	22.2
5.57	22.18
8.53	17.83
2.24	21.15
8.43	23.11
13.27	23.48
10	19.85
7.79	16.03
5.35	16.46
0.74	19.59
3.47	20.92
6.04	20.2
5.21	13.38
3.09	10.46
-2.45	15.52
1.87	12.12
-0.31	8.7
0.51	15.44
0.84	17.93
4.77	13.49
9.94	13.84
9.1	18.37
9.51	14.66
8.12	18.33
8.59	21.82
6.26	22.59
7.41	20.59
8.14	21.98
9	18.74
11.88	17.78
13.27	15.93
9.5	19.93
11.13	18.7
7.72	14.99
1.39	15.14
5.14	16.08
6.37	19.79
6.04	20.8
9.72	20.5
7.25	23.7
8.97	25.14
11.13	25.91
10.58	16.82
10.52	23.41
12.13	24.37
11.12	26.52
14.69	27.96
15.48	28.33
12.58	24.67
11.63	24.43
12.19	23.22
11.01	23.33
11.93	24.49
12.2	25.07
13.15	24.14
13.44	25.81
12.24	23.41
9.73	24.93
13.43	23.53
14.54	22.38
11.48	25.54
14.68	20.9
13.05	23.18
12.17	24.54
14.22	21.55
13.61	28.18
17.46	26.53
11.11	25.59
12.96	20.91
14.44	21.44
11.62	26.93
14.33	28.19
16.12	30.28
17.83	32.22
19.79	31.39
18.09	26.45
16.56	22.16
11.19	25.23
12.08	28.95
15.18	29.09
15.86	29.09
15.95	30.6
16.79	25.27
10.7	25.83
12.07	28.16
17.9	26.64
11.33	25.05
12.1	27.48
16.27	28.58
15.94	30.57
16.76	32.57
18.07	32.05
18.02	26.88
13.23	22.75
11.34	20.36
13.21	18.16
13.11	22.81
14.72	27.76
15.15	27.42
15.33	27.58
15.46	29.97
17.1	28.82
18.08	29.58
18.74	29.3
18.78	25.53
16.88	27.25
16.9	28.35
17.71	26.07
16.4	28.67
16.32	30.51
18.25	31.08
16.91	25.24
13.76	26.14
15.44	27.66
15.1	29.59
16.52	30.74
15.24	23.97
15.25	24.95
11.79	26.93
12.2	27.97
12.81	19.47
9.94	19.04
6.79	21.38
13.36	24.4
12.6	27.74
14.78	27.38
13.9	25.67
14.98	23.11
12.39	23.98
15.58	22.11
13.84	26.7
16.87	21.48
13.85	19.72
14.33	24.56
14.18	26.04
12.75	26.31
12.17	27.15
12.62	28.4
13.68	28.47
14.18	28.75
16.63	26.39
11.52	25.12
10.08	26.83
13.31	27.76
13.11	27.95
13.54	28.33
15.42	22.17
12.81	17.37
14.06	24.24
13.96	26.71
13.75	28.13
14.27	27.66
14.43	28.45
15.37	29.56
14.69	28.7
13.96	26.31
13.19	26.66
15.73	27.87
16.08	23.57
11.82	21
13.99	21.36
12.61	18.59
5.94	17.38
7.76	17.95
4.09	20.63
7.18	22.33
6.33	22.29
8.35	20.74
8.77	21.23
6.62	22.38
8.53	24.47
8.86	24.12
8.51	25.07
10.2	18.46
10.73	16.17
6.99	12.6
4.78	11.73
4.19	12.11
4.64	9.59
0.07	13.88
5.57	13.43
1.19	10.14
5.74	8.15
3.04	11.38
-0.11	13.16
5.1	14.99
6.63	13.76
9.06	18.34
9.24	16.89
7.3	12.41
5.37	11.93
7.38	9.24
6.27	8.99
1.56	12.13
1.8	13.63
7	19.73
13.78	20.83
9.74	15.55
6.47	11.86
1.87	11.96
4.35	15.53
4.27	12.37
1.09	12.01
0.38	14.32
2.32	16.64
3.34	9.91
-1.09	8.74
-0.19	12.19
6.6	14.93
2.39	6.93
0.6	5.11
-1.26	5.9
-0.67	8.74
-1.3	8.39
0.33	4.52
-1.8	3.83
-3.98	3.75
-4.81	3.93
-1.95	4.15
1.28	9.43
0.69	15.46
9.66	15.98
6.77	14.51
7.08	15.38
5.8	16.1
4.14	14.31
3.24	13.35
4.87	7.59
3.45	7.35
4.99	7.95
-0.34	5.75
-2.98	2.19
-6.11	4.05
-2.92	6.51
-4.04	9.11
-4.56	4.83
-5.37	3.01
-3.2	2.83
-5.83	-1.75
-5.33	0.75
-3.12	-1.16
-4.06	4.53
-4.03	9.07
-3.58	8.14
-0.51	10.6
-3.6	6.26
-3.02	3.96
0.1	3.85
-1.49	2.33
-5.05	3.26
-4.92	-0.93
-2.54	-0.72
-4.35	-1.83
-4.64	-3.66
-4.32	-3.53
-4.62	-2.95
-3.06	-1.75
-2.7	1.34
-1.35	8.77
-0.76	8.48
0.23	6.14
-2.29	2.82
-6.91	2.05
-8.59	3.07
-8.18	4.22
-9.8	0.43
-6.2	3.46
-4.57	1.77
-5.36	1.35
-7.32	-3.11
-10.81	-4.9
-11.45	-5.75
-10.19	-2.09
-13.15	-3.89
-16.07	-3.2
-7.86	3.21
-0.26	4.75
-3.05	2.14
-6.49	2.57
-8.41	-0.75
-3.64	-0.88
-3.61	-1.65
-8.48	-2.04
-13.03	-0.38
-12.55	-0.3
-11.85	-0.86
-12.91	-5.3
-8.24	-5.47
-5.86	-2.49
-4.36	-0.82
-9.21	-2.19
-10.12	-5.52
-7.06	-5.75
-8.72	-6.4
-8.87	-3.76
-4.43	-0.88
-1.82	4.07
-0.04	10.99
-1.33	9.39
-0.25	10.37
2.7	6.58
-0.09	4.84
-3.14	0.58
-2.84	-0.76
-1.52	0.65
-1.64	2.17
-0.8	4.01
-2.12	4.25
-5.32	6.42
-4.15	10.52
-3.84	8.77
-4.3	3.56
-0.55	8.67
-1.93	9.22
-2.62	9.81
0.55	10.3
2.38	14.21
5.17	15.54
4.87	12.43
-1.43	9.41
-2.67	10.07
0.7	14.36
6.27	14.06
3.43	12.91
0.31	13.71
1.02	13.35
6.47	17.35
6.86	13.69
2.79	9.85
2.34	10.99
4.19	12
0.84	15.18
4.25	10.62
4.04	10.44
1.32	8.5
-2.65	11.58
-1.14	13.58
0.29	13.92
1.27	16.05
0.42	18.42
7.65	14.46
6.98	14.39
4.29	19.09
4.36	19.46
6.39	19.82
2.29	21.05
4.46	16.39
2.59	14.65
2.64	11.7
-2.09	14.06
-0.34	20.12
2.69	22.56
7.01	19.34
3.5	21.49
6.09	23.62
6.21	23.55
5.16	22.98
7.96	19.16
9	15.16
7.08	12.31
3.92	11.73
7.37	16.48
5.01	18.69
4.89	22.92
8.68	16.9
1.27	17.18
7.76	19.74
4.13	18.85
8.93	17.08
8.5	16.14
2.35	14
4.69	10.24
1.11	6.39
0.82	5.48
-2.06	12.48
0.25	17.59
4.8	13.24
3.02	17.66
8.9	21.41
11.32	20.3
6.96	16.66
5.21	7.69
0.65	13.08
0.07	15.95
8.45	18.21
9.1	19.93
7.52	15.24
5.9	20.68
7.61	14.92
7.27	21.98
10.88	19.28
8.68	20.74
7.63	15.66
1.1	15.57
5.66	22.61
12.52	25.37
12.07	22.17
9.69	24.83
13	20.11
10.09	23.66
12.51	23.53
7.95	25.33
10.21	26.92
11.31	22.19
11.52	20.47
11.01	24.66
13.17	24.71
11.3	20.07
9.38	19.17
9.61	21.98
11.01	24.57
9.8	25.03
9.49	27.2
11.96	29.53
16.19	29.08
16.59	26.53
16.29	27.04
14.86	28.13
15.15	29.57
12.92	25.31
13.35	27.57
12.79	20.58
7.93	22.71
7.9	25.81
11.74	24.48
10.71	25.66
11.08	30.43
18.13	28.31
15.97	25.11
11.91	28.11
14.62	25.57
14.71	22.32
14.7	24.64
12.32	28.66
12.93	31.65
16.99	31.66
15.85	34.22
18.57	33.75
16.17	32.49
18.24	28.32
15.92	29.05
15.61	29.68
17.35	31.18
15.63	26.54
14.49	27.82
15.39	26.1
11.93	24.55
14.64	24.48
10.18	27.88
13.43	30.36
14.88	31.35
16.26	32.02
17.06	32.58
17.98	32.89
17.99	34.32
18.05	30.23
16.87	29.2
16.32	26.24
9.62	21.49
12.2	22.23
10.55	24.01
9.89	27.72
12.04	29.52
14.41	32.34
14.45	32.62
16.72	31.17
17.81	32.89
17.4	29.78
17.61	25.63
13.94	24.95
12.43	23.76
14.11	22.24
13.94	28.95
15.05	28.78
16.01	32.56
16.13	32.68
17.3	34.63
19.82	34.71
19.16	35.79
19.84	37.22
19.51	31.65
17.45	27.56
15.28	25.34
14.51	27.37
17.61	31.9
19.09	33.48
17.6	29.95
13.75	24.01
13.14	24.54
12.43	27.67
12.35	29.55
13.51	30.35
16.14	30.72
15.6	32.48
15.77	26.79
14	23.22
8.91	22.58
8.74	23.45
9.72	24.9
10.5	29.39
14.86	31.02
15.75	33.61
17.48	33.81
17.21	25.89
12.04	25.59
10.56	27.94
13.08	31
17.23	26.4
12.9	18.81
11.54	17.13
7.39	22.11
8.88	23.48
9.96	24.5
13	19.07
9.57	21.19
10.81	24.52
13.56	25.16
13.62	20.74
13.26	18.19
8.92	20.6
12.31	24.88
9.73	18.98
10.78	16.27
11.18	14.59
7.78	17.71
10.46	13.93
9.36	13.12
9.27	16.38
7.84	19.46
7.35	19.9
9.48	18.7
10.46	16.83
11.04	19.64
11.42	18.43
8.49	19.99
6.6	18.69
4.15	17.36
2.48	17.16
2.47	17.51
6.51	16.47
6.62	18.29
9.38	22.58
7.84	16.96
3.64	15.65
4.07	15.65
6.97	13.82
7.03	17.47
7.69	19.69
6.04	22.39
7.64	20.57
7.37	20.27
6.86	21.9
7.29	22.84
7.11	22.69
7.95	22.39
5.64	16.73
5.71	17.01
6.13	16.48
6.68	12.22
7.76	10.12
9.37	14.29
3.22	15.87
4.09	18.4
6.91	12.87
2.98	12.95
5.59	17.37
1	11.19
1.93	11.52
-2.16	12.11
1.25	13.74
4.41	13.4
1.44	13.53
5.16	16.92
6.19	10.44
6.04	9.77
6.76	8.41
4.83	9.17
5.81	10.88
1.32	10.48
4.43	9.29
2.9	10.58
2.19	7.34
-2.92	5.49
3.19	5.36
3.32	4.57
2.14	8.4
-1.69	5.7
-2.06	9.37
1.37	9.57
3.76	14.91
1.44	14.86
1.09	7.32
1.06	13.46
3.09	11.85
-2.56	6.77
-3.6	5.25
0.59	3.96
0.01	3.29
-0.52	2.93
-2.51	2.39
-2.09	2.37
-5.86	1.58
-3.02	5.08
-1.94	6.5
-4.49	1.13
-3.81	9.69
-1.44	4.5
-6.4	2.08
1.75	12.22
6.43	14.19
0.26	6.49
0.35	7.25
1.82	8.13
0.78	6.11
-1.85	4.52
-2.88	2.66
-5.77	2.44
-2.6	0.48
-1.36	3.47
-1.94	5.31
-1.48	7.88
1.11	14.16
-2.18	7.84
-1.49	11.18
-0.03	11.16
0.86	10.04
-1.51	4.05
-3.19	3.9
0.56	10.43
3.02	8.09
0.77	5.85
-2.6	6.17
-1.15	7.15
2.2	11.09
5.28	14.46
3.19	12.2
2.39	6.5
4.45	5.99
3.44	5.36
2.85	6.36
1.52	5.57
1.19	3.85
-0.99	1.34
-2.97	-0.74
-2.43	6.68
0.53	5.82
-2.47	6.09
-0.12	5.82
-2.08	6.47
-0.35	5.34
-2.6	2.68
-1.23	6.25
-1.82	8.6
-1.08	7.51
-1.08	5.47
0.51	3.52
0.77	4.53
-0.99	14.45
0.8	12
-1.6	6.24
2.27	12.59
0.04	9.37
-0.54	1.28
-1.78	5.77
-4.2	3.09
-1.88	0.79
-1.69	0.27
-0.7	2.9
-0.68	2.01
-1.12	1.04
-3.77	3.89
-2.61	1.78
-0.45	1.96
-0.88	3
-4.41	4.15
-2.84	4.17
-1.98	4.11
-0.61	3.37
-2.37	2.71
-1.52	0.7
-1.69	0.3
-2.48	-0.8
-2.79	-0.42
-4.62	-0.65
-10.25	-3.89
-12.96	-7.45
-11.02	-7.6
-13.92	-5.89
-16.87	-5.72
-8.13	-4.23
-5.68	0.19
-3.01	2.32
-2.81	-0.02
-2.61	2.9
-2.09	10.02
1.25	10.45
0.04	12.45
3.58	14.77
2.47	15.82
8.48	16.12
3.21	16.39
4.62	12.97
3.9	13.86
6.73	11.4
2.01	7.4
-4.32	2.35
-4.66	-1.72
-4.18	1.86
-2.74	3.89
-5.16	4.66
-4.02	6.51
0.73	8.31
-1.68	4.9
-0.43	9.88
2.59	9.93
-0.55	12.54
7.52	10.33
4.83	13.69
7.44	13.44
4.92	13.76
1.55	15.86
8.07	19.63
10.57	17.47
9.41	17.25
6.03	13.71
1.45	14.15
5.18	20.43
6.87	24.59
8.16	18.48
9.23	20.2
7.93	21.88
10.37	20.28
4.69	21.96
9.83	21.65
13.18	20.31
12.86	20.03
9.81	20.88
8.04	24.15
10.65	24.38
7.36	25.88
8.5	27.19
11.12	27.17
12.87	23.56
10.44	26.45
9.26	21.43
8.86	18.88
7.97	25.56
11.37	28.18
12.09	25.65
10.51	23.32
11.84	26.82
11.35	25.73
15.31	24.01
14.4	22.46
11.51	22.11
11.13	23.2
9.44	22.5
8.57	24.35
11.01	25.23
14.08	22.31
11.86	25.6
11.79	25.31
11.8	18.73
10.89	16.09
6.54	19.76
8.99	20.69
11.46	21.83
10.25	21.55
11.27	22.37
11.19	22.88
9.46	23.9
11.76	25.03
14.61	25.05
14.93	21.77
12.01	25.57
13.1	27.63
14.87	28.59
15.91	28.29
16.35	27.04
13.34	28.59
15.31	29.2
14.43	27.39
15.26	26.86
14.78	27.86
15.98	28.38
14.94	28.36
16.76	26.89
15.69	28.51
16.17	24.65
15.84	28.29
16.58	29.93
17.85	30.06
14.99	23.2
13.82	18.76
14.01	21.4
16.19	25.73
17.45	26.96
16.13	26.63
17.16	27.13
16.85	29.06
16.28	30.28
12.54	25.29
6.94	19.99
11.05	20.32
11.89	19.35
10.34	23.15
11.46	21.28
14	21.87
16.66	25.3
16.91	25.23
8.96	21.49
8.58	22.87
14.19	26.31
16.92	26.73
14.19	29.5
15.9	23.49
16.45	25.88
12.54	25.59
13.8	26.92
13.23	27.83
14.95	21.96
14.71	23.64
13.51	27.12
14.28	28.49
13.95	26.73
12.96	27.41
15.12	27.22
15.89	28.77
16.7	28.46
13.99	29.38
15.21	29.7
16.95	26.77
16.59	24.62
15.81	28.43
15.72	28.89
17.33	28.51
16.75	28.85
17.43	29.98
17.67	31.95
18.63	31.94
18.22	31.81
19.63	31.23
19.44	28.64
18.51	30.8
18.17	31.11
16.54	31.68
17.58	31
17.86	31.62
16.79	32.5
18.31	32.9
18.9	31.36
16.75	26.2
15.48	28.46
15.65	31
17	25.8
15.57	26.65
14.7	27.76
13.15	28.98
15.2	30.54
15.81	31.66
15.66	32.24
16.47	31.29
16.77	31.38
16.5	32.34
17.1	30.78
16.07	20.55
11.81	17.63
10.13	22.46
10.49	26.93
12.62	27.15
12.46	26.86
13.95	24.94
15.63	20.95
15.9	19.8
16	22.49
15.19	19.42
15.33	25.02
12.06	25.35
13.21	24.87
15.58	25.04
12.43	25.72
13.31	26.46
13.5	28.37
12.78	29.16
13.42	27.82
15.01	25.91
13.88	24.83
13.97	25.49
12.19	26.26
11.87	26.09
11.85	26.49
13.31	27.06
12.58	27.47
10.75	19.42
11.2	18.77
9.09	17.31
3.24	13.7
1.08	15.39
2.03	20.22
5.13	21.49
7.9	15.74
1.08	16.52
1.57	17.63
7.19	14.32
3.48	18.54
5.37	18.31
4.04	19.03
5.6	22.07
10.92	19.63
13.25	19.55
8.28	22.16
8.45	22.5
6.74	22.5
6.1	21.11
6.38	21.31
5.34	20.22
4.74	17.59
7.37	17.16
8.7	20.77
10.01	20.49
8.4	19.74
6.31	18.44
7.23	13.01
6.72	14.04
5.22	15.54
7.66	18.63
5.69	16.72
4.81	16.95
8.79	18.12
8.03	16.24
12.74	21.26
13.38	19.64
6.65	18.46
5.48	18.21
8.63	18.93
11.8	15.08
11.17	13.58
8.83	13.44
5.63	16.05
5.49	16.23
5.51	13.39
5.63	11.15
7.02	14.55
6.6	19.24
4.53	18.88
5.74	14.16
5.41	13.3
1.13	10.82
0.06	9.29
-0.93	6.15
0.42	4.46
-0.23	1.95
0	1.57
1.12	4.74
4.05	5.75
4.42	6.25
4.34	6.69
5.02	6.14
4.02	6.52
-0.3	4.12
-1.94	2.93
-6.68	1.05
-6.21	-1.67
-3.82	1.47
-4.95	3.76
-0.5	8.55
1.06	13.99
-1.16	8.5
-3.4	4.18
-0.31	9.55
2.52	8.95
0.33	9.55
0.62	8.55
-2.38	5.55
-1.06	5.12
-3.96	0.59
-2.42	-0.86
-2.35	-0.58
-5.07	0.07
-6.68	-0.35
-3.43	2.74
-2.4	1.99
-3.45	0.31
-2.88	3.92
3.09	10.67
2.22	9.24
2.36	8.65
-2.1	4.48
-2.77	4.31
-3.39	7.64
-2.25	6.42
-2.19	6.8
-1.85	4.96
0.71	6.73
-2.74	6.21
-0.86	5.8
-2.51	1.59
-3.55	0.59
-2.73	2.88
0.04	4
-2.3	1.35
-3.94	1.14
-2.59	5.41
-0.98	1.85
-4.14	1.62
-5.1	5.86
-2.29	9.07
0.79	8.99
-5.01	5.98
-0.23	9.34
0.42	12.21
-0.6	7.89
-3.25	0.33
-2.12	2.88
-3.22	1.35
-4.54	-0.75
-5.12	-3.19
-3.91	0.01
-6.52	0.68
-9.11	-0.03
-6.93	3.97
-0.57	2.95
-1.63	3.97
-3.77	1.43
-3.84	0.59
-1.75	6.69
5.48	14.9
2.7	11.5
-1	5.36
-2.97	1.58
-4.98	4.59
-5.61	5.45
-3.63	6.63
-2.92	6.76
-1.5	11.12
2.9	9.61
-0.69	7.12
-0.75	7.81
-0.89	11.72
-0.78	9.1
-2.6	13.18
-2.46	14.93
-2.59	14.54
-2.12	13.52
-0.06	11.81
-0.79	13.91
1.95	10.62
-5.44	2.31
-7.19	3.91
-1.09	11.27
1.01	18.3
4.29	13.92
-0.87	21.78
5.34	17.03
3.12	10.37
0.62	16.82
5.19	18.72
1.24	14.44
2	14.42
10.02	19.85
7.05	16.24
5.6	15.32
3.88	16.13
2.01	12.58
-2.11	10.1
-0.39	9.11
-1.09	12.68
1.1	13.3
6.14	12.86
2.76	20.91
3.96	14.14
1.87	9
0	10.52
-2.93	12.75
-1.66	17.22
1.12	19.37
2.43	21.43
5.87	14.26
3.09	11.22
0.85	9.54
-0.89	12.77
4.28	15.37
-0.22	18.41
0.77	20
5.74	17.53
2.77	18.52
5.68	20.39
4.72	19.44
7.37	15.55
4.11	13.2
3.28	18.72
5.9	19.43
9.31	19.55
7.69	15.34
4.5	10.48
3.78	8.9
4.29	8.41
4.22	7.66
4.54	14.97
-0.12	17.11
1.92	15.95
4.59	17.79
3.34	21.25
4.19	21.07
3.16	22.17
3.49	23.27
7.62	17.07
7.86	22.63
13.07	25.38
12.14	25.6
9.29	19.63
5.44	17
4.65	12.84
7.05	13.41
8.41	20.47
6.24	24
10.33	19.15
9.1	13.69
3.85	12.09
3.18	8.62
3.64	14.21
2.26	17.67
9.54	14.64
5.54	20.52
7.12	21.72
9.32	18.1
6.64	11.1
5.67	9.98
5.22	8.1
5.87	11.81
3.77	14.06
5.87	20.44
10.97	19.98
11.44	19.81
9.9	19.57
11.24	21.9
11.48	19.63
9.21	22.41
8.94	24.69
11.47	25.72
14.56	20.58
13.6	19.54
11.09	15.57
9.34	14.16
9.08	21.04
10.95	24.63
13.91	25.85
12.71	26.94
13.82	27.41
14.18	28.22
14.86	27.65
14.51	27.74
16.87	25.9
13.19	27.99
15.13	29.93
17.09	30.79
17.05	30.39
18.09	31.4
14.75	31.66
17.17	30.63
18.75	28.25
17.31	25.9
16.86	26.26
17.08	28.17
14.89	29.38
16.23	28.33
16.67	25.41
16.27	22.51
17.17	27.54
17.46	30.12
18.53	31.7
19.57	34.24
16.48	26.88
13.47	27.61
13.58	29.71
15.28	34.13
16.47	30.5
16.57	28.11
15.14	25.82
13.51	29.76
15.73	30.91
16.4	29.92
14.4	21.06
12.45	22.02
11.33	22.14
9.04	25.26
14.89	24.89
13.81	21.95
14.04	25.26
12.31	24.78
10.83	27.05
12.47	27.26
14.8	26.87
12.53	29.08
14.71	30.67
16.88	31.58
16.22	29.58
16.46	31.68
16.77	31.89
16.68	33.52
18.97	29.22
18.15	30.79
17.16	24.32
16.89	26.23
16.42	30.12
19.24	30.81
16.18	28.01
16.97	23.85
15.83	25.17
12.92	25.34
12.92	27.66
16.4	29.25
18.44	30.94
18.87	25.7
15.57	29.29
18.64	31.74
20.27	28.55
17.23	31.68
18.78	26.85
14.45	23.09
9.94	24.43
12.31	23.74
11.34	26.18
16.18	29.63
15.95	30.12
17.34	31
17.71	24.79
15.3	23.88
16.99	26.74
17.66	29.21
16.92	27.16
16.85	26.83
16.28	29.31
16.69	31.01
18.25	29.58
17.5	30.71
16.66	31.3
16.28	31.51
16.23	25.49
13.19	22.1
8.61	23.95
9.15	25.73
14.26	19.36
13.89	19.01
12.91	19.7
12.63	20.26
8.01	21.69
8.32	22.96
12.09	24.41
11.24	25.77
14.86	23.26
11.44	24.68
11.31	27.72
16.06	24.84
10.83	18.91
7.14	17.33
3.95	16.78
2.92	19.08
3.98	19.85
10.35	21.12
12.53	21.45
10.19	20
11.61	21.94
9.71	23.35
12.37	19.42
13.16	20.98
12.69	27
11.64	23.86
12.07	23.26
7.92	14.26
3.62	15.88
7.59	17.64
6.74	13.52
4.47	9.87
0.24	14.81
6.43	20.98
9.94	15.83
5.69	16.6
7.03	19.81
7.51	19.38
7.61	20.67
8.58	22.4
9.54	16.84
5.19	19.19
6.89	18.89
6.36	21.8
12.78	23.16
13.65	25.51
8.32	20.71
8.04	22.97
9.19	24.07
5.78	21.61
5.7	21.4
5.67	21.28
5.83	15.82
6.33	8.55
4.48	7.3
3.28	6.81
0.99	9.33
4.37	13.8
8.94	19.91
9.5	16.93
7.62	17.02
7.04	13.1
6.67	12.15
3.7	8.81
7.34	12.83
4.37	8.06
0.22	8.39
5.81	7.8
4.15	6.48
1.31	8.85
4.93	11.07
7.49	12.1
7.78	14.27
6.61	13.37
3.11	12.1
3.01	8.8
6.8	12.45
3.7	10.47
4.06	9.34
0.8	7.54
1.48	4.64
3.8	6.96
4.89	10.55
7.11	10.63
4.85	11.7
0.46	7.76
-1.29	5.72
0.42	4.32
-1.75	4.73
-4.33	2.53
-2.24	-0.56
-1.01	0.47
-1.3	1.72
-2.8	3.7
-1.45	5.37
1.33	7.06
-4.48	3.26
-3.53	0.13
-1.38	2.32
-0.02	7.42
-1.6	9.54
2.09	13.18
10.38	16.52
10.89	17.02
7.19	15.27
5.64	13.75
9.11	12.54
2.85	10.04
4.22	9.8
2.03	10.37
0.12	10.88
0.92	8.23
-0.86	3.67
-0.6	3.65
-1.17	1.42
-6.5	2.16
-2.34	8.32
-2.61	5.25
-4.59	6.36
-4.75	2.26
-3.77	4.23
-0.43	5.99
-4.6	3.16
-5.86	3.24
-4.2	5.74
-2.28	6.23
-3.64	3.75
-2.16	8.3
-3.97	6.18
-3.92	2.01
-2.55	-0.44
-2.29	1.71
-2.19	1.57
-1.81	0.72
-1.89	-0.89
-1.23	3.29
0.29	4.6
-3.99	4.5
-5.28	-1.16
-4.36	3.63
-3.54	-0.85
-2.93	-1.02
-2.56	-0.38
-1.94	0.16
-0.83	10.39
-0.12	7.81
-2.51	8.51
2.7	12.4
1.56	15.94
4.01	15.42
6.36	13.35
3.6	11.53
1.09	6.03
-2.99	7.66
-2.21	8.1
-2.41	7.29
-3.79	10.24
5.32	15.77
4.1	12.47
-1.31	10.5
-2.43	9.99
3.87	12.73
1.81	11.98
-0.25	12.66
4.14	16.12
4.95	12.24
0.31	11.04
-2.28	10.52
-0.89	11.48
-2.83	12.23
4.31	13.69
5.76	12.24
0.29	16.15
0.53	10.75
-1.77	8.93
2.26	8.59
-3.28	11.11
7.22	12.3
5.93	14.07
5.46	13.77
3.34	10.62
-2.61	10.94
3.99	7.84
1.93	11.87
1.94	9.95
-1.98	10.39
3.83	14.04
5.22	20.72
4.82	20.19
5.25	14.61
1.5	10.72
-1.75	9.29
-3.19	12.9
-1.5	17.36
5.12	18.17
2.63	19.7
2.57	20.95
3.69	13.52
0.13	5.57
-3.28	3.3
-2.08	4.93
-1.53	4.31
-0.28	7.77
2.87	15.38
1.54	17.85
4.38	15.68
2.25	10.9
-3.82	7.33
-3.13	8.38
-4.65	11.52
-3.02	16.55
2.12	15.25
1.7	17.23
0.83	18.39
0.08	19.06
-0.65	19.82
0.95	22.66
6.1	21
6.56	21.08
4.02	23.6
7.47	24.13
2.16	16.15
-2.23	14.75
0.78	21.63
5.4	25.82
7.71	22.87
10.91	20.31
6.98	16.26
4.09	16.71
3.73	18.05
1.21	19.19
2.15	22.04
6.57	24.61
4.83	18.41
5.5	21.77
7.55	24.62
9.74	18.63
9.72	20.91
9.91	18.3
8.73	19.77
5.77	16.49
3	19.71
8.45	15.6
3.65	16.21
4.82	21.74
5.27	24.4
9.55	25.39
10.3	24.39
13.63	22.22
4.97	18.6
4.24	19.19
9.96	18.21
9.33	16.15
8.09	17.63
9.57	19.87
8.38	23.97
11.78	20.24
13.08	21.07
8.13	20.67
6.97	21.54
11.33	22.85
10.86	20.31
8.63	17.83
8.5	17.37
7.43	20.52
7.18	20.83
9.96	19.4
8.73	16.41
8.54	15.93
9.94	22.79
9.89	21.64
10.28	23.38
11.32	24.53
12.74	20.47
10.3	23.89
12.54	27.13
12.9	23.07
12.51	21.18
14.47	22.19
9.72	24.65
10.2	27.69
11.81	29.31
13.74	27.61
15.79	19.96
14.53	21.44
15.79	23.18
16.44	23.92
13.8	25.57
14.43	20.95
13.34	18
16.14	25.01
16.78	24.51
11.72	24.29
12.94	23.45
13.16	26.85
15.66	30.35
16.44	31.35
15.76	27.59
13.32	25.68
14.34	30.03
15.99	29.79
17.14	23.73
12.67	26.1
12.47	29.2
15.83	30.62
12.42	24.6
8.56	25.58
13.08	28.28
14.21	31.56
14.11	27.5
10.7	22.33
8.7	23.65
9.34	24.22
9.16	26.05
13.26	23.92
13.06	22.4
10.61	20.64
11.36	23.9
13.69	28.33
13.85	30.72
16.47	26.84
15.62	28.53
16.32	25.1
15.57	22.4
13.74	26.45
14.04	28.35
16.54	31.45
17.93	29.82
18.4	30.64
18.02	31.89
17.54	29.43
15.09	28.63
18.3	24.25
16.12	25.11
13.88	18.17
15.65	25.46
17.07	29.81
16.68	31.26
17.38	31.41
16.9	31.32
17.31	30.17
15.99	28.95
16.36	29.81
17.47	27.46
16.73	26.02
18.42	25.49
16.83	28.5
16.3	23.45
13.97	26.47
13.26	27.74
15.92	29.12
17.29	30.02
18.8	25.35
17.04	24.68
13.52	25.17
13.32	27.97
12.93	26.3
12.74	27.41
16.92	30.47
15.75	29.18
14.15	20.71
13.2	19.78
7.78	21.11
10.98	22.03
9.3	24.89
12.1	26.21
14	25.12
14.21	22.16
10.63	23.41
9.36	25.24
11.74	26.71
14.56	25.36
12.59	27.4
13.22	27.98
12.87	27.78
13.59	28.41
14.06	27.14
14.88	25.78
10.43	19.79
6.31	20.94
6.12	22.45
8.93	24.29
10.49	25.01
12.39	24.47
12.12	25.45
13.55	21.2
7.42	14
4.22	16.1
9.47	14.98
8.44	17.04
10.47	20.54
9.75	19.96
7.85	21.23
12.79	23.71
12.38	21.73
8.73	19.02
8.22	19.85
10.75	14.9
6.38	17.79
5.82	20.41
8.16	18.47
6.94	14.22
5.23	9.55
6.13	8.89
4.36	15.98
3.52	9.4
6.52	9.48
5.76	11.58
5.33	13.95
5.08	14.47
2.93	14.71
6.42	18.59
6.51	16.64
4.82	15.88
8.48	14.4
8.4	15.55
7.35	19.32
7.84	15.66
6.3	15.85
5.28	12.53
7.36	13.18
8.78	19.27
7.11	13.28
9.14	17.59
10.77	20.23
9.99	14.49
8.08	11.73
0.76	12.15
-1.16	12.67
0.21	9.77
3.61	7.11
5.62	7.21
5.11	6.31
4.6	6.04
3.79	6.52
5.1	7.76
5.06	7.76
5.37	8.7
3.76	12.28
1.46	12.33
2.49	6
3.13	7.5
-1.75	5.58
-4.88	5.76
-2.86	4.64
-0.38	9.2
-0.67	2.03
-0.09	1.27
-0.8	0.56
-2.08	0.01
-1.96	5.2
-2.38	5.11
-4.85	-0.09
-2.34	-0.96
-2.17	-0.38
-0.67	1.03
0.08	4.96
-0.17	8.87
4.99	9.93
1.24	5.17
0.98	3.67
0.34	2.57
0.57	2.63
1.31	2.35
1.09	3.02
0.16	3.92
0.89	3.05
1.38	2.57
1.4	2.66
-0.01	1.89
0.31	1.63
1.06	2.24
1.85	3.05
1.98	5.49
2.16	11.77
5.59	12.14
2.2	6.9
-1.2	3.2
-5.79	-0.25
-1.72	4.93
1.48	8.42
2.97	6.98
-0.78	5.34
